F,396,378,347,353,305,317,272,285,255,249,347,246,316,209,287,214,268,227,372,231,352,176,331,141,311,113,401,230,396,175,386,137,376,106,429,242,443,196,454,163,461,133
A,467,346,412,333,367,292,349,243,362,206,387,240,387,202,394,244,397,272,421,239,419,198,422,252,422,278,453,242,454,207,452,261,449,286,487,251,487,228,481,266,474,285
Q,398,155,352,190,317,226,305,261,289,290,248,172,215,233,206,273,202,305,273,154,266,242,298,243,310,223,309,146,309,230,332,224,334,201,348,144,345,210,358,208,358,188
I,364,347,313,329,274,286,254,241,249,203,301,249,287,208,295,234,304,260,329,242,316,201,319,234,327,262,358,238,349,190,343,215,342,241,388,237,383,197,378,173,375,152
W,364,448,319,426,293,389,314,352,348,324,289,297,261,232,250,192,243,156,328,284,319,205,318,156,316,115,363,294,373,231,376,187,377,149,396,323,389,281,375,295,364,318
R,365,407,326,371,306,318,316,271,347,242,325,261,326,206,337,171,352,138,355,262,340,192,330,155,326,122,387,274,379,226,360,271,347,308,418,297,399,267,376,298,362,326
U,376,397,331,357,311,312,320,267,358,245,325,250,318,190,318,157,321,125,358,246,347,179,343,143,340,106,390,256,388,199,376,239,369,276,421,276,420,230,402,248,388,273
O,399,307,360,264,335,216,320,177,325,140,382,168,388,118,359,110,338,121,399,169,408,108,369,100,342,115,413,176,421,114,377,106,347,121,423,186,416,136,381,124,355,131
D,453,409,397,372,357,327,324,298,311,264,417,244,404,185,398,150,396,119,437,247,391,190,347,206,328,231,448,259,404,207,356,221,332,244,450,278,410,238,368,236,341,248
V,345,355,306,327,277,280,293,236,332,216,295,202,279,139,272,99,270,64,332,201,327,125,327,81,330,42,369,218,366,179,347,228,335,266,401,248,391,223,370,255,355,282
H,513,347,478,298,428,267,378,270,342,280,433,202,354,200,307,200,270,198,445,233,351,227,299,227,259,225,456,272,369,285,382,299,407,300,460,313,390,323,400,331,424,329
G,455,368,402,332,368,291,341,264,310,242,422,217,374,189,335,184,304,186,447,223,372,220,368,261,386,273,462,243,386,255,388,287,408,290,466,272,406,291,405,313,421,314
N,462,339,412,305,394,245,425,196,460,163,396,208,385,162,385,193,393,229,435,203,425,134,417,173,422,207,473,212,469,179,457,235,457,260,512,227,501,203,490,239,489,254
R,366,415,327,376,307,323,317,275,347,245,327,265,328,208,340,173,355,140,357,265,342,194,331,156,327,123,390,278,381,228,359,274,347,311,421,301,400,269,378,300,365,328
K,435,382,392,352,368,304,364,258,364,223,384,259,369,210,360,180,355,153,415,261,419,200,424,164,432,134,445,275,451,245,437,282,426,311,471,297,468,279,452,305,439,328
V,383,385,348,352,329,306,353,268,390,250,348,230,341,166,340,125,343,90,385,231,386,156,390,113,396,75,419,250,425,212,404,258,391,294,448,281,446,258,424,287,408,313
S,394,339,347,310,315,255,331,204,373,190,332,206,323,165,327,210,336,224,366,206,359,158,354,209,362,217,400,217,395,187,381,237,385,242,434,234,419,218,406,250,410,256
H,513,341,478,293,430,263,379,268,341,278,431,199,352,198,306,199,268,196,444,231,351,226,298,226,257,224,455,269,369,283,383,297,409,298,460,310,389,321,401,330,425,326
X,339,320,300,288,273,244,265,208,285,195,324,176,330,118,307,108,284,121,357,186,321,170,305,211,314,226,383,206,333,216,322,250,334,255,402,231,353,245,342,269,352,272
A,391,342,338,307,302,250,298,195,321,157,346,204,344,162,335,203,334,235,380,211,378,167,362,218,361,249,413,226,411,183,390,235,383,267,446,248,439,215,416,248,404,273
H,541,337,512,283,464,250,412,252,370,261,469,186,387,178,340,177,301,173,480,221,383,209,329,206,289,202,487,263,397,267,410,283,435,285,489,305,416,308,426,317,452,315
Y,324,334,279,308,242,259,217,216,190,191,273,209,266,171,263,210,262,244,307,207,302,177,290,223,285,257,343,213,344,173,324,207,310,237,375,224,403,184,422,159,438,132
C,470,339,411,320,367,290,332,272,302,253,389,216,367,170,337,159,310,160,404,209,379,150,339,144,308,157,418,208,397,150,355,142,323,152,432,215,411,171,379,157,350,157
M,436,337,381,304,361,249,394,206,425,176,363,219,346,173,355,207,365,239,396,208,383,154,386,198,393,231,431,208,425,149,420,193,420,227,467,215,461,172,450,196,444,221
O,397,308,361,249,349,199,343,161,352,125,412,166,418,120,394,110,370,112,429,168,436,113,401,100,369,109,440,175,449,118,407,105,373,114,447,184,449,132,415,115,382,118
L,466,387,412,371,357,338,311,308,270,304,372,255,361,194,357,158,356,125,409,248,405,210,413,264,416,291,447,250,447,213,447,261,445,286,484,258,485,224,475,256,468,279
R,367,422,327,382,309,327,321,279,352,248,326,270,328,212,341,177,358,144,357,270,341,197,332,158,329,125,390,282,382,234,363,281,352,320,423,305,404,273,382,305,367,333
Y,349,338,302,314,265,268,237,228,206,205,296,221,290,175,289,213,290,250,329,220,324,182,316,225,313,259,362,224,366,177,353,202,345,226,394,232,420,189,437,162,453,135
Y,327,334,280,307,243,258,219,217,192,192,276,211,271,171,267,210,266,245,311,210,306,178,294,224,291,258,346,216,348,175,330,208,318,238,379,227,406,185,425,159,441,133
O,442,299,399,249,370,200,351,163,351,129,431,144,423,90,387,88,364,101,448,149,434,80,387,83,360,104,461,160,448,94,396,94,365,113,466,177,449,124,409,116,380,126
L,471,344,419,337,368,311,325,286,291,285,377,247,363,198,357,168,351,140,408,242,401,214,411,259,413,277,441,241,435,215,439,258,439,276,474,245,469,221,466,253,463,270
K,444,421,396,387,369,337,364,288,365,250,386,290,369,239,359,209,352,181,419,289,424,226,429,188,436,157,450,302,454,271,439,311,428,342,479,323,473,303,458,331,444,357
L,487,359,436,346,386,309,346,277,311,272,402,246,389,191,385,159,382,129,435,243,433,210,439,257,439,277,468,246,469,217,468,262,464,280,501,255,503,228,496,260,489,278
D,415,409,363,375,327,329,300,298,282,263,365,271,355,218,349,186,346,158,382,269,361,213,327,215,306,229,396,272,373,217,329,225,303,244,406,279,381,233,344,230,319,242
O,401,307,362,265,338,217,323,178,328,142,384,170,388,120,361,112,340,122,401,170,409,109,372,100,343,114,416,177,424,114,382,106,351,120,426,187,418,137,385,125,357,132
A,445,340,394,324,355,277,345,227,365,199,383,237,390,201,390,241,388,263,415,241,420,203,415,252,411,270,444,248,451,215,441,263,434,281,473,259,476,240,466,273,458,287
V,349,356,310,326,283,281,298,238,336,218,299,206,283,143,276,102,274,68,337,204,330,128,329,83,332,45,373,221,370,181,351,229,340,265,405,251,397,224,375,254,359,281
T,428,319,376,297,342,248,340,197,357,160,353,210,338,171,343,186,354,204,386,210,381,171,379,219,380,241,419,215,416,181,408,230,406,252,454,226,449,197,438,227,433,246
C,469,348,400,321,346,282,301,260,262,234,378,192,349,136,310,123,276,124,399,184,367,113,317,104,277,119,419,185,392,112,339,102,298,113,438,196,408,140,366,123,331,124
L,481,342,429,332,379,304,337,278,303,275,389,241,375,192,369,161,365,134,421,235,414,205,422,251,425,270,455,235,449,208,452,251,451,269,488,241,484,216,479,247,476,264
S,406,343,362,314,332,260,349,210,390,195,349,210,341,170,344,215,352,228,383,212,378,165,372,217,378,224,415,224,412,194,398,244,400,247,449,242,436,225,422,258,425,263
G,471,350,421,301,389,258,357,238,322,221,451,193,395,161,351,154,317,154,474,211,389,206,386,242,405,254,483,241,395,251,400,278,421,280,480,276,410,290,412,308,432,307
D,432,434,373,383,342,328,315,291,290,263,423,265,401,203,393,169,390,138,436,269,375,206,331,218,311,240,434,282,372,223,329,237,310,260,416,300,365,252,327,246,303,256
B,443,384,396,351,373,299,388,251,424,241,378,255,372,203,374,172,379,144,408,247,401,189,401,154,400,122,436,250,432,197,428,163,425,135,466,262,463,222,458,194,453,169
Z,369,347,328,311,304,278,296,239,324,214,321,212,315,156,315,123,319,94,350,216,350,173,344,216,337,243,379,227,382,187,367,224,360,254,404,248,407,213,388,234,378,255
R,368,424,328,383,310,329,321,280,350,249,331,271,332,212,344,175,359,142,361,272,348,199,338,161,334,128,394,285,384,235,363,281,351,319,426,308,406,275,384,304,371,331
E,393,348,351,323,327,282,345,243,379,225,331,233,325,186,328,207,337,235,359,226,357,168,354,191,358,220,388,230,393,174,381,194,378,222,417,244,409,215,395,229,388,250
Q,456,193,395,224,346,260,328,309,311,353,288,201,246,268,236,317,234,361,321,183,298,280,336,284,349,267,364,179,349,275,378,272,382,246,407,184,394,263,410,262,411,237
E,411,381,372,348,356,295,384,258,424,248,363,247,365,192,365,221,366,250,396,242,402,178,398,206,396,235,427,248,438,188,428,210,422,239,456,264,461,223,447,228,437,248
W,365,444,323,424,297,386,320,350,356,322,296,294,271,231,263,191,258,154,336,282,329,205,329,157,328,116,371,293,383,230,387,188,390,150,403,320,398,281,384,297,372,320
R,368,417,328,379,310,324,324,276,353,246,325,268,327,213,340,178,357,145,356,268,340,196,331,157,329,122,390,280,381,232,363,278,352,316,422,302,405,270,383,301,369,329
E,405,370,363,344,340,301,359,261,397,244,343,248,339,198,344,225,350,256,374,242,373,180,373,207,376,237,405,247,410,188,402,210,399,240,435,263,429,231,416,245,409,268
P,478,136,410,157,351,199,311,243,268,276,316,163,256,229,219,270,184,305,359,162,321,274,312,339,304,387,411,172,386,277,402,262,413,233,459,189,435,269,444,258,448,231
Z,366,379,325,343,298,305,286,264,316,236,319,227,314,164,312,127,315,95,351,233,352,185,341,235,334,264,383,247,386,205,367,248,358,279,411,272,415,233,393,256,381,280
G,464,363,413,328,378,287,351,260,320,237,429,212,383,185,344,179,313,181,455,217,382,217,379,256,398,267,471,237,397,252,401,283,421,285,477,266,418,288,418,309,434,310
G,464,366,411,317,379,274,348,252,314,232,442,206,384,172,340,165,306,168,465,223,379,219,376,256,396,269,473,252,386,265,390,293,412,294,470,287,400,303,403,322,422,321
I,366,344,316,324,280,277,265,231,259,193,304,243,296,203,305,232,313,262,335,238,327,199,330,234,335,265,367,237,362,193,356,220,353,249,400,240,405,199,404,174,402,151
Z,372,349,332,314,308,281,298,242,327,217,323,213,317,155,316,122,318,93,352,216,352,171,346,214,340,241,382,227,384,186,370,224,363,253,408,248,411,211,393,231,383,252
D,430,412,381,379,345,332,317,301,302,265,384,273,376,214,368,179,365,148,402,273,380,210,342,218,320,239,417,277,395,218,350,229,325,251,429,287,404,238,365,236,338,250
V,367,374,329,340,308,292,329,252,367,234,326,218,313,155,308,114,308,78,363,218,361,143,362,100,366,61,399,237,402,195,381,243,369,281,429,268,425,241,402,272,385,300
Y,327,336,281,309,243,261,219,220,193,192,275,211,270,171,266,211,267,247,309,209,305,177,293,224,290,258,344,215,347,174,327,208,313,238,377,226,406,185,425,160,441,133
B,426,365,380,334,357,285,373,241,407,231,358,240,351,190,355,160,360,133,387,232,381,178,381,143,380,110,415,235,411,185,407,152,404,124,445,246,440,208,435,181,429,157
P,468,128,404,151,348,191,313,234,277,263,324,157,266,221,231,260,198,292,368,153,330,261,321,319,313,359,418,161,392,262,400,249,408,221,463,176,436,252,439,241,443,216
P,471,141,408,161,348,205,309,250,272,284,318,171,260,237,224,275,191,309,360,171,323,279,313,337,306,379,409,180,386,280,400,264,409,236,454,195,430,271,437,259,443,233
Z,372,344,331,310,307,276,297,238,325,212,322,208,316,151,315,118,319,90,352,212,352,169,346,213,340,240,381,223,383,183,369,221,362,251,407,243,410,208,392,228,381,250
C,471,365,409,339,364,302,330,280,300,257,392,223,370,174,337,162,307,163,408,217,384,152,340,145,307,161,423,218,404,153,358,145,323,158,437,225,418,173,383,158,352,160
I,374,341,323,319,284,271,265,223,263,182,311,233,302,192,309,220,316,246,342,228,334,185,335,221,339,250,373,226,371,178,362,203,357,230,405,229,405,188,404,163,401,141
F,415,347,366,329,322,299,284,277,258,251,346,224,308,201,278,215,264,234,364,207,334,157,316,122,305,89,390,205,382,150,382,112,383,80,417,216,423,171,431,139,438,109
N,452,305,407,279,384,228,404,182,431,151,378,199,367,159,374,187,385,215,413,192,403,136,404,174,410,199,448,196,444,169,439,216,440,234,484,205,476,185,469,216,468,229
X,339,321,299,288,274,243,268,207,288,192,325,175,332,119,310,107,289,119,359,185,324,171,307,213,315,228,384,206,336,216,322,251,333,256,402,232,355,248,342,272,353,275
L,483,360,432,346,383,311,342,281,307,276,398,247,386,193,381,161,378,131,431,244,429,213,435,261,434,280,465,247,465,220,464,265,459,282,497,255,499,229,493,262,486,279
O,400,297,358,255,333,203,319,162,324,125,380,155,385,104,357,97,336,108,398,155,407,93,369,85,341,99,413,162,421,99,377,92,347,106,424,172,417,120,383,108,357,115
W,357,425,316,396,298,350,332,308,368,278,294,266,266,197,256,156,252,118,334,254,323,174,323,126,324,86,369,264,379,199,384,156,386,115,403,295,402,246,389,262,377,290
X,340,320,309,297,283,253,289,210,316,188,303,192,309,150,304,133,304,122,336,200,337,175,321,222,322,228,366,215,362,211,341,249,342,246,392,236,384,237,365,261,364,260
N,400,247,354,223,330,174,346,130,371,102,337,149,321,112,324,138,335,164,366,144,354,96,350,127,355,147,397,147,390,120,385,164,389,185,430,155,420,131,412,160,413,176
W,371,442,329,420,304,381,329,345,366,319,304,291,280,226,272,186,267,149,343,280,337,202,338,154,338,112,377,290,390,227,396,185,400,147,408,320,406,276,393,292,382,317
O,425,286,386,239,365,193,352,158,353,124,419,149,418,103,390,96,367,102,434,152,435,94,396,88,368,100,447,160,448,102,404,95,373,107,454,172,445,123,411,112,383,117
I,357,350,306,336,264,298,242,256,237,220,282,260,269,224,281,252,293,280,310,251,297,216,306,250,315,279,339,245,329,203,327,233,329,261,370,243,368,203,364,179,359,158
Y,336,333,290,306,252,259,225,220,198,195,284,213,279,170,276,207,276,242,317,212,313,177,303,219,301,253,351,217,355,172,339,200,329,226,383,227,410,185,429,159,444,132
X,349,317,318,293,290,247,297,203,325,180,314,181,316,140,312,123,309,116,348,189,345,167,328,218,332,224,378,207,373,203,351,245,353,244,406,231,399,230,377,256,374,257
Y,342,348,294,320,259,275,240,233,223,199,288,229,285,186,285,223,287,258,321,227,318,190,312,232,310,267,355,231,359,186,348,210,341,233,387,240,413,199,431,173,446,148
V,345,357,305,328,278,281,295,236,335,216,294,205,279,142,272,102,270,66,332,203,327,127,327,83,330,44,369,221,367,180,347,229,336,267,400,250,391,225,369,257,356,286
Z,370,347,330,311,307,277,298,237,326,213,323,212,318,155,317,122,320,94,352,215,351,170,345,213,339,239,380,226,382,185,368,222,362,251,406,247,408,211,390,231,381,252
N,430,309,389,278,372,231,392,191,419,164,376,200,367,162,368,187,375,218,408,197,404,142,397,177,399,204,439,206,436,179,426,222,426,241,471,221,464,197,455,224,454,237
J,384,384,326,366,277,323,256,278,272,244,310,267,297,230,300,264,304,300,342,259,329,229,330,275,333,314,376,254,363,210,358,248,358,286,410,255,407,205,402,174,395,146
H,517,335,481,287,432,258,382,262,343,270,433,191,354,191,309,193,271,192,446,223,352,220,300,222,261,221,457,262,371,275,384,289,409,290,463,302,393,313,403,322,428,318
J,383,400,325,382,276,335,258,288,271,255,312,278,300,239,299,275,302,311,345,272,332,239,329,287,331,327,380,269,370,223,361,260,357,298,415,271,417,221,412,189,406,160
W,348,420,303,390,284,340,317,297,356,267,283,251,255,180,246,137,241,99,325,241,317,157,317,106,318,65,362,253,374,184,379,138,383,97,395,285,380,246,359,272,345,302
Q,410,167,355,207,313,244,300,291,291,339,253,166,222,250,216,302,213,344,290,145,278,253,316,255,328,231,339,139,339,244,362,235,362,205,386,139,384,222,394,217,392,190
M,437,339,386,310,367,261,397,223,425,197,368,234,355,191,365,222,375,251,399,223,388,174,394,214,400,243,430,222,425,170,424,209,425,238,462,229,458,191,450,215,446,236
A,437,308,384,293,344,256,328,210,339,179,366,217,365,181,370,213,373,235,396,216,393,179,395,222,396,244,424,220,422,186,421,230,419,252,453,228,452,205,446,235,441,252
Y,333,307,286,277,252,229,228,187,199,164,291,184,291,150,292,192,292,228,326,185,328,158,319,206,314,241,361,191,370,151,355,189,344,221,391,202,422,160,444,136,462,110
I,392,357,340,332,300,281,282,230,283,187,327,239,319,197,326,228,334,254,359,234,352,190,353,230,358,260,392,233,390,182,382,213,378,242,425,237,424,192,420,165,416,141
H,524,339,491,289,442,260,392,265,354,274,444,197,365,194,319,194,280,192,457,230,362,223,309,222,268,220,466,270,379,280,394,293,419,294,471,311,400,317,410,325,435,322
F,421,354,372,335,329,303,293,279,265,253,354,228,317,204,286,217,272,235,372,211,343,158,325,122,315,88,400,209,392,153,393,115,395,81,428,221,434,177,443,144,451,116
N,452,309,407,281,385,231,406,187,433,156,380,203,367,164,375,192,386,220,414,196,404,140,404,177,410,201,450,201,446,173,440,219,439,236,485,211,478,189,470,219,468,231
J,380,406,324,385,277,339,259,293,273,261,315,287,303,247,301,278,301,312,347,281,334,247,329,292,329,330,381,279,370,233,359,268,354,305,414,281,416,232,412,201,407,174
Q,372,126,329,162,294,195,282,232,275,264,239,135,215,197,215,242,217,278,265,117,260,196,291,199,300,182,302,110,306,188,327,184,326,163,340,108,339,170,350,168,350,149
U,389,377,343,339,322,287,337,239,378,222,340,233,334,175,335,141,339,111,373,229,364,164,359,126,358,92,406,238,407,184,393,218,383,253,437,255,436,211,419,225,404,250
A,440,330,388,322,345,290,324,250,328,217,363,242,354,210,362,244,370,268,392,238,383,203,388,249,394,270,422,238,415,207,415,254,417,274,453,244,447,222,442,255,439,273
J,387,383,330,366,280,324,259,278,276,244,313,267,302,229,304,263,308,298,346,259,333,229,333,276,336,315,380,255,368,210,362,247,360,284,414,255,411,206,405,175,398,148
I,355,349,305,336,263,297,243,255,238,218,281,258,269,223,282,251,294,279,309,249,296,214,306,248,316,277,339,243,328,202,327,231,330,259,370,242,367,202,363,178,359,156
Q,444,199,379,233,330,270,308,319,289,363,268,203,229,275,216,325,211,368,304,183,283,287,319,290,333,270,351,179,339,281,364,276,368,249,397,182,383,266,395,262,395,237
C,480,365,418,340,371,305,335,287,304,267,399,225,378,174,347,161,318,161,415,220,392,154,350,146,317,160,431,221,411,155,367,145,332,156,445,230,424,180,389,163,359,162
W,373,415,336,385,319,336,354,292,393,266,315,260,292,193,286,154,286,119,355,249,347,173,348,131,351,93,389,257,394,193,396,154,397,116,423,285,426,236,413,249,401,274
R,372,441,331,403,311,348,326,298,357,264,326,283,327,222,340,186,356,153,359,283,343,208,332,168,327,133,394,296,383,254,366,303,356,342,426,320,409,290,387,322,375,352
J,401,382,345,362,295,318,276,271,296,237,329,261,321,222,322,256,325,292,362,254,354,223,351,270,351,310,397,251,389,206,382,245,379,283,431,254,431,204,426,173,421,146
W,368,448,323,424,299,384,327,346,365,321,301,294,275,227,266,186,262,150,341,283,334,202,334,154,334,112,375,293,388,229,394,187,397,147,406,325,402,276,389,291,378,318
A,413,322,353,301,306,258,287,207,297,165,328,207,319,166,326,204,333,232,362,205,353,161,356,210,361,239,397,209,390,169,386,221,387,252,433,220,425,191,415,226,410,251
A,424,320,365,302,319,262,299,211,313,173,344,213,336,172,341,209,347,236,376,212,367,168,369,217,374,242,408,215,401,175,398,225,399,253,443,224,436,196,427,230,423,253
L,486,364,437,351,388,324,341,303,307,310,396,253,385,201,380,168,377,138,430,249,426,218,434,266,435,283,465,250,463,225,465,269,461,284,498,258,497,233,492,264,486,281
H,540,340,511,285,459,251,404,253,363,264,465,190,382,183,334,182,295,179,473,226,375,214,323,211,282,208,480,269,390,273,407,285,433,287,483,312,410,312,422,320,448,319
Y,335,331,289,306,251,258,225,218,197,194,282,211,277,169,275,207,276,242,316,210,313,174,303,218,301,252,351,215,354,170,338,200,328,228,383,225,410,183,427,157,443,130
F,403,369,351,347,308,314,275,282,258,245,346,242,312,209,283,212,264,224,370,224,346,170,323,138,303,112,399,221,393,167,384,130,374,99,427,231,440,186,450,153,456,124
W,367,445,324,423,298,384,324,348,362,322,300,294,274,230,265,190,261,153,339,283,332,205,332,157,332,115,373,293,386,230,391,187,394,149,405,322,402,279,388,295,377,319
Y,336,335,291,310,253,262,227,221,199,196,284,214,280,170,276,208,276,243,318,212,315,177,304,221,301,254,352,217,356,172,340,201,329,228,384,227,411,185,429,159,445,132
C,476,346,417,324,372,293,337,276,306,257,396,218,374,170,344,159,317,160,412,211,387,151,346,144,315,158,427,212,406,151,364,143,331,153,441,219,419,173,386,157,357,157
J,393,415,337,392,290,345,273,298,292,267,326,292,317,254,317,287,318,321,360,286,349,253,345,301,345,340,394,284,386,236,376,273,370,311,427,287,430,238,427,206,421,178
L,465,347,415,338,367,309,327,281,293,278,379,248,367,198,362,167,360,139,410,244,403,216,410,261,412,278,442,244,437,217,438,260,437,277,474,250,471,225,466,255,461,273
Y,334,301,288,272,253,227,228,186,198,163,292,181,292,145,292,186,292,221,326,182,328,154,319,201,314,236,361,187,370,147,356,183,345,213,391,197,422,156,444,131,461,105
W,372,447,328,425,304,385,331,347,368,321,303,296,274,232,264,191,258,155,341,284,332,206,332,158,331,116,375,293,386,230,390,187,392,149,407,322,404,278,391,293,380,318
B,424,393,379,365,354,318,367,273,399,264,359,277,351,230,352,202,356,176,385,268,378,216,376,184,375,154,411,270,406,221,401,190,397,164,438,280,433,243,428,218,423,196
Q,407,166,355,214,313,254,294,296,278,339,230,199,205,269,198,314,199,348,255,177,253,275,291,277,304,258,293,167,301,263,330,254,331,231,335,164,340,241,358,237,358,217
D,436,383,379,353,339,311,307,284,292,253,391,226,373,170,365,136,362,107,410,227,361,178,320,193,303,215,423,236,373,191,326,206,304,229,426,253,383,219,340,219,313,232
P,468,124,406,150,351,191,317,233,280,261,322,154,266,219,230,257,198,290,366,149,331,254,324,315,320,359,418,156,393,257,404,247,413,220,463,171,438,247,443,239,446,214
W,362,446,320,424,293,388,313,353,348,325,288,297,260,233,250,192,243,155,328,285,319,205,319,156,317,115,362,295,373,230,376,186,378,147,395,323,387,280,374,297,363,321
S,405,380,364,347,330,297,345,247,392,228,342,236,335,189,344,240,351,259,380,237,380,180,376,239,378,253,418,250,420,218,405,272,402,280,454,271,448,252,434,286,430,293
D,413,409,365,377,328,330,300,298,281,263,365,273,356,216,349,184,346,156,382,270,360,214,326,218,305,235,396,273,372,216,328,224,302,244,406,280,379,232,342,229,316,242
Y,341,336,295,309,258,261,231,221,203,197,291,214,286,171,283,209,283,245,324,213,321,179,311,222,308,256,358,219,363,174,349,203,340,230,390,229,417,187,436,161,452,135
M,425,346,375,310,361,259,393,221,422,194,365,230,353,187,357,218,365,249,397,223,388,171,386,210,391,242,430,224,426,169,417,208,417,240,462,234,458,194,445,215,439,238
Y,336,306,289,278,254,230,229,188,199,166,294,186,296,151,296,193,295,227,330,187,334,159,324,207,317,240,364,193,375,153,361,191,350,221,393,203,426,162,448,138,467,112
J,385,398,327,379,280,334,261,288,276,256,316,280,303,240,302,272,303,305,348,274,334,239,330,285,331,323,382,271,371,223,360,258,356,295,415,272,417,224,412,192,407,165
H,554,339,521,288,471,258,418,262,376,268,475,194,392,189,345,190,306,189,487,229,388,220,335,220,295,217,497,271,408,279,421,291,447,291,502,313,428,317,438,325,464,322
Q,441,180,383,215,338,253,321,301,305,345,278,196,236,263,226,312,225,356,310,177,293,275,328,275,339,256,351,171,345,267,370,257,370,230,393,173,386,251,400,244,398,219
O,417,295,379,245,358,201,344,166,343,132,415,157,415,109,385,99,361,105,429,160,427,101,387,94,359,106,439,169,438,110,393,102,362,114,442,182,434,132,400,120,372,124
Z,373,397,335,359,310,320,300,278,328,252,331,242,327,179,327,140,331,108,364,249,366,199,353,247,344,275,397,264,403,218,382,260,371,292,425,291,430,251,407,272,393,295
C,476,362,414,338,367,304,331,286,300,266,396,223,375,172,342,159,313,160,413,217,389,152,346,144,313,157,428,218,407,153,362,143,327,153,441,226,418,176,383,159,353,158
M,436,334,380,302,359,247,394,204,424,175,361,217,346,172,355,208,366,239,395,205,382,152,387,199,394,231,430,204,423,147,419,192,420,226,465,211,459,170,448,197,442,221
C,469,336,410,319,366,289,332,271,303,251,388,214,366,169,335,158,308,160,403,207,378,149,339,142,308,155,418,207,396,148,355,140,323,150,431,214,409,170,376,156,348,156
P,454,126,396,155,344,198,311,239,276,267,310,164,261,228,231,267,202,299,351,158,326,260,321,318,318,360,400,161,386,259,397,247,404,222,445,171,428,246,434,237,435,212
A,415,312,354,293,307,250,289,198,300,159,332,202,323,159,330,197,337,225,366,200,357,156,360,204,364,233,400,204,392,163,390,214,391,245,436,214,428,185,418,219,414,244
Y,329,338,283,311,247,261,223,219,196,194,279,213,275,173,272,212,273,247,313,212,309,180,299,225,296,259,347,218,350,176,333,208,322,237,379,229,408,188,426,163,442,137
V,369,396,330,365,305,317,328,279,367,260,322,240,299,173,287,130,281,93,365,239,371,159,378,111,386,69,403,259,406,222,384,271,370,308,434,292,431,268,406,298,388,325
L,441,356,386,340,335,307,290,279,254,277,350,234,337,179,333,146,332,116,381,227,373,194,381,244,387,266,416,227,411,193,412,238,414,261,452,235,448,202,439,232,435,254
O,426,366,373,308,346,234,328,178,337,127,421,172,427,106,390,93,357,101,445,174,455,93,404,80,360,98,467,185,480,104,425,90,381,106,485,203,485,134,444,110,406,112
L,482,360,430,344,381,309,341,277,306,271,396,246,384,192,380,160,377,130,429,243,427,210,432,258,432,278,463,246,463,217,462,262,458,281,495,255,497,227,490,259,483,277
U,364,407,322,369,302,319,314,275,353,255,322,252,315,194,315,160,319,128,355,250,346,184,339,148,336,113,387,262,385,208,368,248,358,284,417,285,414,241,394,256,378,280
T,424,330,374,301,344,242,354,186,371,144,357,199,339,155,339,168,347,195,396,203,390,163,383,221,382,247,435,215,430,185,415,242,411,265,474,234,466,204,449,241,441,260
B,391,404,345,376,323,326,336,282,364,267,334,281,328,232,332,202,339,173,361,274,356,219,356,184,357,151,387,278,383,228,379,195,377,168,415,290,411,251,407,224,403,201
X,373,327,331,284,304,242,281,213,268,193,354,171,333,119,300,114,277,128,366,181,284,181,282,215,302,226,367,201,286,217,294,246,315,248,362,226,299,244,305,266,324,267
T,428,336,379,308,350,247,358,192,373,150,362,206,343,162,343,170,353,194,399,209,394,170,386,225,386,250,438,221,433,191,418,246,413,270,476,239,468,211,451,246,443,264
H,514,345,478,296,429,267,378,270,341,277,433,201,353,198,306,199,267,196,446,232,351,227,298,227,257,224,456,272,368,284,381,298,406,299,461,314,390,323,400,331,424,328
J,386,404,328,383,281,338,262,292,275,258,318,286,307,246,305,275,304,310,350,280,337,247,333,291,334,329,384,277,373,230,364,264,360,300,418,278,419,229,414,198,408,171
O,402,309,363,267,339,218,324,178,327,143,383,171,387,122,360,115,339,125,401,170,408,111,371,103,343,117,416,176,423,116,382,109,352,122,427,187,422,138,390,126,363,132
O,415,305,364,262,331,213,309,174,302,136,378,150,370,95,336,91,314,104,396,149,388,80,343,79,315,99,411,156,403,86,353,87,321,107,419,168,398,114,359,108,330,119
W,367,447,323,426,296,388,320,352,359,326,297,296,272,232,263,192,257,155,337,284,330,205,329,156,329,114,372,294,384,231,389,188,393,149,405,324,398,282,384,298,373,321
H,534,345,502,290,450,257,395,261,353,271,455,193,370,186,321,185,280,183,466,228,366,216,311,215,268,212,474,270,382,280,398,293,424,293,476,313,402,318,414,325,440,322
T,420,327,375,289,356,235,370,191,388,160,379,201,375,158,369,161,368,181,411,206,410,164,395,206,389,235,442,218,440,182,419,225,411,254,474,238,468,207,447,231,436,250
C,467,334,411,316,366,286,332,268,301,250,387,213,364,168,335,158,309,159,402,206,376,149,338,143,308,155,416,206,394,148,354,140,323,149,430,212,408,169,376,155,348,155
V,361,390,322,359,295,312,317,273,354,253,312,233,289,167,277,125,271,88,355,233,359,154,364,105,371,63,393,254,393,216,371,264,359,301,424,287,418,262,394,293,377,321
B,430,365,384,332,363,281,382,238,416,232,364,236,360,185,364,155,371,129,394,229,390,173,391,139,391,107,422,234,420,183,416,149,414,121,452,247,449,208,445,181,440,156
C,471,341,415,322,368,291,332,273,301,254,388,217,365,169,336,158,309,158,404,211,381,150,341,144,310,158,421,212,401,151,360,143,327,152,437,220,418,175,387,159,359,157
U,360,409,315,368,296,323,296,277,331,252,315,260,309,199,308,165,311,132,345,258,340,190,334,151,333,113,376,269,379,208,358,245,346,281,405,289,404,241,383,254,366,278
P,471,135,410,155,356,197,323,241,293,276,326,171,274,237,241,274,211,306,367,168,336,272,328,329,320,371,415,173,399,269,409,252,416,226,459,184,440,256,446,243,450,218
G,465,367,412,329,376,290,347,267,313,248,429,209,379,178,339,168,307,166,457,218,377,215,372,257,390,271,473,243,394,254,395,286,416,290,479,277,416,288,411,309,425,312
L,454,348,403,336,354,306,311,278,276,275,365,241,353,190,350,159,347,130,396,237,390,212,398,259,399,275,429,238,424,213,426,258,424,275,461,245,459,222,453,254,449,271
G,453,356,396,312,360,271,326,252,291,234,418,199,357,173,314,168,281,169,440,214,355,217,356,253,375,264,450,243,365,261,372,289,394,289,449,279,382,298,388,317,407,316
L,473,343,422,335,372,307,331,282,298,280,385,247,371,196,365,165,360,136,416,241,410,212,418,257,420,276,449,241,443,214,447,257,446,275,481,246,477,221,474,252,471,269
Y,330,336,284,310,247,261,222,219,196,195,279,212,274,175,271,216,272,250,313,211,309,180,298,225,295,260,348,216,349,176,331,210,319,240,380,227,408,188,426,163,442,137
W,364,447,320,426,293,387,316,351,351,322,290,295,262,231,252,191,245,154,329,282,320,203,319,155,318,113,365,292,375,227,378,184,380,146,398,320,391,278,378,296,369,320
H,531,332,499,280,446,250,391,253,349,262,451,185,366,181,317,183,278,181,461,221,361,213,307,212,266,209,468,264,377,272,393,285,419,286,471,308,398,312,410,320,436,317
J,383,384,326,367,276,325,256,280,271,246,308,269,295,231,297,265,301,300,340,260,327,230,327,276,331,315,375,256,362,212,356,249,355,286,409,256,406,207,399,176,392,148
U,364,409,319,366,301,317,308,269,346,245,320,258,312,196,312,161,317,128,351,256,344,187,338,148,337,111,382,267,384,207,363,246,352,283,412,287,408,239,388,255,374,281
X,355,326,324,302,298,257,305,213,333,190,319,195,322,152,317,133,316,125,352,203,352,176,338,225,339,233,383,220,379,214,359,253,360,250,412,241,404,238,385,263,383,262
O,396,289,354,251,330,202,316,162,321,126,374,155,377,107,350,99,330,109,390,154,395,94,359,86,333,101,405,158,410,97,370,91,342,107,415,166,408,116,376,107,351,116
B,437,381,391,351,368,300,386,258,417,253,370,258,361,208,362,177,366,149,397,250,389,195,387,160,385,127,425,252,418,202,414,168,410,139,454,262,448,223,443,196,438,171
O,398,300,356,256,331,206,317,165,322,128,378,159,384,108,356,100,336,109,396,159,405,96,366,87,338,100,411,164,419,101,375,93,345,109,422,174,415,121,381,110,354,119
E,407,360,365,328,346,277,371,237,412,227,347,232,346,181,349,209,354,237,379,224,380,164,378,191,380,220,410,227,416,169,408,191,406,220,440,239,441,200,429,207,422,226
U,378,474,318,423,291,369,296,305,352,282,312,276,302,203,303,160,308,117,354,273,342,187,335,141,332,93,394,288,394,213,375,273,363,321,434,317,429,257,406,288,389,324
V,359,367,321,335,297,288,316,245,355,226,315,210,301,147,295,106,294,70,354,209,351,133,351,88,355,49,390,228,388,189,368,237,356,274,421,259,413,233,390,264,376,292
O,408,314,366,273,341,227,326,190,332,158,390,175,392,121,361,124,346,142,408,177,411,112,370,117,350,140,424,185,427,121,383,124,359,146,436,197,430,146,395,142,371,157
K,430,386,384,358,358,312,352,266,348,231,373,268,355,219,345,190,338,164,404,267,404,207,406,170,412,140,433,280,433,250,420,286,411,315,461,300,452,280,438,307,426,331
H,524,336,490,285,440,257,388,263,350,277,441,194,361,193,315,194,276,192,455,229,360,223,306,223,264,222,466,270,377,280,390,292,415,294,471,310,398,317,408,325,433,322
T,436,320,389,292,366,236,375,188,388,150,379,202,364,161,364,167,370,189,411,200,406,163,398,209,396,237,445,206,443,167,431,211,427,236,481,219,476,181,463,207,457,227
Z,371,348,331,315,306,280,295,242,323,216,320,212,315,155,314,122,317,93,350,216,351,172,344,216,338,244,380,227,382,188,367,226,360,256,406,247,409,211,391,233,380,255
W,368,434,324,407,302,369,330,330,367,303,305,279,280,212,272,173,268,136,344,268,337,190,337,143,336,102,378,279,389,216,394,175,396,135,408,311,404,263,389,276,378,301
G,457,365,405,329,371,287,345,259,315,236,424,213,379,184,339,178,309,180,451,219,377,215,371,255,390,267,467,240,392,250,393,282,412,285,472,269,412,287,410,308,426,309
L,492,367,442,355,393,330,347,307,311,310,400,258,387,206,381,174,377,144,433,253,428,224,437,272,438,289,468,254,465,228,467,273,464,290,502,261,500,235,496,268,490,286
O,417,364,365,298,337,230,319,177,327,128,416,171,423,105,383,93,350,100,438,174,450,90,395,79,354,97,458,185,469,103,409,91,365,108,472,201,470,130,425,110,385,117
J,391,384,332,370,280,328,258,282,270,249,312,272,298,231,302,262,307,298,344,263,332,229,334,276,338,316,378,257,366,210,362,247,361,285,412,256,409,207,402,176,393,150
R,367,415,326,377,307,324,319,276,349,246,327,266,328,210,340,174,355,140,357,265,342,195,331,158,326,127,389,278,381,228,360,274,348,311,420,301,402,270,378,300,364,329
W,367,448,324,427,298,388,322,353,358,326,297,297,270,234,261,193,256,156,337,285,329,207,329,159,328,117,372,296,383,233,386,189,388,150,404,324,398,282,384,298,372,322
M,431,349,383,305,374,249,413,215,448,193,383,219,375,170,375,206,380,239,417,214,414,157,406,201,408,235,452,220,455,160,440,201,436,234,486,233,487,190,469,211,459,234
Q,437,196,370,229,317,265,290,312,267,359,257,196,215,265,200,312,195,351,292,180,266,285,302,287,315,265,337,179,322,280,349,272,352,244,381,184,366,267,382,263,383,238
M,427,347,376,311,362,260,396,222,426,197,367,231,355,189,360,221,367,251,398,224,389,173,389,214,394,245,431,225,428,171,420,211,419,242,463,234,461,194,447,216,439,239
M,432,351,379,312,363,259,395,220,424,194,367,229,356,178,360,213,369,245,401,220,392,161,391,203,396,236,435,221,431,163,422,202,423,235,471,230,468,186,452,207,445,231
E,414,380,375,350,358,298,384,261,425,250,358,252,359,200,363,232,366,260,391,244,393,182,393,214,395,242,423,248,430,188,424,213,420,243,452,261,454,222,443,232,434,252
A,460,343,401,331,355,293,333,245,341,208,375,246,370,206,378,245,385,272,408,242,401,201,407,253,410,275,440,243,435,207,436,259,437,281,474,249,470,226,465,262,462,280
L,493,369,441,356,393,328,350,300,314,296,404,260,391,208,386,176,382,146,437,257,433,228,440,275,440,292,470,259,469,232,470,276,466,293,503,265,504,239,498,271,491,289
D,441,386,380,353,339,312,306,287,293,252,392,229,375,173,367,138,363,108,413,229,363,179,321,197,303,221,425,238,377,193,329,209,308,233,429,255,385,220,343,221,317,234
H,538,327,508,277,455,249,399,256,355,263,456,189,372,187,324,189,286,189,464,224,365,217,314,216,276,213,471,265,385,273,398,284,420,284,473,308,406,311,417,318,441,316
U,379,470,331,426,315,378,328,325,375,309,333,295,329,228,333,191,339,154,370,295,367,219,365,177,366,135,404,311,410,247,393,298,382,338,436,339,437,288,418,317,405,348
F,419,403,370,376,327,343,290,318,267,289,358,266,319,235,291,251,279,274,380,252,354,191,339,151,329,114,410,254,410,191,414,148,418,111,439,272,457,225,473,190,487,159
Q,400,143,342,180,303,217,297,262,291,301,242,146,208,232,205,290,205,336,281,126,268,238,304,234,314,204,330,121,330,228,351,216,348,183,378,122,373,205,384,198,382,171
E,433,374,392,347,371,301,394,262,431,247,373,250,372,196,376,217,380,246,405,244,407,180,407,203,408,233,437,249,444,191,436,208,430,236,465,265,464,232,450,238,439,257
O,397,299,355,257,329,206,313,165,321,127,377,156,382,104,352,98,332,109,394,156,403,93,364,86,337,99,409,163,417,99,372,92,342,106,418,173,408,121,373,110,346,118
O,397,296,356,255,329,205,314,165,319,128,374,156,378,105,352,98,332,109,392,155,399,93,362,86,335,101,408,161,415,99,373,92,343,106,419,171,411,121,378,110,352,117
A,453,335,396,318,355,281,337,235,348,201,378,242,374,203,379,235,384,259,409,240,403,199,406,243,408,266,438,243,434,205,432,250,432,274,470,250,466,225,459,256,455,273
F,433,354,382,336,335,309,298,285,274,255,358,232,321,204,293,217,279,236,380,215,346,161,326,125,311,91,411,212,396,156,391,119,387,86,445,222,445,177,449,146,453,117
O,444,276,396,232,367,189,350,155,345,120,420,135,413,88,383,81,361,91,435,136,428,76,388,73,360,89,448,142,440,80,395,78,364,95,454,152,434,103,398,96,371,104
F,422,350,371,331,328,300,292,277,265,252,354,226,317,203,287,216,273,234,372,209,342,157,326,122,316,89,399,207,391,153,392,115,394,83,426,217,432,174,441,143,450,115
N,443,296,393,265,369,210,393,162,425,131,372,175,357,131,361,159,371,193,407,169,397,105,392,143,398,171,444,175,439,144,430,196,432,218,483,188,472,162,462,195,463,211
J,389,386,331,370,279,327,258,281,272,246,312,270,298,232,302,265,306,300,344,261,331,229,332,276,335,316,378,256,365,209,360,247,360,285,411,256,408,207,401,177,392,149
D,462,392,406,367,363,332,327,312,302,286,411,241,384,184,373,151,368,123,428,244,362,200,321,226,308,254,437,259,374,218,332,243,318,270,437,283,390,247,351,254,330,272
N,446,304,399,275,376,226,396,182,423,151,378,195,363,154,365,179,375,211,411,188,397,128,393,165,401,195,445,193,436,164,430,212,434,233,481,205,467,181,459,212,461,226
W,368,432,324,411,297,373,318,334,353,305,289,283,258,220,247,180,241,143,328,269,316,192,314,143,313,99,364,278,373,215,375,171,375,132,397,305,391,264,376,280,363,303
X,338,319,300,288,278,244,276,206,300,191,324,175,335,120,316,107,296,120,359,186,331,173,312,215,319,226,386,208,346,217,329,251,337,252,406,235,364,249,350,272,359,272
H,541,339,510,288,455,258,397,266,354,275,458,201,373,198,325,201,287,201,466,237,367,229,316,229,277,227,473,279,386,285,401,295,424,295,476,323,405,324,417,330,442,329
B,445,380,399,347,378,298,396,254,429,241,380,255,376,203,380,172,386,145,410,248,406,191,407,156,407,123,438,251,436,199,433,165,430,137,468,263,466,223,462,196,457,171
A,365,319,307,303,256,266,232,220,245,182,282,212,266,173,270,209,279,237,313,206,297,163,300,210,309,238,346,208,333,168,332,218,338,246,383,215,368,186,360,221,361,244
Z,378,350,340,318,316,284,309,247,335,222,333,215,327,159,326,126,329,97,363,220,363,176,356,219,349,246,392,231,395,191,379,230,371,259,417,252,421,218,402,239,391,259
X,342,323,297,288,267,244,251,212,265,196,322,174,326,116,297,109,271,123,354,182,301,174,287,215,300,230,375,202,311,218,304,253,319,257,387,228,331,250,324,276,338,278
I,388,348,332,321,293,269,275,217,277,174,323,228,315,183,321,217,328,243,356,223,348,177,349,218,353,248,388,222,386,169,378,199,373,229,422,225,421,180,417,153,412,129
F,425,371,375,350,332,317,296,292,269,266,360,241,322,216,290,229,275,248,379,226,350,170,334,133,324,98,406,225,399,168,402,128,404,94,435,238,442,193,453,160,462,132
W,355,421,316,394,296,348,328,305,364,275,288,268,258,203,245,163,238,128,327,254,310,178,305,133,303,94,362,263,367,199,368,158,368,121,399,289,399,245,385,259,371,282
Y,332,336,286,307,248,257,222,216,195,191,280,210,276,168,273,208,274,243,314,209,310,175,301,219,299,253,349,214,352,170,337,201,327,229,381,225,409,183,428,157,444,130
H,512,341,475,293,428,262,379,265,343,273,431,196,353,194,307,194,269,191,445,226,352,222,299,222,257,219,457,265,370,281,384,295,409,296,463,306,391,318,401,326,426,322
D,433,384,375,352,335,311,303,285,287,254,388,227,371,169,363,135,360,105,407,226,356,175,315,193,299,218,419,235,370,189,323,204,302,228,421,252,378,216,336,217,309,230
C,458,353,394,323,348,285,313,264,283,240,390,208,365,159,329,146,297,147,402,203,374,138,328,131,293,144,410,205,383,139,336,132,302,144,413,212,384,162,346,150,316,152
V,347,362,307,333,281,286,296,243,333,224,297,210,282,146,275,106,273,70,335,208,329,132,328,87,330,49,371,226,368,184,348,231,337,269,403,255,391,230,369,263,356,291
N,450,327,409,297,392,246,414,205,442,177,395,215,385,176,385,203,393,235,428,210,421,151,414,184,418,214,460,217,456,190,447,236,447,258,494,231,483,209,474,239,475,252
A,456,330,403,317,361,282,342,236,359,207,384,240,383,205,388,240,390,262,415,239,412,202,414,248,415,266,444,242,444,210,441,255,439,273,474,250,473,229,467,261,462,276
B,424,394,378,365,353,318,367,274,400,262,358,279,350,232,351,203,354,176,385,270,378,217,376,185,373,154,410,271,406,222,400,191,396,165,437,280,432,243,427,218,422,195
G,457,367,406,330,372,290,346,262,317,239,426,217,380,189,340,182,309,183,452,223,378,218,373,259,390,271,467,243,393,252,393,285,413,288,471,272,412,289,410,310,426,311
I,354,344,305,325,270,279,255,234,248,198,294,246,284,208,292,234,300,263,324,242,314,202,316,236,322,267,354,241,348,197,341,225,339,253,386,243,390,203,389,178,387,156
J,376,400,319,380,273,335,256,290,269,258,310,283,297,244,295,277,295,311,342,277,328,245,324,290,325,329,375,274,364,227,353,262,347,299,408,275,410,227,406,196,399,168
Z,374,401,336,363,313,324,306,284,337,261,333,244,331,183,332,147,336,115,367,252,371,205,359,253,351,280,400,268,408,226,387,268,376,297,427,295,434,258,412,280,398,302
A,452,336,396,318,354,282,337,235,347,201,378,241,374,203,379,236,384,259,409,240,402,199,405,244,408,266,438,242,434,206,432,252,432,274,470,250,466,226,458,257,455,274
V,368,389,328,360,303,314,324,276,360,253,318,233,294,168,282,125,275,88,360,232,364,151,370,103,378,62,398,251,401,214,380,262,366,299,430,283,425,260,401,291,383,319
A,446,344,394,329,353,290,336,244,354,215,378,249,377,215,381,251,383,273,409,249,406,213,407,260,408,279,438,253,438,220,434,266,432,285,468,261,468,239,460,271,455,287
B,431,370,384,341,361,291,377,246,410,237,363,247,356,197,358,167,363,141,391,239,385,184,385,150,384,119,419,242,414,192,410,159,407,132,448,252,444,214,439,188,433,164
V,352,365,313,334,288,286,305,244,343,225,305,210,290,146,284,104,283,68,343,208,339,131,339,85,344,47,380,227,377,187,357,235,345,272,411,258,403,232,380,262,363,290
P,385,97,340,133,311,175,299,210,285,236,280,146,261,208,246,250,234,287,313,131,323,219,338,266,349,301,354,122,367,201,368,184,365,159,390,120,395,183,394,172,388,149
D,434,423,380,376,347,322,317,287,293,256,425,256,403,195,394,162,388,133,436,259,377,200,334,212,314,232,433,270,373,214,332,229,313,251,417,286,368,241,330,236,306,244
A,442,339,394,321,357,274,347,222,371,200,388,234,397,199,394,237,390,259,420,240,427,205,419,252,414,270,448,249,456,218,444,263,436,281,475,262,479,241,468,273,459,288
A,462,350,404,336,356,296,334,249,341,210,379,249,372,210,380,251,388,278,413,245,404,204,410,257,415,281,445,248,440,210,440,263,440,286,480,255,476,229,469,266,464,286
H,538,347,506,292,455,260,401,264,360,278,457,198,375,192,328,191,289,188,469,234,371,223,318,221,276,218,478,275,388,283,402,296,428,297,482,317,408,320,419,328,444,325
V,371,370,334,339,312,292,334,252,372,234,329,218,316,154,312,113,312,78,367,217,368,142,370,97,375,59,403,236,406,197,386,244,373,281,433,266,428,241,406,271,391,298
O,408,314,369,271,345,223,331,183,337,148,393,175,400,123,371,115,350,125,410,176,419,113,380,104,353,118,424,182,432,119,389,112,359,127,433,193,427,142,394,131,367,139
V,343,360,303,329,277,283,292,240,330,219,293,208,276,143,270,102,269,66,331,205,325,128,323,83,326,44,368,222,364,183,344,230,333,268,399,252,389,225,367,256,353,285
K,433,387,389,358,364,313,360,268,357,234,378,270,361,222,351,193,345,168,408,269,410,211,414,175,420,144,437,282,441,254,429,292,421,321,464,302,461,285,446,311,434,333
D,426,395,369,362,328,321,293,294,279,262,387,236,367,178,358,143,353,112,405,237,351,184,308,204,290,230,415,246,364,199,314,216,291,241,414,264,369,227,328,230,302,244
Q,431,208,372,238,323,272,301,316,280,356,265,212,218,272,209,321,209,363,297,195,274,288,307,293,319,275,338,193,325,286,351,281,354,255,380,199,367,275,382,273,383,249
G,458,368,405,331,370,291,343,263,313,241,425,216,376,189,336,183,305,185,450,222,375,218,369,259,388,271,465,242,389,253,390,285,411,289,470,272,409,290,407,312,424,313
V,385,379,351,346,335,301,360,263,395,246,349,227,342,164,342,124,344,90,386,227,389,155,393,112,399,76,419,246,427,208,409,253,395,287,447,277,449,253,428,281,411,306
Z,392,365,354,330,334,297,329,260,357,239,349,229,345,173,345,140,349,112,379,234,380,194,376,237,371,263,408,246,413,208,400,245,391,272,432,268,438,235,421,254,410,273
M,434,352,385,309,374,254,410,218,443,194,382,225,371,177,371,210,377,243,415,219,408,162,402,204,405,239,449,223,449,164,435,203,433,237,483,235,481,191,464,213,456,237
M,443,348,389,313,369,257,402,216,435,189,373,226,363,177,373,214,381,245,408,216,400,160,406,207,410,239,444,217,442,158,440,202,438,235,479,227,478,184,468,210,461,234
B,429,366,382,334,360,285,378,242,412,233,363,240,358,190,361,160,367,132,392,233,387,178,388,143,388,110,420,237,417,186,413,153,410,125,449,249,446,211,441,183,436,159
S,382,354,336,322,307,265,323,215,367,205,330,218,321,176,321,221,328,235,364,220,359,170,349,221,355,231,396,233,390,202,374,252,377,258,431,251,413,234,399,266,403,272
V,345,354,304,326,276,280,292,236,330,216,293,203,277,139,271,98,269,63,331,201,325,124,325,79,327,41,368,218,364,178,346,226,335,264,400,247,389,221,368,254,353,282
P,470,140,407,158,349,201,312,248,274,280,315,171,255,240,219,279,186,313,359,172,321,282,312,340,303,384,409,181,383,281,396,263,406,235,455,197,429,271,437,258,442,233
C,465,419,403,380,357,332,317,302,282,270,404,243,390,179,359,157,326,149,425,241,412,163,370,143,329,147,445,247,439,169,396,145,355,145,464,261,453,200,421,170,387,158
V,356,382,316,353,287,307,304,267,341,245,304,228,281,164,269,123,262,88,346,226,349,148,354,101,360,63,383,245,380,208,359,255,348,292,416,276,406,252,382,282,364,310
I,381,349,324,324,285,274,266,223,266,180,315,233,305,189,311,221,319,247,347,228,337,183,339,223,343,252,379,226,374,174,366,204,362,233,412,228,410,184,405,156,400,132
U,373,362,326,326,302,278,317,229,359,212,314,221,304,162,303,128,306,97,348,214,334,149,325,112,321,79,381,222,378,171,368,209,362,244,414,238,410,194,396,212,384,239
T,467,316,419,290,389,239,395,186,417,148,395,198,387,156,400,179,412,202,434,200,443,165,443,217,436,240,471,208,481,181,473,232,462,251,506,221,514,198,503,232,491,249
X,358,312,327,289,300,246,308,204,336,181,319,180,320,139,316,122,315,114,353,188,353,165,337,213,338,220,385,204,380,202,359,242,359,240,412,227,406,228,386,253,383,253
K,446,395,401,363,376,314,372,265,370,228,392,268,375,216,365,185,359,157,424,268,428,206,433,167,440,135,455,283,461,252,446,292,436,324,483,306,479,288,463,315,450,339
S,390,341,345,312,314,260,329,211,370,195,331,210,321,170,325,213,335,227,365,211,359,161,352,211,360,220,398,222,392,193,378,242,382,246,432,239,416,223,403,255,407,261
Q,424,188,368,225,322,264,302,308,281,350,254,206,219,272,209,319,208,359,284,187,270,286,307,285,317,263,324,180,320,277,347,268,348,243,366,182,361,262,376,256,376,233
K,431,386,385,358,358,312,353,265,348,231,374,268,355,219,346,191,339,165,404,267,405,208,407,171,412,141,434,280,434,251,420,288,411,316,462,299,454,280,439,307,427,331
P,455,133,394,153,342,195,307,239,270,269,308,163,259,225,228,265,199,298,348,159,320,262,320,310,319,340,396,163,380,260,390,248,397,222,441,175,421,245,426,237,429,213
S,407,384,366,350,333,298,347,249,394,229,343,241,336,192,346,240,353,262,381,241,382,180,379,235,380,252,419,254,422,220,409,273,404,283,456,275,452,253,437,286,431,296
Q,395,156,341,194,300,235,289,284,279,330,235,168,204,248,199,300,199,341,271,148,261,253,300,253,309,229,318,142,319,244,344,236,343,208,364,144,363,225,377,219,375,193
G,457,360,407,324,372,285,346,260,316,239,424,213,377,188,338,184,308,186,450,218,378,217,374,256,391,268,466,237,393,250,395,280,414,283,471,265,413,284,412,305,427,306
N,396,243,350,221,325,172,342,128,369,101,332,146,316,109,318,136,329,162,361,141,349,92,344,126,351,145,393,144,385,118,379,162,382,180,426,153,414,130,407,159,408,173
U,371,366,324,328,304,276,319,226,362,212,318,223,309,162,309,127,312,95,353,217,340,150,332,112,328,78,385,225,382,170,370,210,364,246,417,242,413,197,397,216,385,243
C,503,334,443,312,397,281,358,259,324,235,420,203,396,158,369,143,342,138,439,196,413,141,378,130,346,136,458,196,438,137,401,124,368,130,480,203,459,157,429,139,400,137
F,433,343,385,325,343,296,307,274,281,248,368,225,333,201,303,214,289,231,386,210,356,159,338,125,327,93,413,208,402,154,400,118,399,86,441,218,443,174,449,142,454,114
R,368,421,329,381,309,327,321,280,352,249,329,268,331,209,344,174,360,141,360,269,346,197,336,159,332,127,393,282,384,234,363,279,351,318,425,306,406,275,382,305,367,332
G,469,362,415,326,379,284,348,263,313,246,431,204,380,172,340,163,308,161,461,214,383,214,378,257,397,269,479,240,400,260,401,292,421,293,486,274,423,295,421,316,437,315
G,468,363,416,327,382,288,355,261,325,239,434,214,387,188,347,182,316,184,460,219,385,219,383,258,401,270,476,239,401,253,404,284,424,286,481,268,421,289,421,310,437,311
F,434,353,382,335,336,308,300,285,275,255,357,232,321,203,294,217,281,236,379,216,345,162,325,126,310,93,410,213,395,158,390,122,386,90,444,224,443,179,447,147,451,118
B,415,392,371,362,349,312,365,268,398,260,356,270,351,222,354,194,359,169,383,263,379,210,379,177,379,147,409,267,407,217,404,185,402,159,436,279,434,241,431,215,428,192
O,388,286,346,250,322,204,308,167,310,133,369,161,370,114,343,105,324,115,384,159,386,102,351,95,326,108,396,162,398,104,357,99,331,114,404,168,395,120,363,113,339,123
F,407,376,356,350,314,314,283,279,267,241,355,245,326,208,297,210,278,223,380,231,360,175,340,140,323,111,409,231,405,175,399,137,391,105,439,243,456,197,470,164,481,134
Y,332,304,287,275,252,227,228,186,198,164,292,184,294,149,294,192,294,226,328,185,331,158,321,207,315,241,362,191,373,151,359,187,347,216,392,201,423,160,445,136,463,110
T,436,318,383,288,353,241,357,201,374,175,376,206,365,167,359,167,358,183,404,203,397,158,386,186,381,218,433,206,427,166,412,197,407,229,466,216,459,182,441,200,432,225
G,456,363,407,328,374,287,347,261,317,237,427,212,380,184,339,177,308,179,454,218,381,213,374,254,391,267,470,239,395,248,394,280,414,284,475,269,415,285,412,305,428,306
Z,373,398,332,360,308,321,303,281,333,255,330,244,327,182,327,145,331,112,364,251,367,202,355,250,347,277,397,266,403,222,383,263,372,295,423,292,430,254,408,275,395,298
Y,328,341,282,314,246,264,221,222,194,195,278,214,273,175,269,217,268,253,312,213,307,183,296,229,292,265,347,219,348,180,329,215,316,246,380,231,408,190,427,165,443,138
Q,411,192,352,239,307,277,284,316,262,353,229,209,199,280,190,330,191,369,259,187,240,286,282,295,297,276,299,179,293,278,324,279,329,256,345,180,338,261,356,264,359,243
W,369,451,325,429,300,390,325,352,360,324,297,300,269,234,259,194,253,157,337,288,327,209,326,161,326,119,371,298,381,234,385,191,387,153,403,327,399,282,387,297,377,320
T,471,317,421,297,390,244,397,187,416,147,394,200,383,156,398,178,411,202,432,200,444,166,443,220,435,242,469,207,481,184,472,236,459,253,503,218,512,198,503,234,491,249
U,357,414,318,373,296,325,305,280,347,263,325,254,324,196,329,163,336,132,357,254,355,186,353,149,354,114,387,270,390,213,369,254,357,290,415,297,415,250,394,268,378,294
A,439,343,388,331,346,294,330,248,346,219,370,250,368,217,373,253,377,275,400,250,397,215,398,261,400,278,429,253,428,222,424,268,423,286,459,261,457,242,449,273,444,288
Y,346,336,300,312,261,267,233,228,204,208,292,218,285,176,283,215,285,250,325,216,319,180,311,223,311,257,358,220,360,175,346,203,338,231,390,229,417,186,435,159,450,133
Q,444,198,379,234,329,269,306,317,288,362,265,204,226,274,214,324,210,367,299,185,278,291,316,292,329,269,344,182,334,286,361,278,364,250,390,186,379,272,394,267,394,242
N,435,296,392,259,377,201,402,159,432,131,398,173,391,129,379,156,379,190,429,173,424,111,405,145,405,178,460,185,451,151,432,199,432,226,494,203,478,175,463,206,465,223
V,346,360,307,331,281,285,298,242,336,222,298,208,283,144,276,102,274,67,336,206,330,128,330,82,333,44,373,224,369,185,349,233,338,270,405,254,393,230,371,262,357,290
X,347,319,316,296,289,250,294,206,322,183,311,186,313,143,309,125,307,118,345,194,344,171,328,219,329,228,375,211,370,208,349,249,350,248,403,234,395,234,374,261,371,262
Z,366,379,325,344,297,306,284,267,312,239,318,227,313,167,312,129,315,98,351,234,351,187,338,235,330,264,383,248,385,207,365,249,355,279,410,273,414,235,392,257,379,280
C,478,348,411,319,363,279,326,258,292,240,409,198,381,135,338,124,303,129,423,200,388,120,335,116,299,133,433,212,399,142,347,133,311,140,434,234,404,188,368,169,338,158
R,369,423,329,382,313,327,328,278,358,247,327,271,328,213,341,177,357,143,359,271,344,201,334,162,331,127,393,283,384,238,366,283,356,320,425,306,409,274,387,303,372,331
I,354,346,302,333,262,294,242,251,237,214,283,256,270,221,281,249,292,277,310,248,297,213,305,247,315,276,339,242,329,201,326,229,328,256,369,241,367,202,363,179,359,158
K,432,388,388,359,363,314,358,269,356,234,377,271,360,223,350,194,344,168,407,271,409,212,413,175,420,145,436,284,441,255,428,293,419,323,464,304,460,287,446,313,433,336
Y,348,338,301,313,263,266,236,226,206,203,294,220,289,175,287,213,287,248,327,218,324,182,314,224,312,257,361,222,365,177,351,205,343,231,393,232,419,188,436,162,451,135
G,462,366,406,320,371,275,343,250,311,227,438,203,383,168,340,158,308,156,461,216,375,211,371,249,390,263,470,243,383,255,387,285,408,287,466,276,399,291,401,311,419,312
K,449,428,401,392,375,340,372,288,372,249,393,290,374,237,363,204,356,174,427,291,434,225,442,185,451,154,459,307,464,274,447,315,435,348,489,329,483,307,467,338,453,365
Q,424,186,367,223,319,263,298,308,279,351,253,203,219,269,207,316,204,355,282,185,271,286,306,283,316,261,321,180,322,276,347,265,346,239,363,182,361,260,376,254,375,231
D,488,422,432,392,391,351,358,324,344,292,437,266,420,207,407,173,401,143,458,267,415,212,373,232,354,260,473,277,432,227,385,246,363,271,482,296,444,257,402,259,378,274
L,492,368,442,355,392,326,348,299,312,295,403,259,390,208,384,177,380,148,436,255,430,226,437,274,438,289,470,256,466,230,468,274,464,288,503,262,502,236,496,269,490,285
Q,381,173,332,228,293,272,274,312,260,349,203,212,173,281,167,330,170,367,226,188,226,286,265,293,280,276,262,177,271,273,302,268,306,245,304,175,309,252,329,251,331,232
T,419,322,377,286,356,234,366,188,378,155,383,202,366,169,357,177,362,187,411,207,396,174,384,220,395,227,442,217,424,192,411,237,422,244,472,231,452,209,437,238,446,249
W,374,418,336,388,318,338,355,295,394,269,317,264,293,198,285,160,281,125,357,254,347,178,346,136,347,99,391,263,401,199,405,161,409,126,424,291,427,242,412,255,398,278
M,442,339,388,307,368,252,401,210,431,182,368,220,353,175,364,211,375,243,402,209,389,155,395,201,403,234,438,209,431,151,428,195,429,228,473,217,467,175,458,201,453,224
M,430,374,383,346,365,297,395,262,423,237,367,270,354,232,361,265,370,293,397,262,386,217,388,260,395,288,428,263,422,215,417,257,417,286,459,270,452,237,442,262,438,283
C,470,337,412,319,367,288,333,270,303,251,389,213,367,168,336,158,310,160,404,207,380,148,340,142,310,155,420,207,398,148,356,141,324,151,434,214,411,170,378,157,349,158
B,424,431,375,401,350,348,365,301,395,277,360,291,356,237,360,203,368,170,391,284,386,222,387,182,388,144,421,289,417,232,415,195,413,162,452,304,449,259,445,229,441,200
C,479,350,414,325,365,292,328,275,294,255,398,210,373,160,339,147,308,147,414,205,386,139,341,130,306,142,427,207,402,141,356,131,319,140,437,216,410,167,373,151,341,150
W,365,435,320,408,295,372,322,334,360,308,298,281,271,214,263,174,259,137,337,270,329,190,329,142,329,100,371,280,383,217,388,175,390,134,401,313,398,265,384,278,373,304
I,344,349,296,328,260,284,246,239,243,201,287,249,277,211,282,237,288,267,317,244,306,205,306,238,311,270,347,244,341,201,330,225,326,253,379,247,385,207,384,182,382,160
G,455,368,405,332,371,290,345,262,315,239,424,216,378,188,338,182,307,184,451,221,377,217,371,259,388,272,467,242,392,252,393,285,413,289,473,271,412,290,411,312,428,313
Q,443,202,378,234,326,271,304,321,283,368,265,207,224,278,213,326,210,369,301,189,283,295,318,292,329,269,347,185,338,288,364,275,365,246,392,188,382,273,395,265,394,237
H,522,333,487,283,439,252,388,256,352,267,441,187,362,187,316,187,277,185,457,219,363,215,308,215,266,213,469,259,380,272,394,286,419,287,474,300,401,310,412,319,437,315
K,431,387,385,358,360,313,355,267,352,232,375,269,357,221,347,191,340,165,406,269,407,209,409,172,415,141,436,281,438,251,424,289,415,319,464,301,457,283,442,309,429,333
X,352,326,321,301,294,254,302,210,331,187,318,194,320,152,317,133,318,120,351,203,351,174,335,222,336,232,381,220,377,212,356,252,357,252,409,243,402,237,382,262,379,265
B,413,394,369,364,346,313,363,268,395,260,354,271,347,223,349,194,354,167,381,263,376,210,375,177,375,146,407,267,404,217,401,185,398,158,435,279,431,241,427,215,423,191
T,440,315,393,285,372,226,382,180,401,145,391,199,375,155,370,169,371,199,423,201,409,171,403,213,403,247,457,210,438,199,429,246,426,273,491,224,469,208,459,240,459,258
C,477,369,418,346,371,311,336,290,305,268,398,233,375,184,342,172,313,173,414,228,390,162,347,154,313,166,428,230,407,165,362,155,328,164,441,239,418,191,383,176,353,174
S,402,346,358,316,328,261,345,213,385,197,345,213,337,170,339,214,347,230,379,214,374,163,367,213,373,223,412,227,408,195,393,244,395,250,445,245,431,226,417,258,420,265
R,366,417,326,378,308,322,321,274,353,243,327,266,330,208,344,173,361,141,359,266,344,194,332,156,327,125,392,280,383,230,363,278,351,316,423,303,404,271,380,301,365,328
R,375,432,335,396,317,347,337,302,371,270,330,272,334,215,349,177,367,142,364,271,346,200,338,160,335,125,400,285,391,249,374,300,365,338,434,311,417,286,396,319,385,347
J,402,383,346,362,297,316,279,268,300,235,332,260,324,223,326,258,329,294,365,254,358,223,355,270,355,309,400,251,394,207,386,246,381,284,434,254,435,206,432,175,427,146
J,377,399,320,379,274,334,255,289,269,260,311,282,298,242,295,273,296,305,343,277,329,242,323,286,323,324,376,273,364,226,353,261,348,297,409,274,411,226,406,195,400,168
T,429,330,383,299,359,243,368,193,381,156,374,205,358,162,353,178,356,203,408,208,397,169,384,219,384,243,441,219,429,188,412,239,410,262,474,237,460,211,442,241,438,257
R,365,419,325,381,305,325,318,276,349,246,326,267,327,209,340,173,356,141,357,267,342,195,330,157,325,125,390,280,380,231,359,277,347,316,421,303,400,273,377,304,364,332
S,405,380,365,346,333,298,346,251,391,230,342,238,337,190,346,239,355,261,381,239,382,179,378,236,380,254,418,252,422,221,408,274,404,283,454,273,451,255,437,288,431,296
S,388,341,343,312,312,260,324,211,363,194,328,210,319,168,321,211,330,227,362,210,356,160,350,210,356,221,395,222,389,192,375,241,378,247,429,239,413,224,400,255,404,260
Y,293,245,253,241,218,219,189,199,152,182,259,151,273,204,269,237,258,248,302,146,310,213,294,241,283,243,339,158,349,205,325,234,307,249,365,179,399,178,426,177,451,173
N,410,272,367,249,343,199,360,155,386,127,349,171,336,133,336,158,346,187,379,167,368,116,362,146,368,171,411,172,406,146,398,191,400,212,444,182,435,161,426,190,425,205
L,473,345,422,336,371,308,329,282,295,280,383,245,369,194,362,164,357,135,414,240,407,212,415,258,417,276,447,240,441,213,444,257,443,275,480,245,476,220,471,252,468,269
M,446,351,395,310,382,254,419,216,451,188,387,223,376,176,380,213,387,246,422,216,414,160,412,206,415,240,458,219,456,161,446,205,444,239,493,230,492,188,477,213,469,236
K,429,384,383,356,358,309,352,264,348,230,373,267,355,220,344,192,337,167,403,266,403,207,405,172,410,142,432,278,431,249,418,286,410,315,459,297,450,279,436,306,425,330
Z,390,359,352,323,329,290,319,252,348,231,345,219,341,164,342,131,345,102,375,225,376,185,370,229,363,255,404,238,410,199,394,237,384,266,428,260,434,228,415,248,402,268
I,365,351,313,334,271,291,249,246,244,205,296,250,282,210,290,237,300,262,325,243,312,201,316,236,324,264,356,238,347,190,340,217,338,244,387,237,382,196,376,171,371,150
Q,444,200,380,235,328,272,304,321,281,367,267,207,224,280,211,330,209,373,301,189,279,294,317,293,329,269,346,186,334,288,361,279,364,250,391,190,379,275,393,270,392,244
Q,393,157,340,194,304,232,295,278,287,318,238,171,209,244,204,293,203,333,270,149,267,251,303,249,312,225,314,141,321,238,343,228,340,201,358,138,360,216,371,211,368,187
F,425,369,376,348,333,316,297,291,269,265,359,239,320,215,289,228,275,248,378,223,349,168,333,132,324,97,406,222,399,165,401,126,403,93,434,235,441,190,452,157,461,129
A,461,342,404,328,358,290,338,240,349,205,381,246,377,206,384,242,389,266,413,244,407,202,411,250,413,271,444,246,441,208,440,257,439,279,476,252,475,228,469,262,464,279
U,372,370,326,330,307,280,322,232,364,216,324,224,316,163,318,129,323,97,357,220,347,152,341,115,339,81,390,230,390,174,377,213,368,249,422,248,420,202,403,220,389,246
D,429,437,371,386,343,332,317,296,292,268,422,268,401,207,393,173,388,143,436,273,377,210,333,221,311,241,434,287,375,228,332,240,311,262,418,306,368,259,330,251,304,258
T,436,323,386,299,359,244,365,192,381,153,366,208,351,162,358,180,369,205,402,210,404,171,400,221,395,245,437,219,440,187,429,238,421,260,472,232,471,203,460,236,452,254
C,473,348,410,326,365,294,331,276,299,258,393,215,371,167,339,156,311,157,408,209,383,148,342,140,310,154,422,209,400,148,356,140,323,150,434,216,411,167,375,152,345,153
Y,340,310,294,282,261,236,237,196,206,177,303,194,306,160,306,201,304,235,338,196,344,169,333,216,325,250,372,201,384,162,369,198,357,228,400,211,432,172,455,149,473,125
P,473,145,407,166,347,209,307,252,269,284,313,175,254,239,217,279,184,313,356,175,319,283,309,343,301,387,407,184,384,285,399,268,408,240,455,198,429,277,438,264,443,237
U,398,380,352,341,331,289,347,240,388,224,347,234,340,173,343,139,348,107,381,230,372,163,367,124,367,90,413,239,415,181,401,219,391,255,445,257,444,211,426,227,411,252
P,460,109,397,142,341,193,309,245,278,285,310,164,256,242,222,290,193,331,357,158,330,279,324,345,319,393,412,162,399,277,408,258,413,226,462,174,446,261,450,246,452,217
O,415,296,366,252,333,204,310,167,305,129,382,142,377,87,342,81,319,94,398,142,393,72,348,69,320,88,412,149,405,79,356,77,325,96,419,161,399,108,361,100,333,110
F,453,353,404,331,366,299,335,270,319,238,401,232,370,199,342,203,325,218,424,216,404,166,382,134,363,109,451,215,446,163,438,128,430,99,476,225,488,182,497,151,504,124
A,435,324,385,310,346,269,332,223,344,190,368,226,369,192,374,229,376,253,398,227,398,191,398,239,397,259,427,231,430,201,424,248,420,267,456,241,457,222,450,255,444,269
N,451,314,412,289,393,242,413,199,439,170,392,210,383,172,385,198,394,227,424,206,415,149,410,183,415,208,456,212,451,186,443,231,445,248,488,224,477,206,470,235,472,245
B,429,375,383,343,361,292,379,249,412,241,363,247,357,196,360,166,366,139,392,240,387,184,387,149,387,117,421,243,417,192,413,158,410,131,450,255,447,216,442,189,437,165
Q,383,151,333,189,293,219,274,254,258,289,230,142,202,211,198,261,198,298,261,122,243,208,281,226,300,213,304,115,298,203,326,210,333,190,349,117,342,185,357,192,361,174
C,471,345,413,325,367,294,332,276,301,257,390,219,368,172,337,160,310,161,405,213,381,151,340,145,309,159,420,213,400,152,357,144,324,154,435,220,414,174,381,159,353,159
R,366,422,326,382,308,329,320,281,349,250,324,270,325,211,339,176,356,143,356,269,339,197,329,158,325,123,389,282,378,235,359,281,348,320,421,304,402,275,378,305,363,333
C,472,367,407,340,360,302,325,280,293,258,391,226,367,176,331,163,301,166,407,221,382,154,335,146,301,162,420,222,399,155,351,146,316,158,430,229,407,178,369,164,339,166
F,437,365,387,345,344,313,306,291,279,266,371,239,333,213,302,227,287,246,389,223,358,170,339,135,326,100,416,221,406,163,404,125,404,91,444,232,449,187,457,154,464,124
J,375,393,320,374,274,331,256,288,270,256,310,279,297,239,295,270,296,303,342,273,328,239,323,284,325,323,375,270,364,222,353,256,348,292,409,271,410,223,405,191,398,164
W,362,350,326,329,305,285,331,243,364,213,296,212,272,155,264,117,260,83,333,200,324,132,324,89,324,53,366,208,374,148,377,109,379,73,398,230,386,200,370,224,359,250
D,477,392,416,367,368,331,328,309,304,279,405,235,380,170,374,133,373,101,426,234,368,188,326,211,309,239,441,245,385,203,340,228,323,258,451,265,404,231,362,241,338,262
V,358,384,317,353,291,306,311,267,346,245,307,227,283,162,270,120,263,83,348,227,351,147,356,98,363,58,386,247,386,209,365,256,353,292,419,279,413,253,388,282,371,309
F,399,374,347,351,304,316,271,284,255,247,344,243,310,208,280,212,261,226,369,227,347,171,324,137,303,110,399,226,394,169,387,131,378,99,427,238,444,192,456,158,466,127
I,384,350,329,324,289,272,271,221,271,178,319,231,309,187,316,220,323,247,351,226,342,181,343,220,348,251,384,225,381,173,372,202,367,231,417,228,416,183,412,155,407,132
S,396,342,352,312,321,259,336,210,377,194,337,209,327,168,332,214,340,227,371,210,365,161,359,214,366,221,404,222,399,192,386,242,390,246,437,239,423,223,410,256,414,261
V,345,356,306,326,279,280,296,237,336,218,297,206,282,144,275,104,273,68,335,204,329,129,329,85,332,46,371,221,368,183,349,231,338,269,403,251,393,226,371,258,357,287
T,438,344,378,313,340,242,345,174,357,123,351,191,326,136,328,149,340,184,400,192,391,141,385,211,384,246,448,205,442,166,426,234,419,264,496,226,486,188,468,231,459,253
M,447,355,393,315,378,255,417,215,452,189,382,224,371,173,377,212,386,247,419,215,411,156,410,205,415,240,456,218,455,157,446,205,444,239,493,229,492,186,477,212,470,236
H,541,343,509,290,456,258,402,260,362,267,462,193,378,189,331,189,292,187,472,229,372,219,320,219,280,216,481,271,392,278,406,291,431,292,486,314,413,317,424,326,449,325
Z,387,374,347,341,318,302,308,259,337,228,335,214,329,147,327,107,331,72,372,219,374,171,364,222,356,254,407,234,414,191,393,237,381,270,438,259,444,221,421,246,406,271
Q,417,163,352,200,301,240,282,292,265,344,238,166,197,243,189,298,189,343,278,148,259,262,298,263,309,237,327,145,319,257,345,248,345,217,377,151,365,242,380,235,379,206
W,332,377,292,355,263,309,284,265,320,235,251,226,220,163,208,123,199,86,290,212,277,135,274,87,271,46,327,220,330,157,329,113,329,72,362,244,344,212,331,239,323,269
X,367,324,322,281,296,239,273,212,260,193,348,171,323,119,290,115,267,129,358,181,277,182,276,214,296,225,358,201,278,217,287,244,307,247,352,227,291,243,298,264,317,266
D,443,385,382,353,341,312,309,286,295,252,393,228,377,172,368,137,365,107,414,229,364,178,322,195,305,220,426,238,378,192,331,208,310,232,430,255,388,219,345,220,319,233
A,454,340,397,323,355,285,337,237,348,203,379,244,375,205,380,239,385,263,410,243,404,202,407,247,409,270,439,246,436,209,434,256,433,279,471,253,467,229,460,261,456,279
P,466,128,402,158,349,196,315,235,277,264,322,159,265,222,229,260,196,292,366,154,331,259,323,321,317,367,417,161,391,261,402,249,411,223,462,176,437,250,440,241,443,216
E,404,370,362,345,338,301,357,261,396,243,341,248,337,198,342,225,349,256,372,240,370,180,371,206,375,237,403,245,408,187,401,210,397,239,433,260,427,230,415,245,409,267
L,478,339,426,331,376,303,335,277,301,275,387,241,373,191,366,160,361,132,418,235,411,205,420,250,423,268,451,234,446,207,449,250,449,267,484,239,481,214,477,245,473,262
G,465,367,414,318,382,275,349,253,315,233,445,207,386,173,342,166,307,169,466,226,379,220,378,257,399,269,474,256,386,265,392,294,414,295,471,292,400,305,404,324,424,323
Q,415,183,359,224,315,263,295,307,278,346,244,200,215,270,204,317,203,354,271,182,257,283,294,287,308,267,309,176,305,273,333,271,337,248,351,178,348,255,362,255,364,234
Y,347,337,300,312,261,268,232,230,202,209,293,219,287,176,285,214,286,249,326,217,322,182,313,225,310,259,360,221,363,175,349,202,340,228,392,230,419,187,437,160,452,133
Q,438,187,381,219,338,256,323,303,308,344,275,202,236,269,224,316,222,357,304,183,293,282,326,282,337,263,344,176,343,273,366,264,366,239,386,177,384,256,397,250,395,226
M,425,343,376,308,362,258,395,222,423,197,366,233,351,190,354,222,364,251,396,224,384,173,382,213,390,243,427,225,422,170,413,209,415,239,458,232,452,192,439,214,436,236
E,407,382,364,358,338,315,356,276,394,259,341,260,334,209,338,235,346,264,371,252,369,190,368,217,372,246,402,255,405,196,397,219,396,248,432,267,431,225,418,235,412,259
R,371,439,331,401,312,347,325,298,354,263,326,285,327,225,339,189,354,156,359,285,343,210,333,170,328,135,393,297,383,252,364,298,354,336,426,319,407,287,385,318,371,348
T,444,314,395,298,362,244,367,184,383,149,374,204,365,163,368,196,377,211,411,209,409,172,405,227,405,228,444,216,445,190,435,241,434,242,478,224,474,205,465,240,466,247
I,373,332,321,318,277,276,253,231,247,192,299,236,285,198,293,223,303,247,327,227,314,186,319,219,327,248,356,221,347,175,343,200,343,228,387,220,381,181,375,159,369,140
M,424,344,375,308,361,258,393,222,420,196,366,231,351,190,353,221,361,250,396,223,384,173,381,211,387,242,427,225,422,171,412,208,413,239,458,233,452,194,438,216,434,238
A,452,337,394,319,354,282,337,235,347,201,376,242,373,203,378,236,383,260,407,240,402,200,405,245,408,267,437,243,434,206,431,252,432,275,469,250,465,226,458,257,455,274
P,480,137,411,161,352,204,311,246,267,277,312,164,253,229,216,271,181,308,355,164,318,272,309,337,304,386,407,174,383,277,400,261,411,234,455,189,431,270,441,259,446,232
K,443,407,395,376,366,327,359,277,358,239,381,277,360,226,349,194,340,166,414,276,416,212,420,172,426,140,446,289,449,259,435,299,425,331,475,311,469,294,454,324,441,350
R,367,415,327,376,307,324,318,276,349,246,326,266,328,210,340,176,355,145,357,267,343,196,333,157,328,124,389,280,381,233,360,277,348,314,420,304,401,272,379,302,365,330
X,364,326,324,283,295,237,271,205,261,184,342,166,324,108,290,100,265,113,358,180,276,175,274,211,296,221,363,204,279,215,287,244,309,245,360,232,293,247,300,269,321,269
T,433,314,384,296,350,241,354,183,372,145,362,199,347,161,349,188,359,200,399,202,391,167,388,221,390,218,433,209,428,186,420,238,422,234,468,216,460,198,450,233,453,239
R,363,413,324,375,305,321,317,273,347,244,325,264,326,207,338,173,353,141,355,265,340,193,329,154,324,120,388,278,377,231,357,275,346,312,419,301,398,270,375,301,363,329
Y,348,341,301,316,262,271,233,234,201,218,292,225,286,182,284,222,285,256,325,222,320,187,311,230,310,264,359,225,361,181,345,211,336,239,392,234,418,191,436,164,450,136
I,379,348,324,324,284,273,266,222,266,179,314,231,304,188,309,220,316,246,346,226,336,181,337,220,341,251,378,224,374,172,365,201,361,230,411,227,408,182,403,155,399,131
T,441,313,390,296,356,242,360,184,377,148,369,201,357,161,361,196,370,208,406,204,400,169,398,223,399,220,440,211,437,187,429,239,429,236,474,218,467,200,458,235,462,241
E,401,378,362,346,344,293,371,255,412,246,349,247,351,194,352,225,354,254,382,242,387,180,383,211,384,240,413,247,422,187,413,212,409,242,443,261,445,219,433,228,426,249
Y,329,337,282,309,245,260,221,218,193,194,278,213,274,173,271,214,272,249,312,212,308,180,298,225,295,259,347,217,349,176,332,208,321,237,380,228,408,187,427,162,443,136
H,547,340,514,287,465,255,411,259,371,267,472,192,389,187,342,187,302,185,482,227,384,218,331,217,289,215,490,269,401,278,418,290,443,290,493,312,422,316,434,324,460,322
E,398,359,358,337,331,290,351,250,387,234,325,242,320,193,330,224,337,251,356,231,350,172,356,205,361,232,387,229,385,174,385,202,385,231,417,238,413,202,405,215,400,236
B,427,366,380,337,357,286,374,243,407,236,359,243,352,192,355,162,360,135,387,235,381,179,381,145,380,113,415,239,410,188,406,155,402,127,444,249,440,210,435,183,430,159
H,540,341,507,288,456,256,403,260,363,268,462,193,379,189,331,190,293,188,474,229,374,219,322,219,283,217,483,271,393,278,407,290,431,290,487,314,414,317,425,325,450,324
K,438,386,393,356,367,310,361,263,358,227,380,265,363,216,353,186,347,159,412,265,413,204,417,167,423,136,441,278,445,248,432,285,422,315,469,299,464,281,449,307,436,330
X,354,319,323,295,297,249,306,205,333,181,319,185,321,143,318,125,320,117,353,194,356,168,337,217,338,224,383,212,382,207,358,247,358,245,410,235,406,236,384,261,379,260
F,414,347,365,329,322,300,286,278,259,252,347,225,310,203,280,216,266,234,364,209,335,157,318,123,308,90,390,206,382,151,382,114,384,82,417,216,423,171,431,139,439,111
V,367,372,331,340,310,293,331,253,368,236,327,218,314,155,310,114,310,79,365,218,366,143,369,97,373,59,400,237,403,198,383,244,370,281,430,269,426,243,403,273,387,299
I,371,334,318,317,275,276,252,232,245,193,297,238,283,200,293,224,304,249,326,230,313,188,319,222,327,251,356,224,348,177,343,202,341,229,386,222,381,183,375,160,369,141
T,427,319,378,293,353,241,363,189,376,155,366,203,354,161,353,186,359,207,400,204,393,163,388,212,390,227,432,210,426,179,416,227,418,242,466,222,457,193,446,224,447,238
M,436,343,385,313,367,264,397,225,424,198,367,236,353,194,362,226,373,254,398,225,386,177,391,217,398,246,429,225,424,172,421,212,423,242,462,232,456,194,447,218,443,240
D,440,385,382,355,342,315,308,286,296,252,392,231,376,174,367,139,364,109,412,230,364,180,323,196,304,220,424,238,377,193,330,209,307,232,427,255,385,220,343,222,315,235
Z,367,387,325,351,299,312,286,272,314,244,319,234,314,172,311,134,315,102,351,240,353,191,340,239,332,267,384,254,388,210,368,252,359,283,412,280,417,240,394,262,382,285
Q,419,187,359,227,313,269,294,318,273,363,243,203,209,281,201,331,201,372,276,182,260,289,297,286,308,263,320,176,315,280,342,269,342,241,365,177,359,263,375,257,375,231
Y,335,332,289,306,252,259,227,219,201,193,283,211,279,168,277,207,277,242,316,210,313,174,303,218,302,252,351,215,354,171,339,198,330,224,382,226,409,184,427,157,443,131
L,461,344,411,335,362,306,320,280,286,277,372,244,359,193,354,162,349,135,403,240,396,215,405,261,405,276,436,239,430,214,433,258,431,273,469,244,464,220,460,253,457,269
P,472,141,407,159,346,201,308,247,272,280,313,172,255,241,220,280,187,314,357,172,321,283,311,342,302,385,409,181,384,283,397,265,406,237,457,196,431,272,438,259,444,233
B,443,381,397,351,375,300,397,258,430,252,375,259,370,206,373,174,379,145,405,250,399,193,400,156,399,122,433,254,430,201,426,166,423,136,463,265,461,225,456,197,450,172
G,474,354,427,305,395,262,363,240,327,222,459,195,399,162,355,154,320,155,480,215,394,208,394,245,415,256,488,247,401,255,407,283,429,284,484,282,413,294,417,312,437,310
K,436,381,393,350,369,304,366,258,365,223,385,259,370,209,361,179,356,152,416,260,419,200,425,164,432,134,445,274,451,244,436,281,426,310,472,296,469,277,453,302,439,325
C,478,346,416,325,370,294,334,277,303,257,396,213,374,164,343,152,315,153,412,207,387,146,347,138,315,151,427,208,404,147,361,138,328,148,441,215,418,166,384,151,355,151
E,398,379,357,351,335,302,357,263,399,250,340,250,339,198,340,229,345,257,373,243,374,180,372,211,373,240,405,247,411,185,402,210,399,240,435,260,436,218,424,226,416,247
B,437,388,390,355,368,305,386,262,418,250,372,259,366,207,369,177,375,149,401,252,396,195,396,160,396,127,429,256,426,203,422,169,419,141,459,267,456,228,451,201,446,176
B,409,469,346,438,312,370,324,306,360,281,327,294,320,226,326,186,335,149,364,285,357,208,359,162,361,119,400,292,395,221,392,178,391,140,440,308,434,254,431,219,428,186
S,396,344,349,315,317,262,332,210,373,193,332,212,322,171,327,215,336,230,367,212,359,163,354,214,362,222,401,223,395,191,381,241,385,246,435,239,419,222,407,254,411,261
W,369,444,327,422,304,383,328,347,364,321,303,295,278,230,270,189,265,153,342,284,335,206,336,158,336,116,376,295,389,232,395,190,399,151,407,324,404,280,390,296,379,320
E,392,383,350,348,331,299,357,261,401,253,344,248,345,193,341,222,344,252,376,243,384,179,375,208,373,239,408,250,421,187,406,210,399,241,437,266,442,224,424,229,414,250
C,472,345,411,323,365,293,328,276,296,257,391,212,369,164,338,152,310,152,406,206,382,144,342,137,310,149,422,207,400,145,357,136,324,146,436,213,413,164,379,148,350,148
O,423,377,369,312,340,237,323,180,330,129,421,179,426,112,387,96,353,102,445,180,455,96,400,80,357,97,466,191,477,106,417,91,371,107,482,207,480,134,434,111,393,116
O,397,295,356,254,330,204,315,163,320,126,377,154,382,102,353,96,333,108,394,154,402,91,362,84,336,99,410,160,416,97,372,91,343,107,420,170,412,118,377,108,351,117
F,428,379,378,355,335,322,299,298,272,271,365,246,326,220,295,233,279,252,384,231,356,175,339,138,330,103,411,231,406,173,408,133,411,99,438,245,449,200,461,167,472,137
T,430,337,380,307,351,248,359,193,376,150,364,205,345,160,345,170,355,196,402,209,398,171,390,227,389,253,441,221,437,192,421,246,415,269,479,239,472,211,454,246,446,263
I,394,364,340,341,298,291,272,244,246,216,329,245,321,200,327,237,334,267,363,239,358,196,355,240,357,270,398,240,398,191,386,225,379,254,432,248,453,204,465,179,475,151
H,519,332,485,282,437,252,385,256,346,265,438,187,358,185,312,185,274,184,451,220,356,214,303,215,262,213,461,260,373,271,387,285,412,287,466,300,394,309,404,318,428,315
Z,375,346,334,312,310,280,298,241,326,216,324,212,317,155,316,121,318,92,354,215,352,170,347,215,341,242,383,225,384,185,371,223,364,253,409,246,411,210,393,231,384,251
O,393,305,354,264,331,214,316,174,321,139,377,167,383,114,354,105,333,116,394,168,404,104,366,94,339,108,409,174,417,111,374,102,345,117,420,185,413,133,380,121,353,129
V,351,362,312,331,287,283,305,241,343,222,303,207,288,144,282,103,281,67,341,206,337,129,337,83,341,44,378,224,377,185,357,233,345,270,410,255,402,229,380,260,365,287
C,479,355,418,332,373,299,337,281,305,261,403,219,380,170,348,159,319,159,418,213,393,151,350,143,317,157,433,214,410,151,366,143,332,153,445,222,421,172,386,157,356,157
T,421,324,374,298,348,245,356,195,369,161,372,205,353,169,347,192,354,208,404,210,388,177,380,228,390,230,436,219,419,199,409,246,420,248,467,232,449,214,437,245,447,251
L,454,349,403,337,354,307,311,278,277,276,366,243,356,192,352,160,349,132,398,239,391,213,398,261,399,275,430,240,425,215,426,260,424,274,462,246,459,223,453,255,449,271
C,504,321,446,304,398,275,359,255,327,231,418,196,394,149,366,137,339,137,437,189,410,136,377,126,346,133,457,189,433,132,398,121,368,127,481,195,458,149,427,132,399,130
R,366,415,326,377,307,322,319,273,351,243,325,265,327,207,339,171,355,138,357,265,341,192,332,154,328,122,390,278,381,228,361,274,350,312,422,300,401,271,378,303,364,331
T,431,320,378,291,349,236,355,186,368,150,359,202,347,157,350,168,357,193,394,200,389,157,388,202,386,233,429,206,426,168,417,215,411,247,465,218,461,184,447,213,438,236
K,446,425,397,391,369,340,363,290,368,253,388,291,370,240,359,209,352,181,421,291,425,227,430,188,438,156,452,304,455,273,439,314,429,347,482,325,475,305,459,335,446,361
P,457,128,399,158,349,201,317,242,282,273,321,168,270,231,238,269,209,303,363,162,335,267,331,322,327,362,412,166,395,264,404,250,411,224,457,176,437,250,441,240,444,216
V,367,371,328,340,305,293,325,251,363,233,322,216,308,152,304,111,303,76,360,215,359,140,361,95,365,56,396,234,398,193,378,241,365,278,426,266,420,240,397,271,380,299
O,398,297,356,254,332,204,317,164,322,128,380,156,385,105,355,99,335,110,397,157,405,95,365,88,339,102,412,164,418,100,373,94,344,110,421,174,412,121,377,112,350,122
O,408,304,360,260,328,209,306,172,300,136,379,148,373,95,339,90,316,103,396,148,389,79,345,77,317,96,409,155,402,87,352,84,321,102,416,168,396,116,357,106,329,114
T,442,311,392,296,360,241,366,182,382,147,371,201,360,161,364,195,373,208,408,205,404,170,400,224,401,222,441,212,440,188,430,239,430,237,475,219,470,203,461,238,463,243
I,395,364,340,339,298,289,273,241,247,212,329,245,321,198,329,234,336,266,363,239,359,194,356,237,358,269,398,240,400,189,388,219,380,247,431,246,452,204,464,178,474,152
E,402,377,361,346,342,295,366,256,408,246,347,247,347,193,348,223,352,253,380,241,383,177,379,206,379,235,411,246,420,184,410,206,405,236,441,261,444,219,430,223,421,243
V,366,391,326,361,300,315,321,276,358,253,316,235,292,169,280,127,274,89,358,233,362,152,368,103,376,62,396,253,396,217,374,266,362,304,428,285,422,261,397,293,380,321
N,443,316,403,288,383,243,402,202,428,173,383,211,370,174,371,201,381,230,414,206,403,150,397,184,404,210,446,212,440,186,432,231,434,250,480,225,468,204,460,233,461,245
C,469,345,414,325,367,294,332,276,301,255,390,219,368,170,337,159,310,160,405,213,382,150,341,144,310,159,420,214,400,152,357,144,325,154,436,222,415,176,382,160,352,159
H,541,339,510,286,460,253,406,256,366,266,464,189,382,183,334,182,295,180,474,226,376,214,323,212,283,209,481,268,391,271,405,284,430,287,484,311,411,311,422,319,447,318
P,428,74,376,113,335,164,313,207,287,235,302,131,267,203,246,250,226,288,343,118,338,226,356,271,371,297,392,111,396,209,402,191,403,160,438,112,433,188,434,173,430,146
D,452,404,397,371,355,328,322,299,309,266,412,246,398,187,390,153,388,124,431,247,381,193,340,210,323,234,443,257,395,208,348,223,327,247,446,274,404,236,362,236,337,250
C,479,332,416,316,366,291,328,280,294,263,385,209,359,161,326,150,298,152,400,202,371,139,328,133,296,147,414,202,388,140,344,133,310,144,427,210,400,166,365,153,335,152
P,459,121,400,150,351,192,321,236,286,267,320,160,268,226,236,265,207,299,361,154,334,260,327,319,322,361,410,156,396,257,407,242,413,215,455,166,437,243,442,231,445,206
J,378,382,317,367,261,324,237,277,246,240,293,260,277,217,279,251,283,289,327,250,312,216,312,266,316,309,364,244,349,196,343,235,342,275,400,243,397,190,390,157,382,127
F,429,351,377,334,331,307,295,283,269,256,354,231,319,203,291,217,278,236,375,215,342,163,322,127,309,94,406,213,392,159,387,122,383,90,439,223,439,178,442,146,445,116
U,386,377,339,337,320,286,335,237,374,221,340,234,333,174,333,141,337,109,372,230,364,163,358,125,357,91,403,239,405,182,389,217,378,251,434,255,432,210,415,224,399,249
D,469,389,409,362,365,328,331,309,304,289,421,234,395,172,384,135,379,105,440,241,367,198,324,229,310,258,447,260,380,220,336,247,321,274,445,287,393,253,353,262,332,279
S,387,338,342,310,310,258,323,207,365,191,327,208,317,167,321,211,330,224,361,208,354,159,349,210,356,218,394,219,388,189,375,239,378,242,428,236,413,219,400,251,404,256
J,389,386,331,371,280,328,259,283,269,247,311,272,297,232,301,265,306,300,343,262,330,229,332,276,335,317,377,257,365,210,361,248,359,287,411,256,408,207,401,176,392,149
U,373,365,323,324,305,276,319,224,361,212,320,220,312,159,313,126,317,94,354,216,344,150,338,111,337,75,386,225,386,169,373,207,364,243,419,241,415,197,399,215,385,241
Y,329,337,283,311,246,262,222,220,194,195,278,214,273,174,270,214,270,249,312,212,308,181,297,226,294,261,347,218,349,176,332,209,320,238,379,229,407,188,426,164,441,137
R,365,414,326,377,306,322,317,274,348,243,324,266,326,208,338,172,354,138,355,266,340,194,328,156,323,124,387,278,379,227,360,272,348,311,419,300,399,269,375,300,361,329
A,444,325,394,314,352,277,333,233,342,199,370,232,367,199,374,237,379,259,401,230,396,196,400,244,401,262,430,232,429,204,427,252,426,270,461,240,458,220,453,254,449,269
C,471,338,413,321,367,290,333,273,303,252,389,215,367,169,337,159,310,160,405,209,380,149,340,143,309,156,420,209,398,150,356,143,323,152,434,216,411,172,378,159,350,159
N,453,305,408,279,386,232,405,187,430,156,381,202,368,163,373,191,383,219,415,196,405,139,404,177,410,200,449,200,446,172,440,219,440,234,484,210,477,189,470,219,470,231
D,454,396,397,365,357,323,326,297,310,264,408,240,392,184,384,150,381,121,428,241,382,188,341,204,322,228,441,250,396,202,349,216,327,240,446,267,406,229,364,229,337,242
V,353,379,313,350,285,303,302,261,340,240,301,223,278,158,266,117,260,81,343,223,347,143,352,95,358,55,381,242,377,205,356,253,345,290,414,274,404,249,380,279,363,307
G,466,362,414,325,379,285,348,263,314,245,433,205,383,174,343,163,312,160,461,214,384,213,380,256,400,268,478,239,401,257,403,290,423,290,484,273,423,294,419,314,433,314
T,441,350,382,317,346,245,353,177,369,125,356,196,332,140,334,156,347,190,403,195,395,146,389,214,390,248,450,207,444,169,429,235,423,264,497,227,489,190,471,232,462,253
C,478,332,416,317,366,291,328,279,296,263,387,207,362,158,328,147,300,150,402,201,374,137,330,131,297,144,415,203,388,138,343,132,310,143,427,211,398,165,362,153,333,154
T,441,330,391,305,360,251,363,198,379,158,366,213,350,174,353,176,365,192,403,214,403,173,399,224,396,249,440,222,440,189,429,239,422,263,477,236,474,206,461,238,453,257
F,403,376,352,350,311,315,279,282,265,246,355,244,323,207,293,211,274,225,380,228,367,172,345,138,323,112,408,227,406,172,394,135,382,105,433,239,445,192,453,159,459,130
M,426,362,378,332,361,285,390,250,418,227,364,260,351,218,356,250,366,278,393,252,383,204,384,244,390,273,423,252,417,202,411,242,412,271,454,258,448,222,436,245,432,266
D,430,374,372,345,331,304,299,278,284,247,382,220,365,166,357,132,354,103,401,220,350,171,311,187,295,210,413,229,363,185,318,201,297,224,416,247,373,211,332,212,306,225
T,437,343,389,317,360,262,366,209,379,168,366,221,350,180,354,186,366,208,403,223,403,185,398,237,395,263,440,233,441,203,427,254,419,277,477,249,473,223,458,256,448,273
O,394,290,353,250,328,202,313,162,317,125,373,153,377,102,348,94,328,105,390,153,397,91,358,83,332,98,405,158,411,96,368,89,339,105,415,168,407,117,373,107,347,116
P,472,141,408,160,349,203,311,249,273,283,314,174,255,243,219,283,185,317,357,175,321,281,310,340,302,384,408,183,384,283,396,267,405,239,454,198,429,274,436,262,441,237
A,408,319,348,295,306,250,292,200,288,160,329,202,319,161,324,195,331,224,362,200,353,155,353,203,358,230,395,205,388,165,383,214,385,241,431,215,421,185,411,219,407,242
A,456,340,399,324,357,285,339,237,350,202,380,244,377,204,382,239,386,263,411,243,406,202,409,248,411,270,442,246,439,208,436,255,435,278,473,254,471,228,463,260,458,279
R,366,413,326,373,307,319,320,270,351,240,327,262,329,205,341,170,356,138,358,264,345,192,333,153,328,121,391,277,381,229,361,274,349,311,422,300,401,269,378,300,366,328
K,430,387,385,359,359,314,353,268,350,233,374,269,355,221,345,192,338,166,404,268,405,208,407,171,413,141,434,280,435,252,422,289,413,318,462,300,455,282,440,309,426,333
O,397,295,356,255,330,202,315,160,321,123,375,154,380,102,352,95,332,105,393,153,400,91,363,84,336,97,409,159,416,96,374,90,345,106,421,170,413,118,380,107,354,115
U,362,417,319,376,299,331,302,284,342,265,317,262,311,203,311,170,315,137,349,261,344,192,337,156,334,118,380,273,381,211,361,250,351,286,410,295,403,247,384,264,372,290
Z,374,346,332,310,308,277,298,237,328,213,324,209,317,152,317,119,320,90,353,213,353,169,347,213,341,239,383,223,384,182,370,220,364,250,409,244,411,208,392,229,383,250
H,520,348,485,297,438,266,387,270,350,282,441,201,362,198,314,197,275,194,457,233,361,227,305,227,262,225,468,274,378,286,392,300,419,302,474,316,400,324,410,333,436,330
F,434,341,386,323,343,294,307,272,282,247,369,223,333,199,304,211,290,229,387,208,357,157,339,123,328,91,413,205,403,152,401,115,401,84,440,215,443,171,449,140,455,112
D,427,374,369,345,327,303,295,276,282,245,381,219,363,163,354,129,350,100,401,219,351,170,310,187,291,212,414,229,365,184,318,199,295,222,417,249,375,212,333,211,306,223
K,432,387,387,359,360,313,354,266,351,231,374,268,356,220,346,190,339,164,405,267,405,206,408,170,412,140,435,279,435,250,422,287,413,316,463,299,455,280,440,307,428,332
M,432,355,375,314,355,258,387,216,419,188,362,226,347,171,350,208,361,244,397,217,385,154,383,200,392,236,433,217,427,154,417,199,419,234,471,226,464,178,447,203,442,230
Q,458,198,396,230,347,263,329,310,313,355,292,202,247,268,238,316,237,357,325,184,302,281,338,287,351,268,369,179,354,277,381,274,385,248,413,182,400,262,414,262,415,237
F,425,395,376,369,335,335,299,311,278,282,365,259,326,231,298,247,286,269,385,245,358,186,345,148,338,112,413,246,412,184,417,144,423,110,440,262,456,216,472,183,486,153
N,456,305,408,283,385,232,406,184,434,154,381,201,371,161,379,191,388,218,415,195,406,141,407,180,412,199,449,199,447,173,443,220,442,231,485,207,478,188,472,219,473,228
T,421,330,370,302,340,241,349,184,366,141,353,197,333,150,334,165,344,194,393,200,386,162,379,220,379,247,432,213,425,182,411,239,406,264,471,231,460,202,443,238,436,257
C,508,326,449,306,403,277,364,255,331,230,423,199,399,151,371,138,344,136,442,192,417,135,381,125,350,134,462,191,441,132,404,120,373,128,485,197,463,150,433,133,404,133
W,371,446,328,426,302,391,326,354,364,327,301,297,275,232,266,192,261,156,341,285,333,206,333,158,332,116,375,295,386,232,391,189,394,150,408,325,402,281,389,297,377,321
H,533,332,501,280,448,249,392,253,348,262,450,186,366,183,318,183,280,182,460,222,360,212,308,211,268,209,467,264,380,272,394,284,418,285,471,308,399,311,411,319,436,317
F,449,345,401,324,362,294,330,266,317,233,397,228,365,197,338,201,321,213,419,212,398,163,376,132,357,108,445,210,440,159,431,124,422,96,469,219,481,177,489,146,495,119
W,381,433,337,411,311,372,333,332,368,302,301,281,270,218,257,177,249,140,341,267,327,188,324,139,321,96,376,275,384,211,386,168,386,128,410,302,403,258,391,276,382,302
C,462,350,398,320,352,284,318,263,288,239,394,205,368,157,333,145,301,147,406,199,377,137,331,129,297,143,414,202,385,139,338,132,305,143,415,210,385,161,347,149,316,150
S,402,341,358,311,327,259,344,211,385,196,344,210,334,170,338,214,346,228,378,210,372,161,366,212,372,222,410,222,405,193,392,242,395,248,444,241,428,224,417,256,421,262
K,435,380,393,348,371,299,369,253,370,217,387,255,374,204,367,173,364,146,418,257,425,198,432,161,441,131,447,272,457,242,441,279,429,308,472,294,472,277,456,302,441,324
H,537,341,504,286,454,255,400,261,360,275,456,195,373,189,326,189,286,186,468,231,369,221,315,219,273,216,477,273,386,281,399,293,426,294,481,315,407,319,416,326,442,324
J,385,387,327,372,276,330,252,286,264,253,307,274,292,234,295,266,299,301,338,265,324,232,324,278,327,317,372,259,358,213,353,250,352,288,406,258,403,210,395,179,387,152
Q,384,157,337,184,302,215,287,247,270,275,252,155,213,207,204,250,204,283,280,142,261,219,289,231,301,218,315,141,305,217,325,219,328,199,350,145,340,205,350,208,352,190
U,360,412,316,370,298,321,303,276,335,248,318,263,310,203,309,168,312,134,348,262,342,192,335,153,333,116,379,273,381,212,359,251,347,288,408,294,404,248,383,264,369,288
M,432,351,384,309,374,251,413,218,448,197,381,223,373,172,374,209,379,242,415,218,411,160,405,204,408,239,450,223,453,163,439,205,435,238,485,235,483,192,466,215,458,239
Y,342,335,295,309,258,261,232,221,204,195,291,212,286,168,283,207,283,242,324,212,321,176,310,219,308,253,358,217,362,172,346,201,335,227,390,227,417,184,436,158,452,131
D,452,396,393,363,352,321,319,294,302,261,402,239,387,184,379,150,376,119,423,239,376,189,337,203,318,225,437,248,391,202,345,216,322,240,442,265,400,229,358,229,330,241
N,431,267,387,241,366,194,387,153,415,127,369,165,356,127,360,151,369,181,400,161,391,105,388,138,393,163,432,167,428,138,421,182,422,203,465,178,456,155,448,184,448,198
J,384,377,322,359,267,315,243,269,257,233,301,251,286,210,288,246,293,283,336,242,320,208,320,259,324,301,373,237,359,188,352,228,350,268,410,237,408,184,401,151,392,121
R,366,419,326,378,308,323,321,275,352,242,326,267,326,209,338,172,353,138,357,267,341,194,330,154,325,119,390,280,380,231,361,277,351,314,422,302,402,269,380,300,366,329
T,437,309,386,292,351,238,355,180,375,143,362,198,347,159,351,188,362,201,398,200,392,164,390,217,392,216,433,207,430,183,422,234,422,233,468,214,462,196,453,231,455,237
Y,345,334,299,308,261,263,234,224,206,199,292,213,285,171,282,210,284,246,325,212,319,177,311,221,310,256,359,216,360,172,345,201,336,229,391,226,417,183,434,157,449,130
G,464,366,412,317,379,274,347,253,313,234,442,206,385,173,340,166,307,169,465,224,380,219,378,256,398,268,474,255,386,266,392,294,414,295,471,291,400,305,404,323,423,322
B,445,383,399,351,378,301,397,257,432,243,384,252,379,199,383,168,388,139,414,246,411,187,411,150,411,115,443,252,442,197,440,161,438,130,473,266,471,224,468,195,465,168
V,365,391,326,361,299,314,319,276,354,254,316,236,291,171,279,129,272,91,357,235,360,154,366,106,374,66,395,255,394,217,373,265,361,302,427,287,419,264,393,295,375,322
W,358,427,318,400,298,353,330,311,368,282,295,267,267,200,258,158,253,121,335,255,325,175,325,128,325,89,370,265,380,199,384,156,386,116,404,295,404,248,390,264,376,290
I,367,354,320,329,288,283,276,238,277,201,315,253,309,214,312,239,317,268,344,250,337,210,336,242,339,273,374,251,371,208,361,232,357,259,406,256,412,217,413,194,413,173
F,435,338,386,319,347,290,315,264,301,232,381,225,349,196,323,201,307,214,401,208,380,161,357,132,337,110,426,205,420,156,410,123,401,96,449,212,458,170,465,140,470,114
Z,371,383,326,344,300,308,284,266,316,240,320,231,315,169,313,131,315,99,352,236,352,188,342,236,333,265,384,250,386,207,368,248,359,279,411,275,415,235,393,257,382,280
T,444,327,397,291,375,230,388,180,406,142,396,194,383,149,377,166,379,192,430,199,423,160,406,209,403,236,463,214,454,180,433,230,428,256,496,235,484,203,464,232,458,251
I,394,355,340,332,297,288,273,239,274,196,318,243,311,198,323,231,336,262,351,236,346,190,351,230,359,263,387,235,387,185,381,210,377,235,423,239,437,198,446,173,454,150
P,479,137,411,159,352,199,312,240,268,271,312,162,253,228,215,269,180,303,357,161,319,270,310,335,303,381,410,169,383,271,400,259,410,231,458,184,431,263,440,255,445,229
Y,339,338,293,310,256,263,230,223,202,197,289,216,284,172,281,210,281,246,322,216,319,180,309,223,306,256,356,221,361,176,346,203,337,228,388,230,415,188,434,162,450,136
Q,367,180,320,233,280,280,258,322,242,355,186,220,157,289,149,336,149,374,208,196,210,296,251,298,262,278,242,185,252,282,285,274,287,249,283,181,289,258,311,257,313,237
E,403,371,359,345,333,303,350,262,386,245,338,249,331,199,335,218,342,245,368,242,365,184,364,204,368,232,397,245,402,190,394,204,392,232,427,257,429,218,415,222,406,243
L,475,344,424,334,375,307,334,281,299,278,386,245,373,194,368,164,364,135,418,240,413,210,421,256,422,274,451,240,447,212,449,256,447,274,483,245,481,221,477,253,473,270
P,473,148,409,166,350,206,313,250,276,284,316,174,258,238,224,279,192,313,360,173,325,279,314,339,305,383,410,181,388,281,401,267,410,240,455,196,432,272,438,261,443,236
D,457,414,402,377,363,332,331,302,318,268,424,247,413,187,408,151,408,121,444,251,396,194,352,211,334,236,456,263,409,210,362,225,341,249,458,282,417,242,374,240,349,252
L,456,347,405,339,354,312,311,287,275,287,362,247,346,197,338,165,333,137,393,242,384,217,393,263,396,278,426,241,418,217,421,261,421,277,459,246,453,222,448,254,446,271
P,429,79,377,118,338,167,316,207,287,240,304,134,268,203,246,248,226,285,344,122,337,223,353,260,365,279,393,118,395,212,402,197,403,168,437,120,431,191,432,180,429,154
T,427,335,380,302,357,244,367,195,380,157,377,206,360,165,351,176,353,198,409,209,396,173,383,222,383,246,443,221,428,193,411,244,410,266,476,240,458,215,440,246,438,262
M,425,345,376,311,361,259,394,223,423,199,364,232,352,188,357,221,366,250,396,224,386,173,387,213,392,244,428,225,424,171,417,210,417,241,460,233,455,194,443,216,438,239
Y,332,332,284,305,246,256,221,216,194,193,278,208,273,170,270,209,270,242,311,207,306,175,296,219,295,254,346,212,346,172,329,205,318,234,379,223,405,181,422,156,437,129
I,383,348,328,322,288,272,269,221,269,178,316,230,308,187,315,217,322,244,348,225,340,180,342,218,346,249,381,223,378,172,370,201,366,231,415,226,413,182,408,154,403,130
N,425,301,383,269,366,223,390,185,420,160,368,195,359,156,361,180,367,210,399,191,393,135,388,165,391,192,431,199,429,172,420,215,418,237,465,213,457,190,448,217,445,232
R,381,435,341,398,321,347,337,300,368,265,332,281,333,221,346,183,363,147,365,280,347,205,338,164,337,127,401,292,393,249,376,299,368,338,436,316,419,285,399,318,389,347
N,447,303,399,277,376,225,397,180,426,150,378,193,364,151,365,178,376,209,411,186,398,126,394,165,402,194,445,191,437,161,430,209,435,230,482,202,468,179,460,210,462,223
W,367,444,325,423,300,382,325,348,361,321,299,294,274,230,266,190,261,153,338,282,332,205,332,157,332,115,373,293,385,230,391,188,395,150,404,321,402,280,388,296,376,319
O,411,315,369,272,343,226,329,190,335,157,394,175,395,121,364,121,347,138,411,177,413,112,372,115,351,138,427,185,430,122,385,122,360,143,439,197,431,147,396,142,372,155
H,524,335,489,285,439,254,388,259,350,272,441,191,361,190,315,191,276,189,455,223,361,219,306,220,264,219,467,263,379,276,393,290,418,291,473,304,401,314,411,322,437,319
W,354,423,314,396,295,349,329,307,365,277,289,265,261,199,250,158,243,121,330,254,318,175,317,129,317,90,365,264,373,198,377,156,379,117,399,293,399,247,386,264,373,290
Q,392,135,340,174,300,209,285,251,269,290,233,138,204,215,199,266,198,305,267,117,254,216,295,224,310,204,313,110,313,207,338,205,340,180,361,111,356,187,368,187,368,164
G,452,368,398,335,360,296,332,271,299,251,407,214,358,189,319,182,287,182,434,218,357,223,358,263,377,275,451,239,375,259,381,291,401,292,459,270,399,294,400,316,415,317
C,504,328,446,307,398,276,358,256,325,230,419,199,395,150,366,137,338,137,439,192,414,133,377,124,344,135,459,192,438,131,400,120,367,128,481,199,460,151,428,135,399,135
O,407,314,367,270,343,222,329,180,336,144,389,174,394,126,369,116,349,123,407,174,416,112,381,101,354,112,421,179,429,115,389,106,360,118,430,188,422,136,391,125,365,133
N,470,350,419,315,398,250,429,197,464,160,402,206,389,158,386,195,394,233,442,203,432,132,420,179,427,212,482,213,478,179,463,239,463,263,523,229,511,205,497,244,497,258
O,410,316,372,274,349,224,335,184,343,149,399,177,408,125,378,116,357,127,415,179,427,115,389,104,362,118,429,186,439,121,396,112,367,127,438,196,432,143,399,132,373,140
Z,395,436,348,405,317,366,313,325,348,299,339,263,334,190,334,143,336,104,382,272,388,231,374,289,362,321,422,292,431,251,407,304,390,336,455,321,463,287,438,318,420,340
P,476,142,407,166,350,205,311,244,267,273,311,165,253,229,216,270,182,305,357,163,319,270,308,337,300,386,410,171,382,275,397,264,408,238,458,187,434,268,440,260,442,234
X,352,322,321,297,296,251,304,207,331,184,320,192,322,151,318,132,318,122,353,203,354,172,336,222,337,230,382,221,379,209,356,250,358,250,410,244,403,235,382,261,380,263
B,415,394,371,363,349,314,365,269,398,258,356,272,350,224,353,195,358,169,384,266,379,212,379,179,379,148,410,269,408,219,404,187,401,159,437,280,435,242,431,216,428,192
R,369,421,328,378,311,323,327,275,359,245,331,268,334,212,349,177,367,144,362,269,348,196,339,158,336,125,395,282,387,233,368,279,356,318,427,306,409,274,385,304,370,332
B,429,366,382,335,360,286,379,242,410,233,364,241,358,190,361,160,367,132,393,233,387,177,387,142,387,110,420,237,416,185,412,151,409,123,450,249,446,209,441,181,436,157
R,367,412,327,377,307,322,318,274,349,243,327,264,328,207,339,170,353,137,358,264,342,195,330,159,325,128,390,277,381,229,361,275,350,313,421,300,402,270,378,301,363,328
U,368,374,322,333,300,283,311,233,354,218,317,231,308,172,308,139,311,107,349,226,339,160,331,123,328,89,381,233,380,179,365,215,356,250,413,249,411,204,393,218,378,243
C,478,349,414,325,365,292,328,275,295,255,396,208,372,156,338,143,308,144,412,203,386,136,342,126,306,137,426,205,402,138,356,127,320,135,436,215,410,165,374,149,343,148
M,423,346,373,312,358,260,390,224,421,200,363,233,349,190,354,223,362,252,394,225,383,174,383,214,389,245,426,226,421,172,413,212,414,243,459,234,453,195,440,218,435,240
W,364,450,321,428,295,388,321,352,357,325,295,297,270,233,261,192,255,155,335,285,328,206,329,158,329,116,370,295,383,230,388,188,392,150,403,324,398,283,384,300,372,324
A,457,340,399,325,357,286,339,237,350,203,380,244,377,204,382,238,386,263,412,243,406,201,409,247,411,269,442,245,439,208,437,255,436,279,474,253,472,228,464,260,460,278
Q,415,149,356,189,312,233,306,290,298,339,249,169,216,251,209,307,207,354,286,145,280,259,318,255,326,226,337,138,341,248,363,238,359,206,386,139,385,227,396,222,391,193
Q,445,199,382,233,332,266,310,314,292,359,270,203,227,272,217,321,217,363,302,182,282,285,320,286,333,265,346,178,338,279,365,271,367,244,391,181,382,267,396,262,396,237
A,425,337,363,317,318,272,301,218,311,176,343,221,336,177,341,218,347,247,377,220,369,174,370,226,375,253,411,225,405,183,401,236,402,265,447,235,441,205,430,241,426,265
M,455,346,400,312,379,256,412,212,444,184,381,226,369,177,380,212,390,243,416,215,406,159,413,204,418,237,452,214,447,156,446,200,445,233,487,223,483,179,474,205,468,231
A,444,345,392,331,351,292,334,245,351,216,375,250,374,215,379,251,381,274,406,249,403,213,404,260,405,280,435,253,435,221,431,267,428,287,465,262,464,240,457,272,452,288
H,517,322,484,272,429,243,373,247,328,251,430,177,351,176,303,177,265,176,437,206,341,206,290,206,251,201,444,244,358,264,374,280,398,280,448,286,377,300,389,309,413,305
I,386,348,330,324,290,272,271,220,273,176,319,229,310,185,317,218,324,245,352,224,343,179,345,219,350,249,385,222,381,170,374,201,370,231,419,225,417,180,413,153,408,128
J,384,378,325,363,275,322,251,278,266,245,306,266,292,227,293,259,297,293,337,257,323,226,323,272,326,310,371,252,357,209,352,247,351,284,405,251,401,203,395,172,387,145
F,433,337,385,320,343,292,307,270,282,244,367,221,331,196,303,208,289,226,385,206,355,156,337,122,325,92,412,203,401,152,400,116,399,86,441,213,442,170,448,139,453,112
R,364,414,325,375,306,321,317,273,349,244,325,262,327,205,339,169,354,137,356,263,342,192,331,155,325,123,389,277,380,229,359,275,347,312,420,302,401,271,377,300,362,328
P,470,130,406,151,350,194,315,239,279,269,322,161,264,225,229,263,197,296,364,157,330,263,320,324,313,370,414,165,392,265,403,251,412,225,459,179,435,254,442,244,447,219
E,401,375,359,343,340,293,366,255,407,246,350,245,350,193,348,220,352,250,381,241,386,179,379,206,379,237,411,246,422,185,409,207,404,238,440,261,443,220,427,226,418,246
V,369,396,330,366,305,320,328,282,365,261,322,241,297,175,285,132,278,94,364,240,369,159,374,110,382,69,402,260,403,223,381,271,369,307,433,292,426,268,401,299,385,326
F,424,397,372,373,331,338,295,312,274,281,357,260,321,228,294,243,284,266,377,245,351,185,337,146,329,110,405,245,404,184,408,142,412,107,433,260,445,213,458,179,469,149
W,379,434,332,410,307,373,327,328,363,300,299,280,265,211,253,170,246,133,339,266,324,184,322,134,319,91,374,274,381,210,384,165,383,122,408,306,402,254,387,267,374,294
N,444,302,396,275,372,226,392,183,421,153,375,196,360,157,362,183,374,213,409,190,395,129,391,167,399,196,443,195,434,165,428,213,431,234,479,206,465,183,456,214,458,227
Y,314,290,263,268,220,225,177,199,133,189,271,170,286,176,285,229,277,259,319,171,330,182,314,239,301,268,360,179,375,175,357,226,342,257,392,192,429,159,461,142,488,121
S,394,327,349,297,319,246,334,199,376,184,333,202,324,158,329,199,338,218,366,202,362,146,357,192,363,208,398,212,395,179,383,225,386,237,431,228,418,207,407,238,409,247
S,392,361,348,328,317,270,335,219,379,209,339,220,331,179,332,226,341,239,375,223,368,173,360,227,367,235,408,237,401,204,386,256,391,261,442,256,424,240,409,272,416,277
Z,369,381,325,345,299,307,287,267,316,239,319,229,314,166,313,129,316,97,351,234,352,187,341,233,332,263,383,248,386,207,367,248,357,280,411,273,416,234,394,256,381,279
A,423,320,367,303,324,264,307,215,321,180,348,218,341,180,344,216,350,241,379,217,371,176,372,223,376,248,409,220,404,183,400,231,400,257,442,229,436,202,427,235,423,257
E,423,378,382,351,358,309,375,270,412,253,364,259,360,211,363,233,369,262,393,253,394,194,392,218,392,247,423,258,430,202,419,222,414,250,451,273,448,238,434,247,425,267
V,364,389,325,360,298,312,319,273,355,250,313,232,290,167,277,125,270,88,356,231,359,151,365,103,373,61,394,250,395,214,373,262,360,299,426,282,419,260,395,291,378,317
Z,395,374,359,339,338,304,330,267,359,247,354,233,350,177,351,144,355,115,383,240,386,199,380,244,375,270,413,253,419,215,404,253,394,281,436,275,444,243,425,263,413,282
E,418,374,377,347,354,304,373,266,408,250,359,255,355,207,359,227,366,255,388,249,389,191,386,212,388,241,417,254,424,199,413,215,408,241,445,268,442,237,426,246,416,265
V,359,366,321,335,297,287,316,246,355,227,315,211,300,146,294,105,293,70,353,210,350,133,351,88,355,49,389,229,389,190,368,237,356,274,421,261,414,234,390,265,374,293
B,410,412,366,379,344,329,361,285,394,274,347,284,342,234,345,204,350,176,374,277,368,222,368,187,367,154,401,281,397,230,394,197,391,168,430,293,425,253,421,227,417,203
I,355,355,304,342,262,303,240,261,232,225,279,264,265,228,279,258,292,286,307,255,293,219,303,254,314,283,337,248,325,207,324,236,326,264,368,246,365,205,361,181,356,159
X,341,318,306,292,277,248,278,206,308,189,315,178,322,133,312,116,301,121,349,186,332,173,316,219,321,230,378,205,355,215,336,251,343,251,404,232,379,244,360,267,364,267
E,394,384,355,348,341,295,371,259,416,255,355,247,361,194,357,225,358,256,388,245,401,182,391,213,387,243,419,253,437,192,421,215,413,246,447,271,453,230,436,237,426,257
B,431,364,385,334,363,284,381,241,414,233,361,242,355,191,359,161,365,134,391,234,385,178,385,143,385,111,419,237,415,186,411,153,408,125,449,247,445,209,440,182,435,158
V,344,357,305,328,278,282,292,239,331,218,294,207,278,144,271,104,268,69,331,205,325,128,323,84,325,46,367,221,364,180,345,228,335,265,399,250,388,225,367,256,354,284
K,445,426,397,393,369,342,363,292,366,253,389,292,370,241,359,210,352,182,421,293,425,228,430,189,437,157,453,307,454,275,438,315,427,347,482,328,474,307,458,337,444,364
U,392,380,345,342,324,290,339,241,380,226,343,233,337,174,340,140,345,108,377,230,368,163,363,126,362,91,409,239,411,183,396,220,386,256,441,257,439,213,422,227,407,252
R,365,417,326,380,306,325,317,277,348,248,326,267,328,209,339,173,354,140,357,268,343,195,332,158,328,127,389,281,379,232,359,277,348,315,421,303,399,273,377,305,364,333
L,470,338,417,329,369,304,326,280,292,276,377,240,362,191,356,161,352,134,408,235,401,206,411,253,413,269,441,234,435,208,439,251,438,267,472,238,469,214,466,246,463,261
E,425,385,388,353,372,300,401,261,444,252,369,250,376,196,382,233,383,261,406,242,411,178,414,216,413,244,439,246,448,188,444,217,437,247,469,260,472,222,463,233,454,252
E,388,365,350,330,337,280,365,244,405,238,346,234,352,182,350,208,351,237,378,231,388,172,381,197,378,226,407,239,421,183,408,201,401,229,434,254,439,217,425,221,415,240
B,403,403,356,371,333,324,346,280,376,256,339,277,333,226,337,195,344,167,367,269,361,213,361,179,360,146,394,273,389,221,384,189,380,161,423,284,418,245,413,218,407,193
Y,346,337,300,312,261,266,232,227,201,207,291,219,285,175,284,214,285,250,324,217,320,181,311,223,310,258,359,221,360,175,347,204,338,230,391,229,417,186,435,159,450,131
L,455,365,400,346,349,312,306,282,269,280,365,240,354,185,351,151,349,121,397,233,391,199,399,249,404,273,433,234,430,200,430,245,430,269,467,242,467,210,457,240,450,262
N,433,270,389,240,370,195,390,155,417,128,371,167,360,130,363,154,371,184,402,163,395,111,391,141,395,166,434,169,431,142,424,184,424,204,468,182,460,158,453,184,451,198
D,466,390,405,362,362,329,330,311,304,290,421,234,394,171,382,134,376,103,439,243,366,199,321,230,307,259,446,262,378,221,333,248,317,276,443,289,391,256,351,265,330,282
W,364,438,319,413,295,373,321,337,360,313,297,284,272,219,264,179,260,142,337,273,330,195,331,146,331,104,372,284,385,221,389,178,392,139,403,314,398,270,383,286,371,311
T,434,319,386,295,359,241,370,189,387,155,372,203,359,160,359,187,365,212,406,202,399,163,395,212,396,227,438,208,432,176,423,224,425,240,472,218,463,190,453,222,454,237
R,367,412,326,372,307,318,318,270,350,239,328,262,329,204,339,168,355,134,358,262,343,190,333,153,329,120,391,274,382,224,361,271,350,309,422,297,403,265,379,295,363,323
P,470,145,407,158,349,199,313,246,280,283,317,172,259,239,225,279,193,314,361,174,325,280,314,339,306,383,410,183,388,282,400,265,408,237,454,198,431,273,438,261,443,234
X,349,319,318,295,290,250,296,206,323,182,313,185,315,144,311,126,310,117,347,191,345,171,329,220,331,227,378,208,372,208,350,248,351,246,406,231,396,235,375,260,372,259
A,447,345,397,331,355,292,337,246,353,216,378,251,377,215,383,251,386,274,409,250,406,213,408,259,408,278,439,253,438,221,435,267,432,285,468,262,467,241,460,273,455,288
W,368,449,323,425,299,385,326,348,364,322,301,294,276,228,268,187,263,150,341,283,334,204,334,155,334,113,375,294,388,230,393,187,397,148,406,324,401,278,388,294,378,319
P,470,143,408,163,350,206,311,251,273,284,316,175,258,241,222,279,189,313,359,175,323,284,313,342,304,384,409,183,388,284,401,267,410,238,455,198,432,274,440,262,445,236
D,453,397,395,364,354,322,323,295,308,261,406,240,392,183,384,147,381,118,426,241,380,187,339,202,321,226,439,248,393,201,348,216,326,240,444,263,404,228,362,228,335,242
T,451,301,406,278,381,234,384,190,398,159,391,201,383,164,385,176,391,197,422,205,424,172,419,212,415,233,452,212,454,185,445,225,438,245,481,224,482,199,472,225,465,241
V,344,355,305,326,278,278,296,235,336,216,295,201,279,138,274,98,272,64,333,200,328,123,328,78,331,40,369,218,367,179,348,228,336,265,401,247,392,223,370,254,355,282
T,433,312,384,295,350,241,354,182,372,143,361,198,345,160,347,186,356,200,397,201,389,166,387,220,389,217,432,207,427,185,419,237,420,234,467,214,458,196,450,232,452,238
R,379,445,339,406,319,350,335,300,368,267,330,288,329,225,339,186,354,151,363,289,347,215,338,177,334,144,398,302,391,258,374,306,364,345,431,324,415,292,395,325,382,355
X,368,327,325,282,295,235,270,204,260,185,344,162,322,105,289,98,265,110,360,177,276,177,276,212,298,221,366,203,280,216,290,245,312,245,364,234,296,247,303,268,324,270
R,369,422,330,381,312,324,327,275,359,246,332,269,334,212,348,177,365,144,363,269,350,196,341,159,340,126,396,282,387,233,366,279,355,317,428,305,407,275,384,306,371,334
Q,429,194,368,231,319,269,297,318,275,364,251,203,215,277,205,327,203,369,286,183,267,288,308,288,320,265,331,178,324,281,353,272,355,244,377,181,369,267,385,261,384,236
V,364,389,326,359,300,312,321,273,359,252,315,233,291,168,278,125,272,88,357,232,361,152,367,103,375,62,395,252,396,214,375,263,363,301,427,283,420,261,396,293,379,320
U,383,449,332,404,313,356,323,304,370,285,326,279,319,215,321,179,325,143,363,276,354,203,350,163,349,121,398,289,399,223,386,274,378,314,433,314,429,263,412,290,402,320
M,438,350,388,308,376,253,414,217,447,194,384,225,374,176,374,211,381,244,417,219,411,162,405,205,409,238,451,222,451,163,438,204,436,238,486,234,483,191,466,213,459,236
S,398,353,352,323,318,269,334,218,376,201,332,218,322,175,327,220,336,236,368,218,361,165,356,217,363,227,403,229,398,198,384,249,387,254,438,246,423,228,411,262,413,269
F,419,350,369,332,325,301,289,277,261,250,351,225,313,202,282,214,268,234,369,208,339,155,322,119,311,85,396,206,388,151,388,113,390,80,424,216,429,172,438,140,446,111
Z,397,374,361,339,341,306,334,269,360,247,356,233,352,177,353,143,357,114,386,240,390,198,384,243,378,269,416,253,423,216,408,254,398,281,439,276,448,244,430,266,417,285
U,356,398,312,355,293,304,302,255,335,227,312,253,304,195,304,162,309,131,342,249,334,183,327,146,325,112,372,258,372,203,351,235,338,269,401,275,399,229,376,238,358,260
H,524,331,491,277,436,247,378,254,335,267,439,186,351,183,301,185,261,186,449,224,345,215,291,214,250,213,456,269,366,273,380,284,404,285,459,314,387,313,398,320,423,319
D,464,399,406,370,365,334,333,314,311,291,421,242,394,186,382,152,378,123,439,247,369,202,328,232,315,261,447,265,383,221,341,247,326,275,445,290,395,255,355,262,335,279
U,378,388,334,349,316,308,325,261,363,243,328,250,321,192,322,161,325,130,360,246,350,182,346,146,345,111,390,254,389,198,378,236,371,270,421,272,419,228,403,244,390,269
X,352,324,320,300,295,252,305,209,335,187,318,195,322,154,318,136,319,121,351,204,352,174,335,223,337,233,381,222,378,211,356,252,358,251,408,244,402,235,382,261,381,263
M,432,353,383,309,374,252,414,218,450,195,382,223,371,175,372,211,378,245,416,218,410,163,404,207,408,240,450,223,451,165,438,207,435,239,485,236,484,193,467,216,459,239
N,457,305,411,284,387,234,406,185,431,152,378,201,368,159,377,187,387,216,413,195,404,140,406,178,411,197,447,199,447,173,442,218,442,230,482,207,478,187,473,217,473,227
V,360,369,322,338,296,290,315,247,355,229,315,213,300,149,295,108,294,72,353,213,350,136,351,91,356,52,389,232,388,192,367,239,354,276,420,262,411,237,389,268,375,295
Z,370,346,329,312,306,278,298,238,327,213,322,211,316,154,316,120,319,92,351,215,351,170,344,214,338,240,380,226,383,184,368,222,361,251,406,247,408,211,390,232,380,253
L,476,344,425,335,376,307,335,281,301,279,387,246,374,195,368,164,364,135,419,241,413,211,422,256,423,275,452,241,448,214,450,257,448,274,484,246,481,221,478,252,474,269
B,419,431,373,399,351,352,361,305,389,281,356,305,350,256,353,226,359,198,383,298,377,243,377,210,377,178,409,301,405,251,401,219,398,192,437,311,433,273,429,247,424,224
L,493,363,443,351,394,324,349,303,313,307,402,254,390,202,385,168,382,138,435,249,432,219,440,267,440,285,470,249,469,224,470,269,466,286,504,256,503,231,498,264,492,282
L,467,342,416,334,367,310,323,286,289,284,375,246,359,197,351,167,346,139,406,240,397,214,407,260,410,275,439,239,431,213,435,257,435,273,472,242,466,217,462,249,460,266
C,470,339,414,321,368,290,333,271,302,253,390,215,368,170,338,159,311,160,405,208,380,150,341,143,310,155,420,208,398,149,357,141,325,151,435,215,413,171,380,157,351,157
S,412,379,371,345,338,294,351,243,398,222,347,231,340,185,350,236,359,255,386,232,385,172,382,231,384,246,424,246,426,215,412,269,408,277,461,267,455,249,440,283,436,290
D,437,395,377,361,337,321,305,296,291,262,394,237,377,181,369,146,366,117,414,238,361,189,319,206,300,230,425,248,374,203,328,220,306,243,427,267,383,231,341,231,315,243
A,442,315,381,299,338,261,319,213,325,176,358,219,349,178,356,208,364,234,390,216,379,174,384,216,389,243,420,217,412,179,413,224,415,254,453,223,447,196,441,227,438,251
B,409,424,365,390,346,341,364,299,395,292,346,297,342,247,346,217,352,190,374,290,368,237,368,203,369,171,401,294,396,245,393,213,391,186,430,306,426,268,422,242,418,220
G,460,368,410,331,375,290,348,262,317,238,429,216,381,186,341,180,309,182,454,221,379,214,374,256,392,269,469,242,393,251,395,284,416,287,474,271,412,288,411,310,427,311
B,429,366,383,334,361,285,379,242,411,234,363,241,358,189,362,159,368,132,393,234,387,177,388,142,389,110,420,238,417,186,414,153,411,125,450,249,448,210,443,183,438,159
Q,421,181,363,222,318,262,299,309,280,351,249,202,217,269,207,317,205,354,278,183,267,284,300,287,312,268,319,176,316,274,339,269,340,245,362,177,357,257,368,254,367,233
K,433,379,390,347,368,300,366,252,367,217,384,255,371,203,364,173,360,145,415,257,422,197,429,160,438,130,444,272,454,241,438,277,427,306,470,295,469,276,454,301,441,324
J,387,384,329,365,279,323,259,278,276,244,313,266,301,231,302,265,306,301,345,259,332,228,331,276,333,314,378,255,367,210,360,249,357,287,411,255,409,206,403,175,395,148
D,450,394,394,360,354,316,323,286,310,252,411,235,402,177,395,143,393,113,430,237,385,183,343,194,323,215,442,246,397,196,349,207,325,229,445,263,405,224,363,222,335,233
B,428,362,382,332,359,282,377,238,409,230,360,238,353,187,357,157,363,129,389,230,383,174,383,139,383,107,417,234,412,183,408,150,405,122,447,245,443,206,437,179,432,155
P,479,145,412,166,355,205,315,245,273,276,319,166,261,228,224,268,190,302,362,164,325,271,315,335,306,383,413,173,389,274,404,262,414,235,460,189,436,266,444,258,448,232
U,379,387,335,349,317,307,324,259,362,243,328,248,321,190,322,159,326,128,360,244,350,180,346,145,344,110,391,253,389,198,379,236,372,269,421,270,418,227,403,244,392,269
V,351,367,312,337,286,289,303,245,342,226,304,213,288,148,282,107,281,71,342,212,337,135,337,89,341,50,379,230,375,188,356,237,344,274,411,260,400,233,378,265,363,294
A,430,311,378,297,338,259,322,214,333,181,358,219,356,183,362,216,365,239,388,218,384,181,386,225,387,245,416,222,414,188,412,233,411,254,445,230,443,206,437,237,433,253
J,408,383,351,362,306,313,289,263,313,232,342,260,339,219,341,256,343,291,377,255,374,221,371,268,367,307,412,254,411,210,404,248,397,285,447,258,450,210,450,179,447,151
A,422,307,363,290,320,252,302,204,309,167,341,208,332,168,337,199,345,225,372,206,362,163,365,206,371,232,404,208,395,169,394,215,396,243,437,215,430,187,421,219,418,241
T,435,318,382,290,356,238,366,191,383,159,372,210,358,171,356,174,360,194,404,210,396,173,392,215,390,247,437,216,426,188,418,233,414,264,471,229,457,203,447,231,443,252
V,384,384,349,351,332,305,357,268,393,251,349,229,345,165,347,124,351,88,386,230,389,155,394,111,401,73,421,250,429,213,408,260,393,295,450,282,451,258,429,287,410,312
V,367,391,327,361,302,312,325,273,364,254,319,233,296,167,284,124,277,87,361,233,368,153,375,104,382,63,399,253,403,215,380,265,366,302,431,285,426,262,402,294,385,321
Y,327,339,281,312,244,266,220,224,194,196,276,214,269,176,266,217,266,252,310,213,305,183,294,229,290,265,345,219,346,180,327,214,314,244,378,231,406,190,425,165,441,139
D,455,390,397,364,355,332,323,315,299,292,408,236,386,176,373,141,369,112,427,243,361,199,316,228,301,256,436,261,374,219,328,244,311,272,435,286,386,252,347,261,326,279
O,410,303,362,260,330,210,308,172,303,135,381,149,373,94,339,89,316,102,397,149,390,78,345,76,315,96,411,156,403,86,352,86,321,106,417,168,397,114,359,108,331,120
F,445,344,397,323,358,291,327,263,313,232,392,226,359,194,333,199,318,214,415,210,394,161,371,131,351,108,441,208,436,158,427,124,417,96,465,219,476,176,484,145,489,118
Q,456,195,395,226,347,260,329,309,310,353,290,201,244,269,236,318,237,359,324,183,301,278,337,286,351,270,368,178,354,273,380,272,384,247,411,180,397,259,411,260,411,237
A,407,318,348,297,299,254,279,202,295,163,327,200,317,159,319,199,326,229,361,198,349,154,349,204,355,233,396,203,385,161,380,215,381,246,432,214,421,185,408,222,402,247
E,414,361,370,333,346,283,371,239,413,222,349,227,347,172,354,200,360,233,384,220,385,153,387,179,389,212,418,226,425,163,418,187,414,219,450,244,444,213,431,231,422,257
Y,334,335,288,308,250,259,225,219,197,195,282,213,277,172,275,211,275,245,315,212,311,178,302,222,301,255,350,218,354,174,339,202,330,227,382,228,408,186,427,159,442,133
A,457,337,399,320,357,283,339,236,350,202,381,243,377,204,383,238,387,262,412,242,405,200,409,246,411,268,441,245,437,207,435,252,435,276,473,252,470,226,462,258,458,276
L,488,373,435,360,385,334,341,308,302,304,397,262,384,211,378,179,375,149,430,258,424,229,431,278,434,295,465,259,461,233,462,279,460,295,499,266,497,240,490,273,484,290
C,479,363,415,338,368,305,332,287,300,266,396,222,374,172,343,159,313,159,413,217,389,152,347,143,312,157,429,218,408,152,364,142,328,151,442,226,419,176,385,159,354,157
Q,352,115,308,147,277,184,273,226,270,261,218,137,197,201,198,244,206,277,244,121,242,200,273,206,285,193,280,113,290,191,308,185,307,165,318,111,322,173,332,169,329,150
N,452,305,406,279,382,229,401,184,427,153,379,198,366,159,373,187,383,217,413,192,404,137,404,176,409,200,448,197,444,170,439,218,438,234,484,207,475,187,469,218,468,230
W,362,434,317,410,292,369,318,332,356,306,293,279,268,214,259,173,254,137,333,268,326,188,325,140,325,98,367,279,380,215,383,173,385,134,399,310,393,265,378,281,366,306
M,434,353,385,311,372,255,406,219,437,195,379,227,370,175,370,210,377,243,413,221,407,162,401,204,405,238,447,224,446,166,433,205,431,238,482,235,480,191,462,212,453,236
E,382,372,339,341,318,293,342,254,383,241,325,243,323,189,323,218,327,248,357,237,361,174,355,203,355,233,388,242,397,181,385,203,381,233,418,256,419,214,403,221,395,242
N,450,302,405,278,382,228,400,181,425,148,375,195,363,155,370,182,380,213,410,189,400,133,400,172,406,196,444,195,442,168,436,214,436,230,480,205,473,184,467,214,467,226
T,460,296,416,271,391,231,391,189,409,161,402,200,395,165,399,182,404,203,431,203,433,172,430,211,425,233,459,210,462,184,455,224,448,243,487,220,488,198,480,223,473,238
N,428,308,389,280,371,231,391,190,419,165,376,201,368,163,370,189,377,218,408,198,403,142,398,176,401,203,439,206,436,178,427,222,427,242,471,220,463,199,454,227,453,239
K,432,383,387,353,360,305,354,256,351,219,374,258,356,207,346,176,339,147,406,258,410,196,415,157,422,124,437,272,443,240,429,280,420,312,465,294,463,274,448,302,434,327
M,440,364,382,314,367,243,414,199,454,171,373,209,360,149,362,195,370,234,415,201,406,134,401,191,406,230,457,206,457,136,441,191,439,230,498,220,496,169,477,199,468,226
B,428,380,382,348,360,297,378,252,410,244,364,250,358,199,361,169,367,142,393,243,387,187,388,152,389,120,421,247,417,195,414,161,412,132,451,260,447,219,442,192,438,167
R,364,415,325,375,306,321,318,273,350,242,326,263,327,207,340,171,357,139,357,263,342,192,332,155,329,123,390,277,382,228,361,274,349,313,421,301,403,269,378,299,363,327
V,369,371,332,339,311,292,332,253,368,234,328,217,315,153,311,111,311,76,366,216,366,141,369,96,374,58,401,235,404,195,383,243,370,281,431,266,427,241,404,272,387,299
M,412,354,361,320,345,269,378,232,407,207,349,240,334,195,335,226,343,257,379,232,365,180,362,219,370,250,410,232,402,175,393,212,395,242,441,239,434,198,420,218,417,240
O,405,336,356,280,329,217,312,170,313,126,404,158,405,94,367,80,337,89,423,161,427,80,374,66,336,80,436,172,440,91,382,78,341,91,439,189,428,123,384,106,350,111
T,440,340,387,319,355,265,359,210,377,169,363,223,348,181,354,197,367,221,401,225,401,186,397,239,394,263,438,234,440,204,428,257,420,276,475,248,474,221,461,256,452,274
G,461,360,408,322,374,283,347,257,317,235,426,210,378,185,338,179,307,180,452,215,377,213,374,253,393,264,467,235,392,247,395,279,416,280,472,263,410,282,410,304,427,304
T,429,316,380,293,352,240,362,187,383,154,368,202,355,163,353,192,360,209,402,204,393,168,387,218,390,224,434,212,425,185,415,233,419,239,468,222,455,200,445,232,449,240
V,366,394,326,363,301,314,323,274,360,253,317,235,293,170,281,127,274,90,359,234,363,153,369,104,376,63,398,254,398,217,376,266,364,303,430,287,423,261,397,293,380,321
J,382,378,320,359,266,314,243,268,253,229,299,251,284,210,286,244,290,281,334,241,318,207,318,258,321,301,371,237,356,187,349,227,346,268,407,238,406,184,398,150,389,120
H,533,342,499,289,449,258,397,263,357,274,451,194,369,190,322,191,284,189,461,229,365,221,313,220,273,217,471,270,384,281,399,294,424,294,475,313,404,318,415,325,440,323
E,409,380,368,350,349,300,375,262,415,250,350,252,351,201,356,233,359,261,383,244,384,183,387,215,388,242,415,247,420,189,417,214,414,243,445,260,446,220,438,229,431,249
B,439,382,393,348,372,301,393,260,426,248,376,256,373,204,377,173,384,146,405,250,402,193,404,158,405,125,433,255,431,203,429,170,427,141,463,267,461,227,457,199,452,175
N,434,312,394,281,377,234,398,195,425,168,380,204,370,167,371,192,379,223,411,201,405,148,399,180,403,206,442,209,439,183,430,226,430,246,475,223,466,201,457,229,456,243
P,466,131,400,154,344,195,306,237,265,268,307,158,249,224,212,266,178,301,349,157,314,265,307,329,301,376,399,164,381,267,395,253,404,225,446,178,426,258,434,248,438,221
C,462,384,399,350,357,307,324,283,294,259,401,228,383,173,347,156,315,155,415,224,397,151,350,139,314,149,426,228,410,155,363,140,327,147,431,238,413,182,377,161,346,158
N,450,318,409,291,389,242,410,199,438,171,383,214,375,179,385,206,394,232,416,209,410,158,413,194,418,217,450,215,450,188,446,232,443,251,483,226,480,205,474,233,470,246
Y,293,226,247,216,212,186,184,163,151,150,253,114,260,147,259,190,255,207,293,112,296,155,283,198,276,211,328,127,335,154,314,193,300,210,354,148,386,131,412,121,436,106
P,477,144,408,163,349,205,309,247,269,276,311,165,252,230,216,271,182,307,356,166,318,273,309,335,301,380,408,174,383,274,397,259,407,232,456,189,430,267,437,257,443,231
H,543,334,512,281,463,248,409,249,369,259,469,184,387,177,340,176,301,172,479,219,382,208,329,205,288,202,486,260,395,266,409,281,434,284,488,302,415,306,425,315,450,314
L,464,379,409,361,361,331,314,302,275,301,372,256,360,199,355,163,352,133,404,249,401,211,411,261,412,283,440,249,439,211,442,255,439,279,473,259,475,222,468,252,461,274
D,433,414,380,369,344,317,316,283,298,249,417,255,396,197,385,165,378,137,431,257,378,199,338,209,319,226,433,265,381,209,338,222,317,243,422,278,378,232,338,226,311,234
N,458,308,412,283,389,232,407,186,432,155,382,203,372,163,381,190,389,219,417,198,409,143,410,180,413,201,452,203,451,176,446,222,444,236,487,212,483,190,477,221,475,233
I,385,349,329,323,288,272,269,221,270,177,317,230,308,187,314,219,321,245,350,225,341,181,342,221,346,250,382,223,378,171,370,200,366,230,416,225,414,180,409,152,405,128
N,448,305,403,279,380,230,400,185,427,155,375,198,362,159,369,186,381,216,410,192,399,135,400,175,406,200,445,197,441,170,436,218,437,234,481,208,473,187,466,217,466,230
O,416,360,365,298,336,228,319,173,329,124,413,165,423,98,386,87,353,95,437,167,446,85,396,74,356,92,457,178,468,96,415,85,373,102,474,195,473,125,431,105,394,109
Q,409,146,354,186,312,227,301,277,290,324,252,156,221,243,216,296,215,341,293,135,280,244,315,236,323,205,343,128,343,232,363,219,359,186,392,128,388,210,397,202,395,174
C,460,350,397,319,351,280,317,260,287,237,396,203,369,153,333,141,301,143,409,198,377,134,330,127,296,142,416,201,386,136,338,130,304,142,417,211,385,160,347,148,317,149
N,430,273,383,246,362,197,384,154,415,128,364,170,351,131,357,155,367,186,396,166,387,111,384,137,389,160,429,171,427,142,419,185,419,208,463,182,457,157,448,184,447,201
F,413,390,359,364,313,325,277,290,257,251,354,245,316,205,284,211,263,227,381,227,357,166,331,128,308,99,414,227,410,166,400,124,390,88,445,242,462,192,475,156,484,122
F,435,361,386,341,343,311,307,288,280,261,367,236,331,212,300,224,285,242,386,220,356,166,337,130,325,96,415,218,405,162,403,124,402,91,444,230,448,185,455,152,461,122
G,456,366,405,329,371,287,345,260,315,237,424,215,378,186,338,180,308,181,450,220,377,215,371,256,389,269,466,241,391,250,392,282,412,286,472,270,412,287,411,308,428,309
H,514,335,478,287,430,259,380,264,342,274,431,194,352,194,306,196,268,195,444,225,349,223,298,224,258,223,455,265,369,279,383,292,407,293,460,306,390,316,401,324,424,321
P,479,140,414,155,353,197,313,244,277,279,321,167,262,234,225,275,191,309,364,168,325,277,314,335,305,378,414,177,391,281,406,263,415,234,459,192,436,271,445,258,451,231
X,355,320,325,296,299,251,305,208,331,182,318,188,320,146,317,128,318,117,352,197,354,168,337,217,337,224,383,214,381,206,359,247,358,246,410,237,407,232,386,258,381,260
O,401,306,363,265,338,218,324,178,329,141,382,169,385,120,359,112,339,122,399,169,406,109,369,100,341,114,414,175,422,114,382,106,352,119,425,186,419,136,388,124,362,130
X,364,329,316,284,289,242,269,213,257,190,345,171,328,112,294,106,269,120,362,185,282,178,277,215,296,227,368,208,283,221,289,252,311,253,366,235,298,250,303,272,323,274
Z,370,345,329,310,306,276,297,236,326,211,322,210,317,153,317,119,321,91,351,213,352,169,345,213,339,240,380,224,383,183,368,221,361,251,405,245,408,210,389,231,380,252
H,526,326,493,276,437,247,379,251,335,258,440,182,358,182,311,184,272,183,447,214,351,212,300,213,260,211,453,253,367,271,384,285,409,284,456,296,385,307,398,315,423,312
G,467,361,416,311,385,268,355,247,322,227,450,201,394,168,350,162,316,163,473,219,389,214,387,250,406,262,481,250,394,260,399,288,421,290,477,286,407,300,409,318,428,317
X,351,327,306,288,279,243,267,208,283,191,336,178,343,125,318,115,292,125,367,188,318,172,300,213,310,230,389,209,327,216,316,250,327,257,402,236,348,249,337,273,349,276
I,356,343,304,334,259,298,236,257,232,220,276,257,261,224,275,252,289,279,304,247,288,213,299,248,311,276,332,239,318,200,320,228,324,256,361,235,353,197,346,174,338,155
N,432,294,391,255,380,199,407,160,440,136,400,169,394,127,382,154,381,187,432,172,429,112,408,147,407,179,463,185,455,155,433,200,432,224,495,206,481,178,464,207,464,223
I,357,355,305,343,262,304,240,261,234,224,280,263,266,228,280,258,293,286,308,254,294,219,305,255,315,283,337,248,326,207,326,236,328,264,368,246,366,205,362,182,357,160
K,432,385,389,357,363,311,359,265,357,230,376,268,359,220,350,191,343,165,407,267,409,208,413,172,419,142,436,280,441,253,429,289,420,318,463,301,460,283,447,309,434,332
X,351,316,321,292,295,247,299,204,326,179,314,183,315,142,312,123,312,115,348,191,347,166,331,216,333,222,378,208,375,203,353,243,355,242,406,231,399,229,379,255,376,256
Z,390,361,353,327,332,294,322,257,351,235,346,224,342,169,342,136,347,108,376,230,378,188,372,231,365,256,405,242,411,203,396,240,387,268,430,264,435,232,417,251,406,270
E,412,360,367,332,342,283,369,239,413,224,346,225,346,169,351,201,356,236,381,218,383,150,385,182,386,217,416,224,423,160,416,189,411,222,449,243,442,212,429,233,422,259
G,455,366,404,329,371,288,346,261,316,238,425,216,379,187,340,181,309,182,452,221,378,217,372,257,391,270,467,242,392,251,393,283,413,286,472,271,412,288,410,310,426,311
J,389,385,331,369,279,327,258,281,274,246,311,271,297,233,300,266,305,302,343,262,329,230,329,276,333,316,376,256,363,209,358,247,357,285,410,256,407,207,399,176,391,149
E,395,378,353,345,335,296,362,258,403,248,342,248,343,194,343,222,346,252,375,243,380,181,375,209,375,238,406,248,416,190,405,211,400,240,435,263,439,222,425,228,415,248
W,369,418,330,387,310,341,345,296,384,273,305,264,281,195,275,155,273,120,344,255,334,177,336,132,339,93,379,265,375,204,374,164,373,125,414,292,415,243,403,255,394,278
R,369,420,329,380,308,327,319,278,350,247,328,269,330,211,341,176,357,143,359,269,345,196,335,159,331,126,392,281,382,231,362,277,351,316,423,305,402,272,380,303,367,332
I,379,350,323,325,283,274,264,223,264,179,312,231,303,188,309,220,316,246,344,226,335,181,336,220,341,251,377,224,374,172,365,201,361,231,410,227,409,182,405,155,400,131
P,484,135,416,155,355,199,318,246,284,280,323,167,264,236,225,276,190,311,368,167,328,275,315,335,305,381,419,177,393,280,406,263,416,235,464,192,436,272,444,260,451,233
X,368,328,323,281,293,235,269,205,258,186,343,163,323,106,289,100,265,114,360,178,277,177,274,211,294,222,365,203,280,216,288,244,310,246,364,232,296,245,301,267,321,269
S,390,354,347,324,317,274,332,226,372,210,332,222,325,179,329,223,336,240,366,223,363,172,356,223,361,234,399,235,398,205,383,253,383,260,433,253,423,235,409,267,409,273
G,459,367,409,330,375,289,349,261,319,237,427,215,381,188,342,181,310,181,453,220,380,217,376,258,394,268,469,240,395,251,397,283,417,285,474,269,414,287,414,308,430,308
Y,348,342,302,316,263,271,233,234,201,216,289,226,283,181,283,220,286,253,321,223,318,184,310,230,311,264,356,225,358,179,345,205,337,231,389,233,416,190,435,163,450,136
A,454,333,395,317,354,279,337,232,347,198,378,240,374,200,379,235,384,258,409,238,402,197,405,242,409,265,438,241,434,204,432,250,432,273,470,248,466,223,459,255,456,272
M,420,347,370,311,356,261,387,225,415,201,361,233,346,190,349,222,358,251,391,225,380,175,377,215,384,245,423,226,417,172,407,212,409,241,455,234,448,194,434,216,430,238
Z,392,369,356,335,335,301,329,264,356,241,350,229,346,173,348,139,352,110,380,236,383,195,378,239,371,265,410,249,416,212,401,250,390,278,434,272,441,240,423,262,410,281
T,420,332,369,302,340,241,350,185,365,142,353,200,333,152,333,167,343,196,392,203,385,164,378,221,379,247,431,215,425,184,411,241,408,265,470,233,460,204,443,240,437,258
W,360,448,316,427,290,389,310,352,343,322,285,296,256,232,245,192,239,155,324,284,315,205,313,156,312,114,359,294,368,230,371,187,373,148,391,322,383,279,370,294,360,318
I,362,360,310,343,270,302,253,259,246,222,291,264,280,228,291,259,302,287,321,256,309,222,316,258,325,287,351,252,341,211,339,240,340,267,382,252,382,212,380,188,377,165
L,442,362,391,348,343,315,302,283,267,279,362,248,352,196,348,164,346,137,392,247,382,222,385,270,388,285,424,250,416,224,414,270,415,285,457,259,451,234,443,266,441,283
A,385,326,331,308,290,270,275,224,289,191,318,225,309,190,310,225,315,250,347,225,337,187,336,231,341,255,376,229,367,193,362,239,364,266,408,239,398,212,387,243,384,266
F,435,356,383,337,336,311,299,287,278,256,361,234,325,206,297,219,283,238,383,218,349,163,329,127,316,92,414,215,400,159,395,122,391,90,448,225,448,180,452,148,457,119
Y,339,344,290,317,254,271,234,230,216,197,286,227,282,184,281,222,283,255,318,225,315,187,308,229,307,263,353,229,356,185,342,212,332,238,385,238,412,198,429,171,443,146
N,452,303,406,276,384,228,406,182,433,151,380,196,368,158,373,186,382,215,414,191,404,137,403,173,408,196,448,197,446,170,438,216,438,232,483,208,477,186,468,217,467,230
U,367,411,325,369,307,320,319,271,357,246,323,259,314,198,316,163,321,130,356,256,348,189,340,152,338,117,387,267,385,211,366,255,358,292,417,288,411,244,391,264,379,291
R,367,413,328,374,309,318,321,270,352,240,327,261,329,204,341,169,357,138,358,261,343,191,333,154,328,122,391,274,381,226,361,272,350,310,422,298,403,267,380,297,365,325
F,447,343,399,323,359,292,328,264,314,233,395,226,362,196,335,201,319,214,416,209,396,160,374,130,355,107,442,207,437,156,429,122,420,93,467,216,479,174,487,144,493,117
G,467,365,417,317,383,275,352,252,319,232,448,205,389,169,345,163,311,165,471,223,384,215,381,254,400,267,478,254,391,264,397,293,419,294,475,289,404,304,407,323,427,321
H,516,336,480,288,431,258,381,263,343,273,432,193,354,193,308,194,270,192,446,224,352,221,300,222,259,222,456,263,371,277,386,291,410,292,461,304,392,315,403,324,426,320
T,415,326,365,295,335,236,343,181,358,138,349,195,328,149,327,162,337,187,388,197,378,160,373,218,374,245,427,209,418,178,406,235,403,261,466,227,455,198,438,233,431,253
E,402,368,360,344,335,301,353,259,391,241,339,248,333,198,339,222,346,253,369,240,367,179,367,202,370,233,400,245,405,186,397,207,394,235,430,261,424,230,411,244,403,268
U,389,378,344,339,324,287,340,238,381,222,343,234,336,175,338,142,342,111,375,230,366,164,360,128,359,94,406,239,409,183,394,219,384,254,437,256,436,212,419,226,404,251
W,365,433,319,402,299,363,331,323,371,301,304,275,279,205,272,166,270,130,344,265,337,184,338,138,340,96,378,275,391,214,398,172,402,130,408,310,407,260,392,271,378,297
X,345,320,308,284,283,239,276,202,295,187,337,175,346,121,324,108,301,119,369,186,333,167,314,207,322,223,393,207,342,211,328,245,339,252,410,233,360,243,348,267,359,271
E,407,363,362,332,337,286,364,244,407,228,342,225,342,170,349,204,355,238,378,218,380,151,383,186,384,220,414,225,421,161,414,191,408,225,446,245,440,216,426,236,417,262
G,454,365,404,330,370,288,344,260,314,237,422,214,377,185,336,179,305,182,448,219,376,214,369,256,386,269,464,239,391,249,391,282,411,286,470,269,411,287,409,309,424,310
N,424,302,381,271,363,226,383,185,412,159,369,194,360,155,360,180,367,211,401,192,395,136,389,169,392,197,431,199,428,172,419,216,420,236,465,214,457,191,448,219,446,232
Y,325,337,279,310,241,261,216,218,189,193,273,210,267,173,263,214,263,249,307,208,302,178,290,225,288,261,342,214,343,176,324,210,311,239,375,226,403,184,422,159,437,133
U,396,384,349,342,330,292,347,244,388,228,348,237,342,177,344,144,349,112,382,232,373,166,368,128,368,92,414,242,416,184,401,221,391,258,445,260,445,216,427,231,411,256
H,540,341,510,286,459,253,405,255,363,266,465,190,382,183,334,181,296,178,474,225,375,214,323,211,283,208,480,267,390,272,404,285,429,288,482,310,410,311,420,319,445,318
Z,373,396,334,358,312,318,309,278,341,253,333,240,330,178,330,141,335,109,368,247,373,200,361,248,352,276,401,263,410,221,389,262,377,293,428,289,436,254,414,275,400,296
W,343,386,304,361,280,315,304,271,338,240,269,228,241,165,230,124,223,87,309,215,298,140,297,91,296,51,345,224,354,160,356,116,359,78,379,250,365,218,348,245,337,276
T,443,341,392,320,359,265,362,209,379,168,366,221,351,175,358,197,370,224,405,224,406,186,402,241,398,263,442,233,444,203,433,257,424,277,479,247,477,220,465,255,456,272
X,367,330,322,287,292,241,269,210,258,186,344,166,324,108,288,100,264,113,360,180,275,178,273,214,295,225,365,204,279,218,286,248,309,248,363,233,294,249,300,272,321,273
Z,369,380,325,343,299,307,287,267,317,238,320,228,315,167,313,131,315,99,352,234,352,186,342,233,334,262,384,248,386,206,368,247,359,278,411,273,415,233,394,255,382,279
M,429,376,383,350,365,302,393,267,420,244,369,274,357,237,363,270,372,296,399,266,389,220,391,263,397,290,429,267,424,221,419,265,420,292,460,274,455,242,445,269,442,289
I,412,364,362,336,325,283,309,231,312,187,348,242,343,199,354,229,361,256,382,238,377,195,381,235,385,266,416,238,416,187,411,215,407,242,449,243,451,199,448,173,444,149
R,365,419,325,379,305,323,317,274,348,245,326,266,327,208,339,172,354,139,357,267,342,195,331,158,326,126,390,280,379,231,359,277,347,315,422,303,400,273,376,305,362,333
S,385,344,342,313,312,262,325,214,366,198,327,213,318,171,322,214,331,230,361,214,356,163,350,212,355,222,394,226,389,196,375,244,378,250,428,244,413,225,401,257,403,264
H,539,344,508,290,452,258,395,263,351,276,458,198,371,192,322,192,282,190,466,236,366,223,312,221,271,217,473,279,381,282,396,294,421,296,476,324,401,320,412,327,438,327
B,428,365,381,335,358,286,375,242,406,233,359,242,353,191,356,160,361,133,388,234,382,177,382,142,382,110,416,237,412,185,407,152,404,123,446,248,442,209,437,181,431,157
F,406,375,356,351,315,314,284,280,269,243,357,246,327,210,297,213,278,225,381,231,360,175,341,140,324,111,411,231,407,175,402,136,395,103,440,244,460,198,476,165,487,135
J,405,416,349,393,303,345,288,297,309,266,340,292,334,254,334,289,335,324,373,287,366,255,362,302,361,341,407,285,402,238,393,274,387,311,440,288,444,239,441,209,437,182
X,358,312,327,287,301,243,310,201,337,180,321,182,322,140,319,122,318,113,355,192,357,163,340,210,339,219,385,210,384,200,362,239,361,240,413,233,410,224,390,249,385,251
U,391,380,344,339,324,288,339,237,382,222,341,235,334,174,336,142,340,111,374,230,365,164,360,128,358,93,406,239,408,181,394,216,384,252,437,256,436,209,419,224,405,249
K,432,386,388,358,362,312,358,266,357,231,376,268,359,220,349,191,343,165,407,268,409,209,412,173,418,144,436,281,439,253,427,289,418,319,462,302,458,284,444,310,432,334
V,348,358,309,329,281,283,299,240,338,221,298,204,282,141,275,100,273,65,337,203,333,126,331,80,334,41,374,222,372,185,352,233,340,271,406,253,397,228,376,258,361,285
T,452,315,405,291,379,241,383,192,395,156,384,204,374,163,376,178,385,201,420,207,420,172,415,220,412,240,453,217,456,188,443,234,436,252,487,230,486,206,473,236,465,251
W,371,448,327,426,303,387,329,352,365,324,302,296,276,232,267,191,262,155,342,284,335,206,335,158,334,116,376,295,389,231,394,188,397,150,408,324,404,281,389,297,377,322
T,442,326,395,291,371,234,381,185,396,149,394,197,381,155,372,158,373,176,427,201,418,162,402,209,400,237,459,215,450,181,430,229,427,256,492,234,481,204,462,232,456,250
H,537,341,504,287,451,252,394,257,352,271,457,191,371,184,322,183,282,181,465,226,366,215,313,213,271,210,472,269,382,278,397,290,423,291,475,313,402,316,413,323,439,321
B,405,411,347,373,318,309,339,254,378,241,332,246,327,184,333,146,342,110,366,237,360,168,363,124,366,82,399,243,394,179,392,138,392,102,434,260,428,210,424,177,421,146
D,487,415,433,384,391,339,358,313,350,280,438,260,424,200,412,164,406,134,458,260,420,204,379,217,359,240,473,269,434,220,387,233,363,257,481,287,445,248,404,247,377,260
H,532,343,500,289,450,258,396,263,355,275,453,197,370,192,323,192,284,190,464,233,366,224,312,222,271,220,473,275,383,282,398,293,424,294,476,317,403,319,414,326,440,323
X,339,319,301,287,276,243,271,206,294,190,323,174,331,118,312,105,293,117,358,183,327,168,309,211,316,223,386,203,343,213,326,247,335,249,406,229,364,245,349,269,357,269
S,393,341,348,312,317,259,331,210,372,195,333,208,325,169,329,212,337,227,367,209,362,161,356,211,362,219,400,220,396,192,382,240,384,245,434,237,420,221,407,253,410,258
D,431,430,383,399,346,347,317,314,300,278,385,285,376,224,368,186,365,155,403,284,377,223,340,230,318,250,419,289,392,232,347,241,321,262,431,299,404,252,364,248,337,260
J,377,400,321,379,274,334,255,290,270,258,311,282,298,241,295,273,296,308,343,276,329,241,324,286,325,325,377,274,365,226,354,260,348,297,410,275,413,226,408,194,402,167
C,506,330,448,309,402,277,362,256,328,231,423,199,399,151,370,138,342,138,442,193,417,135,381,126,348,135,462,193,441,133,404,122,371,129,485,201,464,154,433,137,404,137
H,523,336,488,285,439,255,388,258,352,268,443,190,365,188,318,188,279,185,457,222,362,217,308,217,266,215,467,262,379,274,393,288,418,289,472,302,399,312,410,320,435,316
J,384,382,325,364,275,322,255,278,271,244,309,265,296,229,298,263,301,299,341,257,328,227,326,274,328,313,374,253,362,209,356,247,354,285,407,253,405,204,399,174,392,147
P,453,137,397,155,350,189,318,222,284,245,322,158,277,208,247,241,220,270,358,156,331,245,330,295,330,329,402,162,383,246,394,234,402,210,441,172,422,236,427,225,431,202
G,470,350,420,302,389,259,356,238,322,220,450,193,394,161,351,153,317,154,473,211,389,205,386,242,405,253,482,241,395,251,400,279,421,280,480,277,409,290,412,308,431,307
I,375,340,323,316,286,268,267,220,265,180,312,232,302,189,309,217,316,243,343,227,334,185,335,219,339,248,374,225,370,177,362,201,358,227,405,228,406,187,404,162,402,141
D,433,391,376,359,335,318,302,291,286,257,388,234,371,177,362,143,359,112,407,234,358,183,315,200,297,224,419,244,371,197,323,212,300,236,422,262,379,225,337,225,310,238
E,405,362,363,331,346,278,372,238,412,230,349,234,348,183,348,207,351,236,380,227,381,167,379,191,380,220,411,231,417,172,409,191,406,220,441,243,443,204,430,208,422,227
Q,405,148,357,182,321,215,310,252,295,284,253,162,219,224,208,266,205,299,277,144,269,235,304,241,316,224,314,137,314,222,338,218,339,196,353,135,350,203,364,201,363,181
A,424,308,362,290,316,249,298,196,307,157,339,202,330,160,337,194,344,220,372,200,363,156,365,202,370,230,404,203,397,161,395,211,396,241,439,210,432,180,424,214,419,240
N,399,254,353,230,329,181,348,139,376,112,336,155,321,117,323,143,334,170,366,150,354,99,350,133,356,157,398,154,390,125,384,171,387,193,432,163,420,139,412,169,413,185
V,344,356,305,326,278,280,294,236,333,217,294,205,278,141,271,101,268,65,331,203,326,125,325,81,328,42,368,220,364,181,345,229,334,267,400,250,389,225,367,257,353,285
J,382,378,325,361,274,321,253,277,268,244,308,265,294,228,295,260,298,294,339,257,325,226,324,272,327,310,372,252,359,208,353,246,352,283,406,252,402,203,396,172,389,144
Y,344,338,298,312,259,266,233,226,205,201,290,219,285,176,283,215,284,251,323,217,319,183,310,226,309,260,358,222,361,177,346,206,337,234,390,232,416,189,433,162,448,135
C,467,333,411,316,366,286,333,267,303,249,388,211,366,165,336,155,310,157,403,204,378,145,339,140,309,154,418,204,395,146,354,139,322,150,432,211,410,167,378,154,350,155
H,544,338,513,284,463,251,407,253,366,262,469,187,386,180,338,178,299,174,480,222,381,210,328,207,287,203,486,264,395,268,408,283,434,286,488,307,414,309,425,318,451,316
V,382,382,347,348,327,302,352,264,388,247,343,228,333,164,331,123,332,88,381,228,382,154,386,109,393,71,415,247,422,208,403,254,390,290,444,277,444,253,423,281,407,308
W,370,442,327,420,303,382,328,345,365,318,302,292,277,227,269,186,264,150,342,281,335,202,335,154,335,112,376,291,388,229,394,186,397,148,407,321,403,275,390,291,380,316
J,385,376,326,361,277,320,256,275,272,242,308,265,296,227,299,259,303,293,340,256,328,224,327,268,330,306,373,251,362,208,356,245,355,282,407,250,404,202,398,172,391,145
I,354,347,303,335,262,295,241,253,236,216,281,257,268,222,280,250,291,278,309,249,296,213,304,248,314,276,338,243,328,201,326,229,328,256,369,241,367,202,363,178,359,157
G,467,363,414,326,379,286,352,259,321,236,433,211,384,185,343,178,311,179,458,217,382,216,379,255,399,265,474,238,397,250,401,280,422,282,478,268,417,286,417,306,434,305
B,427,363,381,333,359,284,376,241,407,231,359,240,353,189,356,159,362,132,388,232,382,176,383,142,382,110,416,236,412,185,408,152,404,124,446,247,442,208,437,181,432,157
H,522,331,489,282,443,253,392,257,351,264,441,186,361,183,314,183,276,181,453,219,359,213,305,213,263,211,462,259,376,271,390,286,414,287,465,299,395,309,406,318,430,314
W,351,405,312,379,290,334,321,300,359,277,290,257,264,193,255,152,251,116,330,247,323,170,324,122,324,82,363,258,373,196,375,152,378,111,393,287,384,251,368,274,356,302
D,430,441,374,391,345,335,318,298,295,267,423,272,403,209,395,174,391,144,436,276,378,212,334,224,313,245,435,288,375,229,333,243,314,266,420,306,369,258,331,253,306,262
C,468,334,412,318,366,287,332,269,302,250,387,212,364,168,335,158,309,159,401,205,376,148,337,142,307,156,416,204,394,147,353,140,322,151,431,211,409,167,377,154,349,156
D,463,392,406,366,363,330,327,311,300,285,412,240,385,183,374,150,369,122,430,243,363,198,321,225,308,252,439,258,375,216,333,240,318,267,439,282,390,246,350,252,329,270
B,420,389,376,359,354,313,368,271,397,259,358,272,353,225,357,196,363,169,385,264,379,211,379,178,379,146,410,267,406,217,402,185,399,158,438,277,434,239,429,214,425,190
S,386,342,341,312,310,259,323,211,365,194,328,210,318,168,321,211,329,227,361,211,355,160,349,210,355,221,394,222,388,191,374,240,378,247,428,240,413,221,400,253,403,260
L,483,357,431,342,382,306,343,275,308,270,398,244,387,191,382,158,379,129,431,241,429,208,435,255,435,275,465,244,465,216,464,260,460,278,497,253,499,226,492,258,486,275
Z,374,349,334,314,310,281,299,242,328,216,325,211,319,155,318,121,321,93,355,215,354,173,348,217,343,244,385,226,387,187,373,226,365,255,411,248,413,212,394,234,384,255
G,452,353,395,309,359,268,327,250,292,233,417,195,357,170,314,164,281,165,440,210,354,214,355,250,376,261,451,239,366,257,373,285,395,285,452,276,385,293,389,312,408,311
W,368,437,325,416,298,377,320,338,355,308,292,286,261,222,251,181,244,144,331,273,320,194,319,144,318,101,367,282,377,217,380,173,381,134,400,310,396,267,381,283,368,306
L,467,346,416,337,368,308,327,281,294,278,381,246,369,197,365,166,362,138,412,242,404,216,412,262,413,277,444,243,438,217,440,261,439,276,476,248,472,225,468,256,464,272
A,452,331,395,315,351,275,334,225,348,190,371,228,371,189,377,225,381,252,404,227,401,184,405,234,405,261,435,230,435,192,433,242,430,269,468,238,468,212,461,247,454,268
I,385,348,330,322,290,271,271,219,271,175,319,229,310,185,317,217,324,244,351,224,343,178,344,218,349,249,384,222,381,169,373,198,369,228,418,225,416,180,412,153,407,129
N,455,307,410,280,388,231,409,186,437,155,382,200,370,161,377,188,387,218,416,194,406,138,405,174,411,199,451,199,447,171,442,218,442,235,487,210,479,187,472,217,472,230
S,412,383,370,349,338,299,352,250,398,229,346,239,340,190,350,239,358,260,385,240,385,179,383,235,384,254,423,253,426,220,413,273,409,285,459,273,455,252,441,286,435,296
Q,451,186,394,219,347,257,331,305,317,350,286,202,242,268,238,317,243,355,317,184,302,279,337,282,348,263,359,179,354,273,379,264,379,239,400,182,394,259,409,253,408,229
O,411,301,362,259,330,209,309,171,302,134,378,147,372,92,338,87,315,99,396,147,389,76,344,74,315,94,410,153,403,85,352,83,321,102,418,166,399,113,360,105,332,116
K,438,384,394,353,371,307,368,260,367,224,386,262,371,212,363,181,359,154,416,263,422,204,428,167,436,137,446,277,455,247,439,284,429,313,473,299,472,281,456,306,442,328
E,410,382,371,352,353,302,379,264,420,252,351,253,352,201,359,235,362,263,385,245,386,181,389,217,390,244,418,248,424,188,420,218,416,246,448,261,450,221,440,232,431,253
L,438,353,387,342,336,310,295,280,261,276,354,243,344,192,340,161,338,133,385,242,375,216,380,265,383,278,417,244,409,218,410,264,410,278,450,250,445,226,439,259,436,275
L,491,365,439,353,390,324,347,297,311,294,402,258,388,206,382,174,377,145,434,254,429,225,437,271,438,289,468,255,465,228,466,273,464,290,501,262,500,236,494,268,489,286
O,490,232,428,205,382,175,347,160,322,137,421,97,373,60,338,79,323,105,437,97,378,51,337,79,324,107,449,107,397,61,351,85,333,112,454,128,409,93,368,99,345,114
W,329,378,290,355,263,311,283,267,316,232,251,225,221,162,209,120,200,83,290,212,279,135,277,86,275,46,326,221,332,157,333,112,335,72,360,247,342,214,326,241,315,271
G,452,362,401,325,366,285,339,259,309,236,419,213,372,186,332,179,301,180,445,218,371,214,366,254,383,266,460,237,385,248,386,280,406,283,464,266,404,284,402,305,418,306
E,403,368,362,342,338,299,356,258,395,241,341,245,337,197,343,224,349,254,372,238,370,178,371,204,374,233,403,243,408,185,401,207,397,236,434,259,428,228,415,243,408,265
W,358,407,322,382,303,337,337,302,375,276,301,257,278,192,271,150,269,113,342,247,336,169,337,122,340,82,377,259,392,195,399,152,404,114,409,289,407,253,391,273,376,299
A,455,338,400,322,357,284,339,236,349,202,380,244,376,204,382,238,386,262,410,242,405,201,408,246,410,267,440,244,436,207,435,253,434,275,471,251,468,227,461,258,457,276
Y,323,301,277,272,243,223,219,181,187,160,287,180,290,148,288,190,286,226,323,183,328,157,315,207,307,240,358,190,370,151,353,188,340,218,387,201,421,161,446,139,466,114
U,378,364,331,326,309,277,322,227,362,212,329,225,321,166,321,132,325,101,361,220,351,155,344,118,342,84,391,228,392,174,377,208,368,242,422,244,420,199,404,213,389,238
Y,345,338,299,312,261,265,236,224,208,200,292,217,287,173,286,212,287,248,325,217,321,181,313,224,311,259,359,222,362,176,349,203,341,228,391,231,418,188,435,161,450,135
Z,366,380,322,345,295,307,284,266,314,237,317,228,311,166,309,129,310,97,349,233,350,186,338,232,329,262,381,248,384,206,365,247,355,278,409,273,413,234,391,255,379,280
N,453,308,408,281,385,231,405,185,432,153,380,199,369,160,375,188,385,219,414,194,405,137,405,176,410,200,449,199,446,173,442,219,442,236,485,209,478,188,472,218,472,230
D,418,412,368,377,329,329,302,297,284,261,371,272,359,216,350,185,344,157,388,270,362,213,325,218,303,235,401,273,374,218,329,225,302,242,408,281,379,237,341,233,315,243
Z,368,389,328,354,303,315,290,275,316,246,320,236,316,174,314,135,317,103,354,243,355,194,343,243,335,271,387,257,390,213,371,255,361,286,415,282,419,243,397,264,384,287
T,444,310,388,284,352,227,355,170,371,125,362,183,342,137,345,147,357,168,401,183,396,140,393,195,391,224,441,190,437,156,427,212,421,237,481,205,474,173,460,210,452,230
T,434,348,374,315,335,243,341,174,355,123,347,194,321,136,322,149,335,183,396,194,386,141,380,212,382,248,443,206,435,165,419,234,415,264,491,227,480,189,462,232,453,254
C,470,342,412,323,367,291,333,273,302,254,390,217,368,171,337,160,310,161,405,211,380,150,340,144,309,157,420,211,398,150,356,142,324,151,434,217,410,172,377,158,348,158
I,366,342,312,325,270,280,248,234,242,193,294,240,281,200,290,226,300,252,324,232,312,189,316,223,323,253,355,227,347,179,342,206,341,235,387,227,383,185,377,161,372,139
Q,383,148,338,188,303,224,288,257,270,281,227,161,201,232,200,280,204,317,254,142,241,231,277,237,290,219,291,136,287,221,315,221,317,199,331,136,326,204,342,205,343,186
I,366,341,313,324,270,280,247,234,240,193,293,239,279,199,289,227,299,252,323,230,311,188,316,224,323,254,354,225,346,177,341,203,339,232,386,225,382,184,376,159,370,138
D,436,391,376,359,335,319,303,293,289,260,391,235,374,178,367,144,364,114,412,236,362,185,319,201,299,226,423,245,375,199,327,215,304,239,425,263,382,227,340,228,314,241
G,492,351,430,303,389,254,358,227,320,205,455,172,395,136,348,128,311,129,485,185,391,181,389,226,411,238,501,215,405,230,411,266,436,267,504,253,429,270,430,293,450,293
K,428,383,382,355,357,310,352,265,348,231,372,268,353,221,343,193,336,167,402,267,402,208,404,173,409,143,431,279,430,249,417,286,409,315,458,298,450,279,436,305,424,329
A,412,324,355,304,309,265,291,216,305,178,337,216,328,177,329,212,335,240,368,214,357,172,357,216,362,245,400,217,390,177,385,224,386,255,434,226,424,197,412,229,407,254
J,385,375,323,356,267,313,241,267,257,230,300,250,286,208,289,243,292,280,335,240,320,205,320,256,324,299,373,234,359,184,352,224,350,265,410,235,407,181,399,147,391,117
L,461,346,411,337,362,309,320,282,286,280,372,245,359,194,353,163,349,136,404,241,396,216,403,262,405,279,436,241,430,216,432,260,431,277,468,247,463,222,459,255,456,272
N,438,321,398,292,381,243,401,203,428,176,384,213,375,174,375,200,382,231,415,210,409,154,402,184,406,212,447,217,443,191,434,235,434,256,480,231,469,209,461,237,461,251
H,535,342,503,288,452,257,398,262,357,277,454,196,372,190,325,190,286,188,465,231,368,222,315,220,273,217,474,273,385,280,399,292,425,294,479,315,406,318,416,325,442,323
C,470,382,409,352,365,311,332,287,301,263,401,233,383,181,352,164,323,161,417,228,399,161,357,148,321,156,432,230,418,162,374,147,338,153,444,239,427,185,394,165,362,161
D,434,395,377,361,337,320,305,293,290,260,394,236,376,180,368,146,365,116,414,238,362,188,320,205,302,229,425,249,375,202,327,217,305,240,426,268,382,230,340,230,314,242
R,369,421,329,380,311,325,323,276,354,245,327,267,328,208,340,171,355,138,358,267,344,194,332,154,326,120,392,280,381,234,363,280,353,318,424,303,404,271,382,302,369,331
H,538,342,507,286,453,253,396,261,353,277,455,195,367,190,318,190,279,189,464,233,363,221,309,218,269,215,472,278,380,279,393,290,417,293,475,323,401,319,412,325,438,325
C,478,328,416,313,367,290,329,280,296,262,385,210,359,161,327,149,299,149,401,203,373,139,331,132,299,144,417,203,390,140,346,133,313,143,432,211,404,167,369,154,338,153
R,366,412,326,371,307,318,320,270,351,240,327,261,329,203,341,167,356,134,358,262,345,191,336,153,333,120,391,275,382,228,363,273,351,310,422,298,404,268,380,297,365,324
A,440,342,389,328,348,290,330,245,346,215,372,249,369,215,374,251,377,273,402,248,398,213,400,259,401,278,431,251,429,219,426,265,425,283,461,259,459,238,452,270,448,285
I,357,350,306,336,265,298,244,256,238,219,283,259,270,224,282,253,294,281,311,250,298,216,307,250,317,279,340,245,329,204,328,232,331,259,371,243,369,204,365,180,360,159
F,412,389,362,373,315,346,272,328,242,305,335,267,291,248,263,266,253,287,356,248,324,195,309,158,299,125,386,244,381,189,383,150,384,117,417,256,430,211,443,179,454,150
E,414,367,371,341,347,300,366,261,402,245,354,251,350,203,352,225,358,254,383,245,382,188,380,212,381,241,412,249,416,195,406,214,402,241,439,263,434,232,420,242,414,262
J,397,391,336,375,283,331,260,283,274,246,315,272,301,232,308,266,314,303,349,263,337,231,339,279,342,319,384,256,372,210,368,248,367,286,418,255,414,205,407,174,398,146
V,386,382,352,347,335,300,361,263,398,246,352,227,346,162,345,122,348,87,388,228,392,154,397,111,404,74,422,248,430,209,409,254,394,288,449,280,450,254,428,283,411,308
Q,388,142,343,176,311,217,306,260,297,296,245,175,213,244,210,289,213,325,272,156,270,248,303,245,311,224,311,147,316,234,337,223,334,198,349,144,350,212,363,207,360,186
U,384,454,333,406,307,355,316,299,364,275,326,268,318,199,320,162,324,122,365,265,355,186,349,145,347,100,404,280,403,210,386,264,377,309,442,307,436,253,415,280,401,313
Q,374,128,330,164,296,197,285,235,275,269,241,138,216,197,214,241,218,277,265,120,258,198,291,207,305,194,300,111,303,187,325,187,328,168,339,108,341,168,352,169,351,152
Z,375,399,336,361,311,322,300,281,329,254,332,244,328,181,327,143,331,110,365,251,368,201,355,250,346,278,398,266,405,220,384,263,373,294,425,292,432,253,409,275,396,298
P,459,123,390,150,330,195,295,243,268,282,295,174,241,253,207,303,177,347,344,167,321,289,315,354,310,401,402,170,390,287,398,268,403,236,454,182,437,270,441,255,443,223
J,427,385,362,363,308,311,289,256,313,221,348,249,341,206,343,246,346,286,386,242,378,207,376,260,375,303,424,239,418,189,410,232,405,273,462,241,464,186,459,152,453,121
F,435,352,383,334,337,306,301,283,277,254,359,230,323,202,295,216,282,236,381,214,347,160,327,125,313,92,412,212,398,157,393,120,389,89,446,223,446,178,450,145,453,116
D,433,416,383,381,346,334,319,302,306,265,386,276,378,217,372,181,368,150,405,276,383,214,346,220,323,239,420,280,398,222,353,231,327,252,432,290,407,243,368,240,340,252
J,409,380,352,357,307,308,293,258,318,227,344,254,342,215,343,253,345,289,380,250,377,219,373,267,370,306,415,250,414,207,404,245,397,281,449,254,453,206,453,176,451,148
T,435,318,383,289,357,237,369,191,384,158,370,210,356,169,357,175,361,199,403,209,397,173,392,214,388,247,435,215,426,186,417,231,412,262,469,228,457,202,446,231,439,251
H,517,334,482,283,432,254,382,258,343,267,433,190,353,188,308,188,269,186,446,222,350,218,298,219,257,216,457,262,369,276,384,289,409,290,463,304,391,313,402,321,427,317
Y,334,307,288,277,253,228,229,187,198,167,294,186,296,153,296,194,296,229,330,187,333,160,323,208,317,241,364,193,375,153,360,190,348,220,393,203,425,163,448,140,467,114
A,447,310,391,297,348,264,329,221,338,189,368,226,363,188,371,218,377,242,398,223,391,183,398,225,401,248,426,224,420,188,423,231,424,254,456,229,453,206,449,235,446,252
W,363,448,320,426,292,391,311,355,346,327,290,298,261,235,251,195,244,158,329,286,319,207,318,159,317,117,364,296,373,234,376,191,378,152,396,325,386,282,372,298,363,321
H,520,321,489,270,435,241,378,244,333,250,439,176,357,174,310,176,271,175,445,207,348,204,298,204,259,199,450,245,364,262,380,277,405,277,453,286,382,298,395,307,420,304
W,370,447,327,426,302,387,323,350,358,322,299,296,271,233,262,193,256,156,338,283,328,206,327,158,326,117,372,293,382,230,386,187,388,149,404,321,400,280,387,295,375,317
R,365,414,326,375,307,321,319,273,350,245,328,264,330,208,342,173,358,142,358,265,344,193,335,156,332,124,391,278,382,230,361,275,348,313,422,303,403,271,379,301,363,328
Z,379,372,338,335,312,301,301,262,333,238,331,224,326,164,326,129,330,98,362,231,364,187,356,235,349,263,394,244,400,203,382,244,371,275,420,268,426,233,405,255,391,277
R,369,418,330,376,314,318,331,270,363,239,334,266,337,211,352,175,369,142,365,267,352,197,344,160,343,127,398,280,391,230,370,276,358,314,430,303,411,271,388,301,372,329
U,371,367,323,328,302,279,316,229,358,212,314,225,304,164,303,130,306,98,348,218,335,152,327,114,324,79,381,225,378,172,367,211,361,247,414,241,409,197,394,215,383,243
S,423,387,383,355,347,302,362,249,413,227,354,239,348,189,359,242,367,265,394,239,394,174,393,233,396,249,434,251,438,223,424,278,420,285,472,271,470,255,456,290,449,297
S,407,379,366,346,334,296,346,248,392,226,341,236,336,187,345,238,353,259,381,237,380,177,378,236,380,251,419,249,421,217,407,272,404,279,455,269,449,251,436,285,432,292
M,441,349,386,310,369,255,404,216,437,190,375,225,361,177,365,212,374,244,409,217,398,161,397,204,404,238,443,219,439,159,430,201,430,235,478,228,473,183,459,207,453,233
A,436,306,384,292,344,255,328,210,338,178,365,216,364,180,369,212,372,234,394,215,391,178,394,221,394,241,423,219,421,185,419,229,417,250,451,226,450,204,444,233,439,250
N,408,257,363,234,340,186,359,142,386,115,346,158,333,120,334,146,344,173,376,154,365,101,361,135,367,159,408,158,402,130,395,175,397,196,442,168,432,145,422,174,423,188
R,365,412,326,374,305,322,317,275,347,245,325,262,327,207,338,172,352,141,356,264,342,193,331,156,325,124,388,277,378,231,358,275,346,312,419,301,398,271,375,303,362,331
L,461,344,411,335,363,308,322,281,288,279,373,246,360,195,355,165,351,137,404,241,397,215,405,260,406,276,436,241,430,215,433,259,432,275,468,246,463,222,460,253,457,269
M,434,347,384,305,372,249,408,213,442,190,380,220,370,172,371,207,377,240,414,215,408,159,403,202,406,235,448,219,449,160,436,201,432,234,482,231,481,187,464,210,455,233
A,443,343,392,329,351,291,334,244,351,216,376,249,374,214,379,250,382,272,407,249,404,213,404,259,405,277,436,253,435,220,431,266,428,284,466,261,464,240,456,272,450,287
J,383,375,325,359,276,319,255,277,270,244,308,264,294,228,295,259,299,293,339,256,325,225,324,269,327,307,372,251,358,208,353,245,352,281,405,250,402,203,395,172,388,146
V,368,368,332,336,310,290,331,250,369,231,327,215,314,151,310,111,311,76,365,214,365,140,367,95,371,58,400,233,403,193,383,240,370,277,430,264,425,240,403,270,387,297
C,471,342,412,323,366,292,330,275,299,256,391,214,370,167,339,156,312,156,406,208,382,148,343,141,312,153,421,207,399,148,357,140,325,150,434,213,412,166,379,151,350,151
I,346,341,297,324,261,280,245,235,237,198,284,244,273,207,280,233,289,263,314,239,301,199,304,234,311,266,345,237,337,194,329,222,327,250,378,239,382,199,381,174,378,151
A,406,319,347,297,298,255,279,203,295,163,326,200,316,161,318,201,325,229,360,199,348,156,348,208,355,236,395,203,384,163,379,217,381,247,432,215,419,186,407,223,403,248
L,442,352,388,337,337,303,293,273,256,272,352,229,340,175,337,142,336,113,384,222,378,190,386,241,391,263,420,223,416,190,417,235,417,258,455,231,453,199,444,230,438,251
T,447,323,396,304,362,251,363,195,377,154,366,211,347,170,356,182,373,200,403,211,403,171,402,224,400,245,439,218,442,187,433,240,425,258,475,229,474,203,463,238,455,254
O,397,308,356,265,332,216,318,177,323,140,379,168,386,117,358,108,338,119,397,169,406,106,369,97,343,111,412,175,419,113,376,104,347,119,422,185,415,135,381,123,355,130
U,383,423,335,381,315,337,326,288,369,269,327,267,321,204,322,170,326,136,362,264,353,193,349,155,348,115,396,275,397,213,384,259,377,297,430,296,426,249,409,272,399,299
Q,397,134,343,172,305,212,295,257,283,296,238,145,209,231,206,286,204,330,277,124,268,232,305,231,315,205,326,117,329,222,352,212,350,182,374,117,372,199,385,193,382,167
T,450,314,403,290,377,238,383,189,400,152,384,201,373,158,377,178,386,206,420,205,422,170,416,218,411,240,454,215,456,187,443,235,435,254,488,230,485,205,472,236,463,252
B,414,396,370,364,349,314,366,269,399,261,357,273,352,224,355,195,360,168,385,266,380,211,381,178,381,147,411,270,408,219,405,187,403,160,438,282,435,243,432,217,428,193
D,414,408,365,376,328,330,300,298,281,262,366,273,356,217,349,186,346,158,382,270,360,213,326,216,306,232,396,272,371,216,327,224,301,245,405,279,378,232,342,229,317,243
Z,376,350,335,314,311,282,299,242,328,217,324,213,318,156,317,123,320,94,354,217,353,173,348,217,342,244,383,227,385,188,372,227,365,256,409,248,412,213,395,234,386,255
U,374,366,327,328,305,279,319,229,360,213,317,224,305,164,304,130,306,98,350,218,336,151,327,114,323,80,382,225,378,172,368,211,362,246,416,241,411,196,395,215,384,241
O,384,357,335,288,313,231,292,187,281,149,422,188,389,113,340,102,304,111,431,195,385,104,330,98,299,117,426,206,390,119,334,110,298,124,404,220,375,151,334,133,301,135
Y,327,342,282,315,245,265,221,222,195,194,278,215,272,177,268,219,268,254,312,214,307,184,296,230,292,265,347,220,349,180,330,216,317,246,379,232,408,191,427,166,443,140
A,441,308,386,294,344,261,322,217,333,185,363,223,359,185,367,215,372,238,392,220,386,181,393,223,395,246,421,221,416,185,418,228,418,252,450,226,448,202,443,232,439,250
S,396,366,349,337,315,284,329,232,372,210,327,231,317,186,324,232,333,250,363,230,357,175,353,228,359,240,399,241,396,208,383,261,384,268,436,258,421,240,410,274,412,281
T,458,330,413,299,389,238,402,185,418,145,406,202,390,158,387,167,392,190,441,206,435,167,421,218,419,243,475,219,469,187,449,237,443,261,509,240,500,210,481,240,474,256
P,478,141,411,163,353,207,311,250,270,281,316,170,259,233,223,274,189,308,358,171,323,279,313,341,306,385,409,180,387,280,403,265,412,237,456,194,435,271,443,259,447,232
P,424,74,374,110,339,157,320,196,291,228,306,119,274,185,251,231,234,270,346,107,343,208,352,260,361,299,394,103,398,196,401,180,402,153,438,107,433,179,433,166,429,140
M,444,358,389,316,372,255,413,213,449,183,378,223,363,172,367,211,376,247,414,215,404,155,402,204,408,241,452,218,449,155,438,202,437,239,489,229,484,183,470,210,464,235
K,437,389,392,359,366,313,361,266,359,230,381,267,363,218,353,188,346,161,412,267,414,206,418,168,424,137,442,280,447,251,433,289,424,319,470,301,466,284,451,311,438,335
C,471,340,414,322,369,292,334,273,304,253,391,217,368,171,338,160,311,161,406,210,382,150,342,143,311,156,421,210,400,149,358,141,326,151,435,217,413,172,380,158,351,159
I,347,347,298,328,264,282,251,237,245,201,289,248,280,210,286,239,294,268,319,243,309,205,310,239,315,269,349,243,344,200,335,225,331,252,381,246,386,206,385,181,383,158
N,431,266,385,239,367,192,389,151,418,126,371,164,359,126,361,150,369,181,402,160,394,105,389,134,392,160,434,167,430,138,422,181,423,204,467,180,459,154,450,181,450,197
R,367,416,328,375,311,323,323,276,351,244,327,265,329,207,341,171,357,139,358,265,343,192,334,154,332,120,392,277,382,231,363,277,353,315,424,300,407,269,383,298,368,326
D,464,404,408,376,366,338,331,316,307,288,419,251,393,197,384,165,380,137,436,253,373,205,332,230,319,259,445,266,385,221,341,243,323,269,444,288,396,251,357,255,334,269
E,404,378,360,353,335,312,358,274,398,260,337,260,332,207,336,238,342,267,369,251,367,190,366,223,369,252,401,253,402,194,395,221,394,251,431,264,428,224,416,235,410,256
T,426,319,376,286,355,232,369,188,385,156,372,201,365,157,363,178,365,204,404,198,401,152,395,195,395,224,436,204,435,160,423,203,420,233,470,215,468,175,454,199,447,220
Q,407,145,350,184,307,227,298,281,289,330,244,160,214,242,210,295,210,340,281,139,273,247,310,241,318,213,330,131,334,238,356,226,352,195,378,131,377,216,388,208,384,181
M,422,347,373,312,358,262,389,226,417,202,361,235,348,190,353,222,362,251,392,227,381,175,381,214,387,245,424,227,418,174,411,212,412,242,457,235,452,195,439,217,434,239
E,415,384,373,361,350,317,370,280,406,263,349,266,343,210,350,233,357,262,379,257,376,192,380,216,384,244,409,259,410,200,409,218,408,246,438,270,437,228,430,234,424,255
G,466,362,415,326,382,287,356,260,326,238,435,213,388,186,348,181,317,184,460,219,387,217,383,257,400,269,476,239,403,253,404,284,424,286,481,268,421,289,420,310,435,311
I,367,352,315,335,274,292,253,248,249,208,299,252,286,213,294,240,304,265,328,244,315,202,319,237,327,266,358,240,351,192,344,218,342,246,389,240,385,199,379,174,374,152
V,386,382,352,348,336,300,362,263,398,248,353,227,347,163,346,123,349,89,389,229,394,155,399,111,406,74,423,249,431,211,411,255,396,289,450,280,451,256,429,284,412,310
F,418,387,370,363,328,330,292,306,268,278,358,253,319,227,290,242,279,263,377,238,350,181,336,143,330,108,405,239,403,179,407,140,412,105,433,254,447,208,461,176,475,146
D,457,413,402,376,363,331,331,300,320,264,424,248,413,188,408,152,408,122,444,251,398,194,353,209,334,232,456,262,411,210,362,224,340,247,459,281,418,240,376,239,351,252
O,397,300,356,258,330,207,315,166,322,130,379,156,385,104,355,96,335,108,396,157,404,94,366,86,339,101,410,164,417,101,374,93,345,108,420,175,412,124,378,112,353,119
M,431,343,382,309,367,259,398,223,426,198,371,231,357,190,362,222,371,251,402,223,392,174,390,213,396,243,433,224,429,172,420,210,421,240,464,233,459,194,446,216,442,238
I,351,345,299,331,258,293,238,250,233,214,278,255,266,219,277,248,288,276,306,247,293,211,301,245,311,274,335,241,324,200,323,228,325,255,366,239,364,200,360,177,356,155
N,400,247,353,224,330,174,348,130,374,101,334,149,319,111,322,136,333,163,364,144,351,94,347,123,353,145,396,147,388,119,384,162,386,185,429,155,418,132,411,161,412,176
R,367,421,328,379,312,322,328,273,360,244,333,268,336,212,352,176,370,144,364,269,350,197,342,160,340,128,396,282,388,232,368,278,356,316,427,306,409,274,386,303,370,330
D,458,397,400,375,353,341,317,319,291,291,386,266,362,214,347,185,340,158,402,263,353,216,318,238,306,264,414,268,366,226,326,248,311,275,421,281,378,250,341,258,322,276
W,364,449,322,428,295,389,318,354,354,328,295,297,269,233,261,192,255,156,335,285,328,207,329,159,329,118,370,296,382,232,387,190,390,152,402,324,397,283,383,300,372,324
Q,451,191,389,225,341,259,323,307,309,351,286,198,242,265,232,313,229,356,318,178,296,275,333,279,346,261,361,172,348,269,375,265,378,238,405,174,394,255,408,253,408,228
M,438,341,388,310,371,260,403,221,432,195,369,235,356,191,366,223,376,251,401,224,389,174,396,215,403,244,433,223,427,170,426,210,428,240,465,230,460,192,453,216,449,238
E,397,378,356,348,335,301,358,262,400,249,340,249,338,197,339,227,344,256,373,242,375,180,371,210,373,239,405,246,412,184,402,208,399,239,435,260,436,217,423,225,415,247
F,439,350,387,332,341,305,304,281,280,250,363,228,327,199,298,212,285,232,385,211,352,156,331,119,316,84,417,207,402,151,397,113,392,81,452,218,452,173,456,141,461,112
V,370,406,331,377,307,330,331,293,369,274,324,246,303,180,294,136,289,99,366,246,368,167,371,118,377,76,404,266,406,230,385,280,372,318,435,297,429,276,405,308,389,335
G,480,366,434,315,402,272,366,252,331,234,465,205,405,170,360,164,325,167,485,227,397,219,395,256,414,268,491,260,403,266,408,294,430,295,487,296,415,305,417,322,436,320
S,415,386,376,353,342,299,357,247,407,227,351,239,344,188,353,240,362,262,390,239,389,175,386,233,389,249,429,252,433,220,418,275,414,283,466,273,463,252,448,288,442,296
B,434,378,387,347,364,295,383,251,416,242,368,250,362,199,365,168,371,141,397,242,392,186,392,151,393,119,425,246,422,194,418,161,416,132,455,258,451,218,447,191,443,167
G,464,365,411,328,376,286,347,263,313,246,429,207,381,175,342,163,311,160,457,216,381,213,376,257,395,270,475,241,397,258,399,291,419,293,481,274,418,294,415,316,430,317
J,394,395,335,377,286,333,267,286,280,249,318,276,305,237,309,270,314,306,350,267,338,236,340,284,343,325,385,262,374,215,368,254,366,292,418,263,417,214,411,182,402,155
B,437,379,391,347,371,297,390,253,422,245,377,253,373,204,377,175,383,149,406,247,403,192,404,158,404,127,433,252,432,201,429,168,426,141,461,264,459,226,456,199,453,175
X,344,324,313,301,287,254,296,212,327,195,314,194,321,153,317,138,314,128,346,203,344,182,328,228,331,234,374,219,368,217,347,256,349,254,400,241,391,242,370,266,368,267
C,476,344,416,324,370,293,335,275,304,256,394,219,371,172,340,161,313,162,409,212,384,151,344,144,312,158,424,212,403,151,360,143,327,153,439,219,415,174,382,159,352,159
K,443,390,397,358,371,310,366,263,365,227,386,265,368,215,359,185,352,157,417,265,420,203,425,165,431,135,448,278,453,249,440,287,430,319,476,300,473,283,458,309,444,333
P,467,133,401,156,345,197,306,239,265,270,309,161,251,224,214,267,179,302,352,159,317,270,308,332,299,376,404,166,381,270,394,254,403,225,451,179,427,257,435,246,438,219
Z,389,363,353,329,332,298,324,262,350,239,346,226,342,171,342,139,346,111,375,232,378,192,373,235,367,260,405,244,411,207,397,245,387,272,429,265,436,234,418,255,405,274
P,456,124,399,150,348,195,315,237,281,267,315,161,265,226,234,264,204,297,355,156,329,261,325,318,320,359,404,160,391,259,402,246,407,220,449,170,432,245,438,236,440,211
D,461,395,405,373,356,338,319,315,293,286,385,264,361,213,348,183,340,156,401,260,353,216,319,231,303,254,413,264,366,224,325,241,305,265,422,275,380,245,343,248,319,263
T,426,326,380,299,355,247,365,196,381,162,378,206,360,170,353,184,359,199,411,212,398,178,388,228,397,231,443,222,429,201,417,248,426,249,475,236,458,218,446,247,454,253
C,514,370,452,339,407,301,370,279,337,253,439,219,419,164,387,149,357,148,458,215,437,146,395,135,359,146,476,219,459,150,416,137,380,144,495,231,477,179,444,159,413,154
R,369,424,328,382,310,327,325,277,356,245,327,270,329,210,344,175,361,143,359,270,345,194,336,154,333,119,393,283,384,236,365,281,354,319,425,306,407,274,384,304,370,332
V,351,363,312,332,285,285,303,241,342,223,303,208,288,144,282,103,280,67,341,207,336,131,337,85,341,45,378,226,377,185,356,232,344,270,410,256,402,231,378,261,361,289
X,355,322,324,298,297,252,304,207,332,183,318,189,319,147,315,129,316,118,351,198,353,171,335,221,338,227,382,215,380,208,357,249,358,246,410,238,404,236,383,261,381,260
E,406,367,364,341,341,298,361,258,398,240,342,246,339,194,345,221,352,251,374,238,373,176,374,204,377,234,406,243,410,183,403,207,399,237,436,259,429,227,416,243,408,265
X,354,322,323,298,297,252,305,208,333,184,318,190,319,149,316,131,317,120,351,199,353,171,336,221,336,227,382,216,380,209,357,250,358,248,410,239,404,236,383,261,380,262
L,461,347,411,338,360,309,318,282,283,279,371,246,357,195,352,164,348,136,402,241,393,216,403,263,405,278,434,241,428,216,431,260,431,276,467,246,462,221,458,253,455,270
U,384,379,339,340,320,288,335,239,375,222,339,235,333,177,335,144,340,113,372,231,363,166,358,130,357,96,403,240,405,184,390,219,380,255,434,258,433,212,415,226,400,251
Z,372,399,334,361,309,322,302,282,334,259,332,245,329,184,329,147,334,115,365,252,369,206,355,253,347,281,398,268,405,225,384,265,373,296,425,294,432,256,409,277,395,299
B,425,384,379,352,360,300,381,260,412,256,365,257,362,206,367,175,374,148,394,251,390,195,393,159,395,127,421,255,419,204,418,169,417,140,450,267,448,228,445,200,442,176
X,367,327,322,282,294,237,271,205,259,183,343,164,325,107,292,99,267,112,361,177,278,176,278,211,299,221,366,203,282,217,290,246,312,245,365,232,297,247,303,268,323,269
V,365,372,326,340,303,292,323,251,361,232,322,217,307,152,302,111,301,75,359,216,357,140,358,95,363,56,395,235,396,193,376,241,364,279,425,266,421,239,399,269,384,297
B,444,376,399,348,378,299,402,259,433,249,375,257,371,204,373,170,377,140,406,248,401,189,400,151,399,116,434,251,432,197,428,162,424,131,464,262,462,221,457,192,452,167
A,419,320,361,302,317,263,299,214,313,178,343,218,335,178,338,213,343,239,373,216,363,174,365,220,370,245,404,219,396,180,393,228,395,255,437,227,429,199,420,232,417,253
N,457,306,412,280,390,231,411,186,436,155,383,202,370,163,377,189,388,219,417,196,407,140,407,172,413,196,452,200,450,174,444,218,443,235,487,210,480,190,473,219,473,232
L,480,343,429,333,380,305,338,278,304,275,390,243,376,193,370,162,365,134,422,237,415,206,424,252,426,271,455,237,450,209,453,252,452,270,488,243,485,217,480,248,476,266
U,381,374,334,335,314,282,329,234,370,222,336,229,330,173,331,140,336,110,368,225,360,162,354,125,353,91,398,234,401,180,385,214,375,249,429,252,428,208,411,221,396,246
U,381,462,329,413,303,359,312,302,362,280,323,272,314,202,316,162,321,122,363,269,352,188,345,145,343,99,401,284,403,213,384,270,373,317,440,312,437,257,414,285,398,319
V,373,405,334,375,311,330,335,293,373,274,326,246,303,179,293,137,288,99,368,245,373,166,382,117,392,77,405,265,409,228,389,278,376,317,437,296,433,274,410,305,393,332
X,342,321,296,286,267,244,252,210,266,195,318,173,321,114,293,106,268,120,351,180,299,171,285,214,296,229,374,200,311,216,304,252,318,258,389,227,333,248,326,272,338,275
Y,328,335,283,310,245,263,220,222,194,196,275,214,269,175,267,214,268,248,308,211,304,179,294,224,291,259,343,216,345,174,328,207,316,236,376,227,403,185,421,160,436,134
A,443,324,393,312,350,275,332,231,342,197,370,231,366,199,374,238,379,260,400,229,396,195,400,245,402,264,430,231,428,203,427,251,426,271,460,239,458,219,453,253,448,269
D,433,389,372,357,331,317,297,291,285,258,387,233,368,177,359,142,355,111,407,234,353,183,311,201,295,226,418,243,366,197,320,214,299,239,418,261,373,225,331,227,305,241
J,379,382,317,366,262,321,238,272,250,232,296,259,279,217,282,253,287,291,329,250,312,216,314,266,319,308,365,244,349,193,343,234,342,274,400,243,396,190,388,156,380,127
P,479,124,414,149,357,192,319,235,282,263,331,153,270,216,232,253,198,288,373,150,334,257,323,318,314,364,423,159,399,260,410,248,419,222,468,176,441,251,448,241,453,217
L,488,351,436,339,388,310,347,283,312,280,399,248,386,197,380,166,376,138,431,243,425,212,433,258,435,278,465,244,461,216,463,259,461,279,497,251,495,226,490,257,485,275
N,449,304,404,278,380,228,399,182,426,150,377,197,364,157,370,186,381,215,411,191,401,137,401,176,408,198,446,196,443,169,437,216,438,231,482,207,473,185,467,214,468,226
I,374,346,322,325,283,278,263,230,261,188,310,239,302,197,309,225,316,253,341,233,332,189,334,226,340,258,372,231,368,182,361,209,357,237,404,233,403,191,399,166,396,145
H,548,329,517,277,465,248,410,253,368,259,469,185,386,181,339,182,301,181,479,219,380,211,328,209,289,206,487,260,399,270,413,283,437,283,490,302,419,308,430,316,455,314
G,454,366,403,329,368,289,340,262,309,239,422,215,373,189,333,183,301,184,447,221,372,218,367,258,386,269,462,241,386,250,388,283,408,286,467,270,407,285,405,306,421,308
V,354,383,314,354,286,307,303,266,340,245,303,228,280,163,268,122,262,86,344,227,348,148,353,100,360,61,383,247,378,210,357,257,346,293,415,279,406,254,381,283,364,310
B,425,361,379,331,357,282,374,240,405,231,357,239,350,188,353,158,359,131,385,231,379,176,379,141,379,109,413,235,408,183,404,150,400,122,443,245,439,207,433,180,428,156
L,491,363,440,351,391,321,349,294,313,289,402,255,389,203,384,172,380,142,434,252,430,223,438,270,438,287,468,253,466,227,468,272,464,287,501,260,500,235,496,267,490,284
X,344,317,297,281,268,237,252,203,268,187,325,167,328,108,298,101,273,115,356,176,302,166,287,208,301,223,377,197,312,211,304,246,320,251,389,223,332,243,324,268,336,271
E,406,366,361,347,331,301,350,261,389,248,332,247,325,196,331,222,338,252,362,237,356,177,360,203,364,234,392,237,390,181,389,203,389,234,422,246,417,207,410,217,408,239
M,436,335,380,302,360,248,392,207,421,178,361,218,346,174,356,207,367,238,395,206,381,153,387,197,395,229,429,205,422,148,420,191,421,225,465,213,459,171,449,197,444,223
X,364,329,315,285,285,243,267,212,262,188,341,164,327,106,295,100,271,115,362,177,283,176,281,213,301,225,371,201,288,217,295,248,317,249,373,231,305,248,310,271,330,273
G,454,367,403,330,369,289,342,261,312,238,423,214,375,186,335,180,302,181,449,220,374,214,368,255,387,268,465,241,388,250,390,283,410,285,469,271,408,288,407,309,424,310
B,429,364,382,334,359,285,376,241,407,231,360,241,353,189,356,158,362,131,388,233,382,176,383,141,382,109,416,236,412,184,408,151,404,123,446,247,442,207,437,180,432,156
X,336,324,299,292,273,247,271,206,298,184,313,182,321,130,308,114,294,122,345,189,326,169,309,213,314,227,372,207,342,209,325,246,333,249,394,231,361,241,347,265,356,264
J,385,414,327,392,282,346,265,300,280,266,319,292,308,253,307,289,309,324,352,287,340,255,335,302,336,341,386,286,376,239,365,275,360,312,420,288,423,239,419,207,413,179
Z,381,354,341,318,318,285,307,246,336,222,333,216,328,159,327,126,330,97,362,220,363,177,356,221,350,247,392,231,396,192,380,231,372,260,417,253,421,218,402,240,392,261
H,522,333,488,283,438,252,386,254,350,264,441,186,363,184,317,185,279,182,453,218,359,213,307,213,266,211,463,257,376,270,391,285,416,286,468,298,397,309,408,317,433,314
O,412,311,364,267,331,218,308,179,304,141,384,159,377,106,343,97,321,106,401,159,392,92,349,86,319,100,414,165,403,97,354,93,322,111,420,176,397,124,359,117,332,129
E,401,367,357,342,331,299,349,260,385,241,335,246,328,197,332,221,340,250,364,238,361,179,359,202,363,231,394,240,398,184,389,202,387,230,423,253,424,214,409,221,400,243
M,442,349,387,313,369,257,403,216,434,189,370,228,356,181,365,216,375,248,405,218,393,164,397,210,403,241,440,218,434,160,430,206,430,239,476,226,470,183,460,210,454,234
A,447,345,395,331,353,291,335,243,353,214,377,248,377,213,382,250,384,272,408,248,406,212,408,260,407,278,438,252,438,220,434,268,431,285,469,261,468,240,461,273,456,287
F,443,344,395,323,357,292,325,264,310,233,391,226,359,195,332,201,316,215,413,211,391,162,369,131,349,108,439,209,433,158,424,124,414,96,463,219,474,176,482,146,487,119
E,409,385,368,353,350,300,377,261,417,250,348,254,349,201,356,236,359,264,382,246,383,182,386,218,388,245,415,248,421,189,416,218,413,247,446,261,448,219,437,230,429,251
V,373,382,338,352,322,311,346,277,380,259,339,233,329,169,327,129,328,94,377,234,382,162,389,119,397,82,410,255,418,219,398,263,385,296,436,287,439,263,417,289,399,311
A,429,305,369,291,325,254,304,205,311,167,346,211,336,170,342,201,351,227,377,207,365,164,369,207,375,233,407,208,398,169,398,214,400,242,440,214,432,186,425,218,423,241
I,365,352,313,334,271,291,250,246,246,206,297,251,284,212,291,238,301,264,326,243,314,201,316,236,324,266,356,238,349,190,341,217,339,245,387,238,382,197,377,172,372,151
W,370,447,328,426,301,389,323,353,358,324,298,297,272,232,263,191,258,154,338,284,330,206,330,157,330,115,373,295,384,231,388,188,390,149,405,324,401,281,387,297,375,322
Z,367,388,327,352,301,315,287,274,316,247,320,235,315,173,313,136,316,104,353,242,354,193,342,242,335,270,385,256,389,213,370,254,361,285,413,282,417,242,394,264,383,287
Q,406,174,350,221,305,263,284,305,262,343,226,197,195,268,189,316,191,353,252,177,239,276,278,280,294,262,289,168,290,266,320,259,322,233,331,168,331,248,350,244,352,222
U,363,370,315,333,292,288,297,235,341,216,304,230,292,170,290,136,292,105,337,224,323,158,315,120,312,84,369,231,367,175,354,214,347,250,401,247,396,201,379,219,367,246
B,440,378,393,345,372,295,391,251,423,238,378,251,373,200,377,169,383,141,408,244,404,187,405,151,405,118,436,248,434,195,432,160,430,131,465,260,462,220,459,192,456,166
Y,331,333,284,305,247,256,222,215,195,192,278,210,275,171,273,212,275,246,313,208,310,175,300,219,298,254,348,214,351,170,335,200,326,227,380,225,408,183,426,157,442,131
I,379,348,327,324,291,278,274,230,275,190,316,243,308,204,316,228,325,252,347,238,338,198,343,230,348,258,378,236,373,192,367,215,364,241,411,239,409,198,404,173,399,151
L,463,345,411,335,363,308,321,282,287,280,372,244,358,194,351,164,347,136,403,239,396,213,404,259,406,276,435,239,429,214,432,258,431,275,467,244,463,220,458,252,455,269
H,522,333,487,282,436,251,384,255,346,266,440,186,360,184,313,184,274,183,453,219,356,214,304,214,262,213,463,259,374,272,389,286,413,287,467,301,396,311,407,319,432,316
Q,446,205,383,239,332,274,309,321,288,365,268,209,228,279,216,330,211,374,303,189,283,292,321,295,334,274,349,184,338,286,366,279,369,251,395,188,382,272,398,269,399,244
T,431,320,379,291,353,238,364,192,380,159,368,210,353,169,353,179,359,203,401,209,392,173,388,216,387,249,434,216,423,188,414,234,409,265,468,229,456,203,443,233,435,254
W,369,447,325,426,299,387,324,352,362,326,299,298,273,234,264,194,258,157,338,285,331,208,331,160,331,118,373,295,385,233,390,191,392,153,406,323,402,283,388,299,376,322
S,386,357,342,325,312,269,328,221,371,209,337,219,328,179,328,224,336,238,371,222,365,173,356,223,362,232,404,235,397,204,380,255,384,261,437,255,419,238,405,271,409,277
L,455,350,403,337,355,308,313,280,279,277,369,243,358,192,354,160,351,132,400,240,395,213,400,259,400,275,432,242,428,216,428,260,425,276,464,248,462,224,455,256,450,273
P,479,137,413,158,353,200,314,245,274,279,317,166,258,233,222,274,188,310,360,167,323,276,312,338,304,383,410,177,388,279,404,264,414,236,456,192,434,270,443,258,448,232
X,345,320,310,288,285,244,286,203,314,185,321,179,330,130,320,114,309,122,353,186,341,167,322,210,325,222,382,204,358,210,340,244,346,245,407,229,378,240,362,262,368,261
F,402,374,351,349,310,313,279,279,263,242,354,242,321,205,291,208,272,223,380,226,366,169,343,136,320,111,408,225,405,169,392,133,379,104,433,236,445,189,452,156,458,128
X,340,324,295,288,265,246,250,211,267,198,321,175,325,117,296,109,270,124,354,184,301,174,285,216,295,234,376,205,312,220,303,254,316,261,390,231,333,251,325,275,338,278
B,422,390,379,360,357,314,372,271,404,260,362,270,356,223,358,195,363,170,389,264,384,211,384,179,384,150,415,267,412,219,408,187,406,161,442,278,439,241,435,216,431,193
U,393,441,343,395,319,346,328,293,375,273,336,267,329,200,331,164,335,127,374,265,364,190,359,149,357,106,410,278,410,211,395,261,385,303,446,302,442,251,422,275,408,306
A,454,340,396,324,355,286,339,238,350,204,379,245,376,206,381,240,385,265,410,244,405,202,407,248,410,271,440,247,436,209,434,255,434,279,471,254,467,230,460,261,456,280
P,481,135,414,159,355,200,316,243,274,273,317,163,258,228,220,270,185,306,361,162,322,274,312,339,304,387,413,171,388,278,404,263,414,235,460,187,437,267,445,256,449,229
G,456,358,406,324,371,285,344,258,315,235,423,212,376,187,337,181,306,182,448,216,374,214,372,254,391,263,463,235,390,246,393,277,413,278,469,262,411,280,411,300,427,299
Q,392,175,337,221,292,261,268,303,245,341,205,197,173,269,164,318,164,357,230,177,221,280,259,283,273,263,267,170,266,270,297,268,301,245,309,172,307,250,327,253,332,235
L,505,366,452,354,404,320,366,288,331,283,418,255,406,202,403,171,401,141,452,253,452,219,459,267,458,287,485,256,488,228,488,274,482,291,517,264,521,238,515,270,508,286
R,367,418,327,379,308,324,319,276,350,245,327,267,328,210,340,175,356,142,358,268,343,195,334,157,331,123,391,280,381,231,360,277,349,315,422,303,401,271,377,303,364,331
I,412,363,361,333,325,280,309,229,312,185,349,239,345,197,353,229,358,255,382,236,379,193,381,233,384,263,416,237,417,187,411,217,406,246,449,243,451,199,449,173,446,149
B,427,363,381,332,358,282,375,238,409,232,360,236,354,186,357,157,362,131,389,229,383,174,383,140,382,108,417,233,412,182,408,149,405,122,447,245,442,206,437,180,432,156
N,451,309,408,282,386,233,404,188,429,156,378,201,366,162,372,189,381,219,412,195,403,141,403,180,408,202,447,200,444,173,438,219,439,235,482,211,475,188,469,218,469,230
V,366,374,329,342,308,296,328,256,364,236,326,219,313,155,309,114,308,79,364,218,363,144,365,99,369,61,399,237,402,198,381,245,367,282,429,268,423,243,401,275,385,302
N,456,307,412,280,390,231,410,186,436,154,384,199,372,160,377,188,388,217,419,194,409,138,408,177,415,200,454,199,450,172,444,219,445,233,489,209,480,189,472,219,473,230
E,409,378,368,343,353,290,382,252,423,244,361,244,364,191,363,219,365,248,394,239,402,177,396,204,394,233,425,246,438,186,427,206,421,235,454,262,460,220,445,224,435,244
G,459,365,403,326,366,284,338,256,306,233,423,207,371,179,331,170,300,168,448,215,366,213,364,253,384,265,461,237,378,251,382,283,403,286,463,269,397,290,399,312,418,312
A,409,307,351,281,312,235,301,183,314,146,342,192,338,150,337,183,340,211,374,194,370,149,365,193,367,223,406,201,402,158,393,205,391,236,439,213,434,183,420,214,413,239
K,431,385,385,357,359,311,352,265,349,230,373,267,354,220,344,192,337,166,403,266,403,207,405,171,410,141,431,278,432,249,420,285,411,313,458,296,451,278,437,305,425,329
D,454,392,395,365,353,332,320,315,293,295,407,237,384,176,372,139,367,109,426,245,357,202,311,231,296,259,434,264,370,222,324,248,308,276,433,291,384,255,344,264,323,282
B,419,432,373,401,351,352,362,305,391,283,356,306,350,256,355,226,361,198,383,299,377,243,378,210,378,178,409,302,405,251,402,219,399,192,437,312,433,274,429,248,424,224
R,365,413,325,374,305,322,315,275,345,243,324,264,325,207,337,172,352,139,355,264,340,194,328,156,322,123,387,277,378,228,357,274,345,312,418,300,397,269,374,300,361,328
S,403,380,362,347,329,297,342,248,387,228,339,237,332,189,341,240,349,259,377,237,375,179,372,238,375,253,414,250,416,219,403,274,401,281,451,270,446,252,432,286,429,293
R,365,413,326,374,307,320,318,274,348,245,327,264,327,207,338,172,351,139,357,265,343,194,333,157,328,124,389,278,379,230,359,274,347,311,420,300,399,270,377,301,364,329
T,431,333,384,301,359,243,370,193,385,156,377,207,360,164,354,177,357,201,410,210,399,171,386,219,385,244,443,221,430,189,413,239,411,264,476,238,461,211,443,241,440,258
P,412,84,361,121,325,165,304,201,276,228,290,129,258,194,236,239,217,277,327,115,327,215,343,259,354,287,373,110,380,200,386,184,385,157,414,111,414,181,416,170,412,145
M,445,364,387,316,371,247,417,203,457,174,378,210,366,152,368,197,375,236,420,203,412,136,406,191,410,231,462,209,462,138,447,191,443,231,503,223,502,171,483,199,473,226
U,380,476,318,424,291,371,295,306,352,284,310,274,301,200,303,158,309,115,354,271,342,186,335,140,331,91,395,286,394,211,374,272,363,321,435,316,429,256,406,288,389,325
K,449,401,401,371,372,323,365,274,360,237,384,277,364,227,352,197,343,170,416,276,416,213,418,175,422,144,447,288,449,255,437,295,429,326,477,308,471,287,458,315,446,341
F,425,391,376,366,335,331,300,306,278,277,366,254,327,228,298,243,287,264,386,239,360,181,346,144,340,109,413,240,413,180,419,140,424,105,440,256,456,212,473,179,488,150
M,446,347,392,312,373,255,409,213,440,185,373,226,360,179,369,215,379,247,407,216,396,161,400,207,407,239,443,216,438,157,433,202,434,235,478,224,473,181,463,208,457,233
F,436,342,387,322,348,291,317,263,302,232,383,226,351,195,324,199,308,212,404,210,383,161,361,131,340,108,430,207,424,158,415,124,405,96,454,217,464,175,471,144,476,116
C,480,338,421,318,374,286,335,269,302,249,400,204,376,155,345,142,316,144,417,198,391,137,351,128,317,141,434,198,413,137,371,127,336,137,450,206,430,160,398,144,369,143
T,431,312,382,294,348,241,352,183,367,145,359,197,347,155,349,187,357,204,395,200,390,166,387,221,387,220,430,206,427,184,419,236,418,235,465,214,457,196,448,232,450,239
W,371,430,327,405,303,369,328,328,363,300,297,282,267,217,256,178,251,142,336,268,323,190,322,143,321,101,370,277,379,215,382,172,382,132,401,307,397,260,383,273,372,298
W,345,411,304,381,283,329,312,288,350,257,278,245,250,177,240,133,235,95,320,233,309,153,308,101,309,60,357,245,368,175,372,129,377,90,391,274,375,239,353,265,337,295
I,349,343,298,330,257,290,237,248,234,211,278,253,265,218,276,247,287,274,305,245,292,210,300,244,309,273,334,240,324,199,322,227,324,255,365,238,362,200,359,176,354,155
Y,340,335,293,308,255,260,229,220,202,195,288,214,284,170,280,207,280,242,321,214,317,178,307,220,305,254,355,219,359,174,344,201,335,227,387,228,414,186,432,159,449,133
H,551,338,519,286,469,258,415,264,375,273,473,195,389,192,342,194,303,195,485,231,384,223,333,223,294,221,494,275,406,281,419,291,444,290,499,318,427,320,437,326,463,324
X,357,319,325,293,300,246,308,203,336,182,330,185,338,143,332,125,328,121,361,197,360,169,340,217,343,227,389,215,383,206,359,246,363,248,414,239,405,234,384,258,385,260
M,420,344,370,307,356,259,388,224,416,200,363,231,349,190,350,221,359,250,393,224,382,174,379,213,386,243,424,225,419,171,409,209,411,239,456,233,449,194,435,215,431,237
V,346,354,307,325,280,279,297,235,336,216,298,203,282,141,276,100,273,65,335,201,330,125,329,81,332,43,372,219,369,180,349,228,338,265,404,248,394,224,372,254,357,281
F,430,356,381,337,337,308,300,286,274,260,363,232,322,206,292,220,278,240,381,216,349,163,329,128,317,95,408,213,397,156,394,117,393,84,436,224,438,179,444,147,450,118
G,456,366,405,330,371,288,344,260,314,237,423,215,377,186,338,180,306,182,450,220,377,215,371,257,389,269,466,240,392,250,392,283,412,286,471,269,411,287,410,309,426,309
D,439,390,380,359,339,318,306,292,293,258,393,232,376,176,367,141,365,111,413,233,361,182,320,200,303,225,425,242,375,196,328,213,307,237,428,260,383,225,340,227,314,240
V,363,387,324,357,297,308,316,269,355,249,313,230,288,165,276,122,269,85,355,229,358,150,364,102,371,60,393,248,393,212,372,262,359,300,426,280,418,257,394,290,378,319
F,427,347,376,329,331,302,295,279,268,250,353,227,318,200,291,212,277,231,374,211,342,159,322,124,307,91,405,209,390,155,385,119,381,87,438,218,437,174,441,142,444,113
B,415,432,367,401,345,354,351,307,364,275,355,303,348,256,351,227,357,200,381,297,375,244,374,212,374,180,406,301,402,251,398,220,396,193,434,313,429,274,425,248,420,224
U,383,377,338,340,318,289,333,240,371,222,338,234,331,177,333,143,337,112,370,230,362,165,356,127,354,94,401,239,404,185,388,219,377,254,432,256,431,212,414,227,399,251
Y,339,308,293,279,258,231,233,190,203,168,299,188,301,154,302,195,301,230,334,189,339,162,328,210,321,244,369,195,380,154,366,187,354,216,397,205,429,165,452,142,471,117
X,340,321,309,296,283,248,290,203,318,180,307,187,312,144,307,125,305,117,340,197,342,167,321,216,322,226,369,215,367,203,342,244,343,247,395,238,389,232,367,258,366,260
V,357,382,317,353,289,306,306,266,344,247,305,229,282,164,270,123,263,87,346,228,350,150,355,103,361,63,384,247,381,210,361,259,350,296,416,279,407,254,383,285,367,313
A,440,341,389,329,347,291,330,244,347,215,371,248,369,214,374,251,378,271,401,247,398,212,399,259,401,275,430,251,429,219,425,266,424,283,460,258,458,238,451,271,447,285
U,381,376,334,336,314,286,327,235,369,221,333,236,326,177,328,145,332,115,365,231,357,166,352,130,350,97,396,239,398,183,383,217,372,251,428,255,426,210,409,225,395,250
O,411,308,361,263,329,214,308,177,303,140,379,154,375,98,342,93,319,105,395,154,391,84,347,80,318,98,409,161,402,92,354,88,322,105,416,173,397,119,359,111,331,121
X,371,331,322,290,295,250,277,220,275,196,354,176,344,124,312,117,288,130,372,186,299,178,291,218,309,230,380,205,301,219,303,252,323,255,380,231,314,250,318,274,337,274
F,435,362,386,343,342,313,304,290,277,264,367,238,328,212,299,225,284,244,385,222,355,169,336,134,323,99,412,220,402,162,400,124,399,90,441,231,445,186,453,153,460,123
H,526,338,490,287,441,257,390,264,352,275,444,194,363,192,316,193,277,190,458,227,363,222,307,222,264,221,469,267,379,281,393,295,418,295,474,308,400,318,410,327,436,323
E,424,379,385,349,367,302,393,263,431,250,356,252,361,198,373,233,375,259,391,242,392,175,401,213,403,241,425,242,428,183,430,210,427,238,455,253,455,214,451,223,444,241
H,523,334,488,283,439,253,387,257,349,268,442,189,363,186,317,187,278,184,456,222,361,215,307,215,266,214,467,263,378,272,391,286,416,288,471,304,398,311,408,319,434,317
M,445,352,390,315,374,258,410,217,440,188,376,226,362,182,370,217,379,249,411,217,400,164,403,208,408,241,446,219,443,161,437,206,436,241,482,228,480,185,468,210,460,235
N,430,271,386,242,365,195,385,153,414,126,368,168,356,129,361,154,370,183,399,164,391,110,389,142,394,167,431,170,428,142,421,185,421,207,465,182,457,158,449,185,448,201
C,471,342,413,323,368,292,333,273,302,255,389,218,367,172,337,161,310,161,404,211,380,152,340,146,309,159,419,211,399,151,358,143,326,153,433,217,413,173,382,158,353,157
J,395,399,336,381,284,337,263,289,277,253,318,279,304,239,308,275,313,312,351,271,338,239,339,289,343,330,386,266,374,218,367,256,365,295,419,266,417,216,410,184,403,157
N,451,302,405,276,382,226,402,182,430,152,379,196,366,157,371,187,382,215,413,190,404,135,403,175,409,198,448,195,444,169,438,216,438,231,483,204,474,186,467,217,468,227
L,439,359,387,346,338,315,297,285,262,279,357,248,346,196,341,164,338,136,387,246,377,221,381,270,384,283,419,249,412,224,410,269,410,283,452,256,446,232,439,264,436,280
A,439,320,386,304,347,267,333,220,344,188,370,227,368,191,373,224,376,248,399,227,397,189,399,233,400,255,428,230,427,196,424,241,422,264,457,239,456,216,448,246,443,263
U,362,412,316,369,298,322,304,276,340,250,316,259,309,200,310,166,314,134,348,258,341,190,335,153,334,117,378,270,377,209,360,252,352,289,407,291,400,244,381,264,369,292
I,351,339,302,321,267,277,253,233,245,196,293,244,282,206,289,231,296,261,322,240,311,199,313,233,318,264,352,238,346,194,337,220,333,248,384,240,388,200,386,174,383,151
V,354,381,314,351,287,304,305,264,343,242,303,224,279,160,266,118,259,82,344,224,347,145,352,96,359,55,382,244,380,206,359,254,347,292,415,277,406,251,381,282,364,310
C,477,352,413,328,365,295,328,277,294,257,396,212,371,161,337,147,306,149,412,207,385,140,340,130,304,142,426,209,401,141,354,131,318,140,436,218,408,169,372,153,340,152
M,423,346,374,312,358,262,388,225,418,201,364,233,350,190,355,222,364,252,395,225,384,174,384,213,390,245,427,226,422,172,415,211,416,242,460,235,454,195,443,217,438,241
C,468,337,411,319,366,288,332,269,301,251,388,214,365,169,336,159,309,159,403,207,377,150,338,144,308,157,418,207,395,149,354,142,323,152,432,213,410,169,378,155,351,156
L,436,388,383,374,329,343,283,317,244,316,344,262,330,207,325,172,323,141,377,256,369,223,376,273,381,295,413,256,409,221,409,266,409,289,449,264,447,231,437,261,431,282
C,476,352,410,328,359,295,320,278,286,259,389,210,364,158,328,144,298,145,405,204,378,136,332,126,296,138,419,207,394,138,346,127,310,136,429,217,402,167,365,152,334,150
Z,380,399,339,364,313,325,303,284,332,257,330,241,327,175,326,135,330,100,366,248,368,200,359,251,353,280,401,263,407,220,388,263,377,294,429,289,436,251,415,276,401,298
U,383,455,332,413,312,364,322,310,369,292,326,285,318,219,320,183,324,146,363,282,353,207,348,167,347,126,398,295,399,229,386,281,378,322,434,319,429,269,412,297,402,328
S,384,356,339,325,309,267,327,217,371,208,334,218,326,177,326,223,334,238,368,221,363,172,353,224,360,234,401,235,394,204,378,255,384,261,435,254,416,237,402,270,409,275
F,438,337,389,318,350,288,318,261,304,230,385,222,353,193,325,196,309,209,406,206,384,158,362,129,341,105,431,203,425,153,416,119,406,92,454,211,465,169,472,138,478,111
G,464,364,412,328,378,288,351,262,321,240,431,215,382,189,343,185,313,187,456,220,381,221,378,260,396,271,471,241,397,255,400,285,420,287,476,271,418,290,417,310,432,310
G,479,369,432,317,400,274,364,254,328,236,466,210,404,173,359,167,325,170,485,232,397,220,395,257,414,269,490,264,401,268,406,297,429,298,485,299,412,307,415,325,435,323
I,357,352,306,339,265,299,244,258,238,221,283,262,270,225,282,254,295,282,311,253,298,217,307,252,317,280,340,247,330,205,329,233,331,260,371,245,369,205,366,181,361,160
C,474,358,408,332,358,298,319,281,284,261,391,215,366,160,328,147,296,149,406,210,380,138,332,128,296,139,420,213,395,141,345,130,308,138,428,224,400,172,361,156,329,155
V,356,384,317,354,289,307,307,267,346,246,304,229,281,163,268,122,261,85,346,228,350,147,355,99,362,60,385,248,381,210,361,259,350,296,417,280,407,255,383,287,367,315
Z,393,452,342,419,307,376,310,331,350,306,338,267,334,187,334,138,337,95,385,277,393,232,380,293,368,327,427,296,441,254,416,310,395,343,462,326,473,291,447,326,427,350
Y,347,337,300,310,262,265,235,226,208,203,293,219,288,175,287,213,288,248,326,218,322,181,313,224,312,258,360,222,363,177,349,204,341,230,392,231,418,188,436,161,451,135
R,365,417,325,378,307,322,319,274,351,244,327,265,329,208,341,171,356,138,358,266,343,193,333,155,329,124,392,280,382,229,361,276,348,314,423,303,403,272,378,302,362,330
U,387,437,336,395,317,348,326,296,371,277,331,274,323,209,325,173,329,138,367,271,357,198,353,158,352,117,401,283,401,218,388,267,381,307,435,305,429,256,414,282,403,312
Y,349,333,303,308,264,264,236,225,207,201,294,216,288,173,286,212,287,248,327,215,323,178,314,222,312,256,361,219,365,174,350,204,340,231,393,228,418,185,436,158,451,131
E,405,356,364,324,345,274,370,235,410,224,346,230,345,179,347,205,351,232,378,223,378,162,377,187,379,215,409,226,414,167,407,187,405,216,438,238,440,198,428,204,420,224
K,439,388,394,359,368,312,363,264,361,228,381,267,363,217,353,186,347,158,413,266,414,205,418,166,424,135,443,280,447,249,434,287,425,318,471,300,466,282,451,311,438,335
W,368,445,325,423,301,385,326,350,362,322,300,295,275,231,266,190,262,153,340,284,332,207,332,159,332,117,374,294,387,232,392,190,394,151,406,324,404,281,390,296,377,320
A,440,345,388,331,346,293,329,246,346,216,371,250,370,216,373,253,376,274,402,250,398,214,398,261,399,278,431,253,430,222,425,268,424,286,461,261,459,241,452,273,448,287
U,393,387,345,346,324,296,338,244,381,228,341,235,334,175,336,141,340,110,375,232,366,165,361,126,360,90,408,242,410,185,395,224,385,260,440,261,438,216,420,232,405,257
V,368,396,328,365,303,317,325,278,362,256,319,238,295,173,283,130,276,92,361,237,364,157,370,108,377,67,399,256,399,220,378,268,366,306,431,288,423,265,399,297,382,324
L,466,346,414,335,366,306,326,278,293,276,379,244,369,193,365,162,362,134,411,240,405,211,412,257,414,275,443,241,438,214,440,258,439,275,475,247,472,222,467,253,464,270
W,360,409,323,386,302,343,331,307,366,280,299,261,275,197,268,155,265,119,339,250,336,173,338,125,340,85,372,261,387,201,393,159,398,121,403,289,398,256,381,275,367,299
X,344,320,313,298,287,250,297,207,326,187,314,189,320,148,316,131,314,124,346,198,344,176,327,225,329,230,374,214,369,211,347,251,349,249,400,236,392,236,371,261,370,261
K,438,383,395,353,371,306,367,258,367,222,384,261,369,210,362,180,357,153,415,262,419,201,425,165,432,135,444,276,450,245,437,282,426,311,471,298,468,277,455,303,442,327
X,346,325,314,300,288,254,292,212,319,190,316,187,322,142,314,125,307,124,350,196,345,176,327,225,330,233,380,215,369,213,347,253,352,254,407,239,392,242,372,266,375,266
K,432,386,385,357,359,311,354,265,349,229,375,266,356,218,346,189,339,163,406,266,406,207,409,170,414,140,435,278,437,251,423,288,414,317,463,298,457,280,441,306,426,330
T,423,316,378,286,354,235,364,186,379,154,379,198,362,161,354,178,358,196,409,202,393,167,384,216,395,224,440,211,422,188,412,235,424,240,471,225,452,206,440,236,450,244
X,340,321,308,298,281,249,290,205,322,186,308,189,314,147,310,132,308,121,341,198,338,175,321,224,326,230,369,214,363,209,342,250,345,249,396,237,386,235,366,261,366,262
Y,297,228,249,219,213,192,185,170,151,159,254,114,263,157,262,198,256,214,294,112,296,168,282,207,276,217,328,127,333,164,311,199,296,217,355,150,388,135,414,126,439,114
Y,332,298,283,270,247,220,223,177,193,157,287,175,286,141,287,183,287,219,322,176,324,149,314,197,309,232,356,182,364,144,349,182,337,214,386,192,417,152,439,128,457,102
Z,377,348,335,313,312,282,302,243,331,219,327,212,320,155,319,123,322,94,356,216,356,173,351,217,345,244,386,227,388,189,374,227,366,256,411,249,414,215,396,235,385,256
Q,426,161,358,198,307,240,294,296,282,351,244,166,205,248,196,306,196,354,285,146,271,262,310,260,318,232,337,140,331,256,356,245,353,211,387,143,379,235,391,230,389,200
R,365,416,325,377,306,324,317,276,347,245,326,265,327,208,339,172,355,139,357,266,342,194,332,156,328,124,389,279,379,231,358,277,347,314,421,302,400,271,376,302,362,329
I,406,354,349,326,308,272,289,217,289,171,336,228,328,181,337,216,345,246,371,223,363,177,367,219,372,251,406,222,402,169,398,200,395,231,441,227,441,179,437,151,432,125
V,351,352,311,323,285,277,300,233,337,211,298,203,281,139,274,97,272,62,335,199,328,123,326,77,329,39,372,215,368,175,351,223,341,261,405,243,395,218,375,249,361,277
S,394,335,347,305,316,256,329,207,369,189,333,205,324,165,328,207,337,224,367,206,362,157,356,205,362,216,400,217,396,187,382,235,384,242,434,236,420,217,408,249,409,257
N,449,302,402,274,379,224,399,179,427,150,375,198,364,155,372,181,382,210,410,191,401,132,402,167,407,193,445,196,442,167,437,212,436,231,481,207,474,184,467,213,466,227
Z,390,359,354,328,332,293,323,257,349,233,347,222,342,167,342,134,346,105,377,228,379,188,371,231,365,256,407,240,412,202,397,240,388,268,432,262,438,229,419,250,408,270
A,440,344,389,330,348,292,330,246,347,217,372,250,371,216,375,252,377,273,403,249,400,214,400,260,401,277,432,253,431,221,427,267,425,284,462,261,460,240,453,272,448,287
O,393,287,352,249,328,201,314,164,316,130,376,156,378,108,351,101,331,110,392,156,395,97,357,89,332,103,405,160,407,99,366,94,339,109,412,168,401,118,368,111,344,122
W,358,445,314,424,286,387,303,347,336,315,280,289,250,223,239,182,231,144,321,276,311,194,310,143,308,100,357,287,366,221,369,176,370,136,389,318,383,272,368,286,355,308
O,403,324,365,278,344,228,334,190,339,156,401,185,407,138,379,130,355,136,418,188,425,129,386,122,356,134,432,196,438,136,396,128,365,140,442,207,439,154,406,142,379,148
M,427,343,378,307,365,258,398,222,427,197,369,232,354,191,358,223,366,252,399,224,387,176,386,215,392,245,430,225,425,172,416,211,417,240,461,233,455,194,442,217,437,239
O,396,296,355,254,330,204,315,163,322,126,376,157,380,104,352,96,332,108,394,157,402,94,364,86,337,101,409,163,416,99,373,92,344,108,418,173,410,121,376,111,349,120
G,467,363,415,326,382,286,356,259,326,237,435,212,387,187,347,181,317,183,461,218,387,220,385,259,403,269,477,239,404,255,407,285,427,286,482,269,424,288,422,308,436,308
J,382,381,323,363,273,323,252,279,267,244,307,267,293,231,295,263,299,298,338,259,324,229,324,275,326,314,371,253,357,209,351,247,350,285,404,253,400,204,394,174,386,147
J,381,386,318,369,263,324,240,276,250,237,297,262,281,220,284,256,289,294,331,252,316,217,316,268,320,310,368,246,354,197,347,237,346,278,404,246,401,193,394,159,386,130
Q,420,185,364,225,321,259,300,297,282,333,250,189,216,256,205,301,201,338,278,168,256,262,297,273,313,254,317,160,303,255,336,258,343,235,361,160,350,238,368,241,372,219
S,398,343,354,312,323,259,338,209,379,194,339,211,331,169,335,213,343,228,374,212,367,161,362,212,368,222,407,223,403,191,389,240,391,247,440,241,426,222,413,254,416,262
T,454,310,408,287,380,239,384,192,399,157,389,204,379,162,383,176,390,200,422,207,424,172,420,217,415,238,454,215,456,187,447,231,439,251,486,227,485,202,475,231,467,247
N,431,269,387,241,367,195,388,153,417,126,370,166,358,128,362,153,370,183,401,161,393,108,389,139,393,164,434,167,430,139,422,183,422,205,467,180,459,156,451,184,450,200
V,370,372,334,340,313,293,334,254,371,235,329,217,317,153,312,112,313,77,368,217,369,143,371,98,375,59,403,237,407,198,386,245,373,282,432,268,429,244,406,273,391,300
B,434,377,388,344,368,292,386,249,418,241,370,250,364,198,369,168,376,141,399,243,394,186,396,151,397,119,427,246,424,194,421,160,419,132,457,258,454,218,450,191,445,166
J,387,388,328,372,277,330,256,284,270,250,310,273,295,236,299,269,304,304,342,263,328,233,329,281,332,321,375,258,363,212,357,251,357,290,409,258,406,209,399,178,391,152
A,446,339,396,321,358,281,344,233,362,204,383,240,387,207,390,242,390,264,414,242,417,207,415,253,413,272,443,249,448,218,441,264,436,282,472,260,474,239,465,271,459,285
R,366,412,326,373,307,319,319,272,350,242,327,262,328,206,339,169,354,136,358,263,343,192,333,154,329,122,390,276,382,227,361,271,348,309,422,299,402,268,378,298,363,326
S,401,378,361,346,327,297,339,248,385,228,337,237,330,191,340,241,348,260,375,238,374,180,370,238,372,252,412,251,414,221,400,274,397,281,448,271,443,254,429,286,425,293
F,417,389,369,366,327,333,292,310,269,281,355,255,317,230,287,244,276,266,375,240,347,182,334,145,328,110,403,240,400,181,405,141,410,107,431,254,445,210,460,178,473,149
X,335,327,298,297,275,253,270,214,296,197,318,186,328,136,314,118,297,126,352,195,327,179,310,222,317,233,380,215,341,224,326,257,336,257,400,241,360,257,347,280,358,279
J,381,372,319,357,264,311,241,265,249,227,296,249,280,207,283,243,289,281,331,239,315,204,315,254,319,297,368,234,353,184,346,224,344,264,405,234,404,180,396,146,387,116
R,366,413,326,374,307,319,319,271,351,242,327,262,328,206,341,170,357,137,358,263,343,192,332,155,326,123,390,276,382,227,361,273,348,311,422,299,402,268,378,299,364,327
M,450,343,397,310,378,256,412,215,444,188,379,225,367,178,376,213,387,245,413,214,402,159,408,204,415,236,448,214,444,156,441,199,442,231,484,223,479,181,470,205,465,228
K,427,383,382,356,357,311,352,265,348,231,372,267,353,220,343,193,336,167,401,266,401,207,403,172,407,142,430,278,430,249,417,286,409,315,458,297,450,278,436,305,425,329
X,339,321,309,297,283,249,289,203,318,180,306,189,310,147,304,127,303,116,338,199,339,169,320,219,321,226,366,217,365,203,341,246,343,248,393,241,387,232,366,258,365,262
K,438,383,393,353,367,306,361,257,359,220,381,259,364,208,353,178,347,150,412,258,415,198,420,160,427,128,443,272,449,242,436,281,427,312,471,293,468,276,454,303,441,327
W,364,427,317,403,289,369,308,327,341,297,281,276,247,211,233,172,225,134,320,262,306,183,304,135,301,92,356,270,362,209,362,165,360,124,389,302,379,254,362,267,348,294
H,539,339,508,286,456,255,401,259,361,268,463,193,378,189,329,190,290,189,473,230,375,219,321,218,280,216,481,273,393,278,404,290,427,290,483,317,412,318,420,325,445,324
Y,338,305,291,277,256,230,232,189,203,167,297,186,299,153,299,195,298,230,332,188,336,161,326,209,320,243,367,193,377,154,363,190,352,220,396,203,429,162,452,139,470,115
Q,362,124,320,160,288,195,278,233,267,266,228,137,205,195,202,239,206,274,253,118,248,194,280,205,292,193,289,110,291,185,313,187,314,169,327,109,328,170,338,172,337,155
A,441,328,389,322,346,294,324,256,329,223,362,246,353,214,361,248,370,270,390,240,380,206,387,251,393,269,419,239,412,209,413,254,417,271,450,243,443,225,439,257,439,271
J,387,383,328,367,277,325,256,280,268,246,310,270,296,231,300,264,305,299,342,261,328,229,329,274,333,313,375,255,362,210,358,246,358,284,409,255,406,206,399,175,391,148
N,458,308,412,283,389,234,409,188,435,158,383,201,371,164,378,192,388,220,417,196,409,142,408,181,413,202,452,201,449,175,443,222,443,235,486,211,480,191,473,221,473,232
Y,348,338,301,312,263,266,236,226,208,202,295,219,290,175,288,213,288,249,328,218,324,182,314,225,312,259,361,222,365,177,351,205,343,232,393,231,419,189,437,162,452,135
N,441,318,399,291,378,241,397,197,426,168,379,211,369,174,373,201,384,230,411,205,403,150,400,184,406,209,443,210,441,181,433,227,433,248,477,222,469,199,461,229,460,242
Z,369,345,329,311,304,277,296,237,324,212,321,210,315,153,315,119,318,90,351,213,350,168,343,212,336,238,379,224,382,182,367,220,360,250,405,246,407,209,388,230,379,251
G,459,366,407,329,373,288,347,260,318,236,427,215,381,187,341,180,310,181,453,220,378,217,375,257,394,267,469,241,394,251,396,282,417,284,474,270,414,288,413,308,429,308
X,343,327,296,291,267,249,251,217,264,202,320,178,324,120,297,111,271,125,353,186,300,180,285,222,295,239,376,207,311,225,304,261,318,267,390,234,333,256,325,281,338,284
P,483,146,416,166,356,206,317,248,277,279,321,169,262,235,225,274,191,307,365,168,326,276,315,338,307,384,416,177,394,280,408,266,418,238,463,193,440,271,447,260,451,233
N,430,307,389,276,373,229,395,189,422,161,376,198,366,160,367,184,373,215,407,196,402,140,396,170,398,198,438,204,436,177,426,220,425,241,470,219,462,196,453,223,451,237
Z,372,403,333,364,310,325,302,283,333,260,331,246,329,185,330,147,334,115,365,253,369,206,356,254,348,281,398,269,406,226,384,267,372,297,425,296,432,258,409,279,395,302
I,377,378,324,365,282,326,262,281,259,242,302,285,288,250,301,280,314,308,329,275,315,240,326,278,336,307,357,269,347,226,348,255,351,284,387,266,381,227,374,204,367,185
Q,384,159,335,189,298,215,280,245,266,270,253,147,215,202,204,245,200,279,282,133,262,208,291,223,304,211,319,132,309,205,329,209,332,189,357,138,347,194,357,198,360,182
A,415,315,352,295,306,253,287,201,297,160,332,205,322,161,328,197,334,226,365,203,354,156,356,204,361,232,398,206,390,163,387,214,388,245,434,214,426,184,417,219,412,244
E,411,381,371,351,353,301,379,262,419,250,353,254,354,201,360,234,364,262,387,246,389,182,390,216,391,244,419,250,426,190,420,217,416,247,449,263,451,222,440,233,432,254
W,362,441,323,413,305,361,340,319,377,291,304,276,281,208,274,167,272,130,345,266,338,187,341,141,344,101,380,277,392,210,398,169,403,130,413,307,415,260,400,278,386,304
D,433,393,373,361,332,318,299,292,284,259,389,233,370,176,362,141,358,111,409,235,354,184,311,201,294,225,420,246,368,198,320,215,298,238,422,264,376,227,333,228,306,240
G,458,367,408,331,375,290,348,262,317,239,427,216,381,187,341,180,310,181,453,222,380,216,373,257,390,270,468,242,395,251,395,284,414,288,473,271,414,289,413,310,428,311
B,435,385,389,352,367,299,385,254,419,248,372,255,366,203,370,173,377,146,401,248,396,191,397,156,398,124,429,252,426,199,423,166,420,137,458,264,455,225,451,197,447,173
N,397,246,351,224,328,174,346,130,373,101,333,149,317,111,320,137,330,163,362,144,350,94,345,124,351,145,394,146,385,119,380,163,383,185,427,154,415,131,407,160,407,176
Z,366,381,324,346,296,306,282,266,310,237,316,229,311,167,309,129,312,97,349,234,349,186,337,234,329,264,381,249,384,205,364,248,354,280,409,274,413,234,390,257,377,281
T,445,326,392,304,359,250,362,197,380,157,366,213,349,170,358,184,372,209,403,213,404,173,402,224,398,249,440,220,441,189,433,240,424,262,476,232,475,203,465,236,456,254
L,472,341,420,332,371,305,329,279,295,276,382,243,368,192,363,161,359,133,413,237,407,208,415,254,417,271,446,237,442,210,444,253,443,270,478,242,476,217,472,249,468,266
C,473,351,411,328,365,297,330,281,300,260,392,218,372,170,341,158,313,159,408,212,385,151,345,143,314,156,422,212,402,151,359,142,327,152,435,219,414,170,381,154,351,154
Z,366,381,323,345,296,307,283,266,313,239,317,230,312,168,310,131,312,100,350,236,349,187,337,235,329,264,382,250,384,207,364,249,355,280,409,275,413,235,391,257,379,280
B,407,409,363,375,344,325,365,284,397,275,345,282,341,232,346,202,352,175,373,276,368,222,368,188,368,155,400,280,397,231,394,199,392,172,430,292,426,255,422,229,417,206
F,408,369,356,347,313,313,280,280,263,243,352,242,320,205,290,208,271,222,377,225,355,170,333,136,313,108,407,224,403,168,397,129,390,96,436,236,454,191,470,158,483,129
U,371,359,322,322,300,277,308,224,353,208,308,221,296,160,294,127,296,95,342,214,328,148,320,109,316,74,375,220,373,166,362,204,356,238,408,235,402,190,388,209,378,236
S,396,357,350,328,314,277,328,224,372,205,325,223,316,178,324,224,334,242,362,223,357,168,353,222,359,235,399,234,395,204,382,256,384,264,435,252,422,234,409,268,411,275
D,448,449,387,404,344,343,307,304,288,263,426,250,408,173,397,128,393,92,449,256,392,177,332,194,304,224,459,272,406,199,343,212,313,240,455,297,408,239,357,234,326,248
B,443,392,397,360,375,310,395,269,427,257,377,265,373,213,377,181,384,151,407,258,402,200,403,164,404,130,435,263,432,209,429,175,426,146,466,275,463,234,459,206,454,181
F,437,337,388,317,349,289,317,262,302,230,383,223,350,193,323,198,307,212,404,206,382,159,360,130,339,106,428,203,423,153,413,119,403,92,451,210,462,169,469,138,474,111
U,375,369,327,330,306,281,318,231,359,218,325,228,317,171,317,139,320,108,358,223,348,159,342,122,339,88,388,232,388,176,373,211,363,245,420,248,417,202,400,217,385,241
U,381,380,336,340,317,289,334,240,374,219,326,232,318,167,319,131,323,97,361,226,351,154,346,114,345,77,395,234,396,179,385,217,378,252,429,252,429,206,414,224,402,251
F,436,349,386,331,343,301,307,278,280,253,368,228,331,203,302,216,288,235,386,213,356,160,338,125,326,92,413,211,403,156,401,118,401,86,441,222,446,177,453,145,458,115
E,404,372,360,346,335,302,352,263,390,245,339,250,333,199,335,224,341,252,369,242,367,183,364,208,367,237,399,245,403,188,394,208,392,236,429,257,430,217,415,224,407,245
O,398,297,356,256,330,204,315,163,319,125,377,156,382,104,352,97,331,107,395,156,403,92,364,84,337,99,410,161,416,97,372,90,343,105,420,171,409,120,375,110,350,117
Z,386,356,347,321,325,288,316,251,345,227,341,218,336,163,336,130,340,101,370,223,371,181,366,224,360,251,399,235,404,195,389,234,381,263,423,257,428,223,409,245,399,265
B,413,432,368,401,348,350,367,310,397,306,350,307,345,257,350,226,356,198,376,300,370,245,371,211,371,178,402,304,398,254,395,222,393,194,432,315,427,276,423,250,419,226
F,423,350,372,331,327,306,291,283,264,254,349,230,314,203,286,216,273,235,370,214,337,162,317,128,304,95,401,212,386,158,381,122,377,91,434,221,432,177,435,145,438,117
W,364,444,321,423,293,385,315,348,350,320,288,293,261,229,251,188,244,152,328,280,319,201,317,152,315,111,363,290,374,227,377,184,378,145,395,318,387,276,373,293,362,317
D,467,397,403,368,359,336,325,319,301,298,417,240,392,177,380,138,374,106,435,249,361,206,316,239,303,268,442,269,373,230,328,258,313,287,438,298,384,265,343,274,321,293
C,471,343,412,324,366,293,332,275,301,255,388,219,365,173,334,162,307,162,403,212,377,152,337,146,306,160,418,212,396,152,354,144,322,154,432,218,410,173,378,159,349,159
X,349,319,315,294,288,247,291,205,318,185,320,185,327,139,318,122,308,122,352,193,342,172,326,219,330,230,381,210,364,210,345,249,352,251,407,233,387,237,369,262,374,262
T,432,321,384,297,355,244,360,192,378,153,364,205,351,165,355,173,367,190,400,208,402,169,396,220,393,242,434,217,438,187,426,237,418,258,468,232,469,204,456,237,446,255
D,465,395,403,365,360,332,326,315,299,295,420,237,394,175,381,137,374,106,439,247,364,204,318,236,303,265,446,268,377,227,331,253,315,282,442,296,390,262,348,270,327,288
A,444,345,392,329,351,291,335,245,352,216,376,250,376,216,380,252,383,275,407,250,405,214,406,261,407,279,437,254,437,222,432,268,431,286,467,263,465,242,457,273,453,287
O,402,306,363,264,338,217,323,178,329,141,385,168,391,119,363,112,341,122,402,169,410,108,373,100,345,113,417,175,424,114,382,106,352,120,426,187,418,137,386,125,359,132
V,386,385,351,351,333,304,359,267,397,251,351,229,345,166,345,125,348,90,388,231,393,155,398,112,404,74,422,251,431,214,410,260,395,295,451,282,452,258,430,288,412,313
U,392,393,345,351,324,301,337,251,381,235,342,239,335,179,337,145,342,113,376,236,367,169,363,131,362,94,409,247,410,187,395,227,385,264,441,267,438,221,420,237,405,262
W,357,432,317,405,297,356,331,314,370,287,296,269,268,202,259,161,254,123,337,258,327,179,327,132,327,92,372,269,381,204,385,160,389,121,405,299,405,253,390,270,377,296
B,459,379,415,341,397,290,419,247,455,237,403,244,402,191,408,161,416,133,434,239,434,181,437,145,439,111,463,246,465,191,464,156,464,126,492,261,493,220,491,191,489,166
G,457,360,407,325,372,286,346,259,316,237,423,215,377,189,337,183,306,184,448,219,376,215,372,255,389,267,463,238,390,248,392,280,411,283,468,266,409,285,408,306,424,307
G,479,373,417,323,379,276,348,251,312,228,443,197,384,162,338,154,302,155,473,211,381,209,379,251,401,263,487,241,395,257,400,289,424,290,490,279,416,296,418,318,438,317
K,445,424,397,390,369,340,365,290,371,253,390,292,371,240,360,209,353,181,423,291,426,227,431,188,439,156,454,305,456,274,440,315,428,347,483,327,476,307,459,337,444,363
C,474,335,411,315,361,289,324,278,292,260,388,202,361,152,324,141,294,144,401,198,371,131,326,125,293,137,411,201,383,134,337,126,304,136,417,212,388,166,354,151,325,147
B,446,386,400,353,378,300,395,254,428,243,388,253,383,202,386,171,392,143,417,246,413,189,414,153,415,118,445,251,443,197,440,163,438,133,473,265,470,224,467,196,464,170
F,425,382,376,359,333,324,295,299,269,273,362,248,324,220,293,233,278,253,382,233,354,177,336,140,325,104,409,233,404,173,406,133,410,99,437,248,450,202,464,169,477,139
C,469,379,407,349,363,311,329,288,299,264,399,233,382,180,351,164,322,160,414,228,396,161,354,148,319,157,428,230,414,161,369,147,335,154,440,238,423,183,389,163,358,162
S,388,356,345,325,314,275,328,227,370,212,330,224,322,182,325,226,333,241,364,225,360,174,353,225,358,236,397,238,394,207,379,256,380,262,431,256,417,239,404,270,405,276
F,436,336,387,317,348,287,317,260,302,228,383,222,349,192,323,197,309,212,404,205,381,157,359,128,338,105,429,201,423,152,412,118,402,90,452,209,462,168,468,137,473,111
A,444,341,392,328,351,290,334,243,350,214,374,247,373,214,378,249,381,271,405,247,402,212,403,258,404,275,434,250,433,218,429,264,427,282,464,258,462,238,454,269,449,285
R,370,419,331,375,318,318,335,268,366,239,337,264,340,210,352,176,365,147,369,266,358,199,351,164,351,137,401,280,393,233,372,276,358,313,431,304,414,272,390,300,374,328
D,478,395,419,370,371,333,331,311,308,281,409,237,386,172,379,134,378,101,430,236,374,188,330,211,313,241,445,247,389,203,342,228,325,258,452,266,405,233,363,243,342,264
I,385,350,330,324,290,272,271,220,272,176,319,230,310,185,317,218,324,245,352,225,343,179,345,220,350,250,385,224,382,171,374,200,370,229,419,227,418,182,413,155,409,131
B,437,379,393,346,374,296,392,253,424,244,380,253,376,205,379,176,385,150,408,247,405,193,406,160,407,129,434,251,434,202,431,170,430,143,462,264,460,226,457,199,454,175
L,435,356,385,342,334,311,292,281,258,276,352,243,341,192,336,160,334,133,382,242,372,218,376,267,379,280,415,245,407,219,406,265,406,279,448,252,443,228,434,261,432,277
V,367,373,330,341,308,294,328,253,365,234,325,218,311,155,306,114,306,79,362,218,360,143,361,98,366,60,398,236,400,196,381,243,368,280,428,267,423,242,401,273,385,300
L,446,353,395,339,347,309,305,279,270,276,361,243,351,192,346,160,344,133,391,240,383,217,388,263,390,276,424,243,417,218,416,262,416,275,457,249,452,226,444,258,442,274
U,354,400,310,360,288,307,295,258,329,231,310,256,300,200,297,168,299,137,339,251,331,186,322,149,318,116,369,260,369,203,349,235,337,270,398,277,396,230,374,240,356,262
A,451,335,395,320,353,283,335,238,346,204,376,243,371,204,376,237,381,260,407,241,400,201,403,245,405,267,437,244,431,207,430,253,430,276,468,251,463,227,457,258,454,276
F,452,349,404,327,365,295,333,266,318,235,401,228,369,196,341,201,325,214,423,212,402,162,380,131,361,107,449,210,444,159,436,124,426,96,474,220,486,177,494,146,500,119
K,434,389,389,359,363,313,358,267,355,232,377,268,359,219,349,189,343,163,408,268,410,206,413,169,419,138,438,281,441,251,427,289,417,318,466,302,461,283,446,309,432,334
B,412,408,365,377,341,332,351,287,380,264,344,286,336,237,340,208,346,181,371,278,363,225,362,193,361,161,397,281,391,232,385,202,381,176,426,291,420,254,414,229,408,206
V,363,370,326,339,303,291,323,250,362,232,321,213,307,150,302,109,302,74,359,214,358,137,360,93,364,55,395,233,396,193,376,241,363,278,425,265,419,239,397,270,382,297
D,413,410,364,378,327,330,300,298,281,264,364,274,355,218,349,185,346,156,382,272,360,213,325,217,303,235,396,274,373,216,329,223,303,243,406,281,380,232,343,228,317,241
S,414,380,374,347,341,296,355,246,403,225,349,235,343,186,352,238,361,258,389,235,388,172,386,232,388,247,427,248,429,218,416,273,413,280,464,268,459,251,445,286,441,293
S,394,358,348,330,312,278,327,225,371,206,327,221,315,180,322,228,332,242,363,221,354,170,351,225,358,233,398,233,392,202,381,257,384,260,434,250,420,233,408,268,411,273
N,454,303,409,277,387,227,407,182,433,151,380,196,368,156,374,185,384,214,414,190,405,136,405,176,411,198,449,196,447,169,441,216,441,230,484,206,478,185,471,215,470,226
D,430,379,372,348,330,308,298,282,282,250,383,222,364,166,356,131,352,101,403,223,353,173,311,189,292,211,416,232,367,187,319,201,295,223,419,250,374,215,332,215,305,226
K,431,378,386,350,361,305,356,259,352,225,375,263,358,214,348,184,342,158,405,262,407,204,410,168,416,137,435,275,441,244,428,281,419,310,462,295,459,278,445,302,433,325
C,477,354,413,330,363,296,325,279,293,259,394,213,370,161,336,147,305,148,409,208,384,140,339,130,303,141,423,210,401,142,353,131,317,139,434,220,408,170,372,155,341,154
W,362,438,317,414,294,375,321,337,359,311,295,285,268,217,259,177,255,140,335,275,327,194,327,146,326,102,369,285,380,221,386,178,388,136,399,317,394,268,380,282,368,308
C,473,341,415,322,369,292,333,274,303,254,392,216,370,169,338,158,311,160,407,210,382,148,341,142,310,156,422,210,400,150,356,142,324,152,436,218,414,174,380,159,351,159
U,373,367,326,328,307,278,320,226,362,213,322,225,314,162,315,126,319,94,356,220,346,151,339,113,337,78,388,228,387,171,375,209,368,244,421,245,418,198,402,215,390,241
K,431,385,385,355,360,309,354,264,351,229,374,266,355,218,346,188,340,162,405,265,405,206,408,169,413,139,435,277,436,249,423,287,413,316,462,297,456,279,441,306,429,330
A,440,344,389,329,348,293,330,248,347,218,371,251,369,216,373,251,377,273,402,250,398,214,399,260,401,279,431,253,429,221,425,266,424,285,461,262,458,240,450,271,446,287
O,446,301,404,251,376,204,356,167,354,132,439,148,427,98,392,94,366,105,455,152,438,86,393,87,365,106,466,162,451,99,402,97,370,113,470,179,453,129,416,117,387,122
R,364,415,325,374,306,319,319,270,353,241,326,262,328,206,341,172,357,140,358,263,343,192,332,155,328,121,390,277,382,229,361,275,349,313,422,302,403,270,379,300,363,329
C,508,327,450,298,406,260,373,240,343,218,452,185,426,138,390,127,359,130,463,181,431,120,386,113,354,126,469,186,437,125,391,119,358,131,468,195,436,150,400,139,370,140
X,346,320,316,298,290,253,299,211,329,191,316,191,322,149,318,133,316,126,348,199,346,179,329,226,331,232,376,216,370,214,349,253,350,251,402,238,392,239,372,264,371,264
L,462,342,412,335,361,306,320,280,287,279,373,244,360,193,354,162,350,135,404,239,397,214,405,260,406,275,436,239,431,214,433,258,432,274,469,244,465,220,461,252,457,269
Y,331,331,283,303,246,256,222,216,194,192,278,210,273,170,272,210,274,245,312,208,308,176,299,220,298,254,347,213,351,169,336,199,327,226,379,223,407,182,426,157,442,131
P,470,140,406,153,347,195,311,246,279,285,316,172,258,242,223,281,191,315,359,174,322,282,311,339,303,382,408,183,385,284,397,265,406,236,454,198,429,274,437,259,443,232
U,373,361,326,323,304,276,320,228,360,211,315,220,304,161,302,127,304,96,348,213,335,148,326,111,324,76,381,220,380,170,368,209,362,244,413,236,410,194,395,212,385,239
X,356,313,325,290,297,246,305,203,333,180,317,181,317,139,313,122,312,115,350,189,349,165,335,214,337,221,381,205,377,200,357,242,357,241,410,227,403,226,383,253,379,253
D,423,451,365,398,338,345,311,309,286,280,421,283,398,218,388,183,382,151,433,289,372,221,327,233,306,254,429,303,369,240,327,251,308,273,409,322,360,271,323,263,298,270
X,349,320,317,296,290,249,296,205,325,181,313,186,314,145,310,127,310,116,346,195,346,170,329,219,331,226,376,212,373,205,351,246,351,245,404,235,397,231,376,257,373,258
D,488,399,427,374,378,336,340,315,317,286,418,242,393,177,384,140,383,108,439,242,383,194,340,218,325,246,455,254,400,210,355,234,339,263,464,274,417,239,375,248,353,268
I,395,358,342,331,304,281,286,230,287,188,331,240,323,197,330,229,338,255,363,235,356,192,358,231,362,260,395,234,393,185,386,215,382,243,428,238,429,195,425,168,421,145
W,370,434,325,404,302,368,327,328,365,305,305,280,279,211,271,171,268,135,345,270,337,189,338,143,338,101,378,281,389,217,395,175,397,134,408,316,404,263,390,273,377,298
K,447,400,398,369,368,321,361,272,356,236,383,275,362,225,350,194,342,167,416,273,415,212,417,173,422,141,447,286,451,253,438,293,429,325,476,306,471,288,456,316,444,341
V,374,380,340,348,323,305,347,269,382,251,339,229,331,167,330,128,333,93,376,230,379,159,385,116,393,78,409,250,417,213,397,257,383,291,436,281,436,258,414,285,396,309
K,445,430,397,395,371,342,366,292,367,253,391,292,373,241,363,210,357,181,425,293,430,228,435,189,443,157,456,308,458,276,440,316,428,347,485,330,477,309,459,338,445,365
K,434,387,390,359,364,314,360,267,358,233,378,269,361,221,352,192,346,166,409,270,411,210,416,173,422,143,438,283,443,254,430,292,421,321,465,303,462,285,448,312,435,336
K,441,404,392,373,363,325,355,276,354,238,379,274,359,222,347,191,339,163,412,273,414,209,418,169,424,136,444,287,448,255,435,297,426,330,474,309,469,290,454,319,440,345
B,430,376,384,344,362,292,380,247,413,241,365,247,359,196,362,166,368,138,394,239,388,184,389,148,389,116,422,243,418,192,415,158,412,130,452,254,448,215,444,188,439,164
U,365,371,314,332,293,285,299,231,343,218,305,229,293,169,291,135,293,103,339,222,325,158,316,118,313,82,370,230,369,172,356,212,348,247,401,246,396,200,380,218,369,245
H,517,342,480,291,433,261,383,266,347,277,436,198,358,196,311,196,272,193,452,230,357,226,302,226,259,224,464,270,375,285,390,298,416,297,470,312,396,321,407,329,433,325
X,349,313,316,290,288,246,287,207,315,187,327,178,333,133,322,116,310,118,361,183,342,171,325,214,328,226,390,202,361,213,344,247,350,248,414,229,383,241,366,264,371,264
A,452,333,395,316,353,280,335,234,347,200,376,241,371,201,377,234,382,258,407,239,400,199,403,243,406,265,436,241,431,204,430,249,430,273,468,249,464,223,457,253,453,273
E,407,378,365,347,344,298,368,258,410,246,346,250,346,197,350,230,354,258,380,242,382,177,380,212,381,239,412,244,419,183,411,211,407,240,443,257,444,216,431,226,423,247
T,438,306,389,289,357,236,363,179,381,146,368,198,357,161,360,191,370,203,405,202,400,167,397,218,398,217,437,209,435,185,426,234,426,233,470,216,465,199,456,233,458,239
M,446,354,395,314,380,255,417,217,449,190,386,224,376,177,379,215,386,248,422,216,415,162,412,210,416,242,458,220,457,163,447,209,444,242,493,232,491,191,477,218,469,241
K,436,386,392,357,366,312,361,266,359,231,380,267,362,218,353,188,347,161,410,267,413,209,418,171,424,140,440,280,445,251,432,287,423,318,468,301,465,284,450,308,437,331
S,399,376,352,341,317,283,333,228,382,212,337,226,328,179,332,230,340,247,375,229,370,173,362,230,367,241,411,243,407,211,390,266,393,272,449,264,434,243,419,278,421,286
Z,370,342,329,307,306,274,296,235,325,211,322,209,316,152,316,119,319,90,351,212,350,168,344,211,338,237,380,222,382,181,367,219,360,248,405,243,407,207,389,227,379,248
L,455,365,400,347,351,313,307,282,269,280,365,240,354,185,351,152,350,122,397,234,392,200,400,251,404,273,433,234,430,200,430,245,430,269,467,243,466,210,456,240,450,262
R,370,421,331,381,315,323,330,273,361,241,335,268,336,211,348,175,364,141,366,269,350,198,342,162,340,130,399,282,390,233,370,278,357,316,431,304,412,273,388,303,372,331
R,369,424,329,385,311,331,324,283,354,251,327,271,328,211,341,175,357,141,358,271,343,199,332,161,328,128,392,284,382,240,364,286,354,323,424,307,407,277,384,307,369,334
S,385,343,342,313,312,262,327,215,367,199,328,212,319,171,322,216,331,231,362,213,356,163,350,214,356,224,395,225,389,195,375,244,379,249,428,243,413,226,400,257,404,264
X,351,321,319,297,292,251,299,207,328,183,315,186,316,144,312,126,311,118,349,194,348,172,331,221,333,227,380,211,374,209,352,249,353,246,408,234,398,235,377,260,375,260
Q,461,198,398,228,349,262,331,312,314,356,295,202,249,266,239,315,236,358,329,184,304,278,339,287,352,271,373,180,357,274,382,275,388,250,416,185,402,262,415,265,417,241
Q,457,201,395,231,346,266,325,312,305,356,284,203,241,268,228,318,225,363,317,183,296,284,333,285,344,264,361,179,349,278,377,271,379,244,405,182,395,265,410,260,410,235
L,490,372,437,361,387,334,343,308,305,303,400,263,387,210,380,177,376,147,432,258,426,229,433,277,434,295,467,259,462,231,463,277,461,295,501,265,498,238,491,271,486,291
B,431,373,384,343,362,292,379,247,410,240,366,247,359,197,361,167,367,140,395,239,388,184,388,150,387,118,422,243,418,192,414,159,411,131,451,254,447,215,442,188,437,164
D,464,392,408,370,359,336,323,313,296,284,388,263,363,213,350,183,341,156,403,259,357,216,323,229,307,249,414,262,368,221,327,238,306,261,421,273,381,240,344,243,322,259
V,365,391,324,361,298,314,321,275,359,254,315,234,291,168,279,126,272,88,357,232,361,151,366,102,374,61,395,252,396,214,375,264,362,302,427,284,422,260,397,292,381,320
V,366,375,328,342,307,294,327,254,364,236,324,219,311,155,305,114,305,78,362,219,361,144,362,99,366,60,398,238,400,197,379,244,367,281,428,270,423,243,400,273,384,300
R,382,448,340,410,321,355,336,307,368,273,332,287,334,226,344,188,359,153,365,287,348,211,338,169,336,131,401,300,394,258,377,307,367,345,435,325,421,294,399,326,384,354
W,370,448,328,427,302,387,325,351,360,323,299,297,272,234,262,193,256,157,338,284,329,207,328,159,327,118,373,294,383,230,387,188,389,150,406,322,401,281,388,297,376,320
O,409,313,368,271,342,226,327,189,335,156,391,175,393,122,362,122,347,139,408,177,412,112,372,115,351,138,424,184,429,121,385,122,361,143,436,194,428,146,394,140,371,153
I,411,364,360,336,322,283,306,231,308,187,347,241,341,198,349,231,355,256,380,238,374,194,377,234,381,263,413,238,413,188,407,217,403,245,447,243,448,199,446,173,442,149
X,346,320,315,298,289,251,297,208,327,189,316,190,321,148,317,131,315,126,348,198,345,177,329,225,330,231,376,215,369,212,347,251,349,251,402,237,392,237,372,262,371,263
P,482,132,415,155,355,200,316,246,278,278,322,165,262,232,226,272,191,305,365,166,325,273,313,334,304,380,417,175,393,277,406,262,416,235,464,191,439,269,446,257,452,231
L,454,350,402,336,353,307,309,278,275,276,364,243,354,192,350,160,348,131,396,240,389,215,395,262,396,274,429,241,423,215,423,260,422,273,461,246,458,222,452,254,449,270
S,389,363,341,329,311,269,330,218,374,205,335,220,327,176,327,223,336,238,371,222,366,169,356,222,363,234,406,236,399,201,381,254,387,262,441,255,421,237,406,271,412,277
I,357,361,306,346,265,306,243,263,236,226,282,266,269,230,281,260,293,289,311,257,298,222,307,258,316,288,341,252,330,210,328,239,329,267,373,250,371,209,369,184,364,162
J,384,377,326,362,276,321,255,277,270,243,308,266,295,229,296,261,301,296,339,258,325,227,325,272,328,309,372,252,359,208,353,245,351,281,405,251,401,204,394,173,387,147
J,396,398,337,380,286,335,266,286,281,251,319,278,307,238,311,273,315,310,352,270,341,238,341,286,344,327,387,265,376,218,371,256,368,293,421,265,419,215,413,184,406,156
D,435,382,375,351,332,309,300,283,284,251,386,224,367,167,360,132,356,102,406,225,354,174,313,190,295,215,418,234,369,188,322,204,300,227,421,252,378,216,335,217,309,230
M,443,337,387,304,366,250,398,207,428,178,368,220,353,174,364,209,376,240,401,208,388,153,395,198,403,231,436,207,430,149,428,193,429,226,471,214,466,172,456,197,451,222
X,355,322,309,282,279,238,266,201,283,187,345,172,349,121,321,112,295,125,372,183,313,172,298,212,312,226,389,203,321,214,315,246,330,252,396,229,339,244,332,267,346,271
O,396,336,355,268,342,215,329,176,325,138,437,181,421,117,379,106,346,112,449,187,421,109,370,98,340,111,447,196,427,117,376,105,343,116,432,207,417,144,381,125,352,126
E,413,376,369,353,344,306,366,266,405,251,340,260,336,207,341,236,348,264,372,249,367,188,370,217,374,245,403,249,402,189,398,214,398,244,433,258,430,219,418,230,412,252
O,395,295,355,253,329,203,314,162,320,126,377,153,382,103,354,97,333,108,394,154,402,92,363,85,335,99,409,160,415,97,372,91,342,106,419,170,411,118,378,108,352,116
V,366,370,330,338,309,291,330,251,368,233,326,215,313,152,308,111,309,75,364,215,364,140,366,96,371,57,400,234,403,195,382,241,369,278,430,266,425,241,402,271,385,298
U,381,380,337,339,317,289,337,240,380,219,331,224,325,162,329,127,334,94,366,220,357,152,353,115,352,79,401,230,402,178,390,218,382,255,435,252,434,207,418,227,405,255
H,523,334,488,283,438,253,386,257,346,266,441,187,361,185,313,185,275,184,454,220,358,214,305,213,264,211,464,260,376,271,389,286,414,287,469,302,396,311,407,319,432,316
A,423,327,371,303,331,258,318,209,338,176,362,212,358,174,357,213,359,241,394,215,390,174,385,224,386,251,425,223,423,186,412,236,409,264,458,237,453,209,439,243,432,265
K,448,429,400,394,374,341,371,291,370,253,395,293,377,242,367,211,361,182,427,294,432,229,437,190,445,159,458,308,460,276,443,316,431,349,487,330,479,309,462,338,448,365
J,385,387,327,372,275,331,254,284,270,250,308,274,292,237,296,270,301,306,339,265,325,233,326,279,329,318,373,259,359,214,354,252,354,290,406,258,403,209,396,179,388,152
H,520,330,486,280,436,251,383,255,344,266,440,188,359,185,313,186,274,184,451,220,355,215,302,215,261,214,460,260,373,272,387,284,412,286,464,301,394,310,405,318,429,315
Q,400,165,345,200,302,237,292,287,282,334,240,169,210,251,205,303,202,347,278,148,265,255,303,254,313,229,326,141,321,245,346,239,348,210,374,141,367,223,379,221,379,194
A,456,341,399,323,357,286,339,238,351,204,381,245,378,205,383,239,387,263,412,244,407,203,409,248,412,269,442,247,439,210,437,257,437,279,474,255,471,230,464,261,461,279
X,367,334,322,290,293,244,269,214,256,191,342,171,323,113,288,107,265,120,357,185,275,179,272,215,293,227,363,210,278,221,285,251,308,252,361,239,293,251,298,273,319,275
U,372,372,325,334,304,283,315,230,357,217,321,231,312,171,312,138,316,107,354,225,343,160,336,122,334,89,385,233,385,176,371,212,361,246,417,249,414,203,397,217,382,243
S,393,360,346,325,317,267,336,217,380,202,339,221,332,174,333,218,341,236,375,223,372,169,363,220,368,233,409,237,405,203,388,252,391,261,444,257,428,236,412,268,416,276
P,473,144,408,160,347,203,308,249,271,283,315,171,258,237,223,275,190,308,358,172,322,278,311,336,303,379,409,181,386,282,399,265,409,238,455,196,430,275,438,263,444,236
S,390,359,347,329,316,277,330,229,371,212,330,227,322,184,327,228,336,245,365,228,361,176,355,227,360,239,399,239,395,209,381,258,382,265,433,257,419,240,406,271,408,278
C,476,351,414,329,369,298,333,280,302,259,397,218,375,170,344,158,316,159,411,212,387,150,346,143,315,157,426,211,404,150,360,141,328,153,438,218,415,169,380,154,350,154
R,381,452,340,413,321,359,337,309,367,271,333,289,333,225,345,185,361,148,367,289,349,214,340,172,339,134,402,302,396,257,379,306,368,346,437,325,424,290,403,322,389,352
L,461,368,408,352,357,319,315,289,278,288,371,245,361,190,359,156,357,126,405,238,401,204,409,254,412,278,441,239,440,205,441,249,439,273,476,247,476,216,468,245,461,267
H,533,340,499,285,449,254,395,259,353,270,455,190,370,183,320,184,280,183,466,226,363,216,309,215,268,212,474,269,383,280,398,292,423,292,478,313,403,318,414,325,440,322
F,453,364,404,340,366,306,335,276,319,244,403,238,371,204,343,210,327,225,426,223,408,170,387,137,367,112,453,222,451,169,443,132,434,102,478,235,493,192,503,160,510,132
I,366,345,313,327,269,283,246,237,243,197,294,242,281,203,290,230,300,254,324,234,312,192,316,226,323,256,354,229,347,181,341,208,339,236,386,228,381,187,377,163,372,142
G,457,364,400,324,363,282,336,255,303,233,421,205,368,177,327,168,295,168,446,214,363,212,361,251,381,263,457,237,372,248,377,280,398,284,458,268,389,286,391,307,409,308
S,405,341,361,313,330,260,346,209,387,196,347,211,338,170,342,214,351,227,381,212,375,163,370,214,376,221,413,224,411,192,397,242,399,247,447,241,436,223,422,254,424,261
L,469,348,417,336,369,308,329,281,295,278,382,247,370,196,366,165,362,137,413,243,407,215,414,261,415,278,445,244,441,216,442,260,440,278,477,250,474,225,468,256,464,274
M,435,343,385,312,367,264,397,226,424,201,368,237,353,195,361,226,372,255,398,226,386,177,390,217,397,246,430,226,424,173,421,212,423,241,462,233,457,195,448,218,444,240
L,495,365,444,352,395,323,353,295,317,291,406,258,393,206,387,174,383,144,438,253,434,224,442,270,443,286,472,254,470,228,471,270,468,287,505,261,505,235,499,267,493,284
D,418,425,364,385,328,341,299,313,278,284,392,265,363,210,349,174,342,145,412,272,356,221,313,243,297,270,420,288,366,240,321,260,303,287,414,312,366,274,327,280,306,298
U,355,406,310,367,287,319,288,267,328,252,307,259,298,199,298,166,302,134,338,255,331,189,323,150,321,115,368,265,371,205,350,230,337,262,399,282,396,233,376,239,360,262
J,383,379,325,362,275,321,255,276,270,242,308,265,294,227,296,260,300,295,339,257,326,225,325,271,328,309,372,252,360,208,354,245,352,282,406,251,403,203,397,172,391,145
S,385,341,340,309,311,258,325,210,364,195,327,210,319,168,321,212,329,227,361,212,356,160,349,211,356,221,394,224,389,191,374,240,378,247,428,242,412,223,399,254,402,260
Z,365,383,323,348,296,310,283,269,312,241,317,231,311,169,308,132,310,101,350,236,350,186,337,234,329,262,382,250,384,206,365,248,356,278,410,276,413,235,391,257,380,281
H,530,334,497,282,441,253,383,258,338,263,445,189,363,188,315,190,277,188,452,220,355,219,303,218,263,214,458,259,370,277,386,291,411,292,462,301,388,314,401,322,427,318
I,393,359,342,333,306,284,289,234,292,193,331,246,324,205,332,232,338,256,363,243,356,203,359,238,362,265,394,242,392,196,386,221,382,248,426,247,427,205,424,179,421,156
L,489,366,439,354,391,326,348,298,311,294,401,258,387,206,382,175,378,145,433,254,429,225,437,273,438,289,467,255,465,229,466,273,463,289,500,261,499,236,493,268,488,285
V,355,384,316,354,289,308,305,268,343,246,304,230,280,165,269,124,263,88,345,229,349,149,353,101,360,62,383,249,378,211,357,259,347,295,416,280,405,254,381,284,365,312
E,413,381,369,357,344,311,367,271,405,256,341,264,338,210,343,239,348,267,373,253,370,191,373,222,376,251,405,253,404,194,401,220,400,250,435,263,432,224,422,234,416,254
Y,347,334,302,308,263,263,235,224,206,202,295,215,288,174,286,213,288,248,327,213,323,178,314,221,312,255,361,217,364,173,349,203,340,230,392,227,418,184,436,158,451,132
F,421,350,370,331,327,300,291,276,264,249,353,224,315,201,285,214,271,233,371,208,340,156,323,120,312,86,397,205,389,151,390,112,391,80,425,215,430,170,439,138,448,111
S,399,364,358,333,327,284,339,234,383,217,338,231,329,185,337,229,346,248,373,232,369,176,366,227,370,243,407,244,407,210,394,259,393,270,441,263,432,241,419,272,418,282
B,429,364,383,332,362,283,379,240,411,230,363,239,358,188,361,158,367,131,392,232,387,176,388,141,387,109,420,236,416,184,412,151,409,123,450,248,446,208,441,181,435,157
F,443,369,394,344,355,309,324,279,307,246,394,240,361,207,332,213,315,228,417,225,398,171,376,139,357,113,444,224,442,171,433,133,425,103,468,237,482,194,492,162,500,134
T,441,326,390,302,359,248,363,195,380,154,367,212,349,172,352,173,364,188,403,212,402,172,398,222,396,247,439,220,439,188,428,239,421,261,475,234,473,205,460,237,451,255
V,366,396,327,366,302,319,324,280,362,259,319,238,295,171,284,128,278,90,361,237,368,157,375,108,383,67,399,258,402,219,381,269,367,307,431,290,426,268,400,300,382,328
J,386,376,328,361,278,320,258,276,272,243,309,264,296,227,297,259,301,293,340,256,327,226,327,272,330,310,373,250,360,208,355,245,355,281,407,250,404,202,398,172,390,145
R,366,426,326,385,309,328,323,280,354,250,325,273,327,215,340,179,357,146,357,273,341,200,331,160,328,125,390,285,382,236,362,283,351,321,423,308,403,276,381,308,368,337
K,433,388,388,359,362,313,358,267,354,232,378,270,360,221,350,191,344,165,408,269,410,211,413,174,419,144,438,282,441,253,429,291,421,321,466,303,460,286,446,312,435,335
Q,415,185,361,229,317,268,296,308,274,344,242,205,211,274,201,322,200,359,270,185,255,283,290,288,304,268,308,179,305,274,332,272,335,250,351,181,346,257,361,257,362,238
T,430,309,380,292,346,238,351,180,367,142,359,195,342,155,344,184,353,200,395,197,386,163,383,217,386,216,430,204,424,182,416,234,418,233,465,212,455,194,446,230,449,237
T,432,309,385,288,357,238,364,185,381,151,365,202,352,165,355,187,363,201,400,205,396,170,392,218,392,220,434,212,431,190,422,236,421,236,467,221,462,203,453,234,453,241
T,458,299,412,281,386,235,390,189,407,158,395,202,386,163,392,183,400,205,426,205,428,172,425,214,420,231,456,212,459,185,451,228,444,244,486,222,486,199,477,227,471,241
H,532,332,499,279,446,248,390,252,349,260,450,185,366,181,318,182,280,181,459,220,360,211,308,211,268,209,466,263,380,271,392,282,415,283,470,306,400,310,411,318,436,317
Z,370,347,328,311,305,278,296,239,325,217,323,211,318,155,317,123,320,95,351,215,351,171,344,214,337,240,380,226,382,186,367,223,360,252,405,248,407,212,388,233,379,254
B,432,373,385,343,361,294,377,249,410,239,364,247,357,197,360,167,365,140,393,240,386,185,386,151,385,119,420,243,415,193,411,160,408,133,450,254,445,215,440,189,434,165
H,541,340,509,285,457,251,402,253,363,266,465,190,382,183,335,182,296,179,474,225,377,214,324,212,283,209,481,267,391,272,405,286,430,288,483,309,410,312,421,320,447,318
T,450,295,403,273,375,226,377,179,397,148,386,194,375,155,380,172,388,193,418,196,418,160,415,204,412,225,449,203,449,173,441,217,435,237,480,214,478,188,468,217,462,233
J,398,388,334,369,279,320,255,269,273,230,315,258,302,213,305,252,311,293,351,249,338,211,338,264,342,308,389,244,379,191,371,232,367,274,427,245,427,189,421,154,413,123
G,465,367,413,317,381,273,348,252,314,233,444,205,387,171,342,164,308,166,466,224,380,218,378,255,398,267,474,254,386,265,391,293,413,294,471,291,400,304,404,322,423,322
U,378,406,331,367,308,321,314,272,356,251,324,254,315,191,315,157,319,123,358,250,347,180,342,142,339,103,391,260,389,200,375,244,368,282,424,280,421,233,403,253,390,280
Z,375,403,333,362,310,324,302,283,333,260,331,246,329,185,328,148,333,116,365,253,367,206,355,255,347,281,397,268,404,226,384,266,373,297,424,295,431,259,408,279,395,301
F,404,376,353,352,311,315,280,280,264,243,350,246,320,208,292,211,274,225,375,231,355,176,335,142,317,113,405,231,401,177,394,139,385,107,434,244,454,199,468,166,479,136
Y,336,330,291,306,253,259,227,219,199,193,283,210,279,166,277,205,277,240,316,209,313,173,304,217,302,251,351,214,355,169,340,196,330,220,383,224,410,181,427,155,443,129
T,438,308,388,295,353,240,357,181,374,144,364,197,350,157,353,185,362,201,400,200,395,165,392,218,392,218,435,207,433,185,425,236,423,234,470,214,463,198,455,232,456,238
Z,396,369,362,337,340,303,335,268,361,244,356,233,351,177,352,143,355,114,386,239,390,199,384,242,378,267,415,252,422,214,407,251,398,278,440,273,447,241,429,261,416,281
N,425,264,379,238,359,191,380,150,411,125,364,163,352,126,354,149,362,177,395,159,387,106,382,136,385,160,427,164,422,138,414,180,415,201,460,175,452,152,443,180,443,196
S,394,335,350,306,320,254,334,203,374,187,336,205,328,164,331,207,339,223,370,206,364,157,358,208,365,217,403,217,399,183,384,232,387,240,436,234,422,216,408,247,412,254
U,381,374,335,333,315,284,330,234,371,220,334,232,328,173,329,140,334,110,366,228,358,163,353,126,353,92,397,237,400,180,385,215,374,249,428,253,428,208,411,222,396,246
C,485,336,422,313,371,282,333,267,301,247,400,199,375,148,342,134,313,133,415,194,389,128,345,118,310,128,430,195,405,129,360,118,325,126,441,204,415,156,380,140,350,137
M,460,342,404,310,384,256,418,215,451,189,386,226,376,180,387,214,396,245,421,215,412,161,420,206,424,238,457,214,454,158,453,202,452,236,492,222,490,179,481,204,474,230
Z,375,386,332,347,307,310,295,268,325,239,327,232,322,169,321,131,324,98,360,237,361,188,351,236,343,265,392,251,397,206,378,248,369,280,420,276,425,236,402,259,390,283
H,537,341,507,289,450,260,392,267,346,276,451,199,369,197,321,199,282,198,457,233,361,228,310,227,269,225,463,273,375,289,394,302,420,301,467,316,394,326,409,332,435,327
C,474,352,410,328,360,294,321,276,287,257,389,210,364,157,329,144,298,146,405,205,378,136,332,127,297,138,418,207,393,138,346,127,311,136,428,216,402,167,366,151,334,149
J,386,381,327,368,277,327,255,282,264,247,309,271,295,230,297,263,302,298,340,262,327,229,327,274,331,312,374,256,361,210,356,247,356,283,408,255,404,206,397,174,389,147
X,344,327,300,292,271,244,266,202,294,189,321,176,328,120,305,108,284,119,355,184,321,166,306,214,318,224,383,203,337,209,324,248,336,249,404,228,357,243,346,269,359,268
Q,343,125,305,160,271,189,258,219,255,250,215,124,191,180,188,220,188,252,239,104,233,178,267,184,278,168,275,96,280,172,304,170,306,150,313,95,313,157,327,156,328,138
A,420,314,357,297,312,253,295,200,296,160,332,206,326,160,333,196,340,223,366,203,358,156,361,205,365,229,398,206,393,163,391,213,392,238,433,212,429,181,421,215,418,236
O,406,322,368,277,349,229,338,191,343,156,403,185,411,137,384,128,361,134,419,187,426,130,390,121,362,133,433,194,439,137,400,128,371,141,444,205,443,154,412,140,386,145
E,413,382,374,351,355,300,380,262,420,250,354,253,356,201,362,235,365,263,388,246,390,184,393,218,394,245,420,249,427,190,422,219,419,248,450,262,451,222,441,233,435,254
B,405,393,361,360,341,308,360,264,393,259,353,264,351,216,357,187,366,161,382,259,381,205,385,172,389,141,408,265,409,215,409,182,409,156,435,278,435,241,434,215,432,192
V,364,372,326,340,303,292,323,251,363,234,321,215,307,152,301,111,300,75,359,215,358,140,359,95,362,56,395,235,396,194,375,242,362,279,425,267,419,240,398,270,383,297
B,428,366,382,334,359,285,376,242,410,233,360,239,355,189,359,160,364,133,389,232,384,177,385,143,385,111,418,236,414,185,410,152,407,124,448,247,444,209,439,182,434,158
Y,327,302,281,283,244,247,215,212,184,197,276,199,274,162,277,195,279,226,308,197,309,167,304,208,302,239,339,199,346,158,337,185,330,209,367,205,391,167,410,144,427,121
T,430,321,382,287,360,230,369,184,387,148,376,206,359,168,356,170,360,189,409,208,399,177,393,218,391,254,444,216,430,201,420,246,416,276,479,230,463,210,453,240,451,259
S,392,350,350,319,321,268,335,221,374,203,335,219,327,176,331,219,339,236,369,220,365,168,359,217,364,229,402,231,399,200,384,249,385,256,435,249,423,230,409,262,410,269
M,443,348,389,313,370,258,403,216,434,190,374,227,363,178,372,213,380,246,409,217,400,161,404,206,408,239,444,218,442,159,437,203,435,237,480,227,477,185,465,211,457,235
J,408,416,352,394,306,347,290,298,313,267,342,292,337,255,338,291,339,326,376,286,369,255,366,302,365,341,410,285,405,239,396,276,391,313,443,288,445,239,443,209,439,182
W,359,437,320,408,303,359,340,317,380,290,302,272,276,204,268,163,264,125,344,262,335,182,336,136,337,95,379,273,390,209,396,166,400,125,412,305,414,257,399,273,385,301
K,447,404,400,373,371,325,363,277,360,240,384,279,364,229,352,198,344,171,416,277,417,215,419,176,424,144,448,290,451,258,438,297,429,328,478,311,473,291,458,319,444,345
S,404,376,362,343,328,295,341,247,385,224,336,232,330,187,338,236,346,256,374,233,374,178,371,234,372,249,412,246,414,216,400,269,396,276,448,266,442,251,428,284,423,290
H,522,332,489,281,439,251,388,254,347,262,441,185,360,183,314,183,276,181,452,219,356,212,304,212,263,210,461,259,373,271,386,286,410,287,464,301,393,309,404,318,428,315
Z,402,410,353,369,321,329,309,285,342,251,340,227,331,149,331,102,333,60,382,234,385,181,377,239,366,275,424,252,433,205,410,257,392,295,458,282,468,241,442,271,421,299
P,477,134,410,158,349,202,310,246,270,278,313,167,253,233,216,273,181,308,357,166,320,277,308,339,298,384,410,174,385,280,399,264,409,235,458,189,432,271,441,259,446,232
C,477,357,418,336,373,304,336,285,304,265,398,225,376,177,347,163,319,161,413,218,390,157,351,148,319,159,428,218,409,156,368,145,335,154,443,225,423,177,391,160,361,158
S,388,352,346,322,316,272,328,224,369,208,331,220,322,179,326,223,333,239,365,221,361,172,354,222,358,232,397,233,395,203,380,251,381,257,431,251,419,234,405,265,406,272
E,401,382,358,358,329,319,347,279,387,262,332,264,327,213,332,246,339,274,365,254,362,193,362,227,364,255,396,255,398,195,391,224,388,254,426,265,425,225,411,238,403,261
M,433,349,384,306,373,249,411,213,444,188,379,220,368,173,370,208,376,241,413,214,406,158,402,202,405,235,448,218,448,160,435,202,433,234,482,230,480,187,464,210,458,233
S,403,380,363,347,330,300,341,253,386,231,339,238,333,192,342,240,350,261,377,239,378,182,374,238,375,253,414,252,418,223,403,275,399,282,451,273,448,256,433,289,426,296
G,463,362,413,327,378,288,352,261,322,239,429,215,382,190,343,184,312,185,455,219,381,218,378,258,396,268,471,239,397,252,400,284,419,285,476,268,417,287,417,307,434,307
K,439,388,394,358,368,311,363,264,360,228,382,265,364,215,354,185,348,158,413,264,415,203,419,166,425,135,444,278,447,248,433,285,424,315,472,299,466,281,451,308,438,332
N,397,244,350,220,326,172,344,127,369,98,332,146,316,108,319,135,329,161,362,141,349,91,344,125,350,146,394,144,385,116,379,162,382,182,427,152,415,130,406,159,407,175
J,389,380,330,367,281,326,261,281,267,245,311,270,297,230,301,263,307,298,343,261,329,227,331,272,335,311,376,255,364,209,359,245,359,281,409,253,406,205,398,174,390,148
G,464,364,412,328,378,288,351,261,321,239,430,213,384,186,344,180,313,182,456,219,382,218,378,256,396,269,472,240,398,253,400,283,420,286,478,269,419,289,417,310,433,311
R,367,418,328,376,311,318,328,269,360,239,332,265,335,210,350,175,367,143,363,265,349,196,341,160,339,127,396,278,389,228,368,274,355,312,428,301,410,270,385,300,368,327
C,480,345,414,324,370,293,335,276,303,256,395,213,373,165,343,153,315,153,411,207,386,145,345,136,313,150,426,207,404,146,361,137,327,147,440,215,417,167,383,151,353,150
H,536,336,507,285,450,254,389,260,345,271,453,197,366,193,318,194,280,194,459,233,360,224,308,222,268,219,464,276,378,281,395,291,420,292,466,320,399,320,412,326,437,324
O,394,307,352,261,327,209,313,169,321,134,378,161,383,109,353,103,331,116,395,162,403,99,363,92,336,108,410,170,416,107,372,99,343,115,418,182,410,130,376,119,350,125
A,406,343,349,318,304,270,290,217,304,175,336,217,327,175,328,215,332,245,370,218,362,174,358,226,362,256,405,226,398,184,388,238,387,270,442,241,431,210,415,246,409,272
K,430,384,385,357,359,312,354,266,350,232,373,267,355,220,345,191,338,165,403,266,403,207,406,170,411,141,432,278,433,249,420,286,412,315,460,298,453,279,439,306,426,330
G,477,361,429,309,398,267,363,247,327,231,462,201,403,169,358,163,324,165,484,223,396,216,394,252,414,264,491,255,401,261,405,288,427,290,486,292,413,300,415,316,434,315
F,416,372,364,346,324,308,296,271,285,232,367,241,340,201,313,201,296,213,393,228,377,172,358,137,340,109,422,229,418,174,408,137,397,106,451,240,465,194,475,161,482,131
W,371,426,332,396,314,347,347,303,384,276,311,270,285,204,275,165,270,130,350,259,338,182,337,137,338,99,383,267,392,203,397,164,399,125,416,297,417,247,403,261,388,287
U,394,403,352,366,334,321,347,277,385,260,349,263,344,207,346,177,350,147,380,260,373,197,370,163,370,128,411,270,412,214,399,252,392,286,441,289,439,246,423,265,412,289
H,516,331,480,282,432,254,382,258,344,268,432,187,354,187,308,189,270,187,447,218,353,216,300,218,261,216,459,257,372,272,385,286,410,287,465,298,394,310,405,318,429,315
Y,347,336,301,311,261,267,233,228,203,207,292,218,285,175,283,212,285,247,324,216,318,180,311,223,311,257,358,220,359,175,345,203,336,229,390,228,416,186,434,159,449,132
U,387,411,341,369,322,324,330,276,371,258,338,262,330,202,331,170,335,137,370,259,361,192,357,156,356,118,402,269,402,208,389,249,381,285,433,289,430,243,413,261,401,288
C,479,330,414,313,364,288,326,277,295,260,388,201,362,151,326,139,296,142,401,196,371,130,327,124,294,138,412,198,383,134,337,126,304,136,419,208,391,163,356,149,327,147
T,443,333,384,303,347,239,353,176,366,127,354,194,333,141,337,154,349,181,397,193,393,144,390,204,388,237,441,202,438,164,426,225,418,253,483,218,477,184,463,223,455,243
R,367,426,327,385,310,330,324,282,354,249,325,273,326,214,339,178,356,145,357,273,342,200,332,161,327,126,390,286,381,238,363,284,353,322,423,308,404,275,382,307,370,336
P,477,134,410,154,350,197,310,242,269,274,313,162,253,230,216,270,180,305,356,162,318,270,307,332,300,378,408,171,383,274,399,259,409,232,455,187,431,266,440,254,446,227
U,398,385,351,346,331,292,348,243,389,228,349,237,344,178,346,144,351,113,382,233,375,166,370,128,369,94,414,243,418,186,403,222,393,258,446,262,445,216,428,231,413,255
I,409,360,358,330,321,279,305,229,308,186,347,239,341,197,349,229,356,256,379,236,373,193,376,233,381,262,412,236,411,187,405,217,400,246,445,241,446,198,443,171,440,148
R,368,421,328,380,309,327,322,279,352,247,325,269,327,211,341,176,358,144,357,270,341,197,331,158,327,123,390,283,381,235,363,281,354,318,422,306,403,273,382,305,369,334
O,426,326,373,278,335,226,309,187,300,146,389,158,377,99,340,95,316,109,408,158,393,84,344,84,314,104,423,168,408,93,355,92,321,112,430,184,403,128,361,119,331,128
I,351,344,300,331,259,292,239,251,235,214,279,254,266,220,277,247,288,274,306,245,293,211,301,245,311,274,335,240,324,200,323,229,325,256,365,239,362,200,358,176,352,155
P,468,137,406,159,346,204,310,250,276,288,320,171,262,239,227,278,196,312,364,171,328,281,317,341,307,385,414,180,390,283,402,265,410,237,460,195,436,272,443,258,447,232
F,433,351,381,333,336,305,301,282,276,253,359,232,324,205,297,216,284,234,380,216,348,163,328,128,314,96,410,213,396,160,391,125,387,94,444,223,443,179,447,148,450,120
L,494,368,441,355,392,326,349,299,313,294,404,259,391,208,385,176,381,147,436,255,431,226,438,273,440,290,470,257,468,229,468,274,465,290,504,264,503,237,496,269,491,287
W,368,448,324,425,299,386,325,348,363,322,301,294,276,228,268,187,263,151,341,283,335,203,335,156,335,114,375,293,388,229,394,188,397,149,406,324,401,278,389,295,379,321
L,462,347,412,337,363,309,321,282,286,280,373,245,359,195,353,164,349,136,403,241,395,216,404,263,406,277,436,241,429,217,432,260,431,274,468,246,463,222,459,254,457,270
X,352,325,306,290,277,246,262,211,278,193,335,177,338,120,310,111,285,123,365,186,311,171,298,214,313,229,385,206,321,216,314,251,329,255,396,232,340,249,334,273,348,275
A,457,329,405,317,362,280,344,235,359,205,384,238,384,203,389,238,392,260,415,237,413,201,416,246,415,265,444,239,444,207,442,253,439,272,473,247,472,226,467,258,462,274
X,351,319,322,296,295,250,303,205,332,181,318,187,320,145,317,127,317,118,351,198,353,169,335,218,336,224,380,215,380,205,357,246,356,245,407,239,405,231,383,257,379,260
A,441,342,389,329,347,290,330,244,346,215,371,249,369,214,374,251,376,272,402,248,398,212,399,259,400,277,431,251,429,218,425,265,423,284,461,259,458,238,451,270,447,286
D,429,402,373,370,334,334,305,312,282,288,388,249,377,189,376,154,381,125,410,257,355,214,312,242,297,269,421,275,368,235,325,260,308,288,423,299,375,270,336,279,314,296
D,431,416,383,384,346,336,319,303,305,267,385,277,377,218,370,183,368,152,403,276,380,215,344,223,324,243,419,280,395,224,351,234,327,254,431,290,407,243,369,239,342,250
I,352,345,303,325,269,279,253,234,245,198,293,247,283,207,291,235,299,265,322,242,313,202,315,236,321,267,353,241,347,197,340,223,338,252,385,243,389,202,387,177,384,155
J,390,382,331,367,280,325,260,279,271,244,313,269,298,230,300,261,303,295,344,260,331,228,331,274,333,314,377,255,364,208,359,246,358,284,410,254,407,205,400,175,392,148
F,431,348,382,330,340,299,304,276,278,251,365,228,330,204,300,217,286,235,383,213,354,162,336,127,324,95,410,211,401,157,400,121,400,90,439,222,442,178,448,147,453,118
I,400,352,344,332,301,287,278,239,271,198,321,248,309,204,321,233,331,260,353,241,342,198,350,233,356,262,384,236,376,188,375,212,376,239,416,236,410,196,404,173,396,154
R,366,411,327,374,308,321,320,274,350,245,326,264,328,208,340,172,356,139,356,264,341,194,331,156,326,123,389,277,382,228,362,274,350,312,421,300,402,271,378,301,362,328
Y,329,334,282,307,245,260,221,219,194,195,277,212,273,174,270,213,270,247,311,211,307,177,296,222,294,257,345,216,348,174,331,205,320,234,378,227,406,186,425,161,441,136
W,355,398,318,373,296,329,326,293,364,267,294,249,269,183,261,142,259,105,335,237,327,160,328,112,330,72,370,249,382,186,387,143,391,104,402,278,395,245,377,267,364,294
I,411,360,360,332,322,280,306,229,308,186,348,240,342,196,350,229,356,255,380,236,375,193,377,233,381,262,413,236,412,186,406,216,403,245,446,242,447,198,444,172,440,148
B,430,372,383,341,360,291,376,247,408,238,362,246,355,195,358,166,362,139,391,238,384,183,384,149,383,118,419,241,414,190,410,158,406,130,448,253,444,214,439,187,434,163
R,364,416,324,376,305,322,318,274,349,244,325,264,327,207,339,171,355,137,356,266,342,194,330,157,325,125,389,279,381,229,360,276,347,314,420,303,402,271,378,301,364,329
W,368,426,323,397,301,360,331,320,369,298,305,273,280,205,272,166,269,131,344,262,336,183,336,138,337,97,377,272,388,211,394,170,396,129,407,307,406,258,392,267,377,290
N,457,304,408,281,385,232,403,185,429,154,380,203,369,163,378,190,387,217,414,197,404,143,406,179,412,199,447,201,446,173,443,219,443,233,483,209,478,187,473,217,472,229
D,417,411,367,376,329,329,301,298,283,263,370,273,359,218,350,188,344,160,386,270,362,214,326,218,305,234,398,274,373,218,329,224,303,242,405,281,377,237,340,233,315,244
J,383,380,325,365,274,324,252,281,267,246,306,267,292,231,293,263,297,297,337,259,322,229,322,274,325,313,370,254,356,211,351,248,350,286,404,253,400,205,393,174,385,147
M,425,347,375,312,360,261,393,224,423,200,366,234,353,190,358,223,366,252,398,226,388,175,388,215,394,246,430,228,426,172,418,211,419,243,462,237,458,196,445,219,440,241
S,391,347,347,316,318,265,332,217,373,199,333,215,325,174,329,218,337,233,367,216,362,167,355,218,361,226,399,228,396,197,381,247,384,252,432,245,420,227,406,259,408,266
P,473,142,408,162,348,203,311,248,276,282,320,172,261,239,226,279,194,314,365,171,327,278,316,337,307,380,415,180,390,283,402,269,411,242,460,195,436,273,442,262,446,235
K,433,384,387,357,361,311,354,264,351,229,374,266,356,217,346,189,338,163,405,265,405,205,408,168,413,138,434,277,436,248,423,283,414,311,461,297,456,280,442,306,429,330
W,371,449,329,428,304,389,328,353,364,325,302,300,274,236,264,195,258,159,340,288,331,209,331,161,331,121,375,298,385,233,390,191,392,153,407,326,402,283,390,300,379,324
Y,328,335,281,309,244,261,219,220,192,195,275,214,269,173,266,211,268,245,308,212,304,178,293,222,292,257,343,217,346,173,329,203,318,231,376,226,403,184,421,158,436,132
D,431,391,370,359,328,319,294,293,281,260,385,234,366,177,357,141,353,111,405,235,352,184,309,202,291,227,416,245,366,198,318,215,296,240,416,264,372,227,329,229,303,242
C,486,340,423,317,375,284,337,265,304,244,404,200,382,149,349,136,319,137,421,194,396,129,354,121,318,134,438,195,416,130,372,120,336,129,454,203,431,154,397,136,365,134
W,372,413,334,385,315,337,348,294,387,269,310,258,288,192,281,152,280,117,350,248,341,173,344,130,347,91,384,258,388,193,390,154,392,117,419,284,421,238,409,251,397,274
A,416,310,354,291,309,249,291,197,299,156,334,201,325,158,329,193,335,222,366,199,356,154,359,201,363,228,399,203,392,161,388,210,389,239,435,211,427,181,417,215,413,239
R,368,422,330,384,312,330,327,283,355,249,327,272,329,214,341,178,357,144,359,273,344,201,334,161,330,127,393,285,382,240,364,285,354,321,424,307,406,276,385,307,373,335
N,458,304,412,280,387,230,405,183,431,152,383,200,372,161,378,188,388,217,417,194,407,139,407,174,412,196,451,198,449,172,444,218,444,233,486,208,480,187,474,217,473,229
F,405,367,351,345,308,312,275,280,258,243,347,240,313,205,284,209,266,223,371,222,347,168,323,135,302,108,400,219,394,164,385,127,376,95,428,229,442,183,452,150,459,120
I,344,350,296,329,260,285,246,240,244,203,288,251,279,213,283,238,289,268,317,246,306,206,306,239,312,272,348,246,341,202,331,227,327,254,381,249,386,209,386,184,384,161
D,440,399,383,367,343,324,311,296,296,263,399,241,384,184,376,149,373,119,418,242,368,189,326,209,309,234,430,252,381,204,334,221,313,245,431,270,388,233,346,234,322,248
I,363,352,310,340,267,303,246,261,241,224,287,264,272,230,285,258,297,284,313,255,298,220,308,254,319,283,341,248,328,208,328,237,333,264,370,244,363,206,356,183,348,164
U,392,380,345,340,325,291,340,242,381,225,343,234,337,174,339,140,343,109,377,230,368,163,363,126,362,91,409,240,410,183,397,220,388,256,440,258,439,212,422,228,407,253
Y,347,339,301,315,262,269,234,230,204,208,293,221,286,177,286,215,287,251,326,219,321,182,313,225,311,259,360,223,363,177,350,202,342,226,391,232,418,189,435,162,450,135
O,412,317,373,275,351,227,338,187,343,151,400,180,406,129,379,120,357,130,416,181,426,118,389,107,362,120,431,188,440,123,399,114,369,128,441,198,436,146,403,134,376,141
D,433,378,375,346,334,306,302,281,288,249,386,221,369,167,361,133,358,103,407,222,357,174,316,189,298,211,419,231,370,187,324,201,301,223,423,248,379,213,337,214,310,225
L,473,345,422,336,373,309,331,284,296,281,383,247,369,197,363,166,358,137,414,241,407,214,416,260,417,276,447,241,442,215,445,259,443,274,479,245,476,221,472,253,468,269
O,401,308,363,267,339,219,324,178,330,140,383,171,389,122,362,113,342,122,400,171,409,111,373,101,346,114,416,177,424,116,382,107,352,121,426,187,420,138,388,126,362,132
B,427,473,370,443,339,380,353,323,387,297,352,310,345,246,350,209,359,174,387,302,379,232,380,188,381,147,421,309,415,244,411,203,408,166,457,325,451,275,446,241,441,210
E,418,383,375,360,352,317,374,280,409,264,352,266,347,209,355,237,362,266,384,256,380,192,385,219,388,247,414,258,415,198,413,219,412,248,442,268,441,226,433,233,427,254
I,366,342,311,324,268,279,245,234,239,194,292,240,279,200,289,227,299,252,322,231,311,189,315,224,323,254,353,226,346,178,340,205,339,235,385,226,381,184,375,159,370,138
H,525,328,492,278,436,250,379,254,335,260,439,185,357,185,310,187,271,186,447,217,350,215,298,215,259,211,454,255,366,271,382,286,407,287,458,298,384,308,396,316,422,314
M,426,343,378,308,363,259,394,222,421,197,369,231,354,189,357,220,365,250,398,223,387,173,385,212,392,243,430,224,424,170,416,209,417,239,461,233,456,193,443,214,439,237
C,497,334,439,312,392,279,353,257,320,234,418,202,394,155,365,142,337,140,436,195,410,137,372,128,339,138,454,195,434,135,394,124,360,133,473,202,451,156,420,139,391,139
A,448,342,396,327,354,287,338,240,354,209,378,245,380,210,384,247,386,270,410,245,410,207,410,255,409,275,439,249,441,217,437,264,433,283,469,258,470,237,462,270,456,285
C,489,352,431,329,384,296,348,277,318,255,411,220,390,169,357,157,330,157,426,214,404,148,362,141,330,154,442,215,421,151,378,142,344,152,457,223,436,177,402,161,371,159
N,433,297,389,256,379,199,407,160,440,134,400,172,394,131,381,155,379,186,430,174,428,112,406,140,403,173,461,185,452,153,431,197,430,224,492,204,475,178,459,207,460,225
P,472,141,410,161,351,203,312,248,273,280,319,171,259,239,223,277,190,311,362,171,324,279,313,339,304,384,412,180,390,281,403,265,412,237,458,195,434,271,442,259,447,233
N,452,306,407,282,384,232,405,185,433,153,381,200,368,161,373,192,383,220,414,195,403,138,402,177,408,198,449,199,445,172,438,220,439,235,484,209,477,189,468,220,468,232
D,441,383,385,350,346,312,320,289,300,265,409,232,381,178,368,143,362,114,430,241,373,196,329,221,311,247,439,261,385,220,340,241,322,266,435,288,387,261,347,265,325,278
Q,392,133,339,169,298,205,285,250,274,292,235,135,206,215,202,266,201,306,273,114,259,216,297,220,311,199,321,109,319,208,342,205,343,178,370,110,362,189,372,188,372,163
K,455,399,403,365,373,308,368,251,364,207,389,250,368,187,357,150,349,115,427,250,433,173,440,127,449,88,464,267,474,233,457,282,445,320,497,294,496,272,480,307,464,336
S,388,353,345,323,316,274,331,228,372,212,331,223,323,181,327,225,336,242,365,224,362,172,355,224,360,237,398,236,395,207,381,255,383,262,431,255,419,236,406,268,408,275
F,431,366,380,341,340,308,308,277,293,243,379,240,345,207,316,212,299,227,402,224,382,170,359,138,339,111,429,222,426,168,417,131,407,101,454,234,468,190,478,157,486,129
L,488,370,437,358,388,330,344,303,307,299,399,260,386,209,381,177,377,148,432,256,427,227,434,276,435,293,467,258,464,231,464,277,461,293,500,265,499,239,493,272,488,289
T,414,330,364,299,334,242,342,186,355,143,344,197,327,153,325,159,333,183,384,200,377,162,371,220,371,245,424,212,418,184,404,239,401,262,464,230,454,202,437,238,430,256
J,424,410,361,386,305,335,283,281,309,244,343,268,337,227,341,271,345,312,383,260,376,227,376,286,377,331,423,257,416,208,408,254,403,298,461,260,462,204,458,170,452,139
J,385,374,323,357,268,313,242,266,258,228,302,249,287,207,290,243,294,280,337,239,322,205,322,256,326,299,374,234,360,184,353,225,352,265,411,235,409,181,401,148,393,118
I,381,353,330,329,294,280,278,232,273,192,317,244,309,202,320,234,329,266,349,239,340,199,346,237,353,268,382,238,377,194,373,223,372,253,416,242,421,199,421,174,420,151
L,450,363,397,347,345,312,303,283,266,281,359,240,348,185,344,151,342,121,392,233,385,196,393,246,399,271,427,233,424,198,424,243,425,269,463,241,461,207,451,238,446,261
C,471,345,415,326,369,294,333,276,303,256,390,219,369,170,338,159,312,160,405,213,382,150,341,145,311,160,421,213,401,151,358,144,326,155,436,221,416,175,383,160,355,161
T,432,318,378,291,348,240,352,190,365,154,359,202,346,160,346,164,353,183,394,200,390,156,388,202,386,233,429,206,427,167,418,215,413,246,466,218,461,183,448,213,439,236
W,343,367,304,345,279,300,304,256,338,226,271,219,243,159,234,119,229,84,309,207,299,134,300,86,300,47,344,215,350,152,354,110,358,71,377,239,362,208,346,237,336,268
K,448,400,400,370,371,322,364,274,361,237,383,275,363,225,351,195,343,168,415,274,415,211,417,173,422,141,447,286,449,254,437,293,428,324,476,306,471,286,457,314,445,340
L,446,361,391,344,339,311,294,282,257,279,354,237,342,182,339,148,338,118,386,231,378,197,387,247,392,269,421,232,418,196,418,242,419,266,456,240,454,206,444,237,439,259
H,522,348,486,297,439,267,390,271,353,281,443,201,363,198,316,198,277,195,457,234,363,228,307,227,264,226,469,274,379,287,391,301,417,303,474,315,399,325,409,333,435,330
V,357,384,316,353,289,307,308,267,345,245,305,228,282,163,270,121,263,85,347,228,349,148,355,99,362,58,385,248,382,211,361,259,349,296,419,280,410,254,385,285,368,313
Z,388,358,353,325,331,290,323,254,351,232,347,221,343,166,344,133,348,105,377,227,379,187,372,229,365,256,406,239,411,202,396,239,386,267,430,260,436,229,416,248,404,268
S,406,382,364,347,332,296,347,248,394,229,343,238,335,189,344,240,351,259,381,240,380,180,376,239,378,253,418,253,420,219,406,272,404,281,455,274,449,252,435,285,431,294
I,388,350,332,322,292,270,274,217,276,173,322,228,314,185,320,216,326,243,355,224,348,178,348,218,351,248,388,224,387,169,378,198,372,228,422,227,421,182,417,153,411,128
K,450,405,401,374,372,326,363,277,358,240,385,280,364,230,352,200,343,172,416,278,417,215,419,176,423,144,448,289,450,259,438,298,430,330,477,309,472,290,458,319,447,346
W,336,379,298,355,271,310,291,266,325,234,259,226,230,163,218,121,209,84,298,212,287,136,284,87,282,48,335,220,342,156,343,112,344,73,370,245,355,213,339,240,327,270
N,432,267,387,242,366,196,385,152,413,125,368,165,358,127,362,151,370,181,400,161,392,109,390,141,393,165,431,167,428,141,421,185,421,204,465,179,457,156,449,185,448,200
J,403,382,347,360,301,313,285,263,309,232,337,257,334,220,335,257,336,293,373,253,368,222,363,270,361,309,408,252,405,210,396,249,390,286,442,257,446,208,444,176,441,148
F,449,346,401,325,362,294,330,266,316,234,397,226,366,195,339,200,323,214,419,211,399,161,377,131,358,107,445,209,441,158,432,123,424,94,470,219,483,177,491,146,497,118
M,449,355,395,313,380,254,418,213,451,185,386,224,374,175,378,211,386,245,421,216,413,159,411,204,415,239,457,219,455,158,445,203,444,237,493,229,488,186,474,212,469,236
B,431,377,384,346,361,295,379,250,412,241,367,249,360,198,364,168,369,141,395,242,389,186,390,152,390,119,423,246,419,194,415,161,412,132,452,257,448,218,443,191,438,166
F,421,346,372,328,329,298,292,276,266,249,355,223,315,200,285,213,271,231,372,207,340,155,322,119,310,86,399,204,388,148,387,110,387,77,426,215,428,169,435,137,442,108
P,449,138,393,158,346,191,315,223,282,244,317,157,272,209,243,242,216,270,353,155,326,241,325,290,327,323,396,161,378,244,389,232,398,209,436,171,418,235,424,225,427,202
R,365,412,327,374,307,322,318,276,348,246,326,265,327,210,339,175,354,142,356,265,341,194,330,158,327,126,389,278,379,231,359,277,349,314,420,301,399,270,377,301,364,329
P,470,141,407,160,348,202,311,247,274,278,314,174,255,240,219,279,186,314,358,174,322,282,312,340,302,384,409,183,386,283,398,268,407,241,455,198,430,275,437,264,443,240
T,444,325,398,293,374,233,386,183,402,145,395,195,383,153,376,163,377,186,429,200,421,162,406,212,404,237,462,214,453,181,434,231,431,255,496,234,483,206,465,236,461,253
I,368,343,314,325,272,281,250,235,245,195,297,240,283,200,292,229,301,254,326,232,314,189,317,225,325,255,357,227,349,178,343,206,341,235,388,227,384,185,379,161,373,139
F,436,336,387,319,348,290,317,263,302,231,381,225,349,195,323,200,308,213,402,208,380,161,357,132,338,109,426,204,420,155,411,122,401,95,449,211,459,169,466,139,472,113
D,419,412,367,377,330,329,302,297,283,261,373,271,361,216,351,184,344,156,390,269,362,212,324,218,302,237,401,272,373,217,329,224,303,242,408,280,378,236,341,233,316,243
X,342,319,296,284,268,243,253,211,267,194,321,171,323,113,295,105,270,120,353,179,300,170,286,212,297,228,375,199,312,215,304,249,317,255,389,225,335,246,327,270,339,273
P,475,134,411,154,351,198,312,245,274,278,317,168,258,236,222,274,188,307,360,168,324,278,313,337,303,383,412,177,388,279,402,260,411,231,458,193,433,270,441,256,447,230
H,541,340,512,285,462,252,408,253,368,261,468,188,385,181,338,180,299,176,477,224,380,211,327,208,287,205,484,266,394,269,407,283,431,286,485,308,413,309,423,318,447,317
F,435,337,387,319,347,289,317,261,301,229,380,223,347,193,321,198,308,213,401,206,379,159,357,130,337,106,426,202,420,154,410,121,400,94,450,210,459,168,466,138,471,112
B,430,370,384,341,360,291,375,245,409,237,362,246,355,195,358,166,362,139,391,238,384,182,383,148,382,117,418,241,413,190,409,157,405,129,448,251,444,213,439,186,434,162
D,430,410,380,378,343,331,316,299,302,264,381,273,373,215,367,180,364,150,399,271,376,211,340,219,319,239,415,275,393,219,348,229,323,250,428,285,405,239,367,234,340,245
I,364,349,311,331,269,288,247,243,243,204,296,248,282,210,290,237,300,262,325,240,312,200,315,234,323,263,355,236,347,189,340,215,338,243,386,235,381,195,375,170,370,149
E,398,372,355,341,336,289,362,250,403,240,345,242,344,191,343,218,347,248,376,237,380,176,373,203,374,233,407,241,415,181,402,203,399,233,435,255,437,215,421,221,412,241
J,381,377,319,361,265,316,241,269,251,230,298,255,281,211,283,246,286,284,332,245,316,210,315,259,319,301,369,239,354,189,347,228,345,268,406,239,403,185,395,151,386,121
F,398,380,347,356,305,318,272,285,255,248,348,247,317,210,287,214,267,228,372,231,352,175,331,140,311,111,402,231,397,175,388,137,379,104,430,243,445,197,457,163,465,133
K,437,387,392,356,366,309,360,262,356,226,381,264,363,215,353,186,347,159,412,264,414,204,417,167,423,136,443,277,447,248,432,286,422,316,470,298,465,281,449,307,435,331
Y,331,298,284,270,248,223,223,181,192,159,286,180,286,142,288,183,289,218,321,181,324,152,315,200,310,235,356,186,364,145,351,179,339,209,386,196,417,156,438,131,456,105
M,417,361,364,329,346,283,375,248,403,225,354,255,338,212,336,236,343,265,381,247,367,196,362,227,368,258,409,246,402,191,390,220,392,252,439,251,432,211,418,225,414,248
O,394,305,356,264,331,214,318,175,324,139,378,167,385,117,356,108,336,119,396,169,405,106,368,97,341,111,411,175,418,113,376,105,347,119,420,186,413,135,380,123,355,130
U,365,373,313,334,290,290,293,235,338,218,302,228,289,169,287,136,289,104,335,222,321,158,313,119,310,83,367,230,365,173,352,214,344,250,398,246,393,201,376,219,364,246
L,489,365,440,352,390,325,341,306,308,315,397,255,386,203,381,169,379,139,430,249,427,219,435,268,435,285,465,250,464,225,465,270,462,285,499,257,498,231,493,263,487,280
Q,410,161,355,198,312,238,298,288,283,337,249,169,215,248,208,300,206,344,286,148,274,249,310,252,319,229,333,142,330,242,355,239,355,211,380,143,375,223,387,222,387,196
S,383,369,330,323,295,259,314,206,366,196,328,200,318,152,315,203,324,225,368,203,361,145,348,202,357,221,406,218,393,185,375,242,382,253,445,243,415,225,399,263,407,272
X,345,325,298,287,271,244,256,210,270,196,326,176,331,119,302,109,276,124,356,185,303,179,287,219,298,236,377,207,310,222,303,256,318,264,388,233,329,252,322,276,336,280
H,520,336,485,287,436,257,385,260,346,267,439,190,358,188,312,188,273,186,451,222,355,216,303,217,263,215,461,261,374,274,388,289,413,290,466,302,393,311,405,320,430,317
N,454,307,410,282,388,232,408,186,435,155,382,199,369,161,375,191,386,220,416,192,405,137,405,177,412,200,451,197,448,171,441,219,442,234,486,208,479,188,471,219,471,231
R,367,424,327,384,310,329,323,280,352,248,326,270,328,212,341,175,357,141,358,270,343,198,332,160,327,126,391,282,382,234,363,281,352,320,423,305,406,274,383,304,368,332
R,364,416,325,377,306,325,316,278,345,248,325,265,326,207,337,172,350,140,356,266,342,195,331,157,325,126,388,280,377,234,356,278,345,315,419,303,399,273,376,303,362,331
F,414,389,366,366,323,333,287,310,263,281,353,255,313,231,284,246,272,267,372,239,345,183,330,145,322,110,399,239,397,180,402,140,406,106,426,254,441,209,457,176,470,147
X,343,318,309,296,281,249,288,205,317,184,304,187,309,145,304,130,301,119,337,197,335,172,320,222,322,228,366,214,361,206,341,248,344,246,393,236,385,232,367,258,368,259
W,372,437,329,415,306,374,332,337,369,311,302,289,274,226,265,186,259,150,341,277,330,200,330,153,330,111,374,286,385,223,390,181,392,143,406,314,404,270,392,286,380,310
V,364,396,325,366,300,319,324,281,362,260,317,238,295,171,283,127,278,89,360,237,366,157,373,108,381,66,398,257,401,220,380,271,366,310,430,289,426,267,400,299,382,327
Y,347,339,300,314,261,268,234,228,204,207,293,220,287,177,285,215,286,250,326,219,322,183,313,226,311,260,360,223,363,177,351,204,342,230,392,232,418,189,436,162,451,136
J,387,375,329,360,279,320,256,276,272,242,311,265,297,227,299,258,303,292,342,256,328,225,328,269,330,306,374,250,361,206,355,242,355,278,408,249,404,201,397,171,390,145
V,356,385,316,354,288,308,307,268,344,246,305,230,281,165,268,124,262,87,346,229,349,149,353,100,361,60,384,249,380,213,358,260,347,297,417,281,406,255,382,286,367,314
E,399,366,356,335,330,286,354,244,401,230,339,220,340,165,344,199,348,234,376,214,381,145,380,179,380,214,412,223,425,156,416,183,407,215,446,244,445,212,429,228,416,250
P,480,141,411,160,352,203,312,246,269,279,316,166,257,228,219,270,184,307,359,166,321,277,311,342,303,389,411,175,386,280,402,265,412,236,458,190,433,272,441,262,446,234
E,401,375,361,343,342,295,366,257,406,244,345,246,344,194,345,221,348,250,377,240,380,178,376,206,377,235,409,244,417,182,407,205,403,236,438,258,440,217,426,224,416,245
T,424,324,379,294,354,243,363,193,378,159,376,204,358,169,351,183,358,200,408,208,396,173,386,223,394,229,441,218,426,197,414,244,424,247,473,234,456,215,443,245,452,251
R,368,421,327,382,310,326,325,278,354,247,325,271,328,214,342,179,360,146,356,269,340,197,332,158,331,121,390,281,383,233,365,280,354,317,424,303,406,273,384,305,370,333
Z,372,344,330,309,305,276,296,237,325,213,322,208,315,151,314,118,317,90,351,212,350,168,345,212,338,240,381,222,382,182,368,220,360,250,407,243,410,208,391,228,380,249
M,430,353,379,312,366,255,403,216,436,189,371,226,358,179,361,213,368,246,405,220,395,164,392,205,397,239,439,223,437,163,425,202,424,236,474,234,471,190,455,212,447,236
X,369,325,334,282,307,238,281,212,265,193,353,171,328,120,295,115,273,129,362,182,280,181,279,213,298,224,361,203,281,218,290,245,311,247,355,229,294,246,301,267,320,268
S,399,371,350,336,317,279,334,224,382,208,338,222,329,175,332,225,342,241,377,223,370,168,362,225,370,235,413,237,407,206,390,261,394,266,451,259,434,239,418,275,423,281
J,414,414,351,390,297,339,275,285,299,251,335,277,327,235,331,276,335,315,374,270,365,237,364,291,364,336,413,267,405,218,396,260,391,302,452,268,450,214,446,179,439,148
N,437,323,396,288,382,236,404,198,432,173,398,208,389,171,382,195,384,226,428,209,423,152,408,183,408,215,458,219,449,192,433,236,433,260,489,237,474,213,460,242,461,257
S,395,344,349,317,317,265,331,215,372,197,334,213,323,172,327,217,337,232,369,213,361,162,356,214,362,224,402,224,396,193,383,244,386,250,437,241,421,224,408,257,412,264
P,471,124,408,151,354,192,320,235,282,264,325,153,266,219,229,257,197,290,367,149,330,258,322,319,318,362,418,156,393,258,406,243,416,216,463,171,436,248,444,236,450,211
U,388,376,342,337,322,286,340,239,379,221,341,233,334,175,335,141,339,111,374,229,365,164,360,126,358,93,405,238,407,185,392,219,382,254,436,255,435,211,418,226,403,251
A,444,344,392,328,351,290,334,243,352,213,377,248,377,213,380,250,381,272,408,248,406,212,405,259,405,276,437,252,437,220,432,265,428,283,467,261,466,239,458,270,452,286
L,461,342,410,334,361,306,319,279,286,277,372,244,359,194,353,163,349,136,403,239,394,213,402,259,404,275,435,239,428,213,431,257,430,273,467,243,462,219,458,251,455,268
V,347,347,306,318,279,271,293,227,330,205,293,198,275,134,268,93,266,57,330,194,323,117,321,72,323,34,366,210,363,168,345,216,335,254,398,238,388,213,367,244,353,274
I,379,345,326,324,287,276,267,227,265,186,313,237,304,196,311,224,318,250,344,231,336,189,337,225,341,254,375,229,372,180,365,207,360,234,406,231,406,190,403,166,400,144
X,356,317,326,296,298,252,304,210,332,188,318,188,320,145,316,128,313,121,351,195,350,172,336,220,338,228,382,211,377,208,358,248,358,247,410,232,403,231,384,257,380,259
B,417,435,372,402,350,354,361,307,389,282,357,309,350,259,354,229,361,201,384,302,378,246,378,213,378,181,409,305,405,253,401,222,398,195,437,315,432,277,428,250,423,227
X,369,327,327,285,300,243,278,214,266,192,353,173,330,121,297,117,275,131,364,182,282,182,281,215,301,226,364,201,284,218,293,246,313,248,358,225,296,245,302,267,320,267
U,377,428,328,386,304,337,311,285,355,262,321,260,313,194,314,157,318,121,357,257,347,182,340,141,338,99,393,270,392,204,377,253,368,295,428,293,423,243,405,267,392,297
H,521,327,490,274,436,244,378,248,335,256,436,180,351,177,302,179,264,178,445,217,346,208,293,208,252,205,453,260,365,266,378,278,402,279,456,305,386,307,396,314,420,312
D,466,393,409,366,365,329,331,310,308,287,421,238,394,180,382,147,377,118,439,244,369,198,326,227,313,257,447,262,382,218,339,243,324,271,446,288,396,249,356,256,336,274
K,447,428,400,393,374,340,371,289,370,250,394,292,377,240,367,209,361,180,427,293,432,228,438,190,446,158,458,307,460,274,442,314,429,346,488,329,479,307,462,336,448,362
W,361,425,316,403,287,369,306,328,340,296,281,275,247,210,233,171,224,134,320,260,307,181,303,133,299,91,355,269,362,207,363,164,360,123,389,298,379,252,363,269,350,296
M,447,358,392,317,376,257,415,215,451,188,381,226,369,173,375,212,383,247,418,218,410,158,408,206,413,242,456,220,453,157,444,204,442,239,493,230,489,185,474,212,467,238
O,397,306,356,262,331,212,316,171,322,134,379,165,385,113,357,104,335,114,397,165,405,102,367,92,338,105,412,171,419,108,376,99,345,113,421,181,414,129,381,118,354,125
F,429,347,379,329,332,304,295,281,274,250,358,229,322,202,294,214,280,232,378,212,345,160,325,126,311,93,409,209,395,156,390,119,386,87,441,219,441,175,445,144,448,115
O,402,304,364,262,339,215,323,175,330,138,386,169,391,120,363,111,344,122,403,169,412,109,374,100,347,113,417,175,424,113,382,105,352,120,425,185,418,134,385,123,358,131
E,422,359,378,330,355,281,379,238,420,220,356,225,354,168,361,195,368,228,390,218,391,150,394,176,397,208,425,224,432,161,426,181,421,212,457,242,454,208,440,221,430,245
I,396,354,341,325,301,271,281,219,283,174,331,229,322,183,329,218,337,246,364,225,356,178,358,220,363,250,398,224,395,169,388,202,384,232,432,228,432,181,427,153,422,128
D,439,367,382,334,344,300,317,280,297,259,405,219,395,161,392,124,394,94,426,229,368,189,324,215,308,240,434,250,378,212,334,233,316,257,430,277,382,249,343,255,320,269
P,479,144,413,165,353,205,313,247,273,278,317,169,258,235,222,274,188,308,360,168,323,278,312,339,303,385,411,177,387,281,402,265,412,237,458,193,434,271,443,259,448,233
R,366,416,326,377,308,322,319,274,351,245,327,265,329,207,341,170,356,138,358,266,345,193,336,156,332,124,391,279,381,230,360,276,349,313,422,302,402,272,379,303,366,330
U,388,436,336,393,316,347,324,294,372,276,329,273,323,209,325,173,328,138,366,270,357,199,353,159,351,119,400,283,400,218,388,266,380,306,433,305,428,256,413,282,402,312
C,471,339,413,322,368,291,333,273,303,253,389,216,367,171,336,161,310,162,405,209,379,151,340,144,309,157,420,209,398,151,356,143,324,152,434,216,411,173,378,159,349,159
T,437,323,386,298,356,245,360,193,376,154,367,206,353,162,356,176,364,198,402,209,400,169,395,218,391,243,437,218,435,183,424,232,417,257,472,232,468,201,455,232,446,252
X,355,325,303,289,269,246,250,211,262,191,329,171,329,116,299,108,274,122,358,179,295,171,284,215,301,228,376,198,307,215,303,249,320,252,386,224,329,244,322,267,336,269
F,437,344,389,324,350,293,318,266,304,234,386,227,353,199,325,204,309,217,406,210,385,162,362,133,342,111,432,207,426,158,417,124,407,97,456,216,466,175,473,145,479,119
E,428,383,391,353,372,305,399,265,439,251,361,254,368,203,380,239,383,265,398,244,400,181,410,220,410,247,432,244,437,188,438,219,434,248,463,255,464,217,458,231,451,251
R,375,434,336,401,314,349,333,302,367,269,327,276,330,215,343,176,359,141,362,276,345,202,337,161,335,125,398,290,389,252,371,303,361,341,432,316,414,291,392,325,379,353
K,429,407,376,374,346,320,341,266,339,227,365,269,342,216,330,183,322,153,399,267,403,201,408,161,417,130,432,281,435,245,420,286,411,320,464,303,458,279,442,308,428,336
Q,422,166,367,206,324,247,309,295,298,340,254,195,222,264,212,309,208,350,280,176,275,276,312,271,322,250,319,167,323,264,350,250,349,224,360,167,362,244,377,236,375,213
E,412,370,368,337,345,287,370,243,413,227,352,230,351,174,355,199,361,233,386,224,389,157,388,182,388,217,420,232,430,167,420,187,413,218,452,251,449,217,432,228,419,250
R,366,409,327,372,307,317,319,270,351,241,326,261,328,205,341,171,357,139,357,261,341,190,331,153,328,120,390,274,381,227,361,273,349,309,421,298,401,269,378,299,363,326
K,449,395,404,365,378,316,374,266,373,229,393,268,376,215,368,184,362,155,425,269,430,205,435,166,443,134,456,284,463,252,448,292,437,324,485,306,482,287,467,315,452,339
B,413,409,367,378,346,327,364,284,397,282,348,288,341,241,345,213,351,188,373,281,366,232,366,200,366,171,399,284,394,240,390,210,387,186,428,293,424,258,419,234,414,214
B,444,381,398,350,377,299,396,256,428,250,381,256,376,203,379,172,386,144,410,249,405,191,406,155,407,122,438,253,435,201,432,166,431,137,468,264,466,224,462,196,459,172
F,405,370,354,345,313,309,282,275,266,237,354,240,325,203,295,205,276,218,379,224,359,169,339,135,321,106,408,224,405,168,397,130,388,99,437,235,453,189,466,156,475,127
P,425,77,377,119,338,170,315,212,287,243,303,136,266,205,244,249,225,288,341,122,337,229,349,285,358,324,390,117,397,215,403,198,402,169,435,118,433,194,434,181,430,155
V,345,351,306,321,278,274,295,231,334,212,295,199,278,136,272,96,269,61,332,197,327,121,325,76,328,37,368,214,366,175,346,223,336,260,400,243,391,218,370,248,357,275
G,465,368,412,319,380,276,348,255,314,234,445,209,387,173,343,167,309,170,467,227,381,220,376,257,396,270,475,258,387,265,390,294,411,297,471,294,400,305,402,323,421,323
E,409,362,369,330,352,280,377,241,417,231,353,236,353,185,354,212,358,241,384,229,386,169,384,196,386,224,415,233,422,174,414,195,411,224,445,246,447,206,434,212,427,232
N,398,250,353,226,331,177,351,134,378,105,335,152,319,114,321,141,331,167,365,147,353,97,347,128,352,148,397,151,390,123,383,167,384,188,430,160,420,138,411,166,411,181
I,351,344,299,331,258,291,238,249,232,213,279,254,265,219,276,248,288,275,306,245,292,210,300,245,310,273,334,240,323,199,322,227,325,254,365,238,362,199,358,176,354,155
R,377,431,337,395,317,346,333,300,363,266,329,273,331,214,342,178,357,143,362,273,346,198,338,157,336,119,397,288,389,248,372,297,362,334,429,313,416,284,394,315,380,342
V,364,391,325,360,299,314,318,274,355,252,315,235,291,169,279,127,273,89,357,233,361,153,366,104,375,63,395,253,395,216,373,265,360,301,427,284,420,260,395,292,378,319
I,369,346,318,326,279,281,259,235,258,194,304,242,293,202,299,230,307,255,334,236,323,194,325,228,331,257,364,233,358,186,350,210,348,237,396,234,393,193,389,168,384,146
B,428,367,383,334,361,285,379,242,411,233,362,240,356,189,360,159,365,132,390,233,385,178,386,143,385,111,419,236,415,185,411,152,408,124,448,248,445,210,440,183,435,159
T,433,311,384,293,350,239,353,181,369,142,359,196,347,156,350,186,358,200,397,199,391,164,388,218,389,216,432,206,428,182,420,234,420,232,467,213,459,195,450,230,453,236
R,365,414,326,375,307,322,319,274,350,243,326,263,327,207,340,170,356,137,357,263,342,192,330,155,325,123,390,276,381,228,360,274,349,312,421,300,401,269,378,299,365,327
Q,450,204,386,236,334,270,311,318,290,363,272,207,229,277,217,326,215,369,305,187,286,292,323,290,335,267,350,182,342,284,369,274,371,246,396,185,387,271,401,264,401,239
H,538,341,506,289,457,256,404,258,364,264,463,189,381,183,334,182,295,180,473,224,375,213,323,212,282,209,480,265,391,274,404,288,429,290,483,307,410,313,421,322,446,320
Y,329,346,283,317,248,267,225,223,197,198,280,218,275,179,271,221,270,256,314,218,310,187,298,234,294,269,349,224,352,184,332,218,319,248,382,237,411,196,430,171,446,145
P,425,73,373,113,332,166,312,210,291,237,302,133,268,201,247,248,227,287,342,119,338,225,351,277,362,311,391,114,397,214,401,196,401,165,436,116,432,195,433,180,429,151
Q,441,197,375,232,325,271,304,323,284,369,262,209,222,283,213,332,211,375,300,190,280,296,315,295,326,273,347,186,337,292,363,280,366,251,394,190,381,277,395,269,395,243
G,470,350,420,301,389,259,358,238,324,219,453,192,394,160,351,153,317,154,476,210,390,206,389,242,410,253,484,241,398,252,403,279,424,280,481,276,411,289,414,307,433,306
B,433,381,388,349,367,301,384,258,416,249,373,259,368,210,371,182,376,156,401,253,397,199,397,166,397,135,427,256,425,207,422,175,419,149,455,268,452,231,449,205,445,182
Z,395,369,360,337,338,302,337,267,362,244,354,232,349,176,349,144,352,115,384,238,386,198,380,241,375,266,413,251,419,213,405,251,396,278,438,272,445,240,427,260,416,279
K,447,404,400,374,371,326,362,277,357,240,383,279,362,229,350,199,342,172,415,277,415,215,417,176,421,144,447,290,449,258,437,297,429,329,476,310,470,291,455,318,442,344
Y,330,332,285,307,247,259,222,219,196,193,278,212,272,171,269,208,270,241,311,210,306,175,295,219,293,253,346,214,347,172,329,204,318,233,377,224,404,183,421,157,436,131
L,492,362,441,350,392,320,349,293,313,289,403,256,390,203,384,171,380,141,435,252,431,222,439,269,441,286,469,253,466,226,469,270,466,287,503,259,501,234,496,266,491,283
N,457,305,411,278,388,230,407,185,431,155,384,199,372,160,379,186,388,216,418,194,409,138,410,174,414,198,452,199,450,173,445,218,444,234,487,210,482,188,475,218,472,231
A,421,328,364,308,318,269,301,220,317,185,345,221,338,183,339,219,344,245,377,220,368,179,367,225,372,251,409,224,400,184,395,233,396,262,443,234,433,206,421,238,417,262
V,358,369,320,338,296,291,314,248,353,229,314,213,299,149,294,107,293,71,352,212,350,136,351,90,355,51,389,231,388,190,368,238,355,275,420,262,413,235,390,265,374,293
C,501,333,443,312,397,281,358,259,323,235,421,202,397,153,367,140,339,138,439,196,415,136,377,127,344,138,459,197,439,135,399,124,366,132,480,204,459,156,427,139,399,139
L,456,365,402,349,351,313,309,283,272,281,367,242,356,187,353,154,352,124,400,235,394,200,402,251,406,275,435,236,433,201,432,247,432,270,469,244,469,210,459,240,453,261
Z,374,351,335,318,311,285,302,247,329,222,326,216,320,159,319,126,321,97,356,219,356,176,349,219,342,246,385,230,387,191,373,229,365,258,412,251,414,216,396,237,386,258
P,386,95,338,131,305,173,290,206,283,224,281,138,258,195,240,238,225,274,316,122,322,212,336,258,347,289,358,115,370,197,370,181,366,154,396,112,399,177,398,165,392,140
P,474,138,411,155,352,199,316,248,283,284,321,172,262,241,227,280,195,314,364,173,328,282,318,341,309,384,415,181,393,283,407,264,416,235,460,196,437,273,446,259,451,232
Q,372,128,328,164,295,196,285,232,276,263,239,141,211,201,208,245,211,280,264,121,258,199,290,207,302,193,300,113,306,188,326,188,326,169,339,112,341,169,351,171,349,155
O,423,294,387,246,366,201,353,167,353,134,421,156,422,108,392,100,369,109,435,160,436,100,395,95,367,109,446,168,447,109,403,102,372,115,451,180,442,132,409,120,382,125
H,543,337,513,283,464,250,410,251,369,258,471,185,389,177,340,176,302,172,480,220,383,208,330,205,290,201,486,262,396,266,408,280,432,284,488,304,414,306,423,315,448,314
H,531,340,497,288,447,258,394,264,354,275,448,195,367,192,320,193,282,190,460,229,363,223,310,222,269,220,470,271,381,282,395,295,420,296,474,314,402,320,412,327,437,325
F,423,372,374,350,332,318,296,294,268,267,359,243,321,217,290,230,274,249,378,227,350,173,333,136,324,101,405,226,399,168,401,129,404,96,433,239,441,193,451,161,461,132
F,434,355,382,336,337,309,301,286,277,257,359,234,325,205,298,218,284,238,381,218,349,165,329,129,314,96,412,216,399,162,393,125,389,94,446,227,446,182,450,150,454,121
H,538,340,507,285,452,252,395,260,352,276,457,194,369,190,320,190,281,189,466,233,365,221,311,218,270,215,473,277,381,279,393,289,417,292,476,322,401,319,413,324,439,324
C,477,343,418,322,373,291,338,273,308,254,397,217,375,170,344,158,317,159,412,210,388,149,347,142,315,155,427,210,406,149,364,140,331,150,441,217,419,171,386,156,357,155
F,420,347,370,329,327,298,291,275,264,249,352,224,314,202,284,214,270,232,370,207,340,155,323,119,313,86,397,204,389,150,390,112,391,80,424,214,429,170,438,139,446,111
K,435,387,389,357,363,310,358,263,356,228,379,266,361,217,351,187,344,160,410,266,412,206,415,169,421,138,441,279,444,249,430,287,420,318,469,300,463,282,448,309,435,333
V,367,371,329,340,306,293,326,251,364,233,324,216,310,152,304,111,304,76,362,216,360,140,361,96,365,57,397,235,399,195,379,243,366,280,427,266,422,241,399,271,382,298
A,414,313,350,295,304,252,286,200,295,160,329,206,319,163,324,199,331,226,362,204,351,158,354,205,359,233,396,206,387,165,385,214,386,244,431,215,424,185,414,219,410,244
D,450,396,397,362,358,319,326,291,313,257,414,238,404,179,397,145,394,116,433,240,388,187,347,197,327,216,445,249,399,201,352,212,327,232,448,265,408,228,367,227,339,238
Z,396,370,361,338,340,304,335,268,362,244,354,234,349,177,350,144,353,115,385,239,387,199,383,242,376,268,414,251,420,215,406,252,396,279,439,273,446,241,428,262,416,281
W,360,438,320,411,301,359,334,316,371,287,299,273,275,206,268,165,266,128,340,263,332,185,334,139,337,100,374,273,384,207,389,165,394,127,408,301,409,257,393,274,379,299
Z,389,358,352,325,329,290,321,253,349,231,345,221,340,165,341,132,345,104,375,227,377,187,370,230,364,255,404,239,409,202,394,239,384,267,428,261,434,229,415,249,403,269
H,549,339,518,287,467,257,412,261,371,267,474,194,390,188,342,189,303,187,484,229,384,219,332,217,293,214,491,271,402,278,416,290,441,290,494,314,423,317,433,325,458,323
W,365,448,322,426,297,388,322,352,358,324,296,297,269,232,261,191,255,154,336,285,328,205,328,157,328,115,371,295,383,232,388,189,391,150,403,325,398,281,385,297,374,322
W,364,439,324,411,304,363,337,320,375,292,302,276,275,208,266,168,262,131,343,264,334,184,335,138,336,98,377,274,387,208,393,167,397,128,410,305,412,257,399,274,386,301
C,480,329,417,313,367,288,330,276,297,260,388,205,362,155,328,144,300,147,403,200,375,134,331,128,299,142,417,201,391,136,345,129,312,140,428,209,401,164,366,151,337,150
L,487,359,434,343,386,309,344,276,309,271,401,245,389,190,385,158,382,128,434,242,432,210,438,257,438,276,468,245,468,217,467,261,463,279,500,254,502,228,495,261,488,279
U,369,375,322,335,300,285,310,233,354,219,316,233,307,172,307,139,311,108,349,227,338,161,331,124,328,90,381,235,380,179,366,217,358,252,413,251,409,206,392,222,378,248
E,397,378,357,344,339,293,366,255,408,245,346,246,348,193,346,222,349,251,378,241,384,179,378,208,378,237,410,246,419,185,409,208,405,238,439,260,442,219,428,226,420,247
V,355,384,315,353,289,306,306,266,342,244,303,229,280,163,268,121,262,85,345,228,348,147,353,99,360,59,382,247,381,207,358,255,346,293,414,278,406,255,380,286,362,314
H,513,342,478,293,431,263,381,266,344,276,435,198,355,194,308,194,270,191,449,230,355,223,300,221,258,218,459,270,372,281,385,295,410,296,462,311,391,320,401,328,426,324
V,370,401,331,371,308,322,334,285,373,266,324,243,300,175,288,131,280,93,366,243,374,162,382,113,391,71,404,263,407,227,386,277,373,315,435,295,432,271,410,304,393,333
X,355,322,324,297,298,251,306,206,334,181,317,190,319,148,316,130,317,119,351,199,353,169,336,218,338,224,381,217,380,207,358,248,359,245,409,239,405,233,384,259,380,260
N,409,267,362,242,340,192,359,148,388,121,347,165,333,128,335,155,344,181,377,161,366,113,361,142,366,163,409,166,403,139,395,183,397,204,442,175,432,153,423,182,423,198
S,392,365,348,330,320,272,338,222,381,213,342,223,335,180,336,228,344,242,378,227,373,176,363,229,370,238,411,242,406,209,388,259,393,265,445,263,428,244,412,275,417,281
H,515,344,480,294,433,264,383,269,345,278,434,200,356,198,311,198,273,195,447,231,354,226,301,226,258,224,457,269,372,286,388,299,412,300,462,310,393,322,405,330,429,327
V,377,376,341,344,321,297,344,258,382,242,338,222,327,159,324,118,325,82,376,223,378,148,381,103,387,64,411,242,417,204,396,251,382,287,440,272,438,249,415,280,398,306
P,480,140,415,161,355,202,317,246,278,277,321,167,260,236,223,274,189,307,365,166,327,275,315,336,307,382,416,175,392,278,405,262,415,234,462,191,437,268,444,256,450,231
G,474,362,424,314,391,271,359,251,325,234,452,206,394,175,352,167,318,168,473,223,391,217,389,254,408,266,482,252,398,262,402,290,424,292,480,287,412,301,415,319,434,319
E,372,363,329,333,306,287,327,247,370,235,314,235,311,183,310,211,314,241,346,229,348,167,341,196,342,226,377,233,385,173,371,195,367,225,407,247,407,206,390,211,381,231
Y,324,337,279,310,241,261,217,219,191,193,274,212,268,173,264,214,264,249,308,211,304,180,292,226,288,261,344,216,346,176,326,211,313,241,376,228,405,187,424,162,440,136
S,409,380,368,345,335,294,349,244,395,224,345,235,338,185,349,235,357,256,385,235,383,174,381,233,383,251,422,248,423,214,410,269,408,278,459,269,451,249,438,283,435,291
I,365,348,312,330,272,286,252,241,246,202,297,248,283,208,292,235,302,260,327,240,315,198,317,231,324,261,357,236,350,188,343,213,340,242,388,236,384,195,378,170,373,149
C,475,345,414,324,369,294,332,277,301,256,395,214,373,165,342,153,314,153,410,208,385,146,345,138,313,151,426,208,403,146,361,138,328,147,440,215,416,167,383,152,353,152
Y,338,304,292,276,258,230,234,189,204,168,298,187,302,153,303,194,302,228,333,188,339,161,330,207,323,240,367,193,378,154,366,190,355,219,396,203,428,163,450,140,468,115
A,443,343,391,330,350,291,333,244,350,215,374,250,374,215,378,252,380,273,405,250,403,214,403,260,403,277,434,253,434,221,429,267,427,284,464,261,463,241,456,272,450,287
J,367,404,311,385,263,340,245,294,259,259,297,285,285,248,285,280,287,315,329,278,316,247,314,293,316,332,363,275,352,230,343,266,340,303,397,277,397,229,393,198,386,172
H,539,343,505,289,454,256,400,261,360,274,458,194,376,188,328,187,289,184,469,230,370,220,317,218,276,214,478,272,387,279,402,292,427,292,482,314,408,318,419,325,445,322
C,477,346,410,322,358,290,320,274,286,253,390,205,363,153,328,139,296,140,406,200,378,131,331,120,295,132,421,201,395,132,346,121,309,130,431,211,403,160,365,145,332,144
B,430,382,384,351,362,298,379,253,413,246,367,253,361,202,364,172,370,145,396,246,391,190,391,154,392,122,423,250,421,198,418,164,416,134,453,263,450,223,446,195,442,170
G,463,363,411,327,376,287,344,265,311,248,429,207,381,174,341,163,309,161,458,216,382,215,378,257,397,270,476,240,397,258,399,292,419,293,482,274,418,296,417,318,434,319
I,367,341,316,323,277,277,258,232,255,193,303,240,291,200,298,227,307,253,333,234,322,191,324,225,329,254,363,230,357,183,349,207,345,234,393,231,390,190,386,166,381,144
O,410,303,361,261,328,210,305,172,301,135,379,149,372,93,337,88,314,100,396,149,389,79,343,76,314,94,410,156,400,86,350,84,318,103,416,169,394,113,356,106,328,117
S,395,362,351,332,321,274,339,223,383,211,345,224,336,181,337,227,346,242,380,226,375,176,365,229,372,239,413,240,407,210,390,261,393,266,447,259,430,243,415,276,419,282
R,367,424,327,384,310,330,324,281,354,250,325,271,327,213,340,176,357,141,357,271,340,200,331,163,328,130,390,284,382,238,364,285,354,323,423,307,406,276,384,307,369,334
R,368,416,328,378,309,324,321,276,351,245,329,265,330,207,342,172,356,139,360,266,346,193,336,156,332,124,392,279,383,230,362,277,350,315,423,302,404,272,380,303,365,332
S,391,358,347,324,318,268,334,218,377,208,340,220,330,178,332,223,341,238,374,222,368,172,360,223,367,233,408,235,400,205,384,255,389,260,442,255,423,239,409,270,416,276
K,434,387,388,357,363,312,358,267,356,232,379,269,361,221,351,193,344,167,409,268,411,210,414,174,420,144,438,281,442,254,429,291,420,321,465,302,461,285,446,311,434,333
L,468,343,416,334,367,308,325,283,291,280,377,245,362,196,355,165,349,138,407,239,400,212,409,257,412,276,439,239,433,212,437,255,436,274,472,244,467,218,463,249,460,267
H,518,329,481,280,433,252,383,256,345,264,433,186,355,186,309,187,270,186,448,218,354,215,301,216,260,215,460,257,373,271,385,285,411,285,465,297,394,309,403,317,428,313
X,371,328,319,287,289,247,268,217,258,193,344,168,325,114,290,110,266,126,361,179,280,180,277,220,298,233,367,200,285,220,291,253,312,256,366,226,301,248,305,273,324,274
F,410,391,355,365,308,325,271,290,253,250,350,244,312,205,278,211,256,227,377,226,353,164,327,126,303,96,410,226,406,164,396,121,385,84,441,242,459,192,472,154,482,121
R,367,412,328,373,308,320,319,272,352,243,328,262,329,205,341,170,355,137,359,263,345,192,334,155,327,124,392,276,383,228,362,275,349,314,422,299,403,270,378,300,362,327
M,424,345,375,311,360,261,391,225,420,201,364,233,351,188,356,221,365,251,395,225,385,173,385,214,392,245,427,226,423,171,416,212,417,242,460,234,454,195,442,219,439,241
A,433,309,373,294,329,257,309,209,315,171,349,214,339,174,346,205,353,230,380,210,368,168,373,211,378,235,410,211,402,173,402,218,404,244,444,217,436,190,430,222,427,243
K,438,404,389,376,358,330,348,282,346,244,371,278,349,227,336,197,327,169,403,276,402,213,405,174,409,142,436,288,441,257,429,297,421,329,465,308,461,291,448,319,436,346
J,377,384,315,369,260,324,237,276,249,239,294,261,277,221,280,257,286,294,327,251,312,219,312,268,317,309,364,246,349,198,343,238,343,277,400,245,396,193,389,160,381,131
I,406,354,350,324,310,269,291,214,293,168,339,225,331,179,339,214,346,242,373,221,366,174,368,217,372,249,408,221,405,167,398,199,394,230,443,225,443,178,439,150,434,125
K,436,388,392,360,366,314,361,267,357,231,380,268,363,218,353,188,347,160,411,268,414,209,418,171,425,139,441,282,445,253,432,292,423,321,469,302,465,285,450,312,437,334
S,387,359,342,325,313,270,330,221,373,209,336,220,328,180,329,225,339,238,371,223,366,172,357,223,364,232,404,237,397,206,380,255,385,261,437,257,420,239,405,271,410,278
G,461,362,409,327,375,289,349,263,319,241,426,215,380,189,341,185,311,187,452,220,379,220,375,259,394,271,467,239,394,253,396,284,415,287,473,268,414,289,413,310,428,311
T,438,323,387,295,358,242,365,190,380,151,367,205,354,160,358,176,367,202,404,207,402,168,398,217,395,243,440,216,438,183,427,234,420,258,475,231,470,202,457,233,449,252
Q,422,179,363,225,315,259,292,296,278,336,242,187,212,254,202,301,197,339,268,165,249,256,292,270,311,254,307,155,300,247,334,253,341,230,351,155,344,229,365,236,371,217
C,502,331,444,311,398,280,358,259,324,235,419,202,395,154,366,141,337,141,437,195,412,137,375,128,342,137,457,195,436,135,398,123,366,131,479,201,459,153,428,137,399,137
P,473,143,408,159,345,200,305,247,268,281,313,173,255,240,220,280,187,315,356,175,319,286,308,344,299,387,407,184,384,285,397,266,406,237,454,198,429,275,437,262,443,234
H,525,326,493,275,439,245,382,247,338,249,443,180,363,177,315,177,277,175,449,210,354,206,303,205,265,200,454,248,368,264,383,280,408,280,457,289,386,300,398,310,423,306
W,357,405,319,379,300,332,335,298,375,273,302,254,278,188,271,146,269,109,342,244,338,166,340,118,343,78,377,255,392,192,399,150,404,112,408,286,403,251,384,273,369,300
E,401,358,357,333,333,291,351,252,386,236,340,244,334,195,337,218,344,247,369,237,366,180,364,205,367,234,398,241,401,185,391,205,387,233,426,254,419,224,404,236,396,255
G,460,369,410,332,378,291,353,264,322,242,431,216,385,188,345,181,314,183,457,222,384,216,377,257,394,270,473,243,399,251,398,284,417,287,479,272,419,288,415,308,429,308
H,515,336,481,288,433,259,382,264,344,273,430,194,352,194,307,196,269,194,444,225,351,223,299,224,260,223,456,265,371,278,382,291,406,292,461,305,392,316,402,324,426,320
L,477,373,423,354,376,321,332,291,296,290,389,247,380,191,378,156,377,126,424,240,421,206,429,256,431,279,460,242,461,208,460,252,457,275,494,252,497,219,488,248,479,270
N,403,259,357,234,335,185,357,142,387,114,342,158,327,120,328,146,338,174,372,153,360,103,354,135,360,157,404,158,397,131,390,176,391,198,437,168,427,145,418,174,418,190
S,390,355,346,325,316,274,330,225,373,210,331,223,323,181,327,226,335,241,366,224,361,174,355,226,360,235,399,236,396,206,381,255,383,261,432,254,420,235,406,268,408,275
M,425,347,375,313,360,261,393,223,423,197,364,232,351,189,356,222,365,252,396,224,386,172,386,213,392,245,428,225,425,171,418,212,418,243,461,235,456,195,445,220,441,243
I,374,331,321,313,279,270,257,224,253,184,303,233,290,193,299,219,308,244,333,225,321,183,325,215,332,245,363,220,356,173,351,197,350,224,394,220,391,181,386,157,381,137
B,421,392,378,361,356,312,370,269,402,261,363,271,357,224,359,196,364,170,390,264,385,212,385,179,384,149,415,268,413,219,409,187,406,161,443,280,439,242,436,216,432,193
Z,390,364,353,329,332,296,322,259,351,238,346,225,342,170,343,137,348,108,376,231,378,191,373,234,367,259,405,243,411,207,397,244,387,272,429,266,435,234,417,254,405,273
K,442,407,393,378,364,331,357,281,355,242,377,279,356,226,345,194,338,165,410,277,413,213,417,173,424,140,444,290,450,257,436,299,427,333,474,311,471,293,457,323,444,348
F,408,377,355,354,310,319,274,286,256,248,347,241,311,204,280,210,261,225,373,224,348,167,324,132,302,103,404,222,398,165,389,125,378,92,434,235,449,186,460,151,468,120
M,435,350,383,314,367,259,399,219,429,193,373,227,363,180,369,214,377,247,407,219,400,164,401,208,405,241,441,221,440,164,434,207,433,239,476,232,474,190,462,216,455,240
D,433,413,384,380,347,333,319,301,306,264,383,276,375,217,369,181,366,150,402,274,381,213,344,220,322,241,418,278,397,219,352,229,326,251,431,287,408,239,369,235,342,247
P,470,144,408,163,350,204,314,248,280,282,315,173,260,237,226,276,194,309,358,173,323,278,312,336,304,379,408,180,385,280,398,264,407,236,454,193,429,271,437,259,443,233
Z,367,381,324,342,298,306,286,266,316,238,319,228,314,168,313,130,316,99,351,234,352,187,341,235,332,263,383,248,387,206,368,247,358,277,410,273,415,235,392,256,381,279
P,450,129,395,149,347,186,316,222,282,246,317,155,271,208,241,241,214,269,353,152,324,242,320,292,317,329,397,157,378,245,389,231,398,205,436,168,416,235,423,224,428,200
K,439,389,393,360,366,311,362,263,358,226,381,265,363,215,353,186,347,159,413,265,415,204,418,166,423,135,443,278,446,250,433,287,423,317,471,299,465,281,450,309,438,334
J,384,376,326,360,276,320,255,276,270,243,309,264,294,227,297,260,301,294,339,255,325,225,325,270,328,308,372,250,359,207,353,245,352,282,405,250,403,201,396,171,389,144
A,396,346,342,317,301,262,291,209,308,169,343,210,334,169,326,212,329,244,377,214,367,171,354,226,357,256,410,227,402,184,384,239,382,270,446,246,432,214,411,249,405,274
G,457,367,407,331,372,289,346,260,316,236,425,215,378,186,338,180,308,182,451,221,378,215,371,256,388,269,467,241,393,251,393,284,412,287,472,271,413,287,411,308,427,309
F,434,353,382,335,335,308,299,284,275,253,357,232,321,204,294,216,280,235,379,216,345,161,324,125,310,92,410,213,396,158,391,121,386,89,444,223,444,178,448,146,451,118
M,427,342,377,308,361,257,394,220,424,195,366,229,354,186,358,218,365,247,397,221,387,171,388,210,393,240,429,222,426,168,419,206,418,238,462,231,458,191,446,213,439,236
U,373,368,325,329,306,277,321,227,363,212,321,223,312,161,313,126,316,94,355,217,344,150,337,111,335,76,387,226,386,171,373,210,366,246,420,243,416,198,401,215,388,241
J,385,375,327,360,277,319,255,275,270,242,309,263,295,226,298,258,302,293,340,255,326,224,326,270,328,309,372,250,360,206,354,242,352,279,406,249,402,201,396,171,389,144
G,453,363,401,325,367,286,340,260,310,237,421,213,374,187,334,180,302,181,446,218,372,215,367,255,384,267,462,238,386,247,387,279,406,283,466,267,405,283,402,304,417,305
V,365,393,327,364,302,315,324,276,361,256,318,237,293,170,281,127,274,90,359,237,364,157,369,108,376,66,397,257,399,219,377,268,365,305,428,289,423,265,399,297,382,324
A,452,335,396,318,354,281,335,235,345,200,376,241,371,202,377,234,382,258,406,239,400,199,404,244,406,266,436,241,431,205,430,251,430,275,467,248,463,224,457,255,453,274
R,376,444,337,407,317,350,334,299,368,266,329,285,331,223,345,185,363,149,363,285,345,212,333,175,327,143,399,298,392,255,375,305,365,344,433,321,416,294,395,327,383,355
B,438,374,394,343,373,292,389,248,421,239,381,249,376,199,379,171,386,145,409,243,405,188,406,154,407,123,435,248,433,197,431,164,429,137,462,260,460,222,458,195,455,171
G,456,359,405,324,370,284,344,258,314,235,422,212,376,187,336,180,306,182,448,217,375,214,371,254,389,265,463,236,390,246,392,278,412,280,469,264,410,281,409,302,425,302
L,443,359,389,343,337,309,293,279,256,277,350,234,340,180,335,146,334,117,383,227,375,192,383,245,389,267,418,228,415,194,415,240,416,264,454,236,452,203,442,235,436,257
F,437,336,389,317,350,288,318,261,303,229,384,222,352,193,325,197,309,211,405,205,383,158,360,129,340,106,430,201,424,153,414,119,404,93,453,210,463,168,470,137,475,111
M,422,345,372,310,358,260,390,225,419,201,363,233,348,191,351,222,360,252,393,225,380,175,379,214,386,245,424,226,418,172,410,211,411,241,456,234,449,195,437,217,433,240
X,340,329,308,303,283,254,289,207,316,184,305,195,309,153,304,134,305,121,338,205,339,173,320,223,323,230,367,223,366,208,342,250,346,251,394,247,388,238,368,263,369,266
A,413,311,356,294,310,256,290,207,304,171,334,207,324,168,327,204,334,230,365,205,354,164,355,211,361,235,397,208,388,170,385,218,387,246,432,216,421,189,411,223,408,246
G,455,363,405,327,371,286,343,259,313,236,423,213,377,184,336,178,305,179,449,218,375,213,370,253,388,266,465,238,389,248,391,280,411,284,470,267,409,286,409,308,426,308
D,464,404,406,376,363,338,330,316,307,288,414,253,391,200,380,169,374,142,430,253,371,207,331,226,316,251,439,264,382,221,337,239,317,262,439,283,392,249,351,251,326,265
V,361,386,322,357,295,309,316,269,354,248,311,230,287,165,275,123,268,86,354,229,357,149,362,100,370,60,392,249,389,212,369,260,358,297,424,281,415,257,390,288,374,315
U,371,370,324,334,301,284,315,234,358,217,315,227,305,166,305,131,308,100,349,221,336,155,328,117,325,83,382,229,380,176,369,215,363,251,415,246,411,201,396,220,385,247
O,404,309,363,266,339,217,325,177,330,141,385,170,391,121,365,113,344,123,402,171,411,110,375,101,347,115,417,177,424,115,383,107,354,121,426,187,420,137,389,125,363,131
N,429,271,383,243,362,197,379,155,409,130,368,168,357,131,361,155,369,184,399,165,393,111,390,144,394,170,431,171,428,143,421,187,421,208,464,184,457,160,450,188,450,202
X,364,333,325,288,297,241,273,211,260,190,343,169,323,113,290,104,266,114,359,184,275,181,275,215,297,224,364,209,280,220,288,248,311,248,362,239,295,251,302,272,323,273
B,450,374,406,341,387,290,407,250,440,241,390,249,387,198,392,168,398,141,419,242,417,186,418,150,419,118,447,246,445,195,443,161,441,133,475,259,475,220,472,193,467,169
Q,431,185,371,222,325,258,305,304,287,348,259,203,223,270,212,316,210,354,288,184,274,285,310,283,321,263,329,178,325,276,352,266,353,240,371,179,368,260,384,254,383,230
B,432,383,386,352,363,299,381,252,415,245,368,252,362,201,366,171,372,144,397,245,392,189,392,154,392,122,425,250,422,197,419,163,416,135,455,262,451,222,447,194,443,170
M,432,349,383,306,372,251,410,216,445,193,379,222,369,174,371,209,377,242,413,217,406,160,402,204,405,238,447,220,447,162,435,204,433,237,482,232,479,189,464,213,456,237
H,516,341,480,291,431,262,379,266,342,275,434,197,355,195,308,196,270,193,447,229,352,224,299,224,258,222,458,269,369,281,384,295,409,297,463,310,391,320,402,328,427,325
D,464,393,404,365,361,330,328,311,300,292,417,237,392,175,380,138,374,108,436,244,365,201,321,231,306,259,443,263,377,223,333,248,317,275,440,289,387,259,347,266,325,283
W,372,444,330,422,307,383,331,347,367,319,303,295,275,232,265,192,258,156,342,283,332,205,331,157,330,116,376,292,386,228,389,185,391,147,408,320,403,275,391,292,380,317
M,424,348,375,314,360,261,394,225,424,200,364,234,352,188,358,223,365,253,396,226,387,174,388,216,393,246,429,227,427,172,419,212,418,243,462,237,459,196,446,219,439,241
R,370,413,329,377,307,324,317,276,348,244,327,266,328,208,339,173,352,141,358,266,344,194,333,156,328,123,390,279,379,232,359,277,348,313,421,301,400,270,378,301,365,330
C,479,369,414,343,367,308,331,290,299,270,396,228,376,176,344,162,315,162,413,222,390,155,348,145,314,160,428,223,409,156,363,145,329,155,441,230,420,179,385,161,354,159
T,426,322,375,294,349,240,360,192,377,158,366,208,354,166,352,181,354,207,399,210,391,173,385,218,382,248,432,218,422,187,411,235,406,264,466,231,453,205,441,235,436,255
Y,323,333,277,307,240,258,215,216,188,190,271,209,264,171,261,211,262,245,305,207,300,175,289,221,285,256,341,212,342,171,322,206,308,237,374,223,402,182,421,157,436,131
B,446,378,400,345,379,296,396,252,428,240,380,253,375,201,379,170,386,143,410,246,406,188,407,153,407,121,438,250,435,197,432,163,429,135,468,261,465,221,461,194,456,169
T,430,330,379,301,349,241,359,185,378,142,362,200,343,153,344,169,355,197,401,202,395,162,388,219,388,247,439,214,434,184,420,240,415,264,478,232,469,203,452,240,445,258
K,437,387,392,358,366,312,360,265,357,229,380,266,361,217,351,188,345,161,410,265,412,205,415,167,421,137,440,278,443,249,430,286,421,315,468,298,463,280,448,307,435,331
M,424,348,374,313,360,260,395,224,425,198,365,233,352,190,356,223,364,253,396,225,386,174,385,215,391,245,428,227,425,172,417,211,416,242,461,236,457,195,444,217,438,240
N,437,327,398,299,380,248,401,206,430,179,382,217,373,176,373,204,380,234,414,214,407,157,400,190,404,216,446,221,442,195,432,240,433,259,479,235,469,212,459,241,460,254
J,383,378,326,363,276,323,255,279,270,244,308,267,294,230,296,263,300,297,339,259,325,228,325,274,329,312,372,253,359,209,354,246,354,283,406,253,402,204,396,173,388,146
W,368,448,324,425,300,385,326,348,364,322,300,295,275,229,266,189,261,152,340,284,333,204,333,156,333,114,374,294,387,230,392,187,396,149,406,324,402,278,389,294,378,318
T,423,323,375,296,349,245,359,194,376,159,372,207,353,172,347,185,354,199,404,211,392,177,382,226,390,230,436,220,422,199,411,246,420,248,468,233,451,215,440,246,449,252
H,510,341,475,293,426,264,375,268,336,275,426,199,347,196,301,196,263,193,438,230,344,224,292,224,251,222,448,268,362,282,378,296,404,297,454,310,383,320,395,328,420,325
L,491,370,439,357,389,332,343,308,305,305,397,259,384,208,377,176,373,147,430,254,424,226,432,276,434,291,466,255,461,230,463,276,461,290,500,261,497,236,492,269,488,286
S,389,361,343,328,313,271,331,221,373,209,337,222,328,179,329,225,338,240,372,225,366,172,357,224,364,235,405,239,397,206,381,257,386,263,439,259,420,240,405,273,411,280
D,454,397,397,363,356,321,324,294,310,260,409,240,394,182,387,147,384,118,429,240,380,187,341,203,324,226,441,248,394,200,348,215,327,240,445,264,404,227,362,227,335,241
K,449,426,402,393,376,339,373,288,375,249,393,289,374,236,364,204,357,175,428,290,434,224,441,184,450,153,459,306,463,271,447,312,436,344,488,328,481,306,466,336,452,363
B,428,367,381,337,358,287,375,242,408,236,358,243,351,194,353,164,358,138,387,235,380,181,378,147,377,116,415,238,410,188,405,156,401,128,445,248,440,210,434,184,429,161
M,437,339,385,309,367,261,396,222,424,196,369,232,356,190,364,220,374,250,399,222,388,173,393,211,399,242,431,221,425,169,423,207,424,238,463,228,457,190,449,214,444,237
Y,344,337,299,311,260,266,234,226,207,201,291,216,285,174,284,213,285,248,324,215,319,180,311,224,310,259,358,220,360,176,346,203,336,229,390,230,416,187,433,160,448,133
U,370,371,324,333,301,283,315,233,356,215,319,229,310,170,310,137,313,106,352,224,341,158,334,122,331,88,383,232,383,177,369,213,360,248,415,249,413,204,396,218,381,242
W,362,438,315,413,291,373,320,334,359,311,294,284,267,214,258,174,253,138,335,275,326,192,326,143,325,100,369,285,380,220,385,177,386,134,399,320,392,267,377,281,365,310
F,434,343,385,325,343,295,308,272,282,246,368,224,332,201,303,213,288,230,386,209,357,158,338,124,326,92,413,207,404,153,402,117,402,86,441,217,444,174,451,143,456,114
Y,330,332,284,306,247,258,221,218,194,193,278,212,273,171,271,210,272,244,311,210,306,175,297,220,296,253,346,215,347,171,330,203,320,232,378,224,405,183,422,157,437,130
J,391,385,334,368,284,325,263,280,280,245,316,267,305,229,307,262,311,298,348,259,338,229,338,276,340,316,383,255,373,211,367,249,364,286,417,256,415,207,410,176,404,148
M,434,352,384,309,372,255,410,219,443,196,381,227,371,178,372,212,378,245,415,222,408,164,402,207,407,241,449,225,449,165,435,206,433,239,483,237,481,192,464,215,456,239
K,427,383,382,355,357,309,352,264,348,230,371,267,352,221,343,193,336,168,400,266,400,208,402,173,407,144,429,278,429,248,416,284,408,313,456,297,448,279,435,305,425,328
K,432,386,388,358,363,313,358,268,356,233,377,269,360,221,351,192,344,166,407,269,410,210,414,174,420,144,437,282,440,254,427,291,418,320,464,302,459,285,445,312,432,335
K,435,388,390,360,365,314,360,268,358,233,380,270,363,221,353,192,346,166,411,269,413,211,417,174,423,144,440,283,445,254,432,290,422,320,467,303,463,287,449,313,435,335
Z,376,393,339,356,316,316,312,275,344,251,338,239,335,176,337,139,342,108,372,246,377,200,367,246,357,274,405,261,414,220,394,261,381,291,432,286,440,251,419,272,405,294
A,462,348,403,334,357,294,336,245,344,207,379,247,374,207,382,248,389,275,412,244,406,203,411,256,415,278,445,246,441,209,441,262,441,284,479,253,476,228,470,265,466,284
N,433,315,392,284,375,235,398,196,427,170,382,205,374,167,374,194,381,225,414,203,410,148,403,182,406,210,445,212,442,185,431,229,431,249,477,227,469,204,459,232,459,245
S,395,343,349,315,316,261,331,210,372,194,332,211,323,170,326,214,335,229,367,211,360,161,354,212,361,221,400,222,395,192,381,242,384,247,434,239,419,222,407,255,410,260
I,370,343,319,325,277,280,254,234,249,193,301,240,288,199,295,228,304,253,331,232,319,190,322,227,329,256,361,228,354,178,349,206,347,233,393,228,389,186,384,161,379,139
H,540,339,508,285,458,252,404,255,363,264,464,190,381,183,333,182,295,179,475,226,376,213,323,211,283,208,482,268,391,272,404,286,429,288,484,311,410,311,420,320,446,319
I,384,350,329,324,288,273,269,221,269,177,317,230,307,186,314,220,322,246,349,225,340,181,342,222,347,251,382,223,378,171,371,202,368,231,416,226,414,181,409,154,405,130
C,471,349,410,327,364,296,329,278,297,258,387,217,366,170,337,158,310,158,403,210,380,149,341,142,310,155,418,210,398,149,356,140,324,150,432,217,411,168,378,153,350,152
W,363,445,319,423,293,385,314,347,349,319,288,293,259,229,249,189,243,153,328,281,318,201,317,153,315,111,363,291,373,227,375,184,376,144,396,320,387,274,373,291,364,317
K,434,387,388,358,362,312,358,265,354,230,378,268,360,219,350,189,343,163,408,267,409,207,412,170,417,140,438,280,440,250,426,287,417,317,466,300,460,281,445,308,432,332
P,420,78,372,119,334,169,312,210,284,243,301,139,265,207,242,251,222,288,339,127,334,225,348,272,360,301,387,121,394,216,400,199,400,171,431,122,429,197,430,183,427,156
Y,346,333,300,309,261,264,235,224,206,200,292,216,286,172,284,210,285,246,325,215,320,178,311,221,310,255,359,219,361,174,346,202,337,228,391,227,416,184,434,157,448,130
Z,368,344,328,309,304,275,294,236,321,210,319,208,314,151,313,118,316,89,349,212,348,168,341,211,335,238,378,222,380,181,365,220,357,249,404,244,406,208,386,229,376,250
Q,447,197,381,231,332,265,310,315,290,359,271,198,229,268,216,318,211,362,306,180,284,285,320,285,332,263,351,176,341,280,366,269,367,240,397,180,385,265,398,259,398,232
Z,376,349,335,314,311,281,300,243,329,219,326,212,319,156,319,123,322,94,355,216,355,173,349,216,343,243,385,227,387,187,372,226,364,255,410,248,413,213,394,234,384,255
I,350,341,299,330,256,293,235,251,231,215,277,254,262,219,273,247,285,274,303,245,288,210,297,244,308,272,331,239,319,198,319,226,323,253,361,236,356,197,351,174,345,153
Z,376,349,336,316,311,283,301,244,330,220,326,212,319,155,319,123,321,94,355,216,355,173,350,216,343,244,385,228,387,188,373,226,366,255,411,249,414,213,396,234,386,255
M,430,353,382,309,373,253,412,218,446,196,380,225,372,174,371,209,377,243,414,220,410,161,403,205,406,239,449,224,450,164,436,206,434,239,484,236,482,193,465,215,458,239
U,376,368,328,328,309,280,320,230,362,216,327,228,319,169,319,136,323,105,359,223,349,159,343,122,341,87,389,231,390,177,375,211,365,245,420,247,418,203,401,216,387,241
L,461,362,409,346,359,311,318,282,281,281,374,239,364,183,361,149,360,119,408,233,404,197,412,247,415,271,443,234,443,199,443,242,441,266,478,242,479,209,470,238,463,260
F,419,391,371,367,329,333,293,310,270,282,360,257,320,232,291,247,280,268,380,241,352,185,338,147,330,111,407,242,406,182,410,143,415,109,435,257,449,212,464,180,478,151
S,391,357,346,325,316,268,333,218,377,208,338,218,330,178,330,224,339,236,374,221,368,172,358,225,365,232,407,235,401,204,384,255,389,259,441,255,423,239,408,271,414,276
Z,396,389,352,352,322,312,313,270,344,239,340,219,333,146,333,103,336,64,379,227,383,176,374,232,365,267,417,243,426,196,405,246,391,284,449,270,459,229,435,257,418,284
Q,445,175,391,212,347,254,334,304,322,350,284,202,246,269,245,315,252,352,314,184,306,281,340,278,349,256,355,177,355,271,380,259,378,232,398,178,395,254,408,246,406,222
W,363,432,317,405,292,367,318,328,357,304,295,278,268,211,259,172,254,136,335,267,327,187,326,139,326,97,369,277,379,215,383,172,385,130,400,311,393,261,379,275,368,302
Q,420,195,358,236,309,275,285,320,263,364,237,206,206,282,195,331,193,370,270,186,253,293,291,293,302,271,313,181,309,285,337,276,337,249,359,184,353,268,369,263,368,238
Y,329,332,283,306,246,258,222,217,194,193,278,210,274,169,271,207,271,241,312,209,309,175,298,220,295,254,347,214,351,170,335,200,324,227,379,225,407,184,426,158,442,132
D,455,397,394,365,353,334,321,317,300,295,409,236,391,171,383,131,380,98,430,247,363,205,317,234,300,262,438,269,375,230,330,254,310,281,436,298,385,269,344,277,318,294
Y,329,344,284,317,248,267,224,224,198,197,280,218,275,180,270,221,270,257,314,217,311,187,298,233,294,268,350,224,353,184,332,219,318,250,381,236,410,196,430,171,446,145
P,455,135,397,147,348,181,316,216,284,242,321,154,273,205,242,241,214,269,358,152,327,242,333,282,341,302,402,159,383,242,393,232,402,208,442,168,421,233,426,223,430,200
H,518,333,483,284,432,254,381,259,343,268,434,190,355,189,309,190,271,190,447,222,353,217,300,219,259,219,458,261,372,274,386,288,411,288,464,301,392,312,403,320,427,316
W,364,445,325,417,307,368,342,326,380,297,306,281,282,213,274,172,271,135,348,270,340,190,342,144,344,104,383,281,396,215,402,174,406,135,416,312,420,265,404,282,389,308
L,464,379,411,364,359,330,317,299,280,296,377,253,369,199,366,166,365,137,410,247,408,206,413,252,414,276,444,248,446,210,446,250,443,274,478,258,478,224,472,251,466,271
F,425,392,377,366,336,332,302,307,281,276,366,255,329,228,300,243,289,264,387,240,361,182,348,144,342,109,414,241,416,181,422,141,428,107,442,257,458,212,473,180,488,151
C,472,345,413,325,367,295,332,277,302,257,389,220,367,173,336,161,309,162,405,214,380,152,340,147,309,161,420,214,400,153,357,145,325,155,435,221,416,175,383,161,354,161
N,445,319,405,290,386,243,404,202,429,174,385,212,374,176,377,200,386,230,418,206,408,150,405,182,410,210,450,213,445,188,438,233,438,253,484,226,472,209,465,238,465,249
G,451,380,396,333,363,289,336,263,306,239,426,221,373,187,332,175,300,171,451,234,368,231,366,269,385,281,461,261,377,277,382,306,404,307,461,294,393,313,396,333,415,333
W,364,433,319,408,295,370,322,333,359,308,297,281,271,214,263,174,259,137,337,270,329,191,329,143,329,101,371,281,382,218,387,175,389,135,401,313,397,265,383,278,370,303
O,402,307,363,264,339,217,324,177,328,141,385,170,389,120,361,111,341,121,401,170,408,109,370,99,343,112,416,176,423,113,380,105,350,119,425,185,419,133,385,123,358,131
L,461,344,410,335,361,307,320,281,286,279,373,245,360,195,354,164,349,136,403,241,396,214,404,260,407,277,436,241,429,215,432,258,432,275,468,246,463,222,459,253,456,270
H,529,341,494,290,444,260,393,264,353,274,446,195,365,192,319,192,281,191,457,229,361,222,309,222,270,221,467,270,379,280,394,293,419,294,472,311,400,317,411,325,436,323
K,429,384,384,355,359,311,353,266,350,231,373,267,355,221,345,192,338,167,403,266,403,207,405,171,410,142,432,278,432,249,419,285,411,314,460,298,452,279,437,305,425,329
L,473,397,416,378,364,347,314,319,274,314,377,263,364,203,359,167,357,135,413,256,409,219,418,273,419,298,451,257,451,220,451,268,449,295,486,268,489,233,479,266,472,289
I,373,341,319,321,277,276,254,230,247,191,299,237,287,196,297,224,306,249,330,229,319,188,324,224,330,252,361,225,355,177,350,204,348,231,393,225,390,185,384,162,378,142
B,405,396,361,365,344,313,363,271,395,265,356,268,354,221,360,193,368,168,384,264,383,211,386,178,389,147,410,270,411,221,410,189,411,162,436,284,436,246,435,220,433,197
F,450,368,403,344,364,311,332,281,318,248,402,242,369,210,341,215,323,228,425,226,406,175,385,143,365,117,452,226,450,174,441,138,433,108,477,238,491,197,501,165,508,137
M,425,344,375,309,359,259,391,222,420,199,364,232,352,188,357,221,365,250,395,223,386,172,386,212,392,243,427,224,423,170,417,210,417,240,459,233,455,193,443,217,438,240
T,434,313,383,294,350,240,354,181,370,143,361,196,350,155,352,186,359,201,399,200,393,165,389,220,390,218,434,207,430,184,421,236,421,234,468,216,460,197,451,232,453,239
P,475,139,409,156,350,198,313,246,279,281,319,170,260,239,223,277,188,311,363,170,323,282,312,340,302,382,413,179,388,284,400,267,409,239,460,196,434,273,441,260,447,234
B,433,383,390,350,370,300,387,256,420,248,378,256,374,207,378,179,384,152,406,250,403,196,404,163,406,132,432,255,431,205,430,172,429,145,460,268,458,230,456,203,453,179
Y,329,334,284,308,246,261,221,219,194,193,276,211,269,171,267,210,268,245,310,208,305,175,294,221,292,256,345,213,346,172,328,204,316,234,378,224,405,183,423,158,438,131
F,411,374,360,348,320,312,290,276,277,238,362,243,336,205,307,207,288,220,387,230,370,174,351,140,334,110,416,231,411,176,404,138,396,105,445,243,460,197,472,164,481,134
A,410,316,350,297,301,254,283,202,298,163,330,201,321,160,322,201,329,230,364,200,352,157,352,207,359,235,398,205,388,164,383,217,385,247,434,215,424,186,411,222,407,247
L,488,350,437,340,389,311,349,284,314,281,401,247,388,197,382,166,378,138,433,243,428,213,435,259,437,278,467,244,464,218,465,261,463,279,499,251,497,226,492,257,488,274
O,468,279,413,239,374,200,344,175,325,147,435,126,390,81,350,94,329,118,450,129,395,75,348,95,330,121,460,144,413,88,362,102,338,127,458,168,421,123,381,120,355,129
S,396,358,348,328,314,274,329,222,373,205,328,223,318,178,325,223,335,240,365,222,358,167,354,220,360,233,400,233,396,201,383,253,384,260,436,250,422,232,410,266,412,274
R,366,424,326,385,309,330,322,281,352,250,325,272,326,213,340,177,357,143,356,271,340,198,330,159,326,125,390,283,380,237,362,284,352,322,422,306,404,274,382,305,368,333
Q,412,177,360,223,314,261,291,295,272,328,233,188,201,253,192,301,189,340,260,165,241,258,284,269,301,250,297,156,287,249,323,253,331,229,340,155,330,228,353,235,359,216
Q,433,201,369,237,316,273,292,319,268,365,252,205,214,278,201,327,195,369,288,184,262,289,302,293,315,273,333,180,317,284,348,279,354,252,378,184,362,270,380,268,383,243
U,372,364,326,326,304,278,317,229,359,214,314,224,303,163,303,128,305,97,348,217,334,151,326,113,322,79,381,225,378,173,366,211,360,246,414,241,410,196,395,214,382,241
J,400,394,339,378,289,335,268,287,281,253,321,279,310,238,314,272,318,307,354,270,345,237,344,283,345,321,389,265,380,218,374,256,372,292,423,264,420,215,414,184,408,157
S,381,361,337,327,307,271,324,222,367,211,332,221,323,180,322,226,331,240,366,224,360,174,350,226,358,236,399,238,390,208,374,259,380,264,433,258,414,241,399,273,405,279
O,416,298,366,254,332,206,308,168,303,128,384,144,377,87,341,80,316,93,400,144,393,73,347,69,317,87,413,151,404,79,353,77,321,96,419,164,397,108,359,100,331,111
L,491,369,440,356,391,329,348,301,311,296,402,260,390,208,385,177,381,147,435,256,430,226,437,274,438,291,470,257,467,230,468,274,465,291,503,264,502,237,496,269,490,287
U,375,370,327,331,308,280,323,229,367,214,322,224,315,162,317,127,321,95,357,219,347,151,341,113,340,78,390,228,391,172,378,212,369,247,423,245,420,200,404,218,390,244
R,365,408,326,371,306,319,316,272,346,243,325,261,325,204,335,169,349,136,355,262,341,191,330,155,324,124,387,275,377,228,358,272,347,308,418,298,399,268,377,298,364,325
I,381,349,326,324,286,272,267,222,268,178,315,231,306,187,312,219,319,247,347,226,339,181,339,220,344,252,380,224,376,172,368,202,364,233,413,227,412,182,407,155,403,131
G,482,360,432,311,404,268,375,246,343,225,467,204,414,171,372,162,339,162,489,221,409,214,405,250,424,263,497,250,414,260,417,288,437,290,493,284,426,298,428,317,446,317
A,453,334,396,317,354,281,336,234,347,200,377,240,373,201,378,235,383,259,408,239,401,198,404,242,407,265,438,241,433,204,431,249,431,273,469,248,465,223,458,254,454,273
J,388,385,327,371,271,326,248,277,261,239,305,265,289,222,294,257,299,295,339,255,324,220,326,270,330,312,375,249,360,200,356,241,356,282,411,248,407,196,400,164,391,135
L,479,343,427,333,378,305,337,279,303,275,390,242,376,193,370,162,365,134,422,236,415,206,424,252,426,272,455,237,451,209,453,253,452,271,488,243,485,218,480,249,476,267
O,407,315,369,272,345,225,330,184,338,148,393,177,400,125,371,116,350,126,410,178,420,114,381,104,354,118,425,185,432,120,389,112,360,127,434,195,427,142,393,132,367,140
B,435,379,391,346,371,297,388,254,420,245,378,253,373,204,377,176,383,149,406,247,403,193,404,160,404,129,432,252,431,202,429,170,427,143,460,265,459,227,456,200,453,176
C,476,344,415,325,368,294,333,277,303,256,394,213,372,165,342,154,315,154,410,207,385,146,346,139,315,152,425,207,403,146,360,138,328,149,439,214,416,166,383,152,355,152
M,435,362,376,310,360,242,406,201,448,177,369,207,357,149,358,194,365,234,410,201,403,133,397,189,402,229,453,206,453,135,438,189,434,229,494,220,494,168,474,196,464,223
Z,388,355,350,320,328,286,319,248,348,226,343,217,339,162,339,129,343,100,373,222,374,181,368,224,362,250,402,234,407,195,392,232,383,261,426,256,431,223,412,243,401,262
J,390,387,331,372,279,329,258,282,274,249,311,274,297,235,301,267,306,303,343,265,330,232,330,278,333,318,377,259,365,212,359,249,358,287,410,257,407,209,400,178,392,150
E,407,379,364,356,338,315,359,276,398,259,338,262,334,209,339,242,345,270,370,252,366,190,368,226,372,254,402,253,402,193,397,223,395,253,432,263,430,223,417,236,410,259
N,413,276,367,249,344,202,359,159,386,133,352,171,339,137,340,162,349,191,383,167,373,119,367,153,372,176,414,173,409,147,401,191,402,211,448,185,438,164,429,193,429,207
E,382,376,339,344,319,294,344,254,387,244,326,244,326,191,326,221,330,251,359,238,363,176,358,205,358,235,391,243,400,184,388,205,383,235,421,257,422,217,406,224,397,245
M,429,367,379,339,360,292,389,255,417,231,366,262,353,225,359,258,368,286,395,254,385,209,386,251,392,280,426,255,421,207,415,250,415,279,457,263,450,229,441,255,437,276
P,481,135,414,161,356,203,316,243,273,272,315,165,257,227,219,269,185,306,359,163,322,272,312,337,304,386,411,171,389,276,406,261,415,232,459,186,438,266,446,254,449,227
G,456,366,405,330,371,288,344,260,313,236,425,214,378,185,338,179,305,180,451,219,376,214,371,255,389,267,466,240,392,249,394,281,414,283,471,269,412,285,412,306,428,306
I,358,353,308,341,266,301,244,259,237,221,281,262,268,226,282,255,296,284,310,253,297,217,307,253,317,282,340,247,329,205,328,234,329,262,371,245,368,204,365,180,360,158
V,364,371,327,338,306,291,328,251,365,234,323,217,311,153,307,112,307,77,361,217,361,143,363,98,368,59,396,237,400,198,379,244,366,281,426,268,423,242,400,272,383,299
H,520,337,484,287,436,257,385,260,347,268,438,191,359,190,313,191,275,189,451,224,356,219,304,219,263,218,461,264,374,276,388,290,413,290,466,304,395,314,406,322,430,318
E,407,367,364,342,339,299,358,258,394,240,343,246,338,196,342,222,350,253,373,238,371,177,371,203,375,234,404,243,409,184,401,207,398,236,434,258,428,227,415,242,409,265
B,430,365,383,334,361,283,377,238,410,232,363,241,356,190,359,159,365,132,392,233,386,177,386,142,385,110,419,236,415,185,411,151,408,122,449,248,445,208,440,180,434,156
A,441,313,386,302,344,271,323,229,332,198,362,233,356,197,364,225,371,247,391,230,382,191,390,231,394,254,419,229,411,194,415,235,416,258,448,233,443,211,440,239,438,257
B,440,377,395,349,373,301,395,260,427,250,370,259,365,206,367,173,371,142,400,250,395,191,394,153,392,118,429,252,426,198,421,163,417,132,459,263,457,222,452,193,446,168
H,516,336,480,286,430,257,379,263,342,274,430,194,351,193,306,194,268,193,445,226,351,223,298,223,256,223,458,266,370,279,384,291,409,293,465,307,392,316,402,323,427,321
F,429,402,378,376,336,340,301,313,282,281,366,263,330,231,302,245,293,268,387,248,362,188,348,150,340,114,414,248,415,187,419,147,424,112,442,264,458,218,472,184,485,153
B,428,368,381,336,358,287,375,243,409,234,359,243,353,192,356,162,361,135,388,235,382,179,382,144,381,112,416,238,412,187,408,154,403,126,446,250,443,210,437,183,432,159
E,414,379,374,347,356,297,382,260,423,249,357,253,358,202,365,234,368,262,390,246,391,185,395,217,397,245,422,249,427,190,425,216,421,245,452,261,452,222,444,231,438,250
K,433,387,387,358,361,312,356,266,352,231,377,268,359,220,348,191,341,164,407,267,408,207,411,171,417,140,437,280,439,251,425,288,416,317,465,300,458,282,443,308,431,332
U,398,383,351,343,331,292,347,242,389,226,348,236,343,177,345,143,350,111,382,232,374,166,370,128,369,93,414,242,417,186,402,222,392,258,446,259,445,215,428,230,413,255
D,439,390,381,360,341,318,308,290,294,256,394,233,377,177,368,141,365,112,413,234,363,183,321,200,303,223,426,243,377,196,330,212,308,235,428,260,384,225,341,226,315,238
J,382,378,325,363,275,322,253,278,266,244,307,265,293,229,294,261,297,296,338,257,323,227,323,273,326,312,371,252,357,208,351,246,350,282,404,252,401,203,394,173,386,146
T,435,309,385,293,351,238,353,179,367,142,361,194,350,153,354,188,362,202,397,197,392,163,390,217,391,214,432,204,429,182,422,234,421,231,467,211,460,193,452,229,454,235
W,372,436,330,415,304,374,325,332,358,299,293,284,262,219,251,178,245,140,332,269,320,191,318,142,316,99,368,278,378,214,380,169,380,130,402,304,396,262,382,276,369,298
L,460,342,409,335,359,308,317,282,283,281,369,246,355,195,349,164,344,135,400,241,391,215,401,260,404,276,432,240,425,214,429,258,429,274,465,243,460,219,456,252,453,270
Y,327,343,281,315,245,265,222,222,195,197,277,216,271,179,268,222,269,259,312,215,307,186,296,233,293,268,347,222,350,183,331,218,318,249,380,234,409,194,428,169,444,143
E,383,366,339,335,318,287,340,249,380,237,329,239,327,187,326,214,331,243,360,233,363,172,357,199,358,229,390,237,398,177,387,197,383,227,418,251,420,210,406,214,397,234
V,387,383,353,348,336,301,362,264,399,248,353,228,347,163,347,123,350,88,390,230,394,155,398,112,405,74,423,249,431,212,411,256,397,290,450,280,452,255,431,282,415,307
Y,347,337,300,312,262,265,236,226,208,203,293,217,287,174,286,212,286,248,326,215,323,179,314,222,311,257,361,220,364,174,350,202,339,229,393,229,419,187,437,160,452,134
H,521,323,489,273,432,246,375,252,331,258,435,183,353,182,306,185,268,184,442,215,346,213,295,213,256,210,448,254,362,269,379,284,405,284,452,296,381,306,394,315,419,311
L,481,362,429,347,380,312,339,281,304,277,395,248,383,194,379,162,376,132,428,245,426,213,432,261,432,280,462,248,462,221,461,265,458,283,495,257,496,231,489,263,483,280
J,398,396,339,380,288,336,267,287,282,251,319,279,307,237,312,271,317,307,352,270,342,236,342,283,344,323,387,264,377,217,372,254,370,291,421,264,418,214,412,183,405,156
W,369,429,323,408,296,372,316,331,349,298,289,276,256,213,243,173,236,136,328,263,314,185,312,136,310,95,362,272,370,210,371,166,370,127,395,300,384,255,371,272,360,297
W,369,445,325,421,300,382,328,345,366,320,302,292,276,226,268,186,263,150,342,281,336,201,336,153,335,111,376,291,389,229,394,187,398,147,407,322,402,277,389,294,379,320
J,396,387,339,367,289,323,269,276,289,243,321,266,313,230,315,265,319,300,355,259,346,229,345,277,346,316,390,255,382,212,375,250,372,288,425,257,424,208,419,177,412,149
Q,355,126,313,162,279,191,265,223,257,253,223,127,197,185,193,225,193,257,249,108,240,183,273,189,284,173,284,101,284,178,308,179,311,158,322,101,318,163,331,164,333,146
H,522,334,488,281,438,251,385,257,346,269,440,189,359,186,312,187,273,185,453,222,357,216,303,215,261,214,462,263,375,274,388,287,413,289,466,304,395,313,405,320,430,317
F,439,336,390,317,351,288,320,261,303,230,385,222,352,192,325,198,310,212,406,206,383,157,361,128,341,105,430,201,424,152,414,118,404,91,454,209,464,167,471,136,476,110
Q,456,199,394,232,346,266,326,313,308,356,286,202,241,268,232,317,231,359,320,183,297,282,335,285,349,265,364,179,350,276,379,271,383,244,408,182,395,263,410,260,411,235
L,480,357,428,343,379,307,339,275,304,271,394,243,382,189,378,157,375,128,428,240,426,208,432,255,432,276,462,243,462,215,462,260,458,280,495,253,496,226,489,257,483,275
U,370,369,322,329,301,280,316,230,357,212,313,228,303,165,302,130,304,98,347,221,334,153,327,114,324,80,379,229,378,175,366,212,360,247,412,244,409,198,394,214,381,240
X,348,324,301,288,271,246,255,212,268,197,326,175,330,119,300,110,273,124,356,184,300,181,286,221,296,238,376,206,308,223,302,257,316,264,387,233,327,253,321,276,334,281
N,415,266,369,239,346,191,361,150,387,123,353,161,339,125,341,149,350,177,384,157,374,106,370,139,375,165,416,163,410,134,403,178,404,200,450,175,441,150,432,178,432,193
A,453,336,398,319,356,282,337,235,347,201,377,242,373,202,379,236,384,260,408,240,402,199,405,244,408,266,438,242,434,206,433,251,433,274,470,249,467,225,459,256,455,274
R,364,415,325,374,305,322,317,274,347,244,326,264,327,207,338,171,353,138,357,265,342,193,332,155,327,122,389,278,380,231,359,277,347,315,420,302,401,270,377,300,363,328
U,368,374,321,334,299,286,311,234,354,218,315,232,305,173,304,140,306,110,348,226,336,161,328,123,325,88,379,234,379,178,365,215,356,249,410,249,408,204,391,219,375,244
Y,327,340,281,313,244,264,220,221,192,196,276,215,271,176,268,217,267,252,309,213,305,183,294,230,291,265,345,219,346,180,328,215,315,245,377,231,406,190,425,165,441,138
C,471,346,406,320,355,290,317,278,283,261,390,207,359,161,324,150,293,153,402,202,367,140,322,134,289,149,411,205,377,142,331,136,297,148,413,215,379,168,341,157,310,158
A,423,312,363,294,315,254,295,203,309,165,342,206,333,164,336,201,341,228,375,204,363,159,364,207,369,234,407,207,397,165,394,215,395,244,442,214,433,185,423,220,419,244
A,466,327,409,315,366,277,349,227,362,192,384,229,385,191,391,227,396,255,417,228,415,185,419,235,421,261,448,231,448,193,447,243,445,268,481,238,480,214,476,248,470,266
D,428,372,369,342,327,302,295,276,283,244,380,218,363,160,353,125,349,96,399,218,351,167,310,181,291,203,412,226,362,181,315,195,292,218,415,242,373,207,331,206,303,219
B,427,362,380,332,358,283,375,239,406,229,359,238,352,187,355,157,360,129,388,230,381,174,381,140,381,107,415,234,411,183,406,149,402,121,445,245,441,206,435,178,430,153
Z,396,373,362,342,340,307,337,271,363,247,356,234,353,178,353,144,358,115,387,240,391,200,383,244,377,269,417,254,424,217,407,255,397,282,442,276,449,244,430,265,417,284
D,438,380,378,349,336,308,304,281,291,249,389,223,372,167,364,133,361,104,409,223,360,174,319,190,301,212,422,232,373,188,327,202,305,225,426,250,382,215,339,215,313,226
L,482,359,430,346,380,309,341,276,306,271,396,245,384,192,380,159,377,130,429,242,427,209,434,256,434,278,463,245,463,216,463,261,458,281,495,254,497,227,490,259,483,277
L,443,352,388,335,337,302,294,272,258,271,353,229,340,174,336,142,333,112,385,222,378,186,385,237,391,263,420,222,417,187,416,233,418,260,455,231,453,197,443,228,438,252
K,429,386,384,358,358,312,353,267,349,232,373,269,354,221,344,193,338,168,403,268,403,209,406,172,410,143,432,281,432,251,419,286,410,314,460,300,452,281,437,307,425,331
K,436,381,393,351,369,304,366,258,365,223,384,260,369,209,362,179,357,152,415,260,420,200,425,164,432,134,444,274,452,244,437,281,427,310,471,296,469,278,454,303,440,326
J,390,381,331,367,281,326,260,280,269,244,311,269,296,229,299,260,304,295,343,260,329,227,329,273,333,312,376,254,362,208,358,245,358,283,409,253,405,205,398,174,390,147
O,412,301,363,258,331,210,308,172,303,133,380,147,375,91,342,87,318,100,397,147,392,77,349,74,320,93,411,154,404,85,356,83,324,101,418,167,398,113,360,106,332,116
T,423,323,377,290,352,237,363,193,382,164,374,200,363,162,358,185,362,203,405,201,397,164,387,210,391,222,437,208,429,175,417,220,422,234,470,221,459,189,447,218,451,233
L,439,352,385,337,334,304,291,274,255,272,350,230,338,176,333,144,331,114,382,223,374,189,382,239,388,264,417,224,413,189,412,235,414,260,452,232,449,199,439,230,435,252
Q,446,192,386,227,339,262,322,308,305,351,280,198,243,266,231,314,228,357,313,179,290,273,327,282,342,265,356,173,341,268,369,268,373,244,398,175,387,254,401,255,401,231
A,445,311,389,297,347,263,327,220,336,188,367,226,363,187,371,219,376,242,396,222,389,183,396,225,399,247,424,223,419,187,421,230,422,253,454,228,451,204,447,233,443,250
L,466,367,412,349,364,316,321,287,284,285,377,244,366,189,364,156,363,126,411,237,407,202,415,251,418,276,447,238,446,203,446,248,445,273,481,247,482,215,474,246,467,268
J,383,377,325,362,275,321,254,276,270,242,307,266,294,228,295,260,299,294,338,257,325,226,324,270,328,308,372,252,359,208,353,245,353,282,405,251,402,203,396,172,389,145
Z,390,359,354,326,332,293,324,255,352,233,346,222,341,166,341,133,345,104,376,227,377,187,372,230,366,256,405,239,411,202,396,239,387,267,429,260,436,228,418,248,406,268
T,453,298,406,280,379,232,382,185,399,153,387,198,376,159,383,179,390,203,418,201,419,167,417,212,414,229,449,208,451,181,443,225,437,241,479,217,479,194,470,223,463,238
E,392,379,350,347,330,297,356,258,398,248,338,247,339,194,338,223,341,251,371,242,376,179,370,208,370,237,402,247,412,186,400,209,396,239,432,262,435,220,420,228,411,249
A,439,310,386,294,345,259,328,214,337,182,366,220,364,183,371,215,375,238,396,219,392,181,397,224,398,246,424,221,422,187,422,231,421,254,453,228,452,206,447,236,442,253
P,455,124,392,149,339,192,306,234,273,258,314,152,262,214,228,257,197,293,357,147,324,257,318,320,316,364,409,154,384,260,395,246,404,217,455,168,428,250,432,239,437,210
O,385,283,343,247,319,201,305,163,309,131,366,157,367,112,342,103,322,112,381,155,383,100,348,92,323,106,393,158,396,102,356,95,329,110,401,164,395,117,363,108,338,118
Y,347,338,300,312,262,265,235,225,206,203,293,219,289,175,287,214,288,249,327,217,323,180,314,224,312,258,361,222,365,176,351,204,342,230,393,231,419,188,437,161,452,133
H,511,345,473,296,426,265,377,269,340,280,429,200,350,198,303,199,265,196,445,231,350,227,296,227,254,225,457,271,369,285,383,299,408,300,463,312,390,323,401,331,426,328
G,466,369,414,318,381,275,349,253,315,233,446,208,387,172,342,165,308,167,467,225,380,219,378,256,398,269,475,256,386,266,392,295,414,296,471,291,400,305,404,323,424,322
S,390,355,347,325,316,275,330,228,371,211,330,224,322,181,327,224,336,242,365,224,361,171,355,223,360,236,398,235,395,206,381,254,383,261,432,253,420,236,407,268,409,274
S,405,381,363,348,330,297,345,247,391,229,340,239,335,190,344,240,351,261,379,240,379,180,376,239,378,256,417,253,419,219,406,273,403,283,453,273,448,252,435,286,430,294
S,401,338,357,308,326,257,340,209,380,191,342,208,333,167,338,211,346,225,376,209,370,160,365,211,371,218,409,221,405,189,391,238,394,242,442,237,428,220,416,251,419,257
F,443,343,395,322,356,292,324,264,309,232,391,225,359,193,332,198,316,212,412,209,391,159,369,129,349,106,438,206,432,155,423,120,414,93,462,215,474,172,481,141,487,114
O,394,288,353,248,327,199,311,160,315,123,374,151,377,99,347,93,327,105,390,150,397,88,357,81,331,97,405,156,411,92,366,86,338,103,414,165,406,114,371,104,345,113
M,434,341,383,310,366,261,398,223,425,197,367,234,352,194,361,225,371,253,397,223,385,175,389,215,396,244,429,222,422,171,420,210,422,239,461,229,455,192,446,216,444,237
W,379,431,334,410,307,369,329,327,365,295,299,273,270,209,258,168,250,130,340,259,327,180,325,131,322,88,376,268,384,202,386,159,386,120,410,295,403,251,391,267,380,291
Q,442,201,378,234,328,271,305,320,285,365,264,206,224,278,212,327,209,369,298,188,280,293,318,293,330,272,342,184,335,286,361,275,363,248,387,187,379,271,393,264,393,238
L,475,345,423,335,374,308,333,282,299,279,386,246,372,195,366,165,362,136,418,241,412,212,419,258,421,276,450,241,446,214,448,258,446,275,482,246,480,221,475,253,472,271
C,477,328,415,313,366,290,329,280,297,263,385,209,360,160,327,148,300,149,400,202,373,139,331,133,299,146,416,202,390,140,346,134,313,144,430,209,404,166,369,154,339,154
K,435,390,390,361,364,314,359,267,355,231,378,268,360,219,350,190,344,164,409,268,411,207,414,170,420,139,439,280,442,251,428,289,419,318,467,301,462,283,446,310,433,334
U,360,409,317,366,299,317,308,270,339,241,320,259,314,199,314,164,318,132,350,258,344,189,338,149,337,113,380,269,379,211,359,253,350,291,409,290,401,244,381,265,368,293
E,408,382,369,352,349,302,375,263,416,250,347,255,348,204,357,238,360,264,381,247,382,183,388,219,388,245,414,250,420,191,417,221,413,248,444,262,446,221,437,234,430,254
W,359,406,323,381,304,335,338,300,375,275,302,257,278,191,272,149,270,112,342,246,338,169,342,121,344,81,376,257,391,196,398,153,404,114,407,285,403,250,386,271,372,297
L,455,343,405,337,353,309,310,283,276,282,362,246,348,195,341,164,337,136,393,240,383,215,394,261,397,276,426,239,417,214,422,258,423,272,458,243,452,219,450,251,448,267
M,427,346,377,313,361,260,394,223,425,199,365,232,352,188,357,221,367,251,397,224,387,173,387,214,394,245,429,226,425,171,419,211,419,242,462,235,458,195,446,218,442,241
Y,328,337,281,310,245,261,220,220,193,195,276,214,272,173,269,213,270,247,310,213,307,179,295,225,293,259,346,218,349,174,332,206,321,234,379,229,407,187,426,162,441,136
H,526,323,494,272,439,243,382,246,338,249,443,177,362,175,314,177,275,176,450,208,353,204,302,204,262,200,456,246,369,263,385,278,410,278,459,287,387,299,399,308,425,304
S,407,378,367,346,334,295,347,245,392,224,342,235,335,185,345,236,353,257,381,236,380,175,378,234,379,249,418,249,421,215,408,270,403,278,455,269,450,248,436,282,431,291
M,435,343,385,313,368,263,398,224,424,197,369,235,355,193,364,225,374,254,400,225,388,177,392,217,399,246,431,224,425,171,422,211,423,241,464,231,457,193,449,218,444,241
H,530,343,497,291,446,260,394,266,354,278,447,199,366,195,320,195,281,194,459,234,362,226,309,225,269,223,468,275,379,283,394,295,421,296,473,316,400,320,411,327,437,324
G,472,350,422,300,391,258,359,238,324,219,454,192,397,160,353,152,318,152,477,211,393,203,390,240,409,252,486,242,399,249,402,277,424,280,482,278,412,289,413,306,433,306
T,445,329,393,302,363,252,365,200,380,160,368,213,353,173,358,179,370,199,405,214,406,174,404,224,401,248,442,222,444,190,435,239,428,261,478,235,478,206,467,238,458,256
T,415,324,370,284,354,226,371,180,392,148,375,197,371,152,364,165,362,189,406,203,406,161,390,203,383,233,437,216,435,179,415,222,406,252,469,236,465,202,444,226,432,247
T,428,313,380,291,351,239,361,185,378,151,366,200,354,160,354,189,361,209,400,202,392,166,386,216,390,223,432,210,424,183,414,231,418,238,466,219,454,198,444,230,448,239
Y,335,333,290,308,252,260,226,219,198,194,283,212,279,169,277,208,278,243,317,211,313,176,304,219,303,254,352,216,355,172,340,200,330,226,384,226,411,184,429,158,445,131
U,386,380,341,343,320,289,336,241,376,226,341,236,334,178,335,144,340,113,373,232,365,167,359,129,358,96,405,241,407,187,390,220,380,255,436,259,435,215,417,228,402,252
B,432,378,385,346,363,296,380,251,414,243,366,251,360,200,364,170,370,143,395,243,390,187,390,153,391,120,423,246,419,195,416,161,413,132,452,258,448,219,444,191,440,167
Q,422,198,361,234,313,269,289,312,266,349,247,204,211,269,198,316,195,351,276,189,254,284,288,295,303,280,316,187,303,280,329,281,335,261,358,195,347,268,359,269,362,250
T,443,322,395,286,371,228,382,181,397,146,396,192,384,150,376,158,376,179,428,197,420,159,404,206,402,234,461,211,452,178,431,226,427,252,494,232,482,202,462,230,455,249
Y,329,301,284,272,252,227,230,189,200,171,297,186,302,155,300,193,297,227,331,189,337,164,324,209,316,241,363,196,377,159,360,193,346,221,391,207,423,170,446,149,465,125
M,424,344,376,310,361,259,393,223,422,197,364,232,351,187,355,219,363,250,395,224,385,172,383,212,389,243,428,225,423,171,415,209,415,239,460,234,455,194,443,217,438,239
R,363,408,323,371,303,318,314,270,346,241,323,260,324,205,334,170,349,137,353,260,338,191,326,154,319,121,386,273,376,226,357,271,345,308,416,296,396,267,373,298,359,326
Z,369,381,327,345,301,308,291,267,319,237,321,229,316,167,315,129,318,97,354,234,354,186,343,235,336,264,386,249,390,204,371,247,361,278,414,275,418,235,396,257,383,280
H,534,342,502,287,452,255,398,260,358,273,458,194,374,187,326,186,287,184,469,229,370,219,316,216,273,213,476,271,386,280,399,293,425,294,479,312,405,317,416,325,441,322
H,535,343,503,290,454,258,400,262,359,273,457,194,374,189,326,189,287,186,469,229,371,219,316,217,275,213,477,270,387,278,401,292,427,294,480,312,407,317,418,326,443,323
F,436,399,385,376,338,347,299,323,282,289,366,267,328,234,303,249,294,271,392,250,361,191,345,154,334,118,426,250,420,192,422,152,423,118,460,266,476,221,491,188,503,158
L,453,364,402,348,349,313,306,284,269,283,364,240,354,185,350,151,350,122,397,234,392,200,399,250,403,272,433,235,431,201,431,245,430,267,468,243,467,210,458,239,451,260
O,396,292,353,251,327,201,312,160,319,122,376,152,380,101,350,94,329,106,393,152,399,89,359,82,333,98,407,158,413,93,369,87,340,104,416,167,407,113,372,105,346,116
K,449,426,402,393,376,341,374,290,375,252,394,292,375,240,364,208,357,179,427,293,434,227,442,188,451,156,459,308,463,275,446,315,435,347,488,330,483,307,467,337,454,363
T,432,324,380,294,354,241,364,195,380,161,368,212,353,173,353,179,360,204,401,212,393,175,388,217,387,250,434,218,424,189,414,234,410,265,469,230,455,205,444,234,439,254
H,535,337,504,281,450,248,391,256,349,273,452,192,366,186,318,186,278,184,461,230,361,218,307,216,266,214,469,274,378,277,391,287,415,288,472,318,399,316,409,320,433,319
G,472,353,424,304,393,261,361,240,326,221,456,195,399,162,355,155,320,156,479,214,393,207,392,244,412,255,486,244,398,253,404,281,426,282,483,280,411,292,414,310,434,309
P,471,139,408,158,350,201,314,249,282,287,319,174,260,242,225,282,193,316,362,174,327,284,316,343,308,386,412,183,392,285,404,268,412,240,458,197,437,273,444,260,448,234
L,467,398,412,380,360,346,315,315,275,309,379,262,370,204,367,168,367,136,415,258,412,220,417,271,418,296,452,261,453,224,450,269,447,293,488,272,491,237,479,267,471,289
N,459,307,411,284,387,233,409,186,437,156,384,202,373,163,380,190,390,219,419,197,409,143,409,179,414,199,453,202,451,175,445,221,444,234,488,210,482,190,476,220,476,231
L,468,367,415,351,366,316,325,286,289,285,380,244,369,189,366,155,365,126,414,237,411,201,419,252,422,277,450,238,450,203,450,248,448,273,484,248,486,216,477,246,470,268
G,473,373,417,328,380,287,347,266,310,250,442,210,380,184,337,176,303,176,464,225,373,224,374,262,396,272,474,253,383,266,390,296,412,296,473,289,402,303,406,322,425,321
W,368,433,322,409,297,372,318,331,353,302,290,280,258,214,247,174,242,138,329,266,316,187,314,138,313,95,364,275,372,212,374,168,374,127,397,306,390,259,375,272,362,295
T,422,320,374,293,348,241,357,191,375,157,370,203,353,167,349,194,356,209,403,208,390,175,383,225,391,226,435,218,422,197,411,244,420,243,467,230,452,212,440,243,447,249
C,457,337,393,317,342,285,300,265,263,244,369,200,342,152,309,140,278,140,386,192,356,130,312,123,277,137,404,191,378,126,332,118,297,130,421,197,395,148,359,133,328,136
S,390,353,347,322,318,272,333,225,373,209,332,223,325,180,329,222,338,241,367,224,364,171,358,220,363,233,400,235,397,205,383,252,384,260,433,253,420,235,407,266,409,274
A,369,318,308,300,254,259,231,209,246,169,284,203,269,161,273,202,282,230,317,198,302,153,303,204,313,230,351,200,339,159,336,212,342,240,389,209,373,179,364,217,365,240
E,409,383,369,351,350,301,374,262,415,250,349,254,350,202,357,235,360,263,384,247,385,184,388,217,388,244,416,250,422,191,418,216,414,245,446,263,448,222,437,229,429,250
I,376,334,321,316,279,273,257,228,250,189,301,235,288,195,298,221,307,246,330,227,318,186,323,219,331,247,360,222,352,176,349,201,349,227,392,221,387,182,381,159,375,140
C,478,329,415,314,365,290,327,279,295,261,384,208,359,159,326,147,298,149,399,201,372,138,329,131,296,144,413,201,388,138,343,131,310,142,426,209,399,165,364,152,334,152
G,455,367,404,330,370,288,344,260,314,237,422,214,377,185,337,179,306,181,449,219,375,215,371,255,388,268,465,240,390,251,392,283,412,286,470,270,409,289,408,311,424,311
D,462,390,406,366,362,331,327,312,300,289,412,238,384,181,372,148,366,119,430,242,363,199,320,228,307,256,440,258,376,217,333,243,319,270,440,284,391,249,351,258,331,277
J,384,382,326,366,277,325,256,280,271,246,309,268,296,230,298,263,301,298,341,260,329,229,328,275,330,313,375,255,363,210,357,248,355,285,408,254,406,205,400,175,393,147
X,348,318,318,295,291,249,296,204,324,181,313,183,315,142,310,123,308,118,346,193,346,167,329,217,331,225,376,210,373,204,351,245,351,245,404,234,398,231,377,256,374,257
P,468,137,400,154,345,197,310,244,272,278,313,160,258,222,219,264,184,300,356,160,320,269,310,334,301,381,407,170,381,273,393,260,404,231,453,187,427,266,432,256,436,227
X,341,324,309,300,282,253,290,207,317,184,306,190,310,147,305,129,304,122,338,201,342,172,322,220,321,229,367,219,367,207,343,248,342,250,394,243,389,237,368,262,365,264
M,439,339,389,309,371,258,402,220,431,195,371,232,359,188,368,219,377,248,402,222,391,171,397,212,403,242,434,221,429,167,427,206,428,236,467,228,461,189,453,213,448,236
W,366,447,322,426,296,386,322,350,359,323,296,297,271,232,262,191,256,154,336,285,329,206,329,158,328,116,371,295,384,232,388,189,391,150,404,324,400,282,385,298,372,321
M,438,333,382,300,361,245,393,202,422,172,363,216,347,171,357,206,368,238,396,204,382,150,387,195,394,228,431,202,423,145,420,190,422,222,466,209,458,169,449,196,445,219
Y,333,301,286,274,251,224,226,183,195,163,290,183,291,148,292,189,292,225,326,183,329,156,319,204,315,238,360,189,370,149,355,184,344,214,390,199,420,158,442,134,460,108
L,466,348,415,336,368,307,327,280,293,276,381,245,370,194,366,163,364,135,412,241,406,212,412,258,414,276,444,243,440,215,441,259,439,277,476,250,473,224,467,255,464,273
W,373,374,338,350,319,304,345,267,379,244,322,233,304,175,300,138,299,106,357,226,358,158,364,117,368,83,388,236,401,178,409,140,416,107,416,261,406,230,390,253,376,278
N,411,271,367,248,343,197,360,154,386,127,349,169,336,131,338,156,346,186,379,165,369,115,364,144,368,166,412,170,406,145,399,189,400,209,445,180,436,158,428,187,429,201
F,438,352,386,333,340,306,303,281,280,250,362,229,327,200,299,213,285,233,384,212,351,157,330,121,315,87,416,209,401,153,396,115,392,83,451,218,451,173,455,141,460,113
F,437,352,389,332,346,302,310,280,285,255,373,229,336,205,307,218,292,236,391,214,362,162,344,127,332,94,417,212,408,157,407,120,407,88,445,223,450,178,457,146,464,118
W,368,388,335,362,318,318,346,282,383,258,327,243,313,182,311,145,312,111,364,238,368,168,374,125,380,89,395,251,410,193,418,155,426,120,421,280,413,244,395,265,380,290
P,423,80,374,124,334,174,314,213,290,240,301,137,267,206,245,251,225,290,340,122,336,228,347,285,357,324,390,117,396,217,401,200,401,171,435,119,431,198,431,184,427,157
O,410,311,371,268,346,222,331,181,341,145,396,175,403,122,374,113,353,124,413,176,422,112,384,103,357,116,427,182,435,117,392,110,363,125,436,192,428,140,395,130,368,139
H,539,344,509,290,458,258,403,262,360,271,464,196,380,189,331,187,291,184,473,231,373,219,320,215,280,209,479,272,389,278,402,291,426,293,480,315,408,317,418,325,442,324
S,396,342,351,313,319,259,335,209,377,195,336,210,326,169,331,214,340,228,371,210,363,161,358,213,365,221,404,222,398,191,385,241,389,246,438,240,421,223,409,256,413,262
T,425,320,378,294,349,244,357,192,372,157,368,205,348,169,344,186,352,202,401,208,387,175,381,225,389,228,435,216,420,195,411,243,419,244,468,228,450,210,440,242,448,249
N,410,274,365,250,343,201,361,157,388,131,348,171,335,133,336,158,345,187,378,167,368,115,363,147,369,171,410,172,404,146,397,190,399,210,444,183,434,160,426,189,426,204
K,445,429,397,394,369,343,365,292,368,255,389,294,371,243,360,211,353,183,422,294,426,229,431,190,438,158,454,307,456,275,440,316,429,349,483,328,476,307,460,337,446,364
Q,426,184,367,226,322,261,301,302,282,342,256,188,222,258,212,306,210,343,285,169,260,265,300,273,317,254,324,162,309,256,339,259,346,236,368,164,356,240,372,243,376,222
K,435,386,390,357,366,311,362,265,359,230,380,268,363,220,354,191,348,166,411,268,413,209,417,173,422,144,440,281,443,253,430,289,420,318,467,300,462,283,448,309,435,333
F,404,372,352,347,310,311,279,278,265,240,354,241,322,204,292,207,274,222,380,226,366,169,343,136,322,111,408,225,405,169,393,132,381,103,433,236,444,188,451,155,456,126
H,533,337,500,285,448,254,394,258,352,267,452,186,368,182,320,182,280,180,464,221,365,212,310,210,269,207,473,263,381,273,395,288,421,289,477,306,403,313,413,321,439,318
X,351,316,319,293,291,247,299,202,328,179,316,182,318,141,313,123,312,115,350,191,347,170,330,220,334,226,380,209,374,204,352,247,355,245,408,232,399,230,378,257,376,258
Y,326,333,281,307,244,261,218,220,191,195,274,213,268,172,266,211,267,245,307,211,302,177,292,222,291,257,341,215,343,173,325,205,314,234,374,225,401,184,419,158,434,132
M,432,351,384,308,372,252,409,216,442,191,379,223,367,176,366,210,372,243,412,217,403,161,397,203,401,238,445,221,444,161,430,201,429,234,480,232,476,188,459,209,451,232
B,392,408,350,369,335,316,357,275,389,256,347,269,351,216,361,185,374,157,377,266,382,206,388,171,394,138,404,274,409,219,411,186,412,156,432,291,436,250,437,222,436,196
Y,333,301,285,272,249,222,224,179,194,157,289,179,288,141,288,184,289,220,324,179,325,151,315,199,310,233,358,185,366,143,352,180,341,211,388,194,420,153,441,129,459,103
A,420,308,362,291,319,253,301,204,310,167,341,209,333,169,338,202,345,228,373,206,363,164,365,208,370,235,404,209,396,170,393,216,395,244,437,217,429,190,420,222,417,245
C,471,343,413,324,367,294,332,275,303,256,389,220,367,174,336,162,310,162,404,214,380,153,339,147,309,160,419,213,399,153,357,145,325,154,434,220,414,175,383,160,354,160
G,482,362,434,311,405,269,377,246,345,226,472,207,416,173,374,165,342,165,493,225,411,214,407,250,425,263,501,255,416,261,419,288,440,291,496,289,427,298,428,317,445,318
T,424,317,379,287,354,236,364,187,380,154,379,198,362,162,353,176,357,192,409,203,393,168,385,217,394,223,440,212,423,189,413,235,423,240,472,226,453,205,441,236,449,246
T,428,337,383,305,361,245,373,195,388,157,378,205,362,163,355,178,357,204,412,210,403,174,389,227,391,251,447,223,436,197,416,248,414,270,481,243,467,219,447,250,444,265
X,351,319,320,294,293,247,299,205,327,182,319,185,322,143,318,125,315,118,352,195,350,169,332,218,334,227,381,213,377,205,354,246,355,247,408,237,402,233,380,258,377,260
B,434,384,391,352,371,300,389,256,422,250,380,259,376,209,380,180,386,154,408,253,405,198,407,164,409,133,434,258,433,207,432,174,432,146,461,270,460,232,458,205,456,182
F,428,346,377,329,332,302,296,278,271,250,353,227,319,200,292,212,279,230,375,211,342,159,322,125,308,93,405,208,391,155,386,119,382,89,438,218,438,174,441,143,445,114
J,391,383,333,366,282,323,262,276,280,243,316,265,305,228,306,263,310,298,349,258,337,227,335,274,337,312,383,254,372,210,365,248,363,286,416,255,414,206,408,176,402,148
B,429,364,383,334,359,286,376,243,409,233,361,241,354,191,358,161,364,133,390,234,384,178,384,144,384,111,418,237,414,187,410,154,406,126,448,248,444,209,439,182,433,158
R,369,410,330,372,309,319,321,272,353,244,328,263,329,207,341,172,356,140,358,263,343,193,334,157,330,125,391,276,381,229,362,274,351,311,422,299,402,269,380,299,366,327
Q,443,184,387,218,343,256,327,302,313,345,278,202,240,266,231,313,232,354,307,182,297,278,331,277,340,257,347,174,344,268,370,259,371,233,389,174,386,251,400,244,398,221
M,448,346,394,312,374,257,408,215,440,187,375,227,362,179,372,214,383,245,409,216,399,161,405,207,411,238,444,216,439,157,437,202,437,235,480,224,476,181,466,208,460,233
W,368,448,324,425,299,389,323,351,360,325,300,297,273,230,265,190,260,153,339,286,331,206,331,158,331,116,373,296,385,234,391,191,394,151,404,327,402,281,388,294,376,319
H,524,336,490,286,440,258,389,264,350,273,440,193,360,192,314,193,275,192,453,226,358,221,305,222,264,220,463,266,377,281,391,294,417,294,468,307,398,318,409,325,434,321
N,457,307,411,283,388,234,406,188,431,155,383,202,370,165,376,194,388,221,417,196,405,143,405,182,413,202,451,201,447,173,442,221,444,234,487,210,478,190,471,221,472,232
B,410,417,366,385,346,337,365,296,395,286,347,294,342,243,346,213,352,186,374,287,368,232,368,198,368,167,401,290,396,241,393,209,390,182,430,301,426,263,422,237,418,215
E,390,380,348,349,327,299,353,259,395,249,335,249,336,196,337,227,341,257,368,244,373,181,368,212,368,241,400,248,409,188,398,211,393,241,430,262,432,221,417,229,409,249
G,460,367,410,331,378,290,351,263,320,240,430,216,384,186,343,179,311,181,456,221,382,215,376,255,394,268,472,242,397,250,397,282,416,286,477,273,416,288,413,309,428,311
T,431,318,384,290,361,232,369,184,385,147,375,206,356,162,356,171,362,196,408,206,398,172,394,216,394,252,443,215,429,200,421,249,419,277,478,227,460,209,452,241,451,259
O,394,285,353,246,328,200,314,161,318,126,377,154,380,106,353,98,333,107,392,153,396,94,360,86,333,99,405,157,408,97,368,91,340,106,413,164,406,115,373,107,348,117
J,428,394,362,372,307,320,286,265,310,230,344,257,337,212,341,250,343,289,383,249,376,213,374,268,373,312,422,245,416,194,409,236,404,278,461,247,462,191,457,156,451,125
W,370,447,327,426,301,389,324,353,360,325,299,297,271,232,262,192,256,155,338,285,329,207,330,159,330,117,373,295,384,233,388,190,391,151,405,325,400,282,387,299,376,324
X,341,328,295,292,266,251,251,217,268,202,320,180,322,122,293,115,268,129,353,188,301,179,285,221,296,237,375,208,312,224,304,258,317,264,388,233,333,254,325,278,339,280
E,405,377,366,344,350,290,377,253,418,244,353,245,355,192,356,221,358,251,386,240,391,177,388,206,388,235,418,245,426,184,418,207,414,237,447,259,450,218,437,225,429,245
I,380,351,325,326,285,276,265,225,265,181,313,234,303,190,310,221,317,248,345,228,335,184,337,223,341,253,377,226,373,174,365,202,361,232,411,229,408,184,404,157,400,133
K,434,384,390,355,365,310,361,264,359,230,379,266,362,218,353,189,346,163,409,266,412,207,416,171,422,141,438,279,444,251,431,289,422,319,465,299,461,282,448,308,436,332
B,432,370,385,341,361,291,378,246,410,238,364,246,356,196,359,166,365,139,393,238,385,183,385,149,385,117,420,241,415,191,411,157,408,129,450,252,446,214,441,187,436,163
M,420,347,372,311,358,261,389,227,417,203,364,234,349,191,350,222,358,252,393,226,381,176,378,216,385,246,424,227,418,173,409,212,411,242,456,236,449,196,436,218,432,240
O,414,301,364,256,330,208,308,170,300,132,379,144,371,89,336,86,313,98,396,144,387,75,342,75,314,93,411,152,400,82,351,83,319,102,419,164,397,111,358,105,329,115
P,476,138,409,163,352,205,312,245,270,277,314,167,257,228,219,270,184,306,358,165,321,274,311,340,303,387,409,174,386,280,401,267,411,238,457,190,435,270,441,260,444,232
I,384,348,329,322,289,271,271,219,273,175,320,229,311,186,318,218,326,246,351,223,343,178,344,217,349,249,384,222,381,169,372,199,368,229,417,225,416,180,411,153,406,129
P,480,137,411,158,353,199,313,239,270,270,314,161,257,225,220,267,185,303,358,162,323,271,313,336,305,383,410,172,386,274,402,261,411,234,458,187,434,265,441,256,445,230
X,340,324,308,298,281,249,288,204,316,181,305,191,308,150,303,131,304,118,336,200,338,169,319,219,321,228,366,218,363,205,340,247,343,248,393,241,385,234,365,259,366,261
V,358,385,319,355,291,307,311,268,349,248,307,230,283,164,272,123,265,86,349,228,352,149,357,101,365,62,387,248,384,211,364,259,353,296,419,280,411,256,386,287,369,315
K,436,383,393,352,369,306,366,259,366,224,385,261,370,211,362,181,357,154,416,262,420,202,426,165,433,135,445,277,452,246,438,283,428,313,472,299,469,279,454,305,441,328
O,400,303,360,263,336,214,322,175,327,138,382,167,387,116,359,108,339,118,398,167,407,106,369,97,342,110,413,172,421,111,379,103,349,118,424,181,418,131,385,121,358,129
N,456,310,412,285,389,235,407,187,432,155,381,203,370,164,378,192,389,220,416,196,405,141,405,178,412,198,450,201,449,174,443,221,443,235,486,211,480,190,474,221,473,232
S,393,343,349,313,317,259,329,208,371,194,333,209,323,168,327,213,337,227,367,209,360,159,355,209,362,219,401,222,394,189,381,240,386,246,435,239,418,221,406,254,411,260
T,432,317,382,298,348,243,352,185,369,147,359,200,346,159,348,190,358,206,396,203,391,168,387,224,389,222,431,210,428,187,419,239,420,237,466,218,459,200,449,235,451,242
G,466,363,415,327,381,287,354,261,325,238,433,211,386,184,346,179,315,182,460,217,386,217,381,257,399,268,476,239,402,252,404,283,423,285,482,269,423,287,421,308,436,308
A,443,344,392,328,350,288,334,242,350,212,375,247,375,211,379,249,382,271,406,247,405,210,405,257,405,276,436,251,436,219,432,266,429,284,466,260,465,239,458,270,453,285
P,479,143,411,164,352,203,310,244,267,274,314,165,255,229,218,271,183,306,358,165,320,277,310,342,302,389,411,173,386,280,402,265,413,236,458,189,436,269,444,257,448,229
S,391,360,347,328,318,270,334,220,378,209,340,222,332,179,332,226,340,239,375,224,369,173,360,225,367,233,408,237,402,206,385,256,390,261,442,256,425,239,411,272,416,276
N,445,305,398,277,375,226,395,182,423,152,377,197,362,155,364,181,374,212,409,191,396,131,393,168,400,197,444,196,435,166,430,213,432,235,480,207,467,183,459,213,461,227
J,385,373,327,358,279,317,258,273,272,239,310,262,297,225,300,258,305,292,341,253,329,222,329,267,332,305,375,248,363,204,357,240,355,276,408,248,406,200,400,170,393,143
M,426,344,378,309,363,259,392,224,420,199,367,232,353,189,355,221,363,250,397,224,386,173,383,212,390,243,428,225,423,171,412,209,414,239,460,232,454,193,439,214,435,236
K,443,406,396,375,366,327,359,277,358,238,382,276,362,223,350,191,342,162,416,275,418,210,423,170,429,137,448,289,454,257,440,299,430,333,478,312,474,294,459,323,445,348
Y,327,342,281,314,245,265,221,222,194,196,278,216,273,177,270,219,270,255,312,215,308,185,297,232,293,266,347,221,350,182,331,217,318,247,379,233,408,192,428,167,444,141
U,385,433,338,391,316,345,327,296,371,275,330,272,323,209,324,174,328,139,365,269,357,197,352,158,350,118,400,281,401,217,388,266,380,307,434,303,431,255,414,280,402,310
Q,410,145,352,185,310,229,302,285,295,335,248,166,214,250,208,305,206,351,284,144,275,253,312,246,321,217,333,135,336,242,358,229,353,196,381,133,380,220,391,212,387,183
A,473,292,418,280,374,250,352,208,363,176,390,205,381,170,390,201,398,224,421,201,410,162,417,205,422,225,451,200,442,166,445,210,448,231,483,204,476,180,473,210,472,225
G,464,366,412,330,377,289,350,263,319,242,431,214,382,187,341,181,309,183,457,221,381,219,376,259,395,271,473,242,396,254,397,286,417,289,477,273,416,290,414,311,429,312
S,393,343,349,312,320,261,334,211,373,194,334,212,325,169,329,211,338,228,369,212,363,161,357,210,364,221,402,224,397,192,382,241,386,248,436,242,420,224,407,255,411,262
T,461,299,417,276,391,234,393,189,411,159,401,202,394,165,398,184,403,202,431,206,434,175,430,216,425,233,459,213,463,187,455,228,448,244,488,223,489,200,480,227,474,242
T,416,326,364,296,333,237,340,181,357,139,345,196,326,151,326,162,336,188,385,199,378,160,371,217,372,243,425,210,419,180,404,236,400,259,464,228,456,199,439,234,431,253
B,430,364,384,334,361,284,378,240,410,231,362,242,355,190,358,160,363,133,390,234,384,177,383,142,383,110,418,236,414,185,409,151,405,122,448,247,444,207,438,180,432,156
S,413,381,373,346,340,295,354,247,402,226,348,234,342,187,353,238,360,258,388,234,388,173,385,232,386,248,426,248,430,217,417,272,412,279,464,269,461,250,447,284,441,291
M,427,342,378,308,363,258,396,223,425,200,367,232,354,188,358,219,367,249,397,224,387,173,387,213,393,243,429,224,424,170,417,208,418,238,461,233,455,193,443,216,439,238
J,393,416,337,392,292,345,275,299,293,269,330,293,320,255,319,287,319,322,362,287,352,256,347,302,346,341,396,285,388,238,378,274,373,311,429,288,432,239,429,208,424,180
Y,347,338,301,313,263,267,236,227,208,204,292,219,287,177,286,216,288,251,325,217,322,182,314,226,313,260,360,222,363,177,349,206,339,233,392,231,418,189,436,163,451,136
Z,376,394,337,355,314,317,309,275,341,251,335,240,332,176,333,139,338,108,370,246,373,200,364,247,356,275,402,261,411,218,392,259,378,290,428,287,438,251,416,271,401,293
E,408,375,362,335,338,283,363,242,409,229,363,226,363,173,357,204,361,240,397,225,406,156,390,187,387,224,430,236,444,168,421,195,412,230,460,260,452,220,430,239,421,266
H,524,341,490,292,441,262,390,265,352,275,443,199,365,196,319,195,281,193,455,230,362,223,310,223,269,221,464,269,378,281,393,295,418,296,468,309,398,318,409,326,434,322
U,359,403,314,360,296,311,303,262,339,236,315,255,307,193,308,160,313,127,345,253,338,184,332,145,331,108,376,264,377,205,357,240,345,276,405,283,401,235,380,249,364,275
J,382,420,328,400,282,357,264,313,280,281,321,306,310,266,304,293,302,326,351,300,336,261,329,303,328,342,382,297,371,250,357,282,351,318,415,298,414,252,408,222,400,197
U,371,372,323,334,300,285,310,234,352,220,319,230,309,171,308,138,310,107,351,224,340,159,332,121,329,87,382,232,380,176,367,214,360,248,414,248,409,202,393,218,380,244
W,360,433,320,405,301,356,335,312,372,283,298,269,270,201,259,160,253,123,339,258,329,177,328,130,329,90,374,268,383,201,387,159,390,121,406,299,407,251,393,267,380,295
X,341,322,309,299,282,251,292,207,323,189,310,191,318,148,314,132,310,123,342,200,338,177,323,224,325,231,370,217,362,213,342,252,345,251,396,239,385,239,366,263,368,263
Y,327,338,279,310,242,260,217,218,190,194,275,212,271,175,267,216,267,251,309,211,306,181,294,227,291,261,345,217,347,178,329,213,316,243,377,228,406,188,425,163,441,137
O,388,281,348,244,323,200,309,162,313,127,370,155,372,108,347,100,327,108,385,154,388,96,353,88,327,101,398,157,400,98,360,93,333,108,405,164,396,116,364,108,338,119
N,410,274,367,250,343,201,357,157,382,128,349,170,335,132,336,159,346,187,380,167,368,116,363,151,369,173,411,172,405,147,397,191,400,210,445,183,435,160,425,189,426,203
O,406,335,364,279,343,228,331,187,340,148,405,182,411,131,383,121,357,127,423,184,431,122,391,112,358,125,438,192,446,129,401,119,367,133,448,204,445,148,410,134,381,139
Q,438,187,379,224,333,257,311,297,293,337,268,188,233,255,221,301,217,338,297,167,274,262,313,271,330,254,337,160,325,254,354,255,360,231,379,162,369,239,385,241,388,219
Y,335,330,289,305,250,258,225,219,198,193,282,210,277,168,275,206,275,240,315,209,312,174,302,217,299,252,350,214,353,169,338,198,328,224,381,224,408,182,426,156,441,130
C,472,343,414,325,368,294,332,276,302,255,390,218,369,169,337,158,309,159,406,212,382,149,340,143,309,158,421,212,400,151,355,144,322,155,435,220,413,175,378,160,349,160
F,402,370,352,350,309,318,275,287,259,250,345,245,312,213,282,217,264,230,369,228,346,175,323,144,302,117,397,225,391,173,382,136,372,105,425,235,437,191,446,159,453,130
G,464,361,413,323,378,282,348,258,315,238,435,204,387,170,347,160,316,159,463,213,384,208,375,249,392,263,479,239,400,245,396,276,416,282,484,273,422,282,411,300,422,303
P,456,115,394,144,338,195,305,248,277,287,313,166,258,244,226,291,199,331,360,160,333,279,326,343,322,390,413,165,398,278,401,258,405,227,461,178,442,261,445,245,447,218
T,445,327,393,305,360,251,362,197,380,156,366,213,348,171,358,187,372,210,403,214,403,175,403,226,399,247,439,221,441,190,434,241,425,260,475,233,475,205,465,239,455,256
M,418,342,368,308,352,256,384,219,414,195,356,229,344,184,351,217,359,247,388,220,379,167,380,209,385,240,421,221,416,165,410,206,411,236,454,229,448,189,437,213,433,236
O,407,340,363,285,340,230,327,186,337,146,403,180,411,126,381,118,354,126,422,182,431,116,389,107,356,122,438,190,447,124,402,115,367,130,450,202,447,145,412,130,382,135
D,464,394,406,345,362,280,328,235,320,187,427,206,422,134,415,94,413,60,450,206,427,127,377,125,344,141,467,212,439,136,377,138,336,159,476,227,442,166,391,153,352,160
Y,331,333,285,308,248,260,222,219,195,193,278,212,272,171,270,210,271,243,311,210,307,176,296,221,294,255,346,215,347,173,329,206,318,236,378,224,405,183,422,157,437,131
Q,440,199,374,234,322,270,299,319,278,364,258,203,220,277,208,327,204,370,293,184,272,291,312,290,325,267,339,180,329,284,358,275,361,246,385,184,373,270,389,264,390,239
X,352,326,305,288,277,245,262,210,278,192,335,177,340,122,312,113,286,125,365,187,311,173,296,215,309,230,385,207,320,217,311,252,326,258,396,233,340,249,332,274,344,279
H,533,340,501,285,450,253,394,259,352,270,454,190,369,184,320,184,280,183,466,226,364,217,309,216,267,213,474,269,381,279,396,291,423,291,477,312,402,317,413,324,439,322
V,365,392,325,362,299,315,321,275,358,253,314,234,290,168,278,125,271,88,357,232,360,151,366,102,373,61,395,252,396,216,374,265,362,303,428,284,421,261,396,293,378,321
V,376,379,340,347,320,297,345,258,384,241,337,223,325,160,322,119,322,84,375,224,377,149,380,103,386,64,411,243,415,206,394,253,380,288,440,274,435,251,414,281,398,307
P,477,137,411,160,350,203,311,247,274,279,321,169,261,236,224,275,189,308,366,169,327,275,314,336,305,380,417,178,390,279,402,264,411,236,462,193,435,270,441,259,447,233
E,408,380,365,356,339,314,359,275,396,258,341,263,335,209,340,240,346,268,373,253,369,190,370,222,373,251,404,254,404,194,398,221,397,251,433,265,431,224,419,235,412,256
I,358,349,306,328,271,283,260,237,259,200,299,250,292,213,296,239,301,267,329,246,321,207,319,239,322,271,360,245,355,203,345,226,340,253,392,248,400,210,401,185,400,163
R,367,418,327,379,308,325,320,277,350,246,325,267,326,209,338,174,354,141,356,267,341,195,332,156,328,122,390,280,379,234,360,280,350,317,421,302,402,272,380,303,368,332
P,475,133,409,156,349,197,309,237,268,265,314,159,252,222,213,262,178,297,357,158,317,266,306,330,298,377,408,167,382,270,396,254,405,226,454,183,426,263,435,251,441,225
N,416,277,370,252,347,204,364,163,392,138,356,176,343,140,344,167,353,194,386,173,376,124,371,157,376,181,417,178,412,152,404,196,405,216,450,189,441,166,432,195,432,210
H,540,341,511,287,460,254,406,256,364,265,463,190,381,184,334,183,295,181,473,226,375,215,323,213,282,210,481,268,390,273,405,286,430,289,483,310,409,312,420,320,446,319
P,477,138,412,158,352,201,312,248,274,281,318,171,260,237,224,275,191,308,360,172,323,281,312,339,304,381,411,181,389,283,404,265,412,236,459,196,434,274,443,260,449,234
D,451,401,394,368,354,326,323,298,309,266,407,244,392,188,385,153,383,124,427,244,381,193,340,207,322,230,440,253,395,206,348,220,326,243,444,270,403,234,361,234,334,246
O,395,288,354,249,328,199,312,158,318,121,374,151,376,103,349,94,329,103,391,149,396,89,359,80,332,94,406,154,411,91,371,84,341,99,415,162,407,113,375,102,349,110
U,373,370,327,332,305,283,318,233,360,218,322,229,314,170,314,137,318,107,355,224,344,160,337,123,335,90,386,233,387,178,373,213,362,247,418,249,416,204,399,218,384,243
J,390,384,332,367,282,325,261,279,278,246,314,269,303,231,305,266,309,300,347,261,335,230,334,275,337,313,381,257,370,212,364,249,362,285,416,256,414,207,408,176,401,149
F,422,365,370,337,330,298,303,260,295,221,373,238,350,197,326,194,308,203,397,226,385,171,365,139,345,116,425,226,414,173,396,140,378,113,452,235,461,186,464,151,465,120
W,358,408,322,381,303,335,336,300,374,276,301,257,277,191,271,149,269,111,342,246,337,169,339,120,342,81,377,257,393,195,399,152,405,114,410,287,405,252,387,274,371,301
X,358,315,328,293,301,250,308,207,336,182,320,186,321,144,318,126,317,116,354,192,354,168,339,217,341,224,385,208,381,205,360,246,361,243,412,229,405,230,386,256,383,257
F,441,336,392,317,354,288,322,260,305,229,387,223,355,193,328,197,312,210,408,206,386,158,364,128,343,105,433,202,428,153,418,118,408,90,456,211,467,168,474,137,479,110
K,450,424,402,391,376,339,373,288,374,250,395,289,375,237,364,205,357,177,428,289,433,225,441,186,450,155,458,304,463,272,447,311,436,343,487,326,482,306,466,335,451,362
A,440,344,388,330,346,291,328,244,347,216,370,249,369,215,373,252,376,274,401,249,398,214,398,260,399,278,431,252,429,221,425,267,423,285,460,260,458,240,451,272,447,287
H,518,332,484,281,435,251,384,256,346,265,437,186,356,184,310,185,271,183,450,218,353,214,301,214,261,213,461,258,372,271,386,285,411,286,466,299,394,310,405,318,430,315
C,471,337,413,319,367,288,333,270,303,252,389,214,366,170,337,159,311,160,404,207,379,149,341,143,311,156,420,207,398,149,358,141,326,151,435,213,412,171,380,156,352,156
K,434,389,389,358,363,312,359,265,357,230,378,268,360,219,350,189,343,163,409,267,410,207,413,170,419,139,439,280,442,250,428,287,419,317,466,301,461,283,446,310,433,334
H,543,342,512,290,463,258,410,259,371,265,468,192,385,187,338,186,300,185,479,226,380,217,328,215,289,213,487,268,400,276,412,288,435,289,490,312,419,315,429,323,454,322
T,446,327,398,294,374,234,386,183,403,146,397,198,383,154,378,165,380,189,430,202,423,164,408,212,405,239,464,215,455,181,435,230,430,256,497,235,485,207,466,235,460,251
Z,377,351,337,317,313,285,303,246,331,220,325,214,319,158,319,125,322,96,356,218,356,175,351,219,345,246,386,229,388,190,375,228,368,257,412,249,415,214,398,236,388,256
J,415,388,351,367,297,317,277,263,298,225,335,254,326,210,327,248,330,289,372,246,363,210,360,263,360,306,411,243,404,192,395,234,391,275,449,245,450,189,444,154,438,123
A,437,308,385,293,345,256,330,210,341,178,368,217,366,181,371,214,375,236,397,217,393,178,395,221,396,242,424,220,423,186,420,229,419,250,453,227,452,205,445,235,440,251
A,448,346,396,331,355,292,338,244,356,216,379,250,379,215,384,253,386,274,411,249,408,214,409,262,410,278,440,254,440,221,436,268,433,286,470,262,469,242,462,274,456,289
X,358,317,326,293,301,248,309,206,336,184,319,188,320,145,317,128,316,118,352,197,353,168,339,215,338,225,383,213,380,205,360,245,360,244,411,234,406,228,387,254,383,256
O,397,298,356,255,331,204,317,163,324,126,380,155,386,104,356,98,336,109,397,156,406,94,366,87,339,101,412,163,419,100,375,93,345,107,421,173,414,122,381,110,354,116
P,480,137,412,159,351,202,311,246,269,278,312,165,253,233,215,273,180,307,356,166,318,274,308,337,301,384,408,176,383,277,399,262,410,234,457,191,432,270,441,258,447,232
M,424,345,376,310,361,261,391,227,419,203,366,234,352,192,354,224,363,253,396,226,385,176,383,217,390,247,427,226,422,173,413,213,415,243,459,234,454,196,440,218,436,239
O,408,321,368,274,348,227,337,190,342,154,404,184,410,138,383,128,360,133,420,187,427,131,390,121,361,132,434,194,441,137,400,127,369,137,443,205,441,154,410,141,382,145
K,455,395,404,361,375,305,368,248,363,203,389,246,369,186,358,149,350,116,427,247,432,172,439,126,447,88,464,264,473,228,457,276,445,313,497,290,495,268,478,303,464,331
D,427,412,373,372,336,321,306,288,289,253,401,259,383,201,373,168,366,140,416,260,373,203,330,211,308,230,423,267,379,212,332,221,307,241,420,279,383,234,344,228,317,238
J,385,385,326,371,277,330,256,286,261,249,307,273,291,233,294,266,299,301,339,264,324,231,326,277,331,317,372,258,359,211,354,249,353,286,406,257,403,207,395,176,387,148
S,398,337,353,308,323,256,339,207,378,190,338,209,329,165,334,209,343,226,373,209,368,158,363,209,368,220,406,221,402,189,389,238,391,245,439,238,425,220,413,252,416,259
Z,390,360,352,325,330,291,321,253,350,231,346,221,341,165,342,133,347,104,375,226,378,187,371,230,364,256,405,238,410,201,395,239,385,267,428,260,435,228,416,248,403,268
B,425,364,378,336,354,286,370,240,401,233,355,243,346,192,348,163,353,136,383,234,375,179,374,145,373,113,411,236,405,186,399,153,395,126,441,246,435,208,429,181,424,158
W,348,392,310,367,287,322,317,286,353,259,285,241,260,177,252,135,249,98,326,230,319,152,321,104,324,64,361,241,373,179,378,135,383,96,393,270,379,236,362,261,349,289
D,450,397,394,366,352,324,319,297,306,263,408,240,393,182,385,147,381,118,427,241,378,189,338,202,319,224,439,249,390,203,343,217,319,239,442,265,400,230,358,231,331,244
X,367,331,323,286,294,241,269,211,257,190,344,171,322,112,286,107,261,121,358,185,273,181,271,216,292,228,361,210,276,223,284,252,307,253,357,238,291,252,298,275,319,277
E,403,374,360,344,340,296,364,257,403,244,345,247,342,194,343,221,348,250,377,240,378,177,375,204,376,233,408,244,414,183,405,204,402,234,437,257,439,216,426,223,418,244
M,448,347,392,313,371,258,402,215,432,186,374,227,361,179,371,214,381,246,409,216,398,161,403,205,408,238,444,216,440,158,435,202,436,235,480,225,476,181,465,206,458,230
Q,442,187,384,220,339,257,322,303,307,346,276,202,236,270,226,318,226,358,307,184,292,283,327,281,337,260,348,179,342,275,367,264,368,238,388,180,381,259,396,253,395,229
J,399,383,342,362,293,317,275,271,295,237,329,261,320,224,321,259,324,295,362,254,353,224,350,271,350,311,396,252,389,207,381,246,377,285,430,254,430,205,425,173,419,146
O,420,364,367,301,338,229,321,173,333,122,416,170,425,104,389,89,356,95,440,172,450,90,399,75,357,90,460,182,471,99,415,86,372,102,475,199,471,128,428,107,389,112
S,387,355,342,325,310,266,328,215,371,206,332,217,325,176,326,221,334,235,367,219,362,169,353,220,360,229,400,232,394,201,378,252,382,257,434,251,417,234,403,267,407,273
G,457,364,407,328,372,286,345,259,315,236,425,213,378,185,337,178,306,180,451,219,377,212,369,253,386,267,466,239,392,246,391,279,411,284,472,269,412,284,410,305,425,306
Q,393,132,344,169,305,205,292,247,274,287,237,132,206,209,203,262,204,302,272,112,257,212,297,221,311,202,319,107,317,205,343,203,345,177,366,108,361,184,374,185,374,161
X,347,324,299,285,267,241,249,206,259,189,324,171,324,114,295,107,270,121,353,181,293,172,279,214,293,229,372,202,303,218,298,252,315,257,382,228,324,248,319,273,333,276
D,427,415,373,374,337,323,309,292,290,256,400,262,382,203,373,170,367,142,416,262,373,206,330,212,307,230,423,269,379,213,332,223,308,243,420,280,382,234,343,228,317,238
I,379,349,324,324,285,275,266,224,265,181,312,232,303,189,310,220,318,248,344,227,336,181,337,220,343,251,377,224,374,172,366,200,362,229,410,227,408,182,402,155,397,131
M,436,340,386,309,368,260,398,221,424,194,369,233,355,192,363,223,373,251,399,223,387,175,391,214,398,243,431,222,425,170,421,209,422,239,462,229,457,191,447,215,442,238
U,368,478,305,429,276,376,283,313,337,287,298,281,285,203,285,159,289,114,341,277,327,189,318,139,314,90,384,292,378,218,361,278,353,326,425,320,419,260,395,290,378,327
Q,397,138,341,175,299,215,289,265,279,312,236,145,207,234,203,289,202,334,278,124,265,237,301,232,311,204,328,119,327,224,347,212,345,180,377,118,370,200,380,193,377,166
T,434,317,382,287,357,235,367,190,385,157,375,208,359,170,356,175,360,196,406,208,397,172,391,214,389,247,438,215,426,187,417,232,413,263,471,228,457,203,446,232,442,253
Q,441,198,376,233,327,270,305,320,283,364,261,207,221,278,212,328,210,371,296,188,276,292,312,291,324,270,341,184,333,287,360,277,361,249,387,187,377,273,392,268,392,242
P,480,142,412,161,353,203,314,248,274,280,321,169,264,231,227,271,193,307,365,167,326,276,316,339,308,385,416,176,392,279,404,264,414,236,462,192,439,270,445,258,448,231
T,444,323,395,289,373,231,385,181,402,143,394,196,380,153,374,160,376,181,427,199,420,160,404,208,402,236,460,212,450,180,431,229,427,255,494,232,480,204,462,233,458,250
U,369,369,322,332,300,282,314,231,356,215,314,229,304,171,302,137,305,106,348,223,335,158,326,120,323,86,380,230,379,176,365,212,356,247,412,246,408,202,391,218,377,244
G,450,368,395,333,358,291,332,263,300,240,413,215,362,189,321,182,290,182,437,219,359,215,355,256,374,269,450,238,370,248,373,282,394,286,454,265,390,285,391,307,409,309
Q,441,201,376,236,324,274,301,325,277,370,261,204,221,277,210,329,206,371,298,184,276,290,315,293,327,271,345,181,334,284,361,278,364,250,392,185,378,270,392,267,393,242
I,357,349,306,336,265,296,244,254,239,217,283,257,270,222,282,251,294,279,311,248,298,213,307,248,317,277,340,243,330,202,328,230,330,258,371,241,368,202,364,178,359,157
Q,420,183,365,222,319,256,297,295,280,334,250,184,217,249,206,294,202,330,277,163,255,255,296,268,314,252,316,155,303,248,335,252,343,230,359,156,350,231,368,235,372,214
Q,390,135,338,172,302,207,290,246,277,280,233,137,205,217,201,271,201,313,269,116,258,214,296,221,311,203,316,110,319,207,342,203,343,176,365,111,363,187,374,183,372,157
A,414,320,357,303,314,263,297,215,310,179,341,217,333,179,334,216,340,242,371,216,361,175,361,222,368,247,402,220,394,182,389,230,393,257,435,228,426,201,416,235,414,257
T,418,326,372,287,355,229,371,184,391,151,378,199,373,156,367,160,364,177,408,204,407,162,392,202,384,231,439,216,438,179,417,221,406,250,470,236,467,203,446,226,432,246
L,465,345,414,336,365,306,325,279,292,275,378,245,367,194,363,164,360,136,409,240,403,213,411,258,413,275,441,240,437,215,439,258,438,275,473,246,470,222,465,252,462,269
U,376,366,328,329,308,278,321,228,360,214,327,227,320,169,320,136,324,105,359,222,350,158,342,121,339,88,389,229,390,175,374,208,364,241,420,245,419,200,402,214,387,238
E,427,360,384,331,361,282,388,237,429,220,358,226,357,169,367,199,374,231,393,218,393,151,399,179,402,212,427,222,433,161,430,184,425,215,459,239,456,207,445,223,437,247
G,472,350,422,300,390,258,357,238,321,219,453,192,393,159,350,152,316,153,475,211,389,204,389,241,409,252,483,242,396,251,402,278,424,279,479,277,408,289,412,306,431,305
Q,397,128,345,165,306,202,292,244,279,278,236,135,207,215,202,267,201,309,271,116,258,217,298,221,313,199,317,112,319,211,344,202,345,174,364,114,360,192,373,186,372,161
V,366,391,326,361,299,314,321,275,358,255,315,234,291,169,279,127,272,89,357,233,360,152,366,103,374,62,395,253,395,216,374,264,362,301,427,285,420,262,395,293,379,320
N,394,246,347,221,324,173,343,130,372,103,330,150,314,110,318,135,328,161,359,145,347,95,344,127,350,149,392,147,383,118,378,162,380,183,426,155,415,131,407,160,407,176
O,412,303,364,259,331,210,308,172,303,134,382,148,374,93,340,87,318,100,398,148,391,78,346,76,318,95,412,155,404,86,354,84,323,103,419,167,397,114,359,107,333,118
X,359,322,327,297,301,248,309,204,338,184,331,191,339,148,332,130,329,122,362,204,360,174,340,222,344,229,389,223,384,210,360,250,366,250,415,246,406,238,385,262,387,263
W,365,435,325,408,304,359,337,317,375,290,302,274,275,206,267,166,262,129,343,263,335,183,335,136,336,97,379,273,388,206,394,165,397,125,412,303,413,255,399,272,385,300
Z,397,372,360,336,340,303,334,266,362,245,354,232,350,177,351,144,355,115,384,239,387,198,383,243,377,268,414,251,421,214,407,251,396,279,438,274,446,241,428,262,416,281
F,403,371,352,348,308,312,275,280,258,243,348,240,313,205,283,209,264,223,373,223,351,167,328,133,308,106,402,222,398,166,390,127,381,94,430,234,447,189,460,155,471,125
B,432,364,385,335,361,285,379,242,412,231,363,241,356,190,360,160,365,133,392,233,386,178,386,143,386,112,419,236,414,185,410,152,407,125,448,246,444,207,439,180,434,157
U,370,367,323,327,303,277,316,226,358,213,319,222,311,160,312,126,316,94,353,217,344,150,337,111,335,76,385,226,386,170,373,207,364,242,418,242,416,197,400,213,385,239
W,365,427,318,405,290,368,311,327,346,297,283,275,249,211,235,172,226,135,322,261,308,182,305,134,301,91,357,269,364,206,364,163,362,123,390,299,380,252,367,269,356,295
O,410,304,362,261,331,212,310,174,304,136,380,151,373,98,340,93,317,104,397,151,389,83,345,81,317,98,411,157,403,90,354,88,322,106,418,170,398,117,360,110,332,121
G,459,357,409,322,374,283,347,257,318,236,426,210,378,186,339,180,308,182,451,215,377,215,374,255,393,264,466,234,392,246,395,277,415,279,472,262,414,279,414,300,430,299
I,353,346,303,325,268,281,253,236,245,199,292,247,283,209,290,234,298,264,322,243,312,203,314,236,320,267,353,242,346,198,340,224,338,253,385,244,389,203,387,178,385,156
L,481,359,430,345,381,309,341,277,306,271,396,244,385,190,380,158,378,128,429,241,428,209,434,257,433,277,463,245,463,217,463,262,459,281,496,254,497,228,491,260,484,278
E,406,376,365,344,346,294,372,255,413,244,351,247,350,193,352,224,357,253,383,240,387,177,383,207,384,236,415,244,423,184,413,208,409,238,445,257,447,216,433,225,425,246
G,455,367,406,331,372,290,346,263,316,239,427,216,380,187,339,180,307,181,452,221,379,216,372,257,389,270,467,241,391,250,391,283,410,287,472,270,409,288,408,309,424,312
M,443,344,387,312,367,256,400,213,430,184,368,223,353,177,363,214,375,246,403,211,390,158,396,206,403,237,438,211,432,154,429,201,430,233,473,220,469,178,459,206,454,230
A,461,346,404,332,358,292,337,243,345,205,380,245,374,205,383,246,389,272,413,242,406,200,411,253,414,275,445,244,441,207,440,259,440,281,479,251,476,226,469,263,464,281
L,470,365,418,348,368,314,327,284,291,283,384,241,374,187,372,152,372,123,418,235,415,201,422,253,424,275,454,237,454,203,454,248,451,270,488,246,490,214,481,244,473,265
N,401,255,355,231,331,182,350,138,379,111,339,155,322,117,323,144,334,170,369,150,356,100,349,133,356,155,400,154,391,125,384,170,387,192,434,163,421,139,412,168,413,184
U,379,436,324,387,302,333,313,279,360,256,318,256,310,191,312,154,316,116,357,254,348,178,342,136,339,92,394,267,394,199,375,250,365,293,431,291,426,238,405,261,391,291
V,348,356,307,327,280,281,296,237,335,217,297,207,281,144,273,103,271,67,334,204,328,126,327,81,330,43,370,220,366,179,348,227,338,264,401,249,391,224,369,256,355,285
P,419,76,369,117,329,169,308,211,287,236,301,133,267,204,247,251,228,290,342,119,338,223,351,279,362,316,393,114,394,212,398,196,399,167,437,115,431,192,429,180,424,154
C,469,355,401,327,346,289,303,266,265,241,381,202,354,147,317,132,283,132,400,194,369,123,320,113,281,127,418,194,391,122,339,112,299,124,435,202,406,147,366,130,331,131
Z,395,375,358,340,337,307,330,270,357,246,354,234,350,178,351,144,356,114,384,241,387,198,381,243,376,268,414,254,420,215,405,253,395,281,437,277,444,243,425,264,413,284
J,385,382,327,369,276,327,253,282,265,248,308,270,293,231,295,263,300,298,340,261,325,230,326,276,330,315,373,256,360,211,355,248,355,285,407,255,404,206,397,175,389,148
Z,390,363,351,326,329,294,318,255,347,233,344,223,340,167,340,135,344,105,374,228,375,187,370,231,364,257,403,241,409,202,394,240,384,268,427,263,433,231,414,251,403,270
S,382,356,338,326,308,269,324,218,368,207,331,218,322,177,322,223,331,236,366,221,360,171,350,223,357,232,399,234,391,204,375,255,380,260,432,254,414,237,400,270,405,275
V,382,384,346,349,328,302,353,264,390,248,345,229,335,165,332,124,333,88,383,229,384,155,387,111,394,72,417,249,424,211,403,256,389,292,446,280,446,255,423,284,405,310
H,525,337,490,285,442,256,391,262,353,276,441,195,363,193,317,193,278,190,456,228,361,224,307,223,264,221,467,268,379,282,393,295,419,296,473,309,399,318,409,327,435,323
S,396,358,349,329,313,277,326,225,371,207,326,224,313,180,321,227,331,243,362,223,353,169,350,223,358,234,398,234,392,201,381,254,383,260,434,251,418,232,407,266,411,273
E,400,368,358,343,333,301,349,261,385,242,335,247,331,198,335,221,342,252,366,240,364,180,364,204,367,235,398,244,402,186,394,207,391,236,429,259,423,228,410,243,404,265
C,474,346,412,326,366,294,331,276,299,258,392,215,371,167,340,155,312,156,408,208,383,147,343,140,311,154,422,208,400,147,357,139,324,149,435,215,412,167,378,152,348,151
A,439,321,388,305,349,265,336,217,349,185,374,225,374,189,376,225,379,247,404,226,402,189,401,235,402,254,432,231,432,198,427,244,425,264,461,241,461,219,452,250,447,265
G,463,363,411,328,377,289,351,264,321,242,429,215,382,190,342,185,312,187,455,220,381,220,376,259,394,270,471,240,398,253,398,284,417,287,476,270,418,288,417,309,432,309
U,355,404,310,364,289,315,293,266,335,248,312,255,306,194,306,161,311,129,343,253,337,186,331,149,329,113,372,264,377,204,356,238,343,273,401,283,400,236,381,246,365,270
Y,325,337,279,311,241,263,216,220,190,193,273,214,267,175,264,215,264,250,308,211,303,180,292,225,288,261,343,217,345,176,325,211,312,242,375,227,404,187,423,162,439,136
F,405,373,354,351,311,316,277,283,262,247,349,244,317,208,288,211,271,225,374,228,353,173,331,139,312,111,404,227,400,172,393,133,386,101,433,238,451,193,466,160,479,132
S,385,339,340,311,308,258,322,208,363,193,327,209,317,169,320,213,329,228,361,209,354,160,348,210,356,220,394,220,386,190,374,240,378,245,428,237,411,220,399,252,403,258
U,370,363,323,326,300,279,314,229,357,212,311,221,301,162,300,129,302,97,345,215,331,149,323,113,319,79,378,222,376,171,365,209,359,245,411,238,407,194,392,213,381,240
I,379,352,324,326,283,275,263,224,263,180,313,233,303,189,309,221,316,248,345,228,335,183,337,223,342,254,377,226,373,175,365,205,361,235,411,229,409,184,404,156,399,132
X,366,326,322,283,295,242,271,213,258,191,345,169,322,119,289,114,266,126,357,178,276,179,275,213,295,225,358,198,278,214,287,244,307,246,353,223,291,242,297,263,315,264
C,477,342,417,323,370,293,335,275,304,255,393,217,370,171,339,159,311,161,409,211,383,149,342,143,311,157,424,211,401,150,358,142,326,152,438,218,414,173,380,159,350,159
X,367,331,330,286,300,239,273,209,258,190,343,168,320,111,286,103,263,116,357,183,273,182,275,216,297,225,360,208,276,221,287,249,310,248,358,238,291,251,300,273,321,274
K,446,427,398,394,370,342,363,291,367,253,389,293,370,242,359,211,352,182,422,293,425,229,430,190,437,158,454,307,455,275,440,315,428,348,484,327,476,306,460,335,446,362
E,406,382,367,346,352,293,380,257,422,250,360,246,365,192,363,222,364,252,393,242,402,179,396,208,394,238,424,249,437,188,426,211,420,241,453,266,459,223,445,228,437,247
Z,395,370,361,338,339,304,335,267,362,245,354,233,350,177,350,143,354,114,385,238,389,197,382,240,376,266,415,251,422,213,406,251,396,278,440,273,447,241,428,261,415,281
C,458,389,396,360,350,323,310,299,275,273,381,239,360,185,331,167,300,164,400,234,379,167,340,153,303,161,418,235,402,167,362,151,325,156,437,244,421,189,389,167,357,161
S,402,370,354,337,321,278,336,222,382,203,340,222,329,175,332,226,342,242,378,223,370,168,363,226,370,235,415,236,407,203,392,259,396,263,453,256,434,237,421,273,426,279
J,377,399,321,380,275,335,256,290,269,262,310,282,298,242,295,274,296,309,343,277,329,243,324,288,326,327,376,274,365,227,354,261,349,297,410,275,412,226,408,194,401,167
P,470,139,408,157,350,201,313,248,279,283,320,172,262,240,227,279,194,311,363,174,327,282,315,341,306,384,414,182,391,284,403,266,412,237,459,197,434,273,442,259,447,233
W,365,430,317,400,296,363,326,322,364,302,302,276,276,206,268,167,264,132,341,265,334,182,335,136,335,96,374,275,385,211,392,170,395,128,404,312,400,258,386,269,372,297
U,371,370,324,332,302,284,317,236,357,216,315,229,305,167,305,132,308,99,348,222,336,155,329,117,325,82,382,230,380,176,369,212,363,247,415,247,413,201,397,217,385,243
I,359,354,305,345,260,308,237,266,232,228,278,267,262,232,276,261,289,288,305,257,289,221,300,257,312,286,333,249,320,208,321,237,325,265,363,244,355,205,347,183,339,165
L,492,368,440,355,391,326,348,298,311,293,402,258,390,207,384,175,380,146,435,254,430,225,438,273,439,290,469,256,467,230,468,274,465,290,502,262,501,237,495,269,490,286
D,430,424,381,390,346,342,318,310,303,273,383,284,376,224,370,187,368,156,401,283,379,222,343,229,321,249,417,287,395,230,351,239,325,260,431,297,407,250,369,246,342,257
Z,372,390,333,354,306,316,294,275,323,248,326,236,322,173,320,136,323,104,360,242,361,193,349,241,341,270,392,257,398,213,377,255,366,286,420,283,425,244,402,266,389,289
E,400,378,359,347,339,298,364,259,406,247,344,249,342,197,345,226,349,255,376,243,378,180,376,209,377,238,408,247,415,185,407,208,403,239,438,261,440,218,428,225,419,246
W,355,404,318,377,299,332,333,296,373,271,299,253,276,187,269,145,266,108,340,242,334,164,335,116,338,77,374,254,389,189,394,146,399,107,407,284,402,249,384,271,368,299
Q,392,141,341,181,302,214,288,250,275,283,231,139,205,215,200,267,199,306,266,117,255,213,296,223,312,206,312,110,312,206,339,206,342,182,360,112,356,188,370,189,371,167
I,371,336,316,318,274,273,251,227,242,187,296,234,284,192,293,219,302,245,327,226,316,183,320,218,326,247,358,221,351,174,346,199,344,226,390,221,386,181,381,158,375,138
L,493,364,443,353,393,324,351,296,316,293,405,258,392,206,387,174,383,144,437,255,433,225,442,271,442,289,470,256,469,230,471,273,467,289,503,262,504,236,499,268,492,285
X,355,315,325,292,298,248,304,205,331,181,317,186,318,142,316,124,315,115,351,194,352,166,338,214,338,223,381,211,380,203,359,243,358,242,409,233,406,227,385,252,379,255
S,386,361,342,327,314,270,331,221,374,211,336,221,329,179,329,224,336,238,370,224,366,174,356,225,363,235,403,238,397,207,380,256,384,262,437,258,420,239,405,271,410,278
A,456,326,404,315,362,278,344,233,359,203,385,236,383,201,388,236,391,258,415,235,412,199,414,244,414,262,444,238,443,206,440,251,438,269,473,245,472,226,465,257,461,272
N,437,276,388,251,364,199,385,152,415,122,364,169,350,127,354,152,365,185,398,163,387,105,384,137,389,162,433,167,429,136,423,184,423,206,470,177,461,152,454,184,454,200
P,478,134,409,156,352,199,312,242,269,275,314,163,257,227,219,270,184,305,358,162,322,272,314,337,307,384,410,171,386,276,402,262,412,233,458,186,434,267,442,257,445,229
F,436,354,384,336,338,309,300,286,276,256,361,232,324,204,296,218,283,238,382,216,347,163,326,128,310,94,412,213,397,158,392,122,387,89,446,224,446,179,449,147,453,118
O,403,309,363,266,338,218,323,179,326,142,385,172,390,122,362,113,340,122,402,172,409,110,372,101,344,114,416,177,422,115,379,108,349,123,427,186,419,135,385,125,358,134
W,353,396,315,371,294,326,324,290,362,264,291,245,267,181,260,139,257,103,331,234,326,157,327,109,330,70,366,245,382,183,387,140,392,102,399,274,391,243,372,267,357,294
B,446,387,400,355,376,304,394,257,428,247,385,255,379,203,382,171,388,142,415,248,410,189,411,153,412,118,444,253,442,198,439,162,438,131,473,267,470,225,467,196,463,171
E,408,383,368,352,350,300,376,262,416,251,350,253,351,201,357,233,359,262,383,246,385,183,388,215,388,243,416,249,421,189,417,216,414,246,446,262,447,221,437,231,430,251
N,457,310,411,286,387,235,407,188,435,158,383,204,371,166,378,195,390,221,417,197,406,141,406,183,414,204,452,202,448,174,442,222,443,236,487,212,479,192,472,222,471,232
M,443,346,388,312,369,255,404,213,435,184,370,225,356,179,365,215,375,248,405,215,392,161,397,207,403,240,440,215,435,157,430,203,430,236,476,223,471,181,460,207,455,232
S,399,342,356,312,326,261,340,212,380,195,341,211,331,170,336,213,344,228,374,212,369,161,363,212,369,221,407,224,403,193,390,242,392,248,441,241,427,222,415,255,418,261
T,434,309,384,292,349,239,353,180,370,142,360,196,348,156,352,189,360,202,397,199,392,165,389,220,389,216,432,206,429,183,421,235,420,232,466,213,460,195,451,231,453,237
Z,376,397,339,360,317,320,314,280,343,253,336,242,334,181,335,144,341,113,370,249,376,202,364,248,355,276,403,264,411,222,391,263,380,294,430,290,438,253,416,273,402,296
E,415,379,375,348,357,297,384,259,425,248,357,250,359,199,364,230,366,258,390,243,393,181,394,213,395,241,423,247,430,187,424,213,420,242,453,260,454,219,444,229,436,249
U,365,369,316,329,293,286,299,233,345,218,304,228,292,168,291,135,293,104,338,222,324,156,317,118,313,82,370,229,369,173,356,212,347,247,402,245,398,201,381,218,368,244
Y,347,344,302,320,264,273,233,235,201,218,290,227,283,184,283,224,285,259,323,223,318,188,310,233,309,266,358,227,360,181,345,210,335,238,391,235,418,193,436,166,452,139
I,376,332,321,317,278,274,255,228,249,188,299,235,285,196,295,222,305,246,329,226,316,185,321,220,329,248,358,220,349,173,345,199,345,227,390,218,384,179,378,156,372,137
Y,339,336,292,307,255,261,230,221,203,197,288,215,284,172,282,211,281,247,321,214,318,179,309,223,306,256,356,220,360,176,346,204,337,230,387,230,415,188,433,161,450,135
Q,360,130,314,163,279,192,265,224,258,255,228,127,200,185,195,226,197,259,255,110,243,183,273,192,285,178,291,104,289,178,310,178,312,160,330,104,327,163,337,164,337,146
N,445,305,399,279,375,228,394,183,420,152,375,196,359,154,362,180,373,212,408,188,395,127,391,166,397,195,442,193,434,163,428,212,431,232,479,204,465,181,457,212,459,226
Q,423,188,364,222,316,263,296,312,278,357,250,205,217,274,205,320,201,357,281,187,268,288,304,288,314,267,322,182,319,278,344,269,344,244,365,183,360,261,373,256,373,234
Q,433,197,369,234,319,272,297,322,277,369,254,201,215,275,205,327,203,370,290,181,267,290,306,292,321,270,336,177,324,282,353,276,356,249,383,180,371,265,385,263,386,238
E,410,367,370,335,352,284,377,246,417,236,355,240,354,188,356,217,360,245,387,233,389,172,385,200,387,229,417,237,424,177,415,199,412,229,447,251,448,211,435,216,427,236
P,426,70,376,110,337,161,317,205,290,239,303,131,268,203,247,247,227,285,342,118,338,223,351,277,361,313,390,114,395,210,400,195,400,169,436,116,431,191,431,179,426,155
L,464,362,410,347,360,314,317,285,280,283,375,241,364,187,362,153,362,123,409,235,404,200,413,250,415,274,444,235,444,202,444,247,442,270,479,244,479,211,471,241,463,263
M,442,355,385,310,369,245,412,202,451,175,375,210,365,154,370,198,378,236,415,202,409,138,406,194,410,231,456,206,456,141,444,194,441,231,496,219,495,172,478,201,468,227
Y,325,339,280,312,243,263,218,220,192,195,275,214,270,175,267,216,267,251,310,213,306,180,294,227,291,262,345,219,348,178,328,212,315,242,377,230,406,190,426,165,442,138
E,417,378,377,345,360,294,388,257,429,249,365,249,366,198,365,224,367,253,397,243,401,183,396,210,397,239,428,248,437,188,427,210,423,240,457,263,460,223,446,229,438,248
N,440,291,392,260,371,206,396,159,429,131,377,174,369,129,370,158,378,191,411,171,405,110,400,148,404,176,446,178,443,147,433,196,434,219,482,192,474,167,465,198,464,214
P,472,141,409,164,349,208,308,252,268,284,313,173,256,238,221,278,188,311,355,173,320,282,311,341,304,385,406,181,386,283,401,268,410,240,453,195,431,273,440,261,445,234
X,343,332,310,308,283,258,291,212,318,189,308,197,313,154,307,136,305,127,340,207,341,179,322,229,324,236,369,225,367,215,343,257,345,257,396,248,390,243,369,270,368,271
P,455,135,399,153,350,189,317,224,282,249,321,156,272,212,242,246,213,274,358,154,330,244,332,291,334,321,403,159,384,247,397,235,405,211,443,170,424,237,431,227,434,203
T,432,320,382,293,357,239,369,190,387,157,370,202,360,160,359,186,364,210,405,202,399,164,395,211,395,227,437,209,432,176,423,223,424,241,472,220,463,190,453,220,454,236
U,374,364,326,327,304,277,320,229,360,212,315,223,305,162,304,128,306,96,349,216,336,150,328,112,325,78,382,224,379,172,369,210,363,245,416,240,412,196,397,214,385,240
U,365,369,317,332,293,286,302,234,345,215,306,228,294,169,292,136,295,105,339,222,325,156,318,118,315,83,371,229,370,175,357,214,350,250,404,244,400,200,384,218,371,244
H,535,342,501,287,446,254,390,260,351,273,453,191,369,185,320,185,279,183,464,227,364,217,309,216,266,214,473,270,381,279,397,290,424,291,478,313,402,317,414,324,441,321
G,455,356,403,322,368,283,341,256,311,233,419,210,372,185,332,179,300,180,444,214,371,211,368,252,386,262,459,232,385,244,389,277,409,278,464,259,406,280,407,301,424,301
B,433,378,389,347,369,295,388,251,422,245,379,253,375,204,379,176,385,150,407,246,404,192,405,159,407,128,433,251,433,201,431,168,430,140,460,264,459,226,457,200,455,176
M,435,343,385,314,366,264,396,225,423,199,367,237,353,194,363,226,373,254,397,226,386,177,391,218,397,247,429,225,423,173,421,213,422,242,461,231,455,193,447,217,443,240
E,410,385,371,354,352,302,379,264,420,253,352,255,353,204,360,237,363,265,386,248,388,185,391,219,391,247,419,251,425,191,421,219,417,248,449,264,450,223,440,234,433,254
X,371,328,336,284,310,239,285,211,270,193,354,173,329,121,297,116,275,131,363,183,280,184,279,216,299,227,363,203,283,219,292,246,313,248,358,228,297,245,304,267,323,268
R,368,423,328,386,309,332,323,283,353,249,326,272,328,213,342,177,359,144,358,272,341,199,330,161,326,127,391,284,382,237,364,284,354,322,423,306,405,275,383,306,369,335
K,428,379,386,348,364,302,362,256,363,222,380,260,367,209,360,179,356,152,410,261,417,202,422,167,430,138,439,275,448,246,433,281,422,310,465,297,464,280,448,304,435,325
O,397,297,357,254,333,204,318,164,324,127,381,156,385,105,356,98,337,109,398,157,406,94,367,85,339,99,413,163,420,99,375,92,345,108,422,172,414,120,378,111,351,122
B,399,395,355,361,338,308,358,264,389,260,351,265,350,216,356,188,364,162,379,261,379,206,383,173,387,143,404,267,406,217,407,184,408,157,431,281,431,242,430,216,430,192
T,451,329,403,296,380,237,392,187,410,150,401,199,389,158,383,159,385,179,434,203,428,163,412,212,410,239,467,215,458,184,438,233,434,258,501,235,487,208,468,238,464,255
I,403,354,348,325,307,272,288,219,289,173,335,229,327,184,335,217,342,244,369,224,361,178,364,219,369,249,404,223,402,170,395,201,391,232,439,227,438,181,434,153,429,128
Z,367,382,323,344,296,306,283,263,315,236,318,229,313,167,311,129,313,97,351,235,351,185,339,234,332,262,383,249,386,204,366,246,358,278,410,274,414,233,392,256,381,280
Y,335,302,290,281,253,245,226,213,197,196,288,199,288,161,289,194,289,225,320,199,322,168,316,207,313,237,351,202,359,163,351,184,344,203,378,209,402,173,421,152,438,129
E,417,378,379,349,360,294,387,254,427,243,347,249,353,199,365,235,367,261,382,239,384,176,392,216,393,243,417,239,422,181,422,212,417,240,448,248,448,213,441,226,434,244
Q,455,201,393,232,344,267,326,314,309,357,286,202,241,269,230,319,227,363,320,183,300,282,335,285,347,266,365,179,352,278,378,272,380,245,409,183,396,264,409,261,409,236
B,437,381,393,348,374,299,391,255,424,245,381,255,376,206,380,177,386,151,409,249,406,194,407,161,408,129,435,254,435,203,433,170,431,142,463,266,462,228,460,201,456,177
D,454,388,395,362,353,328,319,310,294,287,408,234,385,173,372,137,366,107,427,241,360,197,314,226,298,254,436,259,373,218,326,243,309,270,436,285,385,251,345,260,324,278
O,420,306,372,259,339,210,316,171,313,132,390,148,386,91,351,87,328,101,407,148,403,76,357,74,328,94,422,155,417,83,366,81,334,102,430,168,409,113,370,104,342,114
J,390,385,331,369,280,328,259,282,275,248,312,271,298,234,301,267,305,302,343,262,330,231,330,278,333,317,377,256,364,211,359,249,359,288,411,255,407,207,400,176,391,150
Q,394,127,344,166,305,205,292,249,280,293,236,134,208,220,202,273,197,317,276,112,266,220,305,218,315,191,325,106,330,212,354,200,352,169,374,107,371,190,385,182,383,153
F,410,375,357,352,312,317,278,284,261,246,352,240,316,205,285,209,266,223,377,223,354,165,329,131,307,103,408,221,403,164,393,124,383,91,437,233,452,186,464,152,472,121
Z,376,398,339,360,316,320,310,280,341,255,336,243,333,181,334,144,340,113,370,250,374,204,362,250,354,278,402,265,410,224,390,264,378,294,429,291,437,255,414,274,400,296
S,417,385,376,350,343,297,359,245,407,220,351,235,345,186,354,236,363,258,391,235,392,172,388,228,390,244,430,248,434,218,419,273,415,280,469,269,465,250,450,285,444,293
Z,374,349,334,314,311,280,301,241,330,215,326,213,321,156,320,122,324,94,356,217,356,172,350,217,343,242,384,228,387,187,373,225,366,254,410,249,413,213,394,234,385,255
I,385,348,330,323,289,272,271,221,271,177,319,229,309,186,316,218,323,245,350,224,341,179,343,219,348,250,382,223,379,170,371,199,368,229,416,225,414,180,409,153,405,129
L,464,342,413,333,363,305,322,278,288,275,374,242,361,192,357,162,353,134,405,237,398,210,406,257,408,273,437,237,432,212,435,256,433,272,469,241,465,219,462,251,459,267
S,385,340,341,311,309,258,322,209,364,195,326,209,318,169,320,212,329,227,360,209,355,160,348,210,354,219,393,220,389,191,375,241,378,246,428,238,413,221,400,254,403,260
U,368,367,320,327,301,279,313,226,356,215,315,221,307,158,309,123,314,91,350,216,339,149,333,110,331,75,382,226,383,170,370,208,362,244,415,243,412,197,397,215,383,242
J,412,383,353,366,301,324,280,276,303,245,333,267,325,230,329,264,333,297,367,260,359,228,360,274,362,313,401,255,393,212,387,249,383,285,435,254,432,208,426,179,420,153
D,441,380,385,347,345,309,319,286,299,264,406,228,377,175,364,141,358,113,427,238,369,194,327,222,313,248,435,258,380,219,337,242,321,267,431,286,382,259,343,266,322,281
N,447,315,405,287,386,240,407,197,436,169,383,212,376,174,383,200,391,230,416,207,410,154,410,185,414,211,448,213,448,185,443,228,440,250,480,224,476,203,470,230,468,245
L,480,343,428,333,378,305,335,279,301,278,389,243,374,193,368,162,363,134,421,237,413,207,423,253,426,272,454,236,448,209,452,253,452,270,487,242,483,216,479,247,476,264
T,430,324,380,294,352,243,362,202,381,177,369,203,360,160,358,179,360,202,402,201,395,158,390,204,391,223,434,205,429,165,420,208,421,231,468,215,462,178,450,205,448,224
J,387,388,328,373,277,331,255,286,267,251,308,274,293,236,297,269,302,304,340,264,326,233,327,280,330,319,374,259,361,213,355,251,355,289,408,258,405,209,398,177,389,150
I,344,348,296,329,260,285,246,240,246,203,288,250,278,212,283,239,289,269,317,245,306,206,306,240,312,271,347,245,341,202,331,227,327,254,379,248,385,208,384,183,382,161
W,355,418,315,390,294,344,326,299,362,270,287,261,257,194,245,155,238,118,326,249,309,172,305,127,303,88,362,258,367,194,369,154,370,115,397,287,396,240,381,255,367,281
B,422,386,379,356,357,309,372,266,403,256,362,268,356,220,358,192,362,166,389,261,384,208,384,175,383,145,415,264,412,215,408,183,405,156,442,275,439,238,435,212,431,189
E,406,380,363,355,337,312,354,272,393,256,341,257,335,206,340,231,347,260,372,249,370,188,369,214,372,242,403,252,406,194,398,216,396,245,432,265,431,223,418,232,410,255
W,330,375,291,354,264,310,284,263,317,229,248,224,218,161,206,119,197,81,287,210,274,133,272,84,270,43,324,219,329,154,330,108,332,68,359,243,342,213,326,240,317,270
G,470,354,420,305,389,261,357,240,321,222,452,195,394,163,351,156,316,157,475,214,389,208,388,245,407,257,484,245,396,254,401,282,423,284,481,282,409,293,412,311,432,310
F,400,375,349,351,307,315,276,281,256,245,348,243,316,205,288,209,270,224,374,228,358,171,335,137,313,111,402,227,399,172,387,135,374,106,429,239,442,192,451,159,457,130
N,420,266,375,240,351,192,368,150,396,125,359,162,346,125,348,149,358,179,390,158,382,106,377,139,381,165,422,164,417,137,410,181,411,202,456,175,447,152,438,180,438,194
J,385,376,327,359,276,319,256,274,270,240,309,263,296,227,297,259,300,293,340,254,327,225,327,271,329,310,373,249,360,206,355,243,353,280,406,249,403,201,397,171,389,145
C,471,344,414,325,367,293,333,274,302,256,389,217,367,170,337,159,310,160,405,211,381,150,340,146,309,162,421,211,401,151,358,144,326,155,436,219,417,173,384,158,356,158
E,374,367,330,337,308,290,330,250,371,237,317,239,313,186,313,215,318,245,348,233,350,170,344,199,345,229,379,237,387,176,373,198,370,229,409,251,409,209,392,216,382,237
C,477,363,413,338,367,304,332,286,299,267,396,223,374,173,341,160,312,161,413,217,389,152,346,144,313,158,429,219,409,153,363,143,328,153,442,227,420,177,385,160,354,159
L,483,356,433,344,382,308,343,277,308,272,398,245,386,190,382,158,379,129,431,243,429,210,435,258,433,275,465,245,465,218,465,263,460,278,497,253,499,226,494,259,487,275
G,457,365,406,329,372,287,346,259,316,235,424,213,378,184,338,178,307,180,451,218,378,212,371,253,389,265,467,239,393,248,394,281,414,283,472,268,412,284,411,305,427,305
W,367,347,332,327,312,283,336,242,367,214,304,211,281,155,274,118,270,85,340,200,333,133,334,91,334,57,372,207,381,149,384,111,387,77,403,229,394,198,379,222,368,249
A,364,326,305,309,254,273,230,226,244,186,280,220,264,179,269,216,278,244,311,214,295,168,299,217,308,243,344,214,331,172,331,223,336,251,381,221,367,190,358,224,358,247
L,462,347,411,337,361,308,319,281,285,278,371,245,358,195,353,164,348,136,402,241,393,216,403,262,405,277,435,240,427,215,431,259,430,274,467,245,462,221,458,254,455,271
R,366,411,326,373,306,319,317,272,348,242,326,264,327,208,339,172,353,140,357,265,343,193,333,156,329,123,389,277,379,228,359,273,347,310,420,299,399,268,378,299,365,328
R,370,421,331,378,316,322,333,272,365,242,333,267,336,213,350,179,366,151,365,267,350,199,339,166,334,140,397,281,390,232,371,277,359,315,429,304,413,273,389,302,373,330
H,536,340,504,285,452,252,396,257,354,267,458,189,372,181,322,181,282,179,468,223,367,213,313,211,271,208,476,266,384,278,401,290,428,291,480,311,405,316,418,322,444,320
G,484,357,420,307,380,259,348,232,311,210,446,178,385,143,338,135,301,136,475,192,381,192,380,235,402,247,490,222,394,239,400,273,425,274,493,261,417,278,419,301,440,301
J,388,414,333,393,288,348,270,302,284,269,323,294,312,256,312,291,313,326,355,288,343,256,340,302,341,341,389,286,380,239,370,275,365,311,423,289,426,239,423,207,417,179
D,441,383,382,352,340,310,309,284,293,252,393,226,377,169,369,134,365,105,412,227,362,176,321,192,304,216,425,236,375,190,329,205,308,229,428,252,386,216,344,217,317,230
L,475,347,423,336,375,308,333,282,299,279,387,246,375,195,369,164,365,135,420,242,414,213,421,259,422,276,452,242,448,215,449,259,447,276,484,248,482,223,476,254,472,271
F,420,403,371,375,329,341,293,316,272,286,361,265,322,234,293,250,281,273,382,250,357,189,342,150,334,113,410,253,413,189,418,147,423,110,438,271,456,224,473,189,488,159
Y,323,301,276,273,246,225,226,186,197,169,292,184,299,155,293,193,288,223,326,188,334,162,318,207,308,237,359,197,374,161,355,195,341,220,386,209,418,173,440,152,459,127
N,397,242,350,217,328,170,348,126,376,98,334,146,318,108,320,133,330,159,363,141,352,91,346,119,352,138,395,144,387,116,381,160,384,181,429,152,418,129,409,157,410,173
J,386,377,328,363,278,322,256,278,271,244,309,267,295,229,296,261,301,295,340,258,326,227,326,273,329,310,373,253,360,209,355,246,354,282,407,252,403,203,397,173,391,145
G,451,368,396,332,359,290,332,261,300,238,413,214,362,188,321,180,289,179,437,219,358,215,355,257,374,270,450,238,370,248,373,282,394,286,455,266,390,285,391,308,409,310
I,384,349,328,323,288,273,269,222,269,178,317,230,308,187,314,218,320,244,349,225,339,180,341,218,346,249,381,223,377,171,369,200,366,230,414,225,412,180,407,153,403,130
S,393,357,347,325,317,267,335,218,378,206,340,219,332,178,332,223,340,237,375,221,369,171,360,223,367,232,408,234,402,205,385,255,390,260,442,254,424,237,410,270,415,276
C,484,332,418,310,368,281,330,265,297,246,396,198,371,146,338,132,309,133,412,191,385,125,341,115,306,128,427,192,403,126,356,116,321,125,439,200,413,152,377,136,345,135
E,388,374,350,338,338,284,368,247,410,241,350,237,358,182,355,211,354,241,384,236,397,173,388,201,383,231,414,244,432,184,417,204,409,234,442,262,449,222,433,226,421,246
Y,335,336,289,310,251,263,226,222,199,196,283,214,278,172,275,210,276,245,316,213,312,179,302,223,301,257,351,219,354,175,338,203,328,229,382,229,410,186,428,160,443,133
D,437,382,379,351,337,310,305,284,288,252,388,225,370,170,362,136,359,106,408,225,357,177,318,193,301,216,421,234,371,190,326,205,305,228,425,252,381,217,339,218,312,230
I,404,359,351,330,314,279,298,228,300,185,340,240,334,196,342,229,349,256,372,236,367,192,370,232,373,262,405,235,404,185,398,216,394,245,438,239,440,195,437,169,433,146
S,394,340,350,311,319,258,333,209,373,194,337,210,326,169,330,212,339,227,370,209,363,160,357,210,365,219,403,221,398,190,384,239,388,244,437,238,422,221,408,252,412,258
O,416,294,375,241,356,194,345,158,348,122,414,154,416,107,389,98,365,105,430,155,433,97,395,89,365,103,442,161,447,101,404,94,372,107,450,170,447,117,413,105,384,113
Z,400,441,349,400,318,358,314,311,354,286,345,256,339,176,339,129,341,86,389,265,394,215,385,276,374,312,430,284,442,239,419,293,400,331,463,314,475,276,450,307,430,334
Y,327,336,281,309,243,261,217,220,191,194,273,213,269,173,266,212,267,247,307,211,303,177,293,222,291,257,342,216,344,173,327,204,315,232,375,226,402,184,420,158,435,132
E,395,388,357,353,339,303,365,265,408,257,351,253,355,198,354,231,355,262,385,249,392,186,386,219,384,248,416,256,430,195,417,219,409,250,445,273,451,230,435,237,423,258
M,426,345,377,311,362,261,393,227,423,204,367,234,352,191,355,223,363,252,397,226,385,175,383,215,390,246,428,227,422,173,413,211,415,242,459,235,453,195,440,216,436,239
F,437,354,385,336,338,310,300,286,276,256,362,233,325,205,297,218,283,237,383,216,349,162,329,126,315,93,414,214,399,158,394,121,390,88,448,224,448,179,452,147,457,118
P,458,139,400,161,350,198,316,234,281,260,318,165,270,220,239,256,210,285,356,163,328,258,325,310,322,345,402,168,384,258,397,246,404,221,444,179,425,247,432,237,435,213
C,459,406,394,377,345,335,302,309,263,281,379,242,357,183,327,163,294,159,401,239,379,170,340,152,300,157,424,244,407,172,366,152,326,153,449,258,432,201,400,174,366,164
N,455,304,409,280,386,230,408,184,435,154,383,198,370,159,375,188,385,217,416,194,407,138,406,178,412,200,451,199,449,172,442,219,443,233,486,209,479,188,471,219,471,230
V,348,358,308,329,280,282,296,237,336,218,296,206,280,143,273,102,270,68,333,204,328,127,326,83,328,45,370,221,367,181,348,228,337,266,402,250,391,225,369,257,355,285
S,391,367,345,333,313,273,330,220,377,209,337,220,328,176,329,225,337,239,374,222,368,170,358,225,365,234,410,237,402,204,385,259,390,264,446,258,427,239,412,274,416,281
V,362,370,324,339,301,291,321,249,360,232,319,214,305,151,300,110,299,75,358,214,356,138,357,93,360,55,394,233,394,194,374,241,361,278,424,264,416,239,394,271,379,298
L,467,341,416,332,367,307,324,281,289,279,375,243,360,195,354,164,349,137,406,237,398,211,407,256,410,273,439,236,432,211,436,254,435,270,471,241,467,216,463,248,460,264
I,365,351,313,334,273,290,251,245,247,205,298,250,284,211,291,238,300,262,327,242,313,202,316,237,324,265,357,237,348,191,342,218,340,246,388,237,383,197,378,172,373,151
D,439,365,381,332,343,297,316,277,297,256,408,218,398,159,396,122,398,92,429,227,369,187,324,213,307,239,434,247,376,210,333,233,317,259,429,271,380,246,342,252,321,266
C,471,344,413,325,368,294,334,275,304,256,390,220,368,174,337,163,310,164,405,213,381,153,341,146,310,160,421,213,400,153,357,144,325,154,435,220,413,176,379,162,351,162
O,396,307,357,264,332,215,318,175,323,138,379,168,384,118,357,109,335,117,397,168,404,107,367,97,339,109,412,174,418,112,376,104,346,117,422,184,414,133,381,121,354,128
Z,371,383,329,347,303,309,293,268,323,240,323,231,319,169,317,131,321,99,356,237,358,189,347,236,338,265,388,251,392,207,373,249,364,280,415,276,420,237,398,258,385,282
B,425,363,378,333,354,285,369,241,402,234,355,241,347,192,349,163,353,136,383,233,375,179,374,145,372,114,411,236,405,186,400,153,396,126,440,246,436,208,430,182,424,158
Q,400,145,350,177,314,212,308,254,301,291,251,163,221,231,213,276,212,310,280,144,275,239,306,240,316,219,319,136,320,225,339,220,339,196,360,133,355,202,365,200,364,179
R,372,440,332,401,313,346,326,296,356,263,326,284,326,222,336,185,350,150,358,283,341,209,330,169,326,133,393,296,385,250,367,298,357,338,427,318,409,288,387,321,373,350
C,479,331,416,314,365,288,328,279,296,262,389,202,363,151,328,140,300,143,403,198,374,131,329,125,296,138,415,200,386,134,340,127,307,137,423,208,394,163,359,150,330,149
J,387,384,329,369,278,327,256,281,267,246,308,270,294,233,298,265,302,301,340,261,326,230,327,276,330,315,374,255,360,210,356,249,355,287,407,255,404,206,397,176,389,149
A,455,339,398,321,357,284,339,237,350,204,381,244,377,205,381,238,386,262,412,243,405,202,407,247,411,270,441,246,437,209,434,254,435,278,473,253,469,228,461,259,458,277
Y,340,308,294,279,260,232,237,190,207,171,301,190,306,156,306,197,305,231,336,191,343,163,333,210,327,243,370,196,383,155,371,190,361,219,399,205,431,166,453,144,472,120
K,449,399,400,368,371,317,365,266,361,226,386,267,365,211,354,178,346,148,420,266,423,200,426,158,432,123,454,281,460,249,447,292,437,326,485,305,482,287,467,317,454,343
H,522,331,487,281,439,251,388,254,348,261,439,184,360,182,315,183,277,181,453,217,358,212,305,212,265,210,463,256,376,268,388,282,413,284,467,297,396,306,406,315,430,312
N,451,306,405,280,381,230,400,184,428,153,378,198,366,158,373,185,383,216,413,192,404,138,405,177,409,200,448,197,445,171,439,218,438,235,483,208,476,187,469,218,467,231
M,422,345,372,311,357,259,390,222,419,197,361,233,348,189,352,221,360,251,392,225,382,173,380,213,386,244,424,226,420,171,411,210,412,241,457,234,450,194,437,217,432,239
H,520,333,485,281,435,251,382,257,344,269,436,189,356,187,309,188,270,186,450,223,354,217,300,217,258,216,460,264,372,274,384,288,409,289,465,304,393,312,403,320,428,317
E,403,379,362,348,341,299,365,259,407,246,345,248,344,195,346,226,350,255,378,241,380,177,377,208,377,237,410,245,418,183,408,208,403,239,440,258,442,216,428,225,419,246
W,360,431,315,407,289,367,316,330,355,306,291,279,266,213,257,173,252,136,331,268,323,189,323,141,323,98,365,278,378,216,382,173,384,134,396,308,389,265,374,281,363,305
C,498,376,441,344,400,305,362,279,331,250,438,223,425,167,396,147,367,142,457,221,445,153,407,135,371,140,476,225,467,157,429,136,392,138,495,237,484,184,455,160,425,151
A,447,345,395,330,354,292,337,245,354,215,377,249,378,214,382,250,384,272,408,249,408,212,408,259,407,278,438,253,439,221,435,267,431,286,468,262,468,241,461,273,455,289
S,405,379,362,347,330,295,345,246,390,227,340,234,334,188,342,239,350,259,379,235,377,179,373,239,376,253,416,249,418,218,403,273,401,280,453,269,446,252,432,286,429,292
N,458,310,413,283,392,234,412,188,438,156,384,202,372,162,378,190,388,219,418,196,408,140,407,178,413,200,452,201,450,174,444,220,444,234,488,211,482,191,474,221,474,232
W,365,431,319,409,291,376,307,336,339,303,282,281,249,217,235,177,227,140,321,266,309,188,306,140,303,98,357,275,365,212,365,168,362,130,391,304,383,260,368,271,354,293
C,471,343,413,324,368,294,333,276,303,256,390,219,367,173,337,162,311,164,405,212,380,154,340,147,310,159,420,212,398,153,357,145,325,154,434,219,412,174,379,161,350,161
M,435,345,379,308,362,254,396,214,427,186,368,224,354,178,360,212,369,244,401,216,391,162,392,204,397,237,435,217,431,158,424,200,424,234,470,227,465,184,452,208,446,232
T,426,323,375,294,349,241,361,193,378,158,366,210,353,169,350,177,352,197,399,210,390,173,384,218,383,247,432,218,421,188,411,236,407,265,466,232,451,205,439,235,434,256
V,341,343,301,313,275,266,291,223,330,203,291,192,275,128,268,87,265,52,328,190,323,112,321,67,324,28,365,207,362,167,342,214,331,251,396,237,388,210,367,239,353,266
N,401,256,355,231,332,181,348,139,374,110,339,155,324,116,325,141,335,169,369,150,357,98,352,130,358,155,401,155,392,126,386,170,387,194,434,164,423,139,414,167,414,184
L,462,366,409,350,359,314,316,285,279,284,373,241,364,186,361,152,361,122,407,235,403,200,411,250,415,273,443,236,442,202,442,246,441,269,478,245,478,212,469,242,462,263
R,369,420,329,379,311,323,325,275,355,245,332,268,334,211,347,175,364,143,363,268,348,196,338,158,334,126,396,281,387,231,366,277,354,316,427,304,407,272,383,303,368,331
O,422,296,382,246,361,202,348,168,346,134,416,157,415,110,386,101,363,107,430,160,429,103,388,96,360,108,441,169,440,113,395,105,365,116,445,182,437,135,403,123,375,126
L,491,357,440,343,390,306,351,274,317,269,407,244,396,189,393,156,390,125,441,241,440,208,445,255,444,274,474,244,476,216,475,261,470,278,507,253,509,226,503,257,496,274
X,351,322,321,298,294,253,300,209,329,185,316,190,316,148,313,129,314,121,349,200,348,172,332,222,335,228,379,218,375,208,355,249,357,248,407,241,401,234,381,259,377,261
O,410,305,362,262,328,212,306,173,302,135,379,149,373,95,340,91,316,103,395,149,389,81,345,78,316,95,409,156,400,89,352,87,320,104,415,170,395,116,357,109,328,119
B,428,369,381,340,358,289,376,244,407,235,360,245,353,194,356,163,361,136,389,237,382,181,382,146,381,113,417,240,412,188,407,155,403,126,446,251,442,212,437,185,432,161
E,413,374,370,348,349,301,372,263,410,251,346,254,342,203,347,226,355,255,376,245,374,185,376,208,380,236,407,246,408,189,403,210,404,239,437,257,434,220,425,228,421,248
J,395,399,336,380,286,335,265,288,278,252,320,279,306,239,310,273,314,309,353,271,340,238,340,286,342,327,387,266,375,219,369,258,367,297,420,267,418,216,412,185,404,157
B,427,365,380,334,358,285,376,241,408,231,359,242,353,191,356,160,361,132,388,234,382,178,382,143,381,110,415,237,411,185,407,152,403,124,445,248,441,208,436,181,430,157
M,434,340,383,308,367,260,397,222,425,196,370,232,357,190,363,219,372,249,400,223,390,174,391,211,397,242,432,223,427,169,421,207,422,238,464,231,460,192,448,213,442,235
S,386,339,340,310,309,259,323,210,364,194,326,207,317,168,320,212,329,224,360,208,355,160,348,211,355,219,393,219,388,192,374,242,377,246,427,236,413,221,399,253,403,258
W,371,435,328,413,304,372,328,332,363,304,298,283,271,220,261,180,255,144,337,271,327,194,326,147,325,106,372,280,381,216,383,174,384,137,404,308,398,263,385,278,374,302
F,431,343,380,325,335,297,299,273,274,244,358,222,322,194,295,207,281,225,380,205,347,152,327,117,314,84,411,203,397,148,392,112,388,81,445,213,444,168,448,137,452,109
Z,404,409,353,368,322,329,310,283,343,250,340,229,332,153,331,107,334,65,382,236,384,184,378,241,368,276,422,253,431,206,411,257,394,295,455,281,465,240,442,269,423,297
L,493,375,441,356,393,324,350,294,313,294,407,249,397,191,394,156,393,126,442,242,442,205,451,254,451,279,478,243,481,208,483,251,477,275,511,254,517,220,510,249,500,270
U,369,367,321,327,302,278,315,223,358,214,317,222,309,159,310,124,314,93,351,217,341,150,335,110,333,76,383,226,383,170,370,208,362,243,416,242,412,197,396,214,384,241
G,459,365,408,329,375,287,348,260,319,236,428,215,382,187,342,180,311,181,453,221,381,215,374,255,392,267,468,240,395,249,395,281,414,284,473,269,413,285,411,306,427,307
K,437,383,394,352,371,305,368,258,368,222,386,261,372,210,364,180,359,153,417,262,422,202,428,165,435,135,446,277,454,246,439,283,429,312,472,299,470,280,455,305,441,327
Y,338,343,289,315,253,269,233,228,214,194,284,224,279,180,278,217,281,252,317,223,313,184,305,227,305,261,352,227,354,181,340,208,331,233,385,235,412,194,430,168,444,142
M,425,347,375,313,359,260,390,222,418,196,363,233,352,187,356,221,365,251,395,224,386,172,386,213,391,244,428,225,424,171,417,212,417,243,461,234,455,195,444,220,439,242
S,396,363,350,330,320,271,339,219,384,208,343,224,335,178,336,225,343,240,378,227,373,174,364,227,370,236,411,241,406,209,389,259,393,265,445,261,429,240,414,273,418,280
U,369,366,321,329,299,279,316,229,358,213,313,223,303,162,304,126,309,95,347,217,335,150,328,112,326,78,380,225,379,174,368,211,362,247,413,242,411,197,396,215,384,241
Z,376,384,332,344,307,308,293,264,326,237,326,230,322,166,321,128,324,96,359,235,359,187,349,236,342,264,391,249,395,204,377,246,367,278,417,274,422,234,400,256,388,280
F,448,351,400,329,360,298,329,270,315,238,397,232,364,201,336,205,319,217,419,216,398,166,376,135,357,111,445,214,439,164,431,129,423,100,469,223,481,181,490,151,496,124
O,479,274,421,236,379,199,347,177,326,150,432,124,387,80,348,96,328,121,448,128,393,72,348,94,330,122,460,142,413,86,362,102,339,128,460,166,420,123,378,122,352,133
O,397,298,356,256,332,205,317,164,322,127,378,157,383,107,355,100,335,109,396,157,403,95,365,87,337,101,411,163,418,100,375,93,346,109,421,172,415,120,382,110,355,118
H,555,335,517,284,463,255,407,262,366,273,472,192,388,190,340,191,300,191,486,226,386,220,331,221,289,221,497,269,407,280,423,290,448,288,504,313,429,319,441,325,467,322
Z,404,414,354,375,325,334,316,289,348,256,343,230,335,153,335,106,339,63,386,238,390,186,383,245,372,281,428,256,438,210,417,263,399,301,462,285,472,245,447,277,428,304
O,403,310,364,268,339,218,325,176,330,139,385,171,392,121,364,112,343,121,403,171,412,109,375,100,347,113,417,177,425,115,383,107,353,120,427,187,421,137,389,124,362,130
V,344,343,304,313,276,265,292,221,332,201,293,191,276,127,269,87,267,52,330,189,324,112,324,67,327,28,367,205,363,167,344,215,332,253,399,235,390,210,368,240,353,267
H,534,336,501,280,449,248,392,255,350,269,452,187,367,182,318,182,278,180,463,224,363,214,308,213,265,211,471,267,379,275,395,287,423,288,475,310,399,314,411,321,438,318
E,414,371,372,348,347,300,368,261,406,245,341,254,338,205,346,237,352,264,372,243,368,184,374,218,378,244,404,242,403,187,402,216,403,244,434,251,431,214,423,227,420,247
L,466,348,416,336,368,307,326,280,292,277,381,244,371,194,367,162,364,133,412,240,406,213,413,259,414,275,445,242,440,215,442,258,440,274,478,248,475,223,469,254,465,271
M,422,346,372,312,357,261,390,224,420,200,361,234,349,188,354,222,363,252,392,225,383,173,384,215,390,245,425,226,421,171,415,213,415,243,458,235,453,195,442,220,437,242
W,367,448,324,427,297,387,319,350,353,320,293,296,265,231,255,190,248,154,332,283,323,205,322,156,321,114,367,294,377,230,380,186,382,148,399,322,394,280,381,295,369,316
G,465,366,415,316,383,273,352,252,318,233,448,206,391,173,347,166,313,169,471,225,385,220,381,257,401,269,479,257,391,266,394,294,416,296,475,293,404,304,406,322,424,321
T,425,325,378,296,353,244,362,194,378,162,375,206,358,170,352,188,360,203,408,211,396,176,387,226,395,229,440,222,427,200,415,247,425,247,473,235,457,217,444,247,453,253
E,402,370,358,345,334,302,352,262,389,244,338,249,333,200,338,227,346,258,368,241,367,181,366,207,369,238,399,246,404,188,395,212,392,241,430,262,423,230,410,246,404,268
Q,438,200,374,235,324,270,300,317,276,363,257,203,217,275,206,325,203,367,293,182,273,290,314,289,325,264,340,177,332,283,361,274,362,244,387,180,376,267,391,262,391,237
C,471,338,414,320,368,289,334,271,304,253,391,216,369,170,338,160,312,161,406,209,381,150,342,144,311,157,421,208,399,149,357,142,325,152,434,215,411,171,378,157,350,157
B,409,414,366,379,345,329,364,286,395,276,348,286,342,236,346,206,352,177,375,278,369,223,369,188,369,155,401,282,398,231,395,198,393,169,430,294,426,254,422,228,418,204
I,369,353,323,328,291,283,279,238,280,201,317,253,311,214,316,240,321,269,346,250,341,210,340,242,342,273,376,251,375,209,365,233,359,259,408,256,416,218,417,194,417,174
K,444,429,396,394,370,341,368,290,369,252,388,293,370,240,359,208,353,180,422,293,427,228,433,189,440,157,454,308,456,277,439,317,427,349,483,330,476,310,460,340,446,367
E,379,366,335,337,313,289,334,249,375,236,322,237,319,184,318,211,322,241,353,231,356,169,350,195,350,225,384,235,393,174,380,195,376,225,414,249,415,209,399,214,389,234
D,422,409,372,377,334,332,305,302,287,267,367,276,359,220,355,187,354,158,384,273,363,216,330,218,309,233,399,275,374,218,331,228,306,250,411,281,385,234,347,231,322,245
V,354,366,315,334,292,288,310,246,348,227,309,212,294,148,289,106,288,70,347,210,343,132,344,87,349,49,384,229,382,188,362,235,351,273,415,261,408,232,385,262,368,290
J,383,376,325,361,276,320,255,276,270,241,308,264,294,226,296,259,300,294,339,256,325,225,325,271,328,310,371,251,358,207,352,244,352,282,404,250,401,202,394,171,387,144
A,460,331,407,321,364,285,346,239,360,210,386,243,386,207,392,242,394,264,417,242,415,205,418,251,417,270,446,244,446,211,444,257,441,276,475,250,474,230,470,262,464,277
U,371,367,325,328,305,276,320,227,362,211,321,223,313,162,314,127,318,95,355,218,345,151,339,112,337,77,388,227,387,172,373,210,364,245,421,244,418,199,401,215,386,241
P,485,137,417,158,355,202,314,247,275,281,324,168,263,234,226,274,191,309,367,168,327,279,315,339,306,384,418,178,392,282,406,266,415,238,465,194,439,273,446,261,451,234
X,348,319,315,292,291,247,294,206,321,186,326,181,335,137,326,118,316,121,359,191,350,170,329,215,333,227,387,211,369,212,346,248,353,249,412,238,390,243,371,265,375,265
N,430,272,384,244,365,198,386,156,411,128,367,170,355,131,360,155,368,185,398,166,390,111,387,141,391,168,430,172,426,143,420,187,420,209,463,185,456,159,448,187,446,203
D,419,418,365,384,326,343,295,319,273,294,390,260,362,203,348,167,340,138,408,268,350,220,305,246,287,274,416,286,361,242,315,266,296,293,413,311,366,279,325,285,303,301
E,406,366,364,344,337,297,357,257,394,241,332,251,326,200,334,229,342,256,363,239,356,178,361,209,366,236,394,238,391,180,389,205,390,235,424,246,419,209,410,220,406,240
H,540,344,508,291,457,259,403,261,363,268,462,194,379,189,331,189,293,187,473,229,373,220,321,219,282,216,482,272,392,279,406,293,432,293,486,315,413,319,424,328,449,326
C,475,343,416,323,371,293,336,275,305,253,395,217,372,169,340,158,312,160,411,211,385,149,343,142,311,156,426,212,403,151,359,143,325,153,440,219,417,174,383,160,353,159
X,357,315,327,292,302,249,308,207,335,184,320,183,320,142,316,123,317,119,353,192,355,166,339,215,339,223,384,209,381,202,359,243,358,244,411,233,405,229,384,255,381,258
Y,335,305,288,275,252,226,229,184,198,162,293,184,293,148,294,190,294,225,328,185,331,156,321,204,316,238,362,191,372,150,358,186,346,216,392,201,423,159,445,135,463,109
V,356,382,316,352,289,307,305,267,341,244,304,228,280,163,269,121,263,85,345,227,348,147,353,99,359,60,383,246,377,209,357,257,348,294,415,277,405,251,381,281,365,309
N,399,245,351,222,326,172,344,128,371,100,332,147,315,110,319,136,330,162,361,141,348,92,345,123,351,144,393,143,385,116,380,161,383,182,426,151,414,129,406,159,407,174
O,399,305,361,264,337,215,322,175,328,138,381,167,388,116,359,108,339,119,398,168,407,106,370,99,343,113,413,175,422,112,380,105,351,120,424,186,419,135,386,123,360,130
N,431,271,386,246,364,200,384,157,412,130,367,168,355,130,357,156,366,185,399,165,391,112,386,148,391,171,430,171,427,145,419,189,420,207,464,183,455,162,447,191,447,203
V,369,370,332,338,310,290,330,249,367,231,325,214,313,150,308,109,308,74,363,214,362,139,364,94,369,55,399,234,403,193,382,240,369,277,429,265,425,239,402,269,384,296
J,384,377,323,362,268,318,243,271,255,233,300,253,285,210,288,247,294,284,335,244,321,208,321,259,325,302,373,238,360,187,353,228,351,268,410,238,408,184,401,150,393,120
D,427,416,380,382,343,335,315,304,301,268,382,277,374,217,366,181,363,151,400,276,379,215,340,221,317,241,416,280,394,222,349,231,323,252,428,290,402,242,364,238,337,251
Q,398,129,345,168,308,203,296,242,285,273,239,136,211,217,208,273,207,317,278,113,267,214,305,221,319,200,328,106,328,206,353,202,355,175,378,107,372,186,383,184,382,159
D,434,450,385,419,349,366,321,332,305,296,392,301,385,239,379,202,376,170,412,301,384,242,343,253,321,275,427,307,398,254,351,267,326,289,437,320,409,277,368,276,341,290
T,430,320,378,291,353,240,365,194,379,159,368,211,354,169,353,177,355,202,400,210,393,174,388,217,385,249,433,216,423,187,414,233,409,265,467,228,453,204,442,234,437,255
Z,368,383,325,347,299,310,285,269,314,240,318,232,312,170,310,132,313,100,351,237,352,185,341,233,333,262,383,251,386,206,367,248,358,279,411,276,414,235,392,258,381,283
L,461,343,410,334,362,306,320,279,286,275,372,243,359,193,355,163,351,135,403,239,396,212,404,258,405,274,435,238,429,213,432,256,431,272,467,243,464,219,460,251,456,267
Q,392,126,340,161,302,199,292,242,281,277,239,132,209,215,202,271,198,315,278,112,263,215,298,216,311,193,326,107,326,208,347,199,347,170,374,108,368,189,379,182,376,155
K,432,388,388,360,362,315,357,269,355,235,377,271,360,223,350,193,344,167,407,271,409,212,413,176,419,145,437,284,441,255,428,292,419,323,464,303,460,286,445,312,433,335
P,472,146,408,165,349,205,309,248,269,279,315,172,257,238,221,277,187,310,358,172,323,278,314,339,305,383,408,181,389,280,403,267,411,239,455,196,434,273,442,262,446,235
Q,437,193,372,229,319,267,295,317,273,363,255,201,215,275,204,325,199,368,290,183,269,289,307,290,320,268,335,179,325,283,354,275,357,246,382,182,370,269,386,264,387,238
T,417,327,369,301,337,241,343,183,358,139,347,196,328,150,329,166,340,192,386,199,380,160,373,220,375,243,426,210,420,181,406,238,403,259,465,227,457,199,440,235,432,252
R,369,421,329,380,312,323,329,274,360,243,334,269,336,212,348,176,365,143,364,270,351,199,341,163,339,131,397,284,388,233,368,279,355,317,428,307,410,274,386,304,372,332
E,400,386,360,354,343,303,369,264,410,253,342,255,343,202,348,234,352,263,376,249,378,185,379,218,380,246,409,252,415,191,409,217,406,247,439,265,439,225,429,233,422,253
C,478,345,418,324,373,293,338,275,307,256,397,218,375,170,344,159,317,160,412,212,388,150,348,143,317,157,428,212,407,151,364,142,332,152,442,220,420,174,386,159,357,158
T,422,327,370,298,340,237,349,180,366,138,354,196,334,149,335,164,344,193,393,198,386,159,379,217,380,243,433,210,426,179,411,235,407,258,472,228,462,199,445,235,437,252
J,389,384,332,369,281,327,260,282,270,245,311,271,295,232,300,266,306,302,343,262,328,230,329,276,333,315,376,256,362,210,357,247,357,285,409,255,406,206,399,175,391,148
K,447,428,399,393,373,341,369,292,368,254,393,293,375,243,366,212,360,184,426,293,430,230,436,191,444,160,457,308,459,277,442,318,430,350,485,330,478,309,462,338,448,364
L,464,344,413,334,365,304,324,277,291,275,377,244,366,193,362,163,359,134,408,239,402,212,409,257,411,274,441,240,436,213,437,256,436,273,473,246,470,220,465,251,461,268
J,393,386,335,371,284,329,262,282,273,248,315,272,301,231,304,263,309,298,347,263,334,230,335,275,338,314,381,257,369,210,364,247,364,284,415,256,411,207,404,176,396,149
I,369,352,322,327,290,282,278,237,280,199,317,251,312,213,316,238,321,267,346,249,339,209,339,242,342,273,376,250,373,207,364,231,360,258,408,255,416,217,417,193,416,173
W,362,446,319,425,292,386,315,350,349,322,288,297,261,234,251,194,244,157,327,284,318,206,317,158,316,117,362,294,372,230,375,188,376,150,394,320,388,283,375,298,364,318
Z,370,393,333,359,308,320,305,280,337,254,330,239,326,177,327,139,331,108,365,246,370,202,359,248,351,276,398,262,408,221,387,261,374,291,425,288,435,253,413,273,399,295
K,431,387,387,358,362,314,358,267,356,233,376,270,359,222,349,193,342,167,407,270,409,210,412,174,418,144,436,283,440,253,426,290,417,319,463,303,458,285,444,311,431,334
W,367,443,324,421,300,381,327,345,364,319,300,291,277,227,269,186,264,149,340,280,335,201,335,153,335,111,375,290,388,227,394,185,398,147,406,319,402,276,389,292,378,317
V,351,365,312,335,286,288,303,245,341,225,304,211,289,146,283,105,282,70,342,210,337,133,337,88,340,49,379,228,376,187,355,234,344,271,411,258,400,232,378,263,364,292
X,348,318,315,291,290,245,292,204,320,184,325,181,332,136,324,117,317,117,358,190,348,167,329,210,331,224,386,209,366,211,345,245,350,247,411,235,385,244,367,266,371,266
Z,374,348,334,313,310,280,299,241,329,217,324,211,318,155,318,122,321,93,354,215,354,172,349,216,343,243,384,226,386,187,372,225,365,254,409,248,413,212,395,233,385,254
E,403,366,361,342,335,299,353,258,389,240,339,246,334,196,337,217,344,247,369,238,367,178,366,200,369,230,400,243,404,185,396,205,393,234,430,259,425,228,412,242,405,263
D,448,398,389,374,343,338,309,315,285,286,377,267,354,218,341,189,334,162,393,263,344,221,315,246,308,273,405,266,354,229,320,258,312,288,412,275,367,247,331,259,315,281
K,436,378,392,347,369,299,365,253,364,217,384,255,369,205,361,175,356,148,415,257,420,197,425,160,432,131,445,271,451,241,436,277,425,306,472,293,468,274,453,299,439,322
U,363,369,312,329,289,284,297,232,341,219,302,226,290,168,288,135,289,103,335,220,322,156,313,118,309,82,367,228,366,173,352,212,344,247,398,244,394,199,378,217,365,244
Z,367,382,327,346,301,308,290,267,318,238,320,229,315,168,314,131,317,99,353,235,354,188,342,236,335,265,385,249,389,208,369,249,359,280,413,274,417,235,395,257,382,281
W,380,429,335,407,309,369,334,327,370,296,302,276,269,210,257,169,250,132,342,262,328,181,327,131,325,87,377,270,386,205,390,160,390,120,411,299,406,250,393,267,381,294
H,520,343,485,294,437,263,385,267,347,278,438,200,357,196,310,195,271,193,451,232,356,226,301,225,258,223,462,272,374,285,388,298,413,299,467,314,394,322,404,330,429,327
W,361,444,323,417,304,366,338,322,377,293,303,278,278,211,270,170,266,132,345,267,338,187,338,140,339,101,380,278,391,211,397,170,401,132,414,307,416,261,401,280,387,307
N,456,307,413,282,390,233,407,187,432,155,384,200,371,162,376,190,387,219,418,195,407,140,407,182,414,203,452,199,449,173,443,221,443,234,488,209,480,189,473,220,473,230
R,374,442,333,404,313,348,328,297,361,265,326,285,326,224,338,186,354,152,358,285,341,211,332,173,329,139,394,298,386,253,369,303,360,342,428,322,410,291,389,325,376,355
F,435,344,386,325,344,296,309,273,283,246,369,223,334,199,304,212,290,229,388,207,358,156,340,122,328,90,416,206,406,152,405,115,404,84,445,217,447,172,453,141,458,113
I,386,349,331,324,291,273,271,222,272,177,320,231,310,187,317,219,324,244,352,226,343,181,344,220,350,249,385,224,381,172,374,202,370,231,419,226,417,181,412,154,407,131
Z,372,394,336,357,314,318,311,277,341,253,332,239,327,177,327,140,331,109,367,247,373,202,363,250,355,277,401,263,411,222,391,262,377,291,427,289,438,255,416,276,401,297
G,461,370,410,334,376,295,349,269,316,249,426,217,378,188,337,183,305,186,452,223,376,219,371,259,389,272,468,244,391,256,393,288,413,292,474,275,411,294,409,316,424,317
Q,445,202,382,239,331,276,306,325,282,370,265,210,225,280,214,330,211,374,300,191,280,296,319,294,330,271,345,187,336,290,366,278,367,249,389,191,380,276,397,270,397,244
W,372,447,331,426,306,386,330,349,366,322,303,297,274,233,265,193,259,157,342,285,333,207,332,160,332,119,376,294,387,231,391,189,393,151,408,323,404,280,391,296,380,320
Y,332,333,286,305,249,258,224,217,196,191,281,211,277,168,275,207,275,242,315,209,312,175,302,219,301,253,350,215,354,170,340,196,331,220,382,225,410,183,429,157,445,131
J,379,398,322,378,276,333,258,288,270,255,310,279,298,240,297,273,297,307,343,273,329,241,326,286,327,325,377,270,365,223,356,258,352,295,411,271,412,222,407,190,401,163
W,349,395,310,369,288,325,319,290,357,265,288,245,262,181,254,139,250,102,328,235,321,156,322,108,324,66,362,246,375,182,380,139,385,99,394,275,382,239,365,265,353,295
F,423,393,375,368,334,334,298,311,276,282,364,258,325,231,297,246,286,267,384,243,357,185,344,147,337,112,411,245,411,184,416,144,422,110,439,261,455,215,471,182,485,153
R,369,420,329,380,312,324,326,276,357,245,332,268,335,213,349,178,367,145,363,269,350,198,341,161,339,129,396,282,388,233,367,278,355,316,427,306,409,274,384,303,368,329
G,457,369,406,332,372,291,346,262,316,239,428,218,380,189,340,182,309,184,453,224,377,219,372,259,390,272,467,244,391,254,392,286,412,290,471,274,410,291,408,313,423,315
C,473,365,412,339,368,302,333,280,302,258,399,224,376,174,342,162,313,164,414,218,389,152,345,146,312,162,429,219,407,153,361,145,326,157,441,226,419,175,384,159,353,160
S,394,358,353,327,323,279,334,231,375,213,334,227,326,181,333,224,341,245,369,228,367,172,362,223,365,239,403,240,403,208,388,255,387,264,436,260,428,239,413,268,411,278
I,345,347,296,328,260,284,246,239,242,202,287,250,276,213,283,237,291,267,316,245,304,205,306,238,313,270,346,243,339,200,330,225,327,253,379,246,383,206,381,182,379,160
Y,314,310,264,288,221,245,181,213,137,198,273,173,293,199,289,253,279,284,324,173,336,208,317,263,303,293,367,187,383,201,362,248,345,278,399,208,440,181,474,164,504,145
W,377,414,340,385,323,335,356,292,395,266,321,261,295,197,285,159,280,124,360,250,350,177,348,135,348,98,395,260,410,197,418,159,424,126,428,286,430,238,414,251,399,275
M,422,347,372,311,357,260,389,223,417,197,364,231,350,189,354,221,362,251,394,223,384,173,384,213,389,244,427,225,423,171,415,211,415,243,459,234,455,194,442,216,436,239
O,410,315,368,273,342,227,328,190,334,156,391,176,392,123,363,123,347,140,409,178,411,114,372,117,350,138,425,185,429,122,387,123,361,143,438,196,431,147,397,142,372,154
N,428,274,384,247,364,199,384,157,413,131,368,169,356,132,358,158,367,188,400,165,391,109,387,144,392,170,432,172,427,144,420,189,421,208,466,184,457,160,448,188,449,202
O,422,293,385,246,364,201,351,166,349,133,419,156,419,109,389,101,365,109,434,160,433,100,392,95,364,108,445,168,443,110,399,103,368,115,450,180,440,133,407,121,380,124
G,468,365,416,328,383,288,357,261,327,239,436,214,389,188,349,182,318,183,462,220,388,220,384,259,402,271,477,241,405,255,407,285,426,288,482,271,424,291,423,312,437,313
D,453,404,395,371,354,328,321,301,304,268,410,244,394,188,387,153,385,124,430,246,380,195,339,209,320,232,443,256,393,209,346,222,323,244,445,273,402,236,360,236,332,247
T,431,332,383,300,360,241,371,192,384,154,378,205,361,162,354,177,355,201,409,208,398,169,384,217,383,241,442,219,429,187,411,238,409,262,475,236,458,209,441,240,438,258
N,409,264,363,241,340,191,359,146,387,119,345,165,331,127,334,154,344,180,375,160,364,111,360,144,366,165,407,164,403,138,395,183,396,203,441,174,432,152,423,181,423,196
E,410,381,367,357,342,315,364,277,402,260,342,263,337,211,342,241,347,269,374,253,370,192,372,225,374,253,405,254,405,196,400,222,398,252,434,265,432,226,420,236,413,258
F,410,372,359,349,316,315,283,281,269,244,354,242,322,205,292,209,274,222,380,226,358,170,336,137,316,108,410,225,406,170,399,131,391,99,438,237,456,192,471,159,483,130
E,405,359,363,327,344,276,370,238,411,228,348,232,347,182,347,208,351,236,379,225,380,165,378,192,380,221,410,228,414,170,407,192,406,222,440,241,441,200,430,206,424,225
G,456,367,405,331,372,289,346,261,316,238,425,216,379,188,340,182,310,183,451,221,377,218,372,258,390,270,467,242,393,253,394,285,413,288,472,272,412,289,410,309,425,311
C,481,345,422,324,377,292,343,274,312,255,401,217,380,169,350,158,323,159,417,211,394,149,354,143,323,156,433,212,414,150,372,141,340,151,448,220,428,174,395,158,367,156
F,432,358,381,341,335,314,296,291,272,260,359,236,322,208,294,221,280,239,380,220,346,166,326,131,311,97,411,217,396,162,391,125,387,92,444,228,442,182,446,151,451,122
F,403,372,352,350,309,315,276,282,259,245,346,243,314,207,285,209,267,222,371,227,347,172,325,138,307,110,401,225,399,169,394,129,388,95,430,238,449,192,466,160,479,131
Z,374,386,331,346,306,309,293,267,325,240,325,230,320,168,320,131,324,99,358,236,358,189,349,239,342,267,390,250,395,207,376,249,366,281,417,276,423,238,400,260,388,283
W,363,445,320,424,294,387,316,350,352,323,289,296,261,230,251,190,245,154,329,283,321,203,319,154,317,113,364,292,375,229,378,186,379,147,396,321,392,279,379,292,367,314
L,488,350,436,339,387,311,346,283,311,280,400,248,386,197,380,167,376,138,431,243,425,213,433,258,436,277,464,244,460,217,462,260,461,278,497,251,495,225,488,255,484,274
V,386,381,352,346,337,300,362,263,398,247,352,227,345,163,345,123,347,88,388,228,392,156,396,112,403,75,421,248,431,211,412,255,397,289,449,279,452,255,431,283,412,307
A,425,314,363,294,313,250,293,195,308,154,340,196,329,152,333,193,341,223,375,194,363,147,364,200,371,229,410,198,401,154,396,210,398,241,448,207,437,177,426,216,422,242
P,477,139,412,159,353,201,314,246,275,279,317,170,259,236,222,276,189,309,360,169,323,278,312,339,304,384,411,179,386,281,401,265,411,237,459,195,433,272,442,260,448,234
J,389,386,330,369,280,326,260,281,275,246,313,270,300,232,303,267,307,302,345,262,333,232,332,278,335,316,379,258,367,213,362,251,360,288,413,258,411,208,405,177,399,149
S,387,357,341,324,313,269,330,219,373,207,336,220,328,178,327,223,336,238,370,222,366,171,355,221,362,232,403,236,397,205,379,254,383,261,438,256,419,238,405,270,409,277
Z,386,354,346,321,323,288,315,250,344,225,337,217,332,162,332,129,335,100,367,221,368,180,363,223,357,249,397,233,401,194,387,232,378,261,422,254,426,221,408,242,397,262
S,400,379,358,345,325,296,340,247,386,229,337,236,332,188,340,237,348,257,376,237,375,178,372,236,374,252,412,250,416,218,402,271,398,280,448,271,444,252,430,285,426,293
F,438,353,387,336,340,309,302,286,278,257,363,233,326,205,298,219,284,238,385,216,351,163,331,127,317,93,415,213,400,158,396,121,392,89,448,223,449,178,454,146,458,118
P,472,143,410,158,352,198,316,246,283,281,323,174,262,243,228,283,197,318,366,176,327,284,315,343,307,387,415,186,390,286,400,269,408,241,459,203,434,277,441,262,446,237
R,374,434,336,400,314,349,332,303,365,269,327,277,330,217,342,180,358,145,361,277,345,202,338,161,337,124,396,290,389,251,371,301,361,340,430,315,413,290,391,324,378,351
W,362,443,325,417,308,365,343,323,380,293,306,280,282,213,274,171,270,133,347,269,340,189,342,142,342,103,382,279,394,214,401,172,406,134,415,308,418,264,405,282,391,308
N,445,288,393,259,369,204,393,154,425,123,370,168,354,124,356,154,367,189,406,162,393,99,387,140,395,167,444,168,437,134,428,189,432,211,484,182,471,155,461,189,463,205
E,414,383,374,352,355,302,381,264,422,254,355,254,357,203,363,237,366,265,389,247,391,186,394,220,395,247,421,250,427,192,423,220,420,248,451,263,453,223,443,233,436,254
F,444,355,392,337,345,311,308,287,285,256,367,233,330,204,303,218,289,237,390,216,355,161,335,124,320,89,422,213,407,157,401,120,396,87,457,223,457,178,462,146,466,117
A,445,340,394,326,352,288,334,241,351,212,375,246,374,212,379,248,382,269,406,245,403,211,405,257,406,274,435,249,434,218,431,263,429,281,465,257,463,236,456,267,453,282
O,410,314,369,272,343,226,329,190,333,156,391,175,392,121,363,122,347,139,409,177,412,112,372,116,350,137,425,184,430,120,387,121,361,142,438,196,430,147,396,142,372,155
K,434,389,389,360,364,314,360,268,357,233,379,270,361,221,352,192,345,165,409,270,411,211,415,175,422,144,439,283,443,255,431,292,422,322,466,303,462,287,447,313,435,336
L,493,362,441,350,393,321,351,293,316,290,404,256,391,204,386,173,382,143,437,252,433,223,441,268,442,286,471,253,469,227,470,270,467,286,504,260,503,235,498,266,492,283
O,396,341,352,285,329,228,316,182,327,141,394,175,403,120,373,112,346,121,413,177,423,110,381,101,347,116,429,186,440,117,393,109,358,125,441,200,440,139,403,125,370,131
Z,380,364,342,330,319,296,311,258,338,235,336,224,332,167,332,134,334,105,366,231,367,188,359,230,352,256,395,243,400,203,384,241,375,270,420,265,425,230,406,251,395,272
K,446,429,398,395,372,342,369,292,367,254,393,293,375,241,365,210,358,181,426,293,431,228,436,189,443,157,457,308,459,275,441,315,428,347,486,330,477,309,460,338,446,365
O,395,305,355,261,331,211,317,172,321,136,382,162,389,109,359,101,337,114,398,164,408,100,368,92,341,106,412,171,419,107,375,99,345,114,421,182,412,130,378,119,352,127
H,540,340,509,286,460,253,406,255,364,264,466,190,383,183,335,182,295,179,475,225,376,213,323,210,283,206,481,267,392,272,406,285,431,287,483,309,411,311,422,319,447,318
W,365,432,320,408,294,367,320,330,359,305,296,279,270,213,261,173,255,136,336,268,328,189,327,142,326,100,370,279,381,216,385,173,387,133,401,309,394,263,379,279,367,303
B,379,403,332,375,309,327,320,283,346,264,322,279,315,230,319,201,325,173,348,272,342,217,342,182,343,149,373,276,369,225,365,192,364,164,401,287,397,248,393,222,389,197
W,367,444,323,422,299,382,326,347,364,321,301,292,277,227,269,186,264,149,341,280,335,202,336,154,336,113,375,291,388,228,393,186,397,148,406,320,403,278,389,294,377,319
M,436,342,386,311,369,261,401,223,430,198,369,234,357,191,365,223,374,252,401,224,390,174,394,214,400,245,433,224,428,170,425,210,425,241,465,231,460,192,451,215,446,239
J,396,384,338,364,290,320,272,273,291,240,324,264,316,226,317,261,320,296,357,257,349,226,347,273,347,312,392,254,385,209,378,247,373,286,426,256,426,207,421,176,415,149
V,346,361,306,330,279,284,294,240,332,219,296,209,280,144,274,104,274,68,334,207,328,130,327,85,330,46,371,224,365,184,346,232,336,271,403,253,392,226,369,257,353,285
X,346,312,313,285,288,239,289,198,318,180,324,175,331,130,322,113,312,114,356,183,343,167,326,210,330,222,384,202,363,206,344,242,350,243,408,228,383,236,366,259,372,259
H,517,322,484,271,427,242,368,247,324,251,429,178,347,177,299,179,261,177,436,209,338,208,287,208,248,203,443,248,354,266,371,280,397,280,447,290,373,302,386,310,411,307
K,428,377,386,345,365,298,365,251,366,215,382,255,370,203,364,173,361,145,412,257,421,198,428,162,437,133,441,273,452,242,435,277,423,306,466,296,466,277,450,301,436,322
D,496,512,426,474,378,431,339,408,316,374,447,314,417,238,401,192,395,154,478,326,412,258,353,288,330,325,496,351,437,288,371,312,343,346,500,387,451,336,392,339,356,358
F,392,385,342,360,300,324,267,291,249,255,342,253,310,216,280,220,261,234,367,237,346,182,324,147,304,118,396,237,391,182,381,144,370,112,424,249,438,203,449,170,456,139
P,456,116,395,146,344,188,312,229,278,257,318,151,264,214,231,254,202,288,359,144,330,249,325,311,322,356,409,148,392,250,400,237,407,211,453,158,432,235,436,226,438,201
P,471,140,409,158,351,201,316,249,287,289,320,175,260,243,224,284,193,320,365,175,327,286,316,345,308,388,415,184,391,286,403,269,411,240,460,198,436,276,442,262,447,236
I,383,350,328,324,288,272,270,220,270,177,318,230,308,186,315,219,323,246,350,225,341,180,343,220,349,251,383,223,379,171,371,202,368,232,416,226,414,181,410,154,405,130
P,484,142,416,159,356,201,315,244,274,276,318,163,258,230,222,271,187,305,362,164,323,271,313,334,306,379,413,173,389,275,403,261,413,233,461,189,436,267,444,257,449,230
F,422,357,373,336,330,305,294,282,266,256,357,230,318,206,287,218,273,236,375,214,346,161,329,125,318,91,402,211,395,155,395,117,397,85,429,222,436,178,445,146,454,118
V,370,392,330,363,305,315,329,276,366,256,321,235,297,169,284,125,277,88,363,234,368,153,375,103,384,62,401,253,405,216,383,266,370,303,433,284,427,263,403,295,386,323
L,485,349,434,338,386,309,345,283,310,279,397,246,383,195,378,164,374,136,429,242,423,212,432,257,433,276,462,242,459,216,461,259,459,276,495,248,493,223,489,254,483,271
Z,384,355,347,323,324,289,314,252,342,228,338,219,332,163,333,130,336,101,368,223,368,182,361,225,355,251,397,235,401,196,386,234,377,263,422,256,427,224,407,244,395,264
B,432,376,386,343,364,291,382,247,416,241,367,247,361,196,364,167,370,140,396,239,391,184,391,150,391,118,424,243,421,192,417,159,415,131,454,254,450,215,446,189,441,165
L,474,344,422,335,373,309,331,284,297,281,384,246,369,196,363,166,358,137,415,240,409,213,418,258,419,275,448,240,443,215,446,258,444,274,479,245,477,221,472,253,468,270
M,420,346,372,311,358,260,389,225,418,200,362,234,348,191,350,223,358,252,392,226,380,175,378,216,385,246,424,226,418,172,409,211,410,241,456,234,449,196,435,219,431,241
H,536,334,506,282,449,252,386,261,341,272,453,197,365,193,316,194,276,194,458,234,358,224,305,222,264,220,463,277,374,281,392,290,418,290,464,321,394,320,409,324,434,323
F,420,359,371,339,328,307,292,284,264,259,354,233,317,209,286,222,271,240,372,216,343,164,326,128,316,94,399,214,392,158,394,120,396,87,427,226,434,182,444,150,453,121
K,430,383,385,355,360,309,354,263,350,229,375,266,356,218,346,189,339,163,405,265,405,206,407,170,412,140,434,277,434,248,421,285,412,314,461,297,453,278,439,305,427,329
V,374,405,333,373,312,325,341,289,381,272,328,245,311,175,303,131,301,92,371,245,377,165,385,116,395,75,408,265,414,230,393,278,378,314,439,297,436,277,411,308,393,334
I,404,351,349,324,308,270,288,217,288,171,333,225,326,181,334,215,341,243,368,220,361,176,364,218,368,250,403,219,401,166,395,197,390,226,437,224,437,178,434,150,429,125
R,366,420,326,380,307,325,318,276,348,245,327,268,328,209,341,173,357,140,358,268,343,195,332,157,328,124,391,281,381,230,361,277,349,316,422,304,402,272,378,302,364,330
U,383,379,339,338,320,290,338,241,381,221,332,229,327,165,330,130,335,96,367,224,358,155,355,117,354,79,401,234,402,178,391,219,383,255,435,255,434,209,418,229,406,256
O,397,298,356,255,331,205,317,164,323,128,378,157,383,106,355,99,335,110,395,157,403,95,365,87,338,101,411,163,418,100,375,93,346,109,422,172,415,120,382,109,355,118
M,424,346,374,312,359,260,392,222,421,197,364,232,351,188,356,221,364,252,396,224,386,171,384,212,390,244,428,225,425,170,416,210,416,241,460,234,455,195,442,217,437,239
V,354,383,313,353,284,305,303,265,343,244,301,226,277,161,265,120,258,83,343,225,346,145,351,97,358,56,382,246,378,208,357,257,346,294,415,278,404,252,380,284,366,312
U,396,383,351,341,333,291,348,244,386,224,350,236,343,177,344,144,349,112,383,233,374,166,369,128,368,93,414,242,417,186,401,222,391,257,446,261,445,216,428,230,413,255
S,386,356,343,326,313,275,328,227,370,211,330,225,323,181,326,223,334,241,365,226,362,172,354,221,359,234,398,239,395,206,379,254,380,263,431,258,419,236,405,267,405,277
H,532,341,500,287,451,257,396,264,356,278,452,197,369,193,321,193,283,190,464,233,366,225,311,223,269,220,473,275,384,282,397,294,423,296,477,317,404,320,414,327,439,325
J,403,383,346,362,299,315,282,267,304,234,335,259,329,222,331,259,333,295,369,254,362,223,359,272,359,311,404,252,399,208,390,246,385,284,438,256,440,207,438,176,433,148
C,474,345,408,322,357,289,318,273,283,253,386,205,362,153,328,138,297,137,403,199,376,130,332,119,296,128,417,201,393,131,346,119,310,126,427,210,401,159,365,144,333,142
N,401,258,355,233,332,182,352,139,382,114,340,157,325,120,326,148,335,175,370,152,359,103,353,137,359,159,402,157,395,128,387,173,389,194,435,166,425,143,415,172,415,187
N,458,306,412,283,389,234,409,188,436,157,385,204,371,166,378,193,390,222,418,198,406,143,407,178,413,199,452,202,449,175,444,221,444,237,488,211,479,190,473,220,474,232
Z,372,345,331,310,306,276,297,236,327,211,322,209,315,151,314,118,317,89,352,212,351,167,345,212,339,238,381,223,383,181,369,220,362,250,407,244,409,207,391,228,381,250
S,403,335,362,306,329,255,345,206,386,195,340,213,330,168,340,209,348,229,373,213,367,157,367,204,372,220,405,222,402,190,393,235,395,246,438,237,425,217,415,246,417,255
B,427,365,380,333,359,283,377,241,408,231,361,241,354,190,358,160,363,132,390,233,384,177,384,142,384,109,417,237,413,185,409,151,406,122,447,249,443,209,438,181,432,156
K,436,379,394,346,372,299,369,252,370,216,388,255,374,204,367,174,363,146,418,257,425,198,431,161,439,131,447,272,456,242,441,279,431,308,473,295,472,277,456,302,443,324
F,406,368,354,345,311,311,279,277,263,240,349,239,318,202,288,204,269,218,375,223,352,167,331,134,312,105,405,221,401,164,395,125,389,92,435,233,453,187,469,155,482,126
W,371,449,329,428,302,389,325,353,361,326,300,299,272,235,262,195,256,159,338,287,330,210,329,162,329,120,373,297,384,234,388,192,390,153,405,324,402,283,388,298,377,322
K,429,386,384,357,358,312,351,267,348,232,372,268,354,220,344,191,337,166,402,267,402,207,405,171,411,141,432,279,433,251,419,288,410,316,459,299,453,281,438,308,425,331
J,379,400,322,380,275,334,257,289,270,258,311,282,298,241,297,270,296,304,343,276,330,242,325,285,325,325,377,273,366,225,356,259,351,297,411,274,412,226,408,194,402,167
F,437,360,386,341,342,310,306,288,279,262,367,235,329,210,299,223,284,242,386,219,356,165,337,129,325,95,414,217,404,160,402,121,402,88,443,229,447,183,454,150,461,120
M,441,333,387,302,366,246,397,203,426,174,366,216,351,170,362,206,373,237,400,205,386,151,392,196,400,228,435,204,428,146,425,191,427,223,470,211,464,169,454,195,449,220
A,384,340,331,305,294,247,291,192,313,154,338,201,337,159,328,200,326,232,372,208,371,163,355,216,353,247,406,222,405,179,383,232,376,264,440,244,433,210,409,244,399,269
K,446,400,398,371,368,323,360,274,355,237,380,276,359,226,348,196,339,168,412,274,412,211,414,172,419,141,443,286,446,254,433,292,424,323,473,305,467,285,453,314,441,341
I,348,345,299,326,262,282,248,237,240,200,289,247,279,210,285,236,292,266,318,242,307,203,308,238,315,270,349,241,341,199,333,225,330,252,381,244,386,203,385,177,382,154
O,428,288,389,241,369,195,357,161,356,127,421,149,421,101,391,94,368,102,436,153,436,94,396,89,368,103,449,162,449,103,405,97,374,110,457,174,448,125,414,113,386,118
R,369,421,330,380,312,324,327,275,359,244,331,269,334,211,348,175,365,143,362,269,348,197,339,159,336,127,395,282,387,232,366,278,355,317,426,305,408,274,385,304,371,332
P,456,125,392,151,341,190,311,230,274,258,313,151,261,213,228,255,198,291,357,144,328,251,322,317,318,365,409,149,389,249,398,236,407,209,454,162,431,239,435,229,437,202
V,370,373,334,340,314,293,337,253,374,235,331,218,318,153,315,112,315,76,369,218,370,143,372,98,377,59,404,237,408,198,388,244,375,280,434,268,429,244,407,273,391,300
M,429,348,381,303,373,245,414,209,449,184,380,216,373,168,373,203,377,237,415,212,411,154,405,197,406,232,450,217,454,158,439,199,434,233,484,231,484,188,467,212,457,235
L,453,346,403,339,351,314,307,290,272,289,359,249,342,198,335,167,329,139,390,243,381,219,392,266,395,281,423,241,415,218,420,262,420,278,456,245,450,222,447,254,445,271
C,476,351,412,328,363,295,326,277,292,258,391,212,367,160,333,147,303,149,407,207,381,139,336,129,301,141,422,208,398,140,351,129,316,138,434,215,408,166,372,150,340,148
F,435,348,386,329,343,300,306,278,281,252,370,227,332,204,302,216,288,234,387,212,356,160,338,126,327,93,414,209,404,155,403,118,403,86,441,220,445,176,451,144,457,115
A,462,348,404,334,359,296,339,247,348,211,381,250,377,212,385,250,390,275,413,247,407,206,412,256,414,278,445,249,441,213,441,263,441,286,478,256,474,232,469,266,466,284
H,542,342,508,289,458,257,405,259,364,267,466,194,383,188,336,188,297,186,475,228,377,219,325,218,283,215,483,270,396,278,412,291,437,291,488,313,416,317,428,325,453,323
X,349,326,304,288,275,244,260,211,276,194,334,178,339,122,311,113,285,125,363,188,310,173,293,214,305,231,382,208,317,219,308,253,324,260,393,234,336,251,328,275,342,279
B,438,384,395,349,376,298,395,255,429,243,383,251,381,198,386,167,393,139,413,247,412,188,415,152,417,117,442,253,443,199,442,164,441,133,470,268,471,227,469,198,466,171
M,432,351,383,308,372,253,409,217,443,195,380,224,369,176,371,212,377,244,413,218,406,162,401,206,405,240,447,222,447,163,434,206,432,238,481,234,479,191,462,215,455,238
C,478,353,413,329,363,295,326,278,293,258,395,211,369,160,335,147,305,148,411,206,383,140,339,129,303,140,426,208,400,141,353,130,317,138,437,217,408,167,371,151,339,148
B,415,431,370,400,350,348,369,307,401,304,349,305,344,255,348,224,354,197,376,297,370,243,370,209,370,176,403,301,399,252,395,220,392,192,433,312,428,274,423,249,419,225
M,438,341,387,312,368,263,397,226,425,202,370,237,356,193,367,225,377,253,401,226,389,176,395,216,402,245,432,224,426,173,425,212,427,241,465,231,459,193,451,217,448,239
N,458,305,412,279,389,229,408,182,434,151,383,199,373,159,382,185,392,214,418,194,409,138,411,173,417,198,453,198,450,172,447,217,445,235,488,209,481,187,476,218,475,231
M,438,341,388,311,369,261,400,223,428,198,369,233,356,190,366,222,376,250,401,222,390,173,397,215,403,244,433,222,428,169,427,209,428,239,465,229,460,191,453,216,448,238
G,469,363,417,327,382,287,356,260,326,237,435,212,387,185,347,180,316,182,461,218,386,217,383,256,401,267,477,239,403,252,405,283,425,285,483,268,424,287,424,307,440,307
B,404,399,356,368,329,316,344,269,381,256,336,260,330,206,334,174,341,143,365,252,358,192,359,155,359,118,393,257,388,201,385,167,382,136,424,271,419,228,415,199,410,173
P,429,77,378,117,341,167,320,207,293,242,304,132,271,201,250,248,231,286,344,119,342,221,357,266,368,293,393,114,399,209,404,195,404,167,438,116,434,190,434,178,430,154
C,468,335,412,318,366,288,332,270,301,252,388,214,366,169,335,158,309,160,403,207,377,149,338,143,308,157,417,207,395,148,354,141,323,151,431,213,409,170,377,156,349,157
X,344,321,312,299,286,251,295,207,325,191,313,191,320,151,314,135,312,124,346,199,342,178,326,227,329,232,374,215,367,212,346,253,349,251,399,237,388,239,369,263,370,263
L,493,363,442,350,393,321,350,294,315,290,404,255,391,203,386,172,382,143,436,252,432,223,440,270,440,286,470,253,468,228,470,272,466,286,503,259,503,234,498,266,492,283
V,373,373,338,341,317,293,340,254,378,238,334,219,321,155,318,113,318,78,372,220,374,144,376,98,381,60,407,240,411,201,391,246,378,282,436,271,433,245,411,274,396,301
L,474,347,421,336,372,309,330,283,296,281,383,247,369,196,363,165,358,137,415,242,408,212,416,258,418,277,448,241,442,213,445,257,444,276,480,247,476,221,472,253,468,270
D,419,418,367,379,332,333,302,303,280,271,400,259,380,193,371,156,370,125,418,267,363,208,317,229,301,253,424,284,372,228,326,246,310,270,418,307,378,262,338,262,316,276
Z,376,348,335,314,311,281,301,243,330,218,326,212,320,156,319,123,322,95,356,216,356,172,350,216,343,244,385,227,387,187,373,225,365,255,411,248,414,213,395,234,384,254
L,473,343,420,335,371,308,330,282,295,280,383,246,369,195,362,164,358,135,415,241,408,211,417,257,419,276,447,240,442,212,445,257,445,276,479,245,476,220,472,251,469,269
Y,337,333,292,306,254,259,227,220,200,194,285,212,280,169,278,208,278,244,319,212,315,177,306,221,303,255,353,217,357,172,342,201,333,228,385,227,413,185,431,159,447,132
Z,371,391,333,356,307,316,298,278,324,251,328,235,325,174,324,137,327,106,362,242,364,195,349,245,341,273,395,258,400,215,379,258,368,288,423,285,428,247,404,269,391,291
N,445,302,400,278,375,225,395,178,423,147,376,193,361,151,365,179,378,209,410,186,396,126,393,166,402,193,444,191,435,161,429,211,432,231,481,201,465,180,458,212,461,224
W,355,438,313,409,293,360,320,315,354,287,292,277,270,209,263,168,260,131,331,267,324,188,324,140,324,99,364,276,372,209,373,166,371,127,395,304,390,254,374,267,358,292
D,436,385,378,353,338,312,305,286,290,255,392,227,373,172,364,139,361,109,412,228,361,178,320,195,303,218,423,238,375,193,328,208,306,231,424,257,381,221,339,222,312,234
T,415,326,365,296,335,238,342,182,356,139,346,196,326,151,325,157,334,180,386,198,378,159,372,216,373,243,425,210,419,179,405,235,401,260,465,228,456,198,438,234,430,253
S,409,344,365,316,335,262,351,212,392,196,352,212,343,172,348,217,357,230,386,214,381,167,375,219,381,226,418,227,415,195,401,245,403,250,451,244,438,227,425,259,427,265
S,388,354,347,323,316,274,329,226,370,209,331,222,323,180,327,224,336,240,366,223,362,172,355,223,360,234,399,235,396,204,381,253,383,259,432,254,420,234,407,266,408,274
W,325,368,284,348,256,305,273,259,304,226,240,219,207,158,194,118,185,82,279,206,266,130,264,81,261,40,315,214,318,149,317,104,318,64,350,238,332,207,318,237,309,268
R,370,417,330,377,313,319,329,270,359,240,334,266,336,211,349,175,365,143,365,266,351,196,344,160,343,128,397,279,389,229,368,275,354,312,429,303,410,271,386,302,371,330
Z,370,392,330,354,305,315,294,274,323,247,325,236,321,174,320,136,323,104,358,243,360,194,348,242,341,270,391,258,396,213,376,255,366,286,418,284,424,244,401,265,388,289
D,468,392,408,365,366,331,334,312,308,291,421,236,396,175,384,139,379,109,440,244,369,201,325,231,311,259,448,263,381,222,337,248,321,276,446,288,392,255,352,265,333,283
V,353,363,313,334,287,287,305,244,344,225,304,210,289,146,283,105,281,70,343,209,338,132,338,87,341,49,379,227,376,186,357,234,346,272,411,257,401,232,379,262,363,290
O,412,302,364,261,330,211,307,173,303,134,381,148,374,94,341,90,317,102,398,148,391,78,347,76,317,95,412,155,403,86,354,85,322,102,419,168,398,115,360,107,332,117
S,406,383,366,351,332,298,347,247,394,229,345,239,336,188,345,240,353,259,383,239,380,177,377,237,380,253,420,253,420,218,406,273,405,282,456,274,447,253,434,287,432,295
K,427,383,382,356,357,310,352,265,348,231,372,268,353,221,343,193,337,168,401,267,401,208,404,172,409,143,430,279,430,250,418,287,410,316,457,298,449,279,436,305,424,330
O,401,304,361,263,336,213,322,174,326,138,382,168,386,119,359,112,338,121,399,168,406,108,369,99,341,113,414,173,420,111,378,104,348,118,425,183,417,132,384,121,357,128
J,394,386,331,367,278,320,255,270,269,230,314,257,300,214,303,252,307,292,349,249,336,213,335,266,338,310,387,244,376,191,368,232,364,273,424,245,423,190,416,156,408,125
C,485,365,422,340,377,307,342,288,310,267,406,227,385,177,353,164,324,164,422,222,399,156,357,148,323,162,438,223,417,158,372,148,337,158,451,231,429,183,394,166,363,163
I,373,338,319,319,277,274,254,228,247,188,298,235,286,196,295,225,304,251,329,226,317,185,322,221,329,251,360,222,353,175,348,200,347,228,392,222,388,181,382,159,376,139
L,489,369,436,358,385,331,342,304,305,300,397,261,385,209,379,178,375,148,430,256,425,226,433,275,434,292,465,257,462,230,463,276,460,292,498,263,498,237,492,270,485,287
R,364,416,324,377,305,321,318,273,349,244,326,264,328,207,341,172,356,140,357,265,342,193,331,156,326,125,389,278,380,229,359,275,348,313,420,302,400,271,377,303,364,331
L,461,342,411,336,361,309,319,283,285,282,369,245,355,194,350,164,345,136,401,240,394,214,404,261,405,277,433,239,428,215,432,259,430,274,465,243,461,220,458,252,455,269
D,436,378,378,348,337,306,305,280,290,249,387,222,371,166,363,133,360,104,407,222,358,173,318,189,300,213,420,231,372,187,325,202,303,226,423,248,382,213,340,214,313,226
C,480,354,415,327,366,291,329,270,295,248,398,207,375,154,341,139,310,139,415,200,389,131,344,122,308,136,431,201,409,131,362,119,326,129,445,208,422,156,386,136,353,134
C,478,357,410,330,361,292,323,271,289,250,394,208,370,155,335,140,304,139,411,202,384,132,336,122,300,136,426,202,403,132,354,120,316,130,438,210,415,155,377,137,345,137
X,357,325,325,301,299,252,306,208,335,187,331,194,339,150,332,131,326,127,361,205,358,175,339,223,343,233,389,223,379,212,358,252,364,254,415,246,401,238,382,264,386,266
U,373,367,328,329,309,277,327,227,369,210,322,222,314,160,314,125,318,94,356,218,345,150,338,112,336,78,389,227,388,174,375,211,369,246,421,245,420,199,405,216,393,242
L,444,354,391,338,338,303,295,273,259,271,353,230,343,176,339,142,338,113,386,224,380,189,387,239,392,263,422,224,419,190,419,234,419,258,457,232,455,199,446,228,440,250
L,494,359,442,341,394,306,353,273,317,267,409,242,398,187,395,154,392,123,442,239,442,206,447,254,446,275,475,242,477,214,476,260,472,280,507,252,510,225,503,258,496,277
S,405,382,364,348,331,298,343,248,389,228,340,238,335,188,344,238,352,258,380,239,380,179,376,237,378,254,417,252,420,220,406,273,403,281,454,273,449,253,435,286,431,294
T,445,314,395,296,362,243,365,186,382,149,373,202,361,162,365,194,374,206,410,205,406,170,402,223,403,221,444,212,443,189,434,239,433,237,478,220,472,202,463,235,465,241
Y,331,336,284,308,247,259,223,218,196,194,280,212,276,171,273,210,273,245,314,211,311,177,301,221,298,256,349,217,353,173,338,202,328,229,380,228,409,187,428,161,444,135
P,476,129,408,154,349,195,310,238,267,267,315,156,254,221,216,260,181,293,359,153,318,261,306,325,298,371,410,162,383,266,398,253,408,226,456,179,431,257,438,248,442,222
H,528,347,495,295,446,263,395,266,355,277,450,200,370,196,324,196,285,193,462,233,367,226,314,225,273,223,472,273,383,284,397,297,422,299,476,314,403,321,414,329,439,327
J,396,397,337,379,285,336,263,288,276,252,318,278,304,238,308,272,313,308,351,270,338,238,339,287,342,327,385,265,374,218,367,255,365,293,419,265,416,215,410,183,402,156
D,429,448,372,396,344,340,317,303,293,273,424,277,403,214,395,179,390,148,437,281,378,217,333,228,312,249,434,294,375,235,332,248,312,270,418,312,368,263,330,257,304,266
P,374,91,331,131,305,173,292,206,278,231,272,139,255,197,242,240,232,278,303,121,317,208,333,256,346,292,344,110,363,188,363,173,358,148,381,105,392,168,391,157,381,135
U,371,371,323,332,301,283,314,234,355,219,320,229,311,171,310,138,313,107,352,224,341,160,334,123,331,88,384,232,384,179,369,214,360,248,415,248,414,203,397,218,382,243
B,427,363,380,332,357,284,374,240,406,230,358,241,351,190,355,160,360,132,387,232,381,177,381,142,380,109,415,235,410,184,406,150,403,122,444,246,440,207,435,180,429,156
T,426,323,380,296,356,242,366,192,382,156,367,206,358,164,360,177,366,200,403,211,406,175,397,223,391,245,438,225,441,195,425,243,415,262,472,242,471,216,456,247,446,263
A,452,324,398,310,357,276,339,232,350,201,379,237,373,200,379,230,385,253,409,235,400,197,404,238,408,260,438,237,431,202,430,244,431,267,468,244,463,220,456,249,452,267
T,423,323,379,291,358,239,367,194,379,165,388,202,372,167,361,184,362,200,415,207,397,175,386,223,398,230,445,218,425,195,412,240,424,246,474,233,454,214,439,243,447,253
Q,451,201,386,231,335,265,314,314,294,358,277,200,233,269,220,318,217,361,311,180,287,284,325,289,339,270,357,176,343,278,370,274,374,247,403,181,390,265,404,263,405,237
L,483,357,431,342,382,307,342,276,308,270,398,245,386,191,382,159,378,129,431,242,428,209,434,256,434,277,465,245,465,215,464,260,460,279,498,255,499,227,492,259,485,278
U,378,404,332,364,313,321,321,273,361,253,324,257,316,196,317,163,320,130,357,254,347,185,342,148,340,111,389,264,387,206,376,247,370,282,421,284,417,238,401,258,391,284
I,352,345,299,332,258,293,239,251,235,214,280,255,266,220,277,249,289,277,307,246,292,211,301,246,311,274,335,241,324,200,323,229,325,257,365,239,362,200,357,177,351,156
P,470,140,408,158,349,201,312,248,275,282,317,172,259,238,224,277,192,310,359,173,324,283,312,341,303,385,409,182,389,283,401,264,408,235,453,196,432,272,439,258,444,231
E,401,377,359,348,339,299,364,260,405,248,343,249,341,196,341,224,346,254,375,241,377,179,373,206,374,236,407,245,414,184,404,207,401,238,437,259,438,220,424,228,416,249
M,423,343,373,310,358,258,391,220,421,196,361,231,349,186,355,220,364,250,393,222,383,170,385,212,391,243,426,223,422,168,416,209,416,240,459,232,454,192,443,217,438,240
T,435,305,386,291,354,238,360,181,379,148,367,199,357,163,359,193,368,205,403,202,397,169,394,219,396,219,435,209,432,187,423,236,424,235,467,216,460,200,452,233,455,240
P,472,135,404,156,348,195,309,238,265,268,314,156,254,221,215,261,180,295,359,155,319,265,307,331,300,380,412,165,383,269,396,255,407,226,458,181,430,259,436,249,440,221
S,390,358,348,326,319,278,333,231,373,214,334,227,326,184,330,228,339,245,368,228,364,175,358,226,363,238,401,240,398,209,383,257,385,265,435,259,423,239,409,269,410,277
U,383,378,338,337,319,286,339,238,382,219,331,225,326,163,329,128,336,95,367,221,359,152,355,113,354,75,401,231,404,176,391,217,382,254,435,251,435,206,419,225,406,253
M,426,360,368,310,352,241,398,198,438,169,361,203,346,147,346,191,354,231,402,197,393,129,385,185,390,226,444,202,444,132,427,186,424,226,485,217,485,165,465,193,454,220
Y,303,258,259,245,221,211,189,183,155,178,254,165,252,139,257,178,260,211,288,162,289,138,285,185,283,219,321,162,327,126,319,163,313,194,349,168,375,129,396,106,415,82
W,358,403,320,377,300,332,333,297,372,271,298,252,275,186,269,144,266,106,339,242,334,164,337,115,340,76,374,253,389,189,395,146,400,107,406,283,402,248,384,271,370,299
K,438,380,394,350,369,304,366,257,365,222,385,259,369,208,361,178,356,150,416,259,420,200,425,163,433,134,445,273,452,243,437,279,427,309,473,294,470,277,455,302,442,325
P,473,126,408,148,348,192,309,237,268,265,314,155,253,223,216,261,181,294,358,154,319,264,307,326,298,374,410,163,385,267,399,250,408,221,457,179,430,259,438,247,444,220
M,427,343,378,309,364,259,396,224,424,199,368,231,354,189,357,220,365,250,398,224,387,174,385,213,392,244,429,225,423,171,415,209,416,240,461,233,454,193,441,215,437,238
K,443,409,395,377,366,329,360,279,359,240,382,278,363,225,351,193,343,165,416,277,419,212,424,172,431,139,448,291,453,260,440,302,430,335,478,314,474,296,459,325,445,350
W,353,430,313,400,295,351,328,308,364,282,293,271,270,203,263,163,262,127,332,261,324,182,324,137,326,96,365,270,372,203,374,161,375,121,397,299,396,249,382,264,369,289
D,438,386,380,356,338,313,305,287,289,256,391,229,372,173,364,138,361,108,411,230,361,180,320,196,302,220,424,240,375,194,327,209,305,232,427,258,383,222,340,222,313,234
G,461,369,410,333,376,293,350,266,318,245,428,217,380,187,339,181,307,183,454,222,380,216,374,257,392,271,469,242,394,253,396,286,416,290,475,272,414,293,414,316,431,317
X,337,320,304,292,279,242,283,199,310,177,307,183,314,137,304,119,298,114,339,193,333,165,314,212,318,223,367,212,356,202,334,243,341,245,393,236,377,233,357,257,362,258
Y,332,334,285,308,247,259,223,218,196,193,279,212,273,170,271,209,272,243,311,210,307,175,297,220,295,254,346,215,347,172,330,203,320,231,378,225,404,183,422,157,437,130
M,439,343,389,312,372,263,403,224,431,198,373,235,359,193,368,224,377,253,404,225,392,176,397,216,403,246,436,225,431,171,428,210,428,241,468,233,464,193,454,215,448,238
X,367,325,321,281,291,237,268,208,255,186,344,166,323,108,289,103,264,117,358,181,276,177,273,211,293,223,362,205,278,218,286,246,309,248,359,234,293,248,299,269,320,272
H,542,354,508,299,451,269,391,279,350,297,459,213,376,210,329,211,289,211,470,248,373,241,321,241,280,241,479,290,387,301,404,312,432,311,485,333,410,340,423,345,450,341
G,472,353,421,304,390,261,357,240,321,222,452,195,393,163,350,155,315,156,473,213,388,207,386,244,405,256,481,243,394,252,399,280,421,282,478,279,408,292,411,310,431,309
U,387,435,338,392,319,347,327,296,372,277,332,273,325,209,326,174,329,138,367,270,359,198,355,159,353,118,401,283,402,218,389,266,382,305,435,306,431,256,415,281,404,310
C,478,333,415,316,365,289,327,278,295,262,389,205,363,155,328,143,299,147,402,200,374,134,330,128,297,141,415,202,388,137,343,129,309,139,424,211,397,166,362,153,333,151
I,398,350,342,332,299,287,276,239,270,198,319,247,307,203,319,234,329,260,351,240,340,197,348,233,353,263,382,235,374,187,373,212,373,239,414,234,409,194,402,171,395,152
B,429,363,382,333,360,283,377,240,409,231,360,241,353,190,356,159,362,132,389,233,383,177,383,141,382,108,417,236,412,185,408,151,405,124,447,246,443,208,438,181,432,157
O,406,310,367,268,342,220,328,179,334,141,387,172,392,122,366,113,346,122,404,171,413,109,377,99,350,112,418,176,427,113,388,103,358,115,427,185,423,134,393,121,366,127
B,390,384,329,353,292,291,303,231,339,200,305,216,296,150,301,109,309,73,341,206,332,130,331,82,333,39,377,211,370,141,366,97,364,59,415,227,409,172,404,137,400,105
W,364,440,323,412,304,363,338,321,376,293,304,276,277,209,268,168,264,131,345,265,336,185,336,139,337,99,379,275,390,210,395,168,399,129,412,307,415,259,401,275,386,301
A,442,326,393,316,351,277,331,233,341,199,368,231,366,200,373,238,378,261,400,229,395,197,399,246,402,265,430,233,428,204,426,253,425,271,461,240,458,222,452,257,448,272
W,368,445,324,421,301,380,327,343,366,318,302,291,278,226,270,185,265,148,342,280,336,201,336,154,336,112,376,290,390,226,395,184,398,147,407,320,403,275,390,292,378,316
P,481,138,413,160,355,202,316,245,276,278,317,166,258,228,221,270,186,306,359,165,322,275,312,341,303,389,411,173,390,279,405,264,416,235,458,188,437,269,446,259,450,232
C,491,337,432,312,387,279,350,257,319,234,416,201,394,154,365,142,337,140,433,195,409,136,370,127,336,138,450,195,431,134,389,124,355,133,466,202,445,154,413,138,384,137
K,434,386,389,358,364,313,359,267,357,232,377,269,359,220,350,191,344,165,407,268,409,209,413,173,419,143,436,281,442,253,429,289,419,318,463,301,461,284,446,310,432,333
A,461,346,404,334,358,295,337,247,348,211,380,249,374,210,382,248,389,274,412,246,405,205,411,255,415,278,444,248,440,212,440,262,440,285,477,255,474,230,468,265,464,284
E,407,378,363,353,338,306,359,267,397,252,342,256,337,205,339,231,346,260,373,247,371,187,368,212,370,242,403,250,407,192,397,214,396,244,432,262,432,223,418,230,412,251
F,425,374,375,352,333,319,296,294,269,268,360,244,321,217,290,231,275,250,379,228,351,173,335,136,325,101,407,227,401,169,403,129,406,96,434,240,443,195,454,163,465,134
Y,347,339,300,312,261,266,234,227,205,205,295,220,289,176,286,213,286,248,327,219,322,183,313,225,312,259,360,223,363,177,350,202,342,226,392,232,419,189,437,162,452,136
R,368,419,329,378,312,322,327,273,358,242,332,266,334,209,347,173,362,141,363,267,350,197,342,160,340,128,396,281,387,232,366,277,353,314,428,305,409,273,384,303,367,330
P,475,147,411,165,353,207,312,250,272,282,317,172,259,235,223,275,190,310,359,173,323,282,313,343,305,386,410,181,388,282,403,266,412,239,456,196,432,274,441,262,446,236
R,366,416,327,378,306,325,317,278,348,248,327,265,328,207,339,171,355,139,358,266,344,193,333,156,330,124,391,279,381,230,360,276,348,314,422,303,401,272,379,304,366,333
N,430,311,388,279,370,232,390,190,419,165,375,202,367,165,370,191,377,220,407,200,403,144,397,178,400,205,438,208,437,180,427,224,426,244,470,223,464,200,455,228,453,241
Q,446,204,382,236,328,272,304,320,285,367,269,209,227,281,215,331,212,375,302,191,282,294,318,295,330,275,346,187,337,289,363,280,364,252,390,191,380,275,394,269,393,243
E,414,383,372,360,349,316,370,278,406,262,348,264,344,208,352,234,358,264,379,255,376,191,381,217,384,245,409,257,410,198,409,218,408,247,437,268,436,226,429,233,423,254
A,470,348,415,337,371,295,354,245,367,209,390,244,391,205,398,248,401,275,425,242,424,201,426,256,426,281,457,246,459,209,456,264,452,287,491,254,491,231,485,269,478,287
L,493,363,441,352,392,322,351,295,316,291,404,257,391,204,385,173,382,143,437,253,433,222,440,270,441,288,471,254,469,228,470,273,467,289,504,261,503,235,498,268,493,285
X,339,323,301,291,277,246,275,208,300,191,323,177,332,122,313,109,295,121,357,187,329,172,312,215,320,226,386,207,345,217,329,252,339,253,407,233,364,249,350,274,360,273
T,427,326,376,297,347,238,356,184,372,142,358,198,341,154,343,163,351,190,398,200,393,160,387,215,385,244,437,212,434,182,419,235,412,259,476,231,469,202,453,236,445,254
P,470,144,405,159,346,199,310,246,281,282,316,172,261,236,226,276,195,311,360,173,326,279,315,337,307,379,411,181,389,281,399,266,408,239,457,195,432,270,438,259,443,232
P,472,140,408,159,351,202,313,248,274,281,318,170,261,237,226,276,193,309,360,170,324,278,314,336,306,377,409,178,389,280,403,264,413,236,455,191,433,268,442,256,447,230
L,476,345,425,336,375,308,334,282,300,280,387,245,374,195,367,164,362,135,419,240,413,211,422,256,422,274,451,240,448,213,450,256,448,274,483,245,481,219,477,251,472,269
O,459,256,408,220,373,181,348,152,336,119,409,118,389,70,357,78,340,96,426,116,399,56,360,69,340,92,442,121,416,63,372,73,348,95,453,133,425,89,387,88,361,100
V,362,366,320,336,297,288,318,246,354,225,309,212,293,146,287,104,285,69,347,210,341,131,340,85,344,47,384,226,384,185,368,232,359,270,416,255,411,229,392,258,379,285
V,387,383,352,348,334,302,360,265,398,249,351,229,346,165,346,124,350,89,389,229,391,156,396,112,403,75,423,248,431,210,411,255,397,290,451,280,452,257,431,284,415,308
T,458,331,411,299,388,239,402,186,420,147,407,204,393,160,390,163,395,185,441,208,437,169,422,218,419,245,475,222,470,188,450,237,443,262,509,242,501,213,482,241,475,257
K,428,379,382,352,357,308,351,264,347,230,371,265,352,219,342,191,336,165,401,264,401,205,403,170,408,141,430,275,431,246,419,281,411,310,457,294,450,276,436,302,423,326
C,458,353,390,327,339,291,299,269,261,247,369,207,343,156,308,143,276,142,387,199,357,132,310,124,274,138,404,199,377,130,328,123,290,135,419,205,392,151,353,137,319,141
B,427,366,380,337,357,287,374,243,405,235,359,244,351,193,354,164,360,137,387,236,380,180,380,145,379,113,414,239,410,188,406,155,402,126,444,249,440,211,435,184,429,160
Y,335,335,290,310,252,262,226,221,200,196,283,214,277,172,275,211,275,245,316,212,312,178,302,223,300,257,351,217,354,173,338,205,327,234,382,228,410,187,429,160,444,133
S,387,345,345,315,316,266,329,219,368,200,330,215,322,174,325,217,334,233,364,216,360,165,353,214,359,224,397,228,393,199,378,246,381,251,430,246,416,230,403,261,406,266
A,453,334,396,318,354,281,336,234,347,200,377,241,374,202,378,235,383,259,408,239,402,198,405,244,409,266,437,242,433,204,431,250,432,274,469,249,465,224,457,255,454,273
N,410,259,366,233,343,183,361,140,388,113,350,156,335,121,335,148,345,175,380,152,368,103,361,137,369,159,412,157,404,130,396,174,400,195,445,167,434,145,424,173,425,189
V,343,356,304,327,277,280,293,237,331,217,294,205,278,141,271,100,268,65,331,203,326,126,325,81,327,42,368,220,364,180,345,227,335,265,400,249,389,224,368,255,354,284
Z,376,397,339,359,316,319,311,278,342,252,338,242,335,179,337,143,343,112,371,248,377,201,364,247,355,276,404,264,412,221,392,261,379,292,430,289,439,252,417,272,402,294
R,372,441,332,405,313,348,326,297,359,264,325,284,326,223,339,185,355,149,358,283,340,209,328,172,322,139,394,295,384,250,368,301,359,341,427,318,409,289,388,324,375,354
P,471,133,406,153,351,195,316,237,279,267,322,158,268,220,232,259,198,294,364,157,328,267,320,329,316,374,415,166,391,269,403,254,413,224,461,182,435,260,441,247,446,219
J,385,378,328,362,277,320,257,275,272,240,311,263,297,226,299,259,303,295,342,255,328,224,328,270,331,309,376,250,363,206,357,244,357,281,409,250,406,202,399,171,392,144
H,535,340,502,286,452,253,398,258,355,267,455,189,370,183,322,183,282,181,467,224,366,214,313,212,271,209,476,267,384,276,399,290,425,290,480,310,404,314,416,322,442,320
R,364,415,323,375,304,320,317,272,349,242,323,264,326,209,340,174,358,141,354,263,340,192,328,154,323,120,388,276,380,226,360,274,347,313,420,299,400,270,376,301,362,329
P,468,129,404,152,349,192,314,233,277,264,322,158,266,222,230,261,197,294,365,155,329,261,322,320,318,363,415,164,391,265,402,249,411,221,460,179,434,256,439,243,443,216
O,395,295,354,253,329,204,314,165,319,127,377,156,382,104,353,97,332,108,395,156,403,93,364,84,336,99,410,162,416,98,371,91,341,106,418,172,409,119,374,110,347,119
Y,323,337,277,311,240,262,216,219,189,193,271,212,265,175,263,216,263,251,306,210,301,180,290,227,286,262,341,216,342,176,323,212,309,243,374,228,403,187,422,163,437,136
H,513,344,476,294,428,264,378,269,342,280,433,200,353,197,306,197,267,194,447,232,352,227,297,226,255,224,459,272,370,286,386,299,412,299,464,313,392,323,403,331,428,328
T,424,331,374,303,344,242,354,187,371,144,358,200,339,154,339,169,348,197,397,203,391,163,383,220,383,248,436,215,430,185,415,241,410,266,474,234,466,205,448,241,440,259
I,363,352,312,334,271,291,250,246,246,207,297,252,283,212,291,239,301,265,326,244,313,202,316,237,325,266,356,240,348,192,341,220,340,249,387,239,383,198,377,173,372,151
Y,331,332,284,306,247,257,222,216,194,192,277,208,274,170,272,210,272,244,311,206,308,174,298,219,297,253,346,212,349,169,333,200,323,227,378,223,406,181,424,156,440,130
U,386,431,337,390,315,344,323,294,368,274,329,268,321,205,322,170,325,135,365,265,355,194,350,155,348,115,399,278,399,215,386,264,379,303,433,301,429,253,412,278,401,307
U,364,408,324,367,306,316,319,268,358,244,322,257,314,197,314,162,319,130,354,254,346,186,338,150,335,115,386,265,384,210,366,254,357,292,416,286,411,243,391,263,378,290
I,379,351,323,326,283,276,264,225,264,182,312,234,302,191,309,221,316,248,344,228,335,183,336,221,340,252,376,226,372,173,364,202,360,232,409,228,406,183,401,156,396,132
L,436,385,379,367,330,339,282,314,247,313,345,261,331,207,325,174,322,144,376,254,368,217,376,266,380,291,410,254,406,216,406,260,406,287,443,264,442,228,431,257,426,279
J,385,385,326,367,277,325,257,280,273,247,310,269,297,232,299,265,303,300,342,262,330,231,329,276,332,315,377,257,365,212,358,250,357,287,411,257,409,208,402,176,395,148
D,468,407,406,376,360,335,321,311,298,279,411,240,397,168,397,128,402,94,432,243,370,189,321,213,302,240,445,257,384,207,334,231,316,260,449,280,399,239,353,247,329,268
M,446,344,392,311,371,256,403,214,434,187,374,227,361,179,370,215,380,246,408,216,396,160,401,206,408,238,443,215,437,156,434,201,434,233,478,223,473,181,462,208,455,232
P,472,144,410,162,352,202,314,247,279,282,320,172,261,238,225,277,194,311,363,172,326,281,316,339,307,382,413,180,389,282,401,266,410,238,458,196,433,272,440,259,445,233
C,471,348,411,328,365,296,330,277,299,258,391,216,369,169,338,158,310,158,406,210,382,149,341,142,309,155,420,210,399,149,356,141,323,151,434,217,411,168,377,153,348,154
C,478,351,413,327,364,295,327,277,295,256,395,211,370,161,336,148,306,149,411,205,384,139,340,129,304,140,425,207,401,140,355,129,319,137,435,216,408,167,372,152,340,150
O,396,294,355,252,331,202,317,162,321,125,376,155,380,105,353,97,332,106,394,155,401,94,363,85,335,98,410,161,418,99,375,91,346,105,421,172,416,120,383,108,357,115
W,370,448,328,426,302,387,325,352,360,325,299,299,272,236,262,195,256,159,337,287,329,209,328,160,327,118,372,297,382,232,386,190,388,151,405,324,400,283,388,299,377,322
A,445,344,393,328,352,287,336,240,354,211,377,246,378,210,382,247,383,270,409,247,408,210,408,257,407,276,438,251,439,219,435,266,431,285,468,261,468,239,461,271,455,286
S,411,360,365,333,326,276,339,222,382,199,326,227,315,176,329,222,339,244,364,223,355,157,359,210,365,228,402,230,400,196,393,246,392,257,440,244,430,223,421,256,420,265
Y,327,340,281,314,244,265,220,222,193,196,277,217,271,178,267,218,267,252,311,216,307,184,294,230,291,264,346,221,348,180,329,213,316,243,379,232,408,192,427,166,442,139
M,425,345,376,309,360,259,392,223,420,199,365,232,351,189,356,221,364,250,396,224,386,175,384,213,390,244,427,226,423,172,415,210,415,241,459,235,455,195,442,217,436,239
R,366,412,327,375,306,322,317,275,347,245,325,262,327,206,339,170,354,138,356,262,342,190,333,153,329,122,389,276,379,229,359,276,347,314,421,299,401,271,377,302,362,329
Q,396,153,343,186,303,214,283,247,262,274,249,141,210,197,199,241,196,274,277,125,256,206,289,221,304,207,314,123,304,204,328,209,332,190,352,130,342,193,354,198,356,180
L,487,350,435,338,386,310,345,283,311,279,398,247,384,197,378,165,375,137,430,242,424,212,432,258,434,278,464,243,460,215,461,259,460,278,496,250,494,225,489,257,483,275
K,438,390,393,360,366,314,360,267,358,231,380,267,362,218,353,188,346,161,411,267,413,205,417,168,423,137,442,280,445,251,432,289,423,318,470,300,465,283,451,310,437,334
E,364,363,321,333,297,287,315,247,356,233,307,233,303,182,301,210,306,240,338,227,340,166,332,194,333,225,369,231,376,169,362,191,359,222,398,245,399,203,381,207,372,227
H,520,327,487,275,432,245,374,251,333,261,434,182,347,180,299,182,260,182,445,218,342,212,289,212,250,210,454,261,364,270,379,281,403,280,458,306,385,309,397,316,423,314
T,427,316,375,287,347,235,355,185,369,150,360,200,347,158,347,169,353,193,395,200,390,158,386,205,385,233,429,207,425,171,415,219,411,247,465,221,459,189,445,218,438,238
N,433,271,387,243,366,198,386,156,413,128,369,168,358,129,362,154,371,184,401,164,394,109,392,143,395,170,433,170,430,142,423,186,423,207,466,183,459,158,451,186,450,202
P,473,137,407,160,349,202,309,244,266,274,311,163,252,228,215,269,180,303,354,162,317,274,309,338,301,384,406,170,384,275,399,259,408,229,454,185,431,266,439,254,443,227
D,454,404,395,370,354,327,320,300,306,266,412,244,397,185,389,150,387,121,431,246,381,192,339,208,322,232,442,255,393,206,347,222,326,246,445,272,402,235,359,236,333,249
L,470,345,418,337,367,312,325,287,291,286,376,249,360,200,353,170,348,142,407,243,399,216,409,262,411,277,440,241,433,216,437,260,437,274,472,244,467,220,465,252,462,268
M,447,352,396,311,383,253,422,214,455,187,388,222,378,176,382,213,389,246,423,215,416,161,414,207,417,241,459,219,459,162,448,206,444,239,493,230,493,188,478,214,469,237
O,406,324,365,277,343,228,333,190,339,155,402,183,407,135,378,126,354,133,419,186,425,127,385,118,355,130,433,194,438,134,395,125,363,137,443,206,436,152,402,141,374,148
V,366,374,328,340,306,294,326,254,364,236,324,217,311,154,306,113,305,77,362,217,361,142,362,98,365,59,397,237,400,196,379,243,366,281,428,268,424,241,401,271,384,298
G,459,380,402,328,369,282,343,256,314,231,437,214,379,180,337,169,304,167,461,229,375,227,373,265,394,277,470,258,383,271,388,301,410,303,469,293,398,309,402,330,421,331
C,475,342,416,323,370,292,335,274,305,254,396,211,375,163,344,152,316,153,411,205,387,144,346,137,315,150,425,205,403,145,361,137,328,148,439,211,417,163,383,149,354,149
W,341,377,301,355,275,310,299,264,332,232,264,224,234,162,224,121,216,85,303,210,292,135,291,86,290,46,339,219,345,156,347,112,351,73,373,244,357,212,342,242,333,272
O,408,328,364,275,342,226,331,187,336,150,402,179,409,130,382,123,356,128,420,181,427,122,388,114,356,126,435,189,441,128,398,120,364,132,444,200,440,146,407,134,377,139
P,472,130,408,156,352,197,318,237,280,264,321,160,265,223,228,262,196,295,364,154,329,262,318,324,312,370,415,162,391,266,401,253,410,225,460,176,434,256,440,246,445,220
S,404,340,359,311,325,256,344,206,389,189,335,209,325,162,335,207,344,226,370,208,365,148,365,200,370,216,406,217,406,181,395,232,395,243,441,233,432,212,421,243,421,252
H,517,330,480,282,432,253,382,258,344,265,433,187,355,186,310,188,272,186,448,219,354,214,301,216,260,215,459,258,373,271,385,285,409,286,464,299,394,309,403,317,428,314
R,365,416,325,378,306,325,316,277,345,247,326,266,327,207,338,171,353,138,357,267,343,194,332,156,328,123,389,280,379,232,358,277,346,314,420,303,399,272,376,303,364,332
L,502,371,451,356,403,320,365,288,330,282,418,258,408,204,405,172,402,142,451,256,451,223,457,270,455,288,484,259,486,231,485,275,480,291,516,267,519,240,513,271,505,288
M,427,344,378,308,363,260,393,224,420,200,368,232,354,190,356,221,364,250,398,224,387,174,384,212,389,243,429,225,424,172,414,210,415,240,461,233,455,194,441,215,435,237
O,394,305,354,260,329,210,315,169,321,132,377,164,382,114,355,105,333,114,395,164,404,102,366,92,337,105,410,170,418,107,375,98,344,113,420,180,414,128,380,116,353,124
K,442,404,394,373,364,325,357,276,356,238,381,275,361,223,349,192,341,164,414,274,416,210,420,170,426,137,446,287,450,256,436,298,426,331,476,309,471,291,455,320,440,346
D,441,384,382,353,341,312,309,286,294,252,393,228,376,172,368,138,365,108,412,228,360,180,320,196,304,219,425,236,373,193,328,209,308,233,428,252,383,219,341,221,316,234
Z,368,382,324,344,298,306,286,264,317,236,318,229,312,166,311,128,315,96,350,234,351,185,341,234,334,264,382,247,385,204,367,246,359,278,410,272,414,233,392,256,381,279
U,372,460,316,412,288,357,297,300,346,274,308,269,297,198,298,157,302,115,348,266,336,182,327,137,323,90,388,279,385,209,366,265,357,313,428,305,422,249,399,276,383,311
C,462,345,392,318,339,281,296,260,258,236,373,193,344,140,307,126,273,126,392,185,358,117,310,108,271,123,410,185,381,115,331,105,291,117,426,194,396,141,356,124,320,123
A,437,306,383,291,341,258,320,215,329,183,360,221,356,183,364,213,370,236,389,218,382,179,390,220,393,242,417,219,413,183,415,225,415,248,446,224,444,200,440,228,436,246
V,377,405,337,373,317,324,344,286,384,269,332,245,321,175,318,131,319,94,373,245,375,165,379,116,385,75,410,265,418,227,397,276,383,313,442,296,441,273,418,305,401,332
O,407,323,370,278,351,230,341,193,345,159,406,189,413,142,387,133,363,137,422,191,429,135,393,125,363,135,436,198,443,141,403,131,372,141,445,209,443,158,412,144,385,149
E,423,361,380,331,357,282,382,238,425,221,355,228,355,170,364,201,370,235,390,220,391,152,396,181,398,213,425,225,430,162,426,185,421,216,457,243,453,209,442,223,432,247
H,517,323,486,271,428,243,371,248,325,252,431,178,350,177,302,179,264,179,437,209,341,208,289,208,250,204,443,248,356,264,373,279,398,279,445,290,374,301,387,309,412,305
G,461,360,410,325,375,286,349,260,320,239,425,215,379,190,340,185,310,187,450,219,378,217,376,257,394,267,466,237,394,250,397,281,417,282,472,264,415,284,415,304,431,304
K,432,384,385,355,360,309,355,263,350,228,375,265,356,216,347,187,341,160,406,265,406,206,409,169,415,139,436,277,437,247,423,284,414,313,463,296,456,279,442,306,430,330
V,354,382,315,353,287,307,303,266,340,243,303,227,279,162,268,120,261,84,344,226,348,146,352,97,359,57,382,246,378,208,357,256,346,293,415,278,405,251,381,281,364,308
H,524,345,490,294,441,263,390,267,351,280,443,201,363,198,317,197,278,194,456,234,361,227,307,227,265,225,466,274,378,285,392,299,418,300,471,315,399,323,410,331,435,327
I,369,357,322,331,291,284,280,238,282,200,319,253,314,214,318,240,322,270,348,252,343,211,341,244,343,276,378,254,377,210,366,236,361,264,409,259,418,220,420,196,420,175
I,382,349,326,323,287,273,269,222,269,179,316,232,307,189,314,220,320,246,348,227,339,182,341,221,346,251,381,225,377,173,369,201,365,231,414,227,412,183,407,155,402,131
Z,377,398,340,360,317,321,310,279,339,252,336,244,334,182,335,144,341,113,370,250,375,202,363,250,355,278,403,265,411,222,391,262,379,294,430,290,438,253,416,273,402,296
X,352,313,318,290,292,241,299,197,328,178,322,182,329,140,322,122,317,118,353,191,348,167,331,215,335,226,382,208,371,201,349,243,354,245,408,231,394,229,374,255,376,257
B,430,365,383,336,360,287,377,244,408,232,362,243,355,192,358,161,364,133,391,235,384,179,384,144,384,112,418,238,413,187,409,154,406,127,447,248,443,210,438,183,432,159
L,461,343,411,334,361,305,321,279,287,276,372,244,359,193,355,163,351,136,403,239,397,212,406,258,407,275,435,239,430,213,434,257,433,273,467,243,463,219,460,251,457,268
E,395,384,356,350,341,298,370,261,413,252,353,247,358,193,356,225,357,256,387,244,397,181,390,212,387,242,419,252,434,191,420,214,413,245,448,269,452,228,436,237,426,259
Z,370,349,330,315,305,280,295,241,325,216,321,213,315,156,314,122,317,94,351,217,350,172,344,216,338,244,380,227,382,187,367,225,360,255,406,248,408,212,389,233,380,254
X,344,327,298,291,269,249,254,215,268,200,323,179,326,121,297,113,271,128,355,187,303,178,288,220,299,236,378,208,313,224,305,259,319,266,391,234,334,255,327,279,340,282
G,455,363,403,327,367,287,341,260,310,237,420,213,373,185,333,179,302,181,445,219,370,216,366,255,385,267,460,239,384,249,386,281,407,284,464,268,404,287,403,308,419,310
R,369,431,330,390,312,334,328,287,359,256,327,275,328,216,341,179,357,146,359,275,344,203,334,165,330,132,393,288,383,244,366,291,357,329,425,312,409,281,386,312,371,340
X,342,326,294,290,265,247,251,214,264,200,320,178,323,119,294,112,268,126,352,186,299,178,285,219,297,236,373,206,310,223,303,257,318,264,386,232,331,253,323,279,336,282
K,435,387,389,358,363,311,358,265,353,229,378,268,360,219,350,190,344,163,408,267,409,207,412,170,418,140,438,280,440,250,427,288,418,318,466,300,460,281,445,307,432,331
E,416,376,376,344,359,293,385,255,425,246,363,248,364,196,364,224,366,253,394,242,398,182,394,210,395,239,425,247,434,186,424,209,420,239,454,260,457,221,442,228,433,248
C,479,349,414,325,365,292,328,274,294,255,397,208,373,156,338,142,308,144,413,204,386,135,341,125,306,138,427,206,402,138,354,127,318,137,436,215,409,166,373,150,342,149
Z,395,374,358,340,338,308,332,272,357,247,351,237,347,181,347,148,350,119,382,242,384,202,381,245,376,271,411,254,418,216,405,253,395,281,435,275,443,243,426,263,415,282
F,440,357,388,340,342,315,303,292,279,261,363,236,325,209,298,223,285,242,385,219,350,166,329,130,313,95,417,216,401,162,395,125,390,93,451,226,451,182,455,150,459,122
J,384,374,328,359,278,318,258,273,273,240,310,262,297,225,299,258,304,293,342,254,329,222,328,267,331,305,375,249,363,205,357,242,356,279,409,249,406,201,400,170,393,143
Z,375,368,337,333,313,300,305,262,332,237,331,225,327,167,326,134,329,104,361,231,363,188,354,232,347,259,391,244,395,204,379,243,369,273,416,266,422,231,402,252,390,273
D,461,390,405,365,363,329,330,309,308,287,416,236,391,178,379,143,374,115,434,242,366,196,324,226,311,256,442,259,378,216,337,242,322,271,440,283,390,248,351,256,331,274
M,439,351,386,311,371,255,408,214,440,186,375,225,361,176,366,211,375,245,409,217,399,160,397,203,403,238,445,218,440,159,431,201,430,236,480,228,474,185,460,209,454,234
D,431,415,381,382,345,335,317,303,303,267,382,277,374,218,368,183,365,152,400,276,378,215,342,222,322,242,416,280,394,223,351,233,327,254,429,289,406,243,368,239,341,250
L,440,351,384,335,333,302,290,273,253,272,349,228,336,174,331,141,329,112,381,221,373,187,380,238,386,262,416,221,411,187,411,233,413,258,451,230,448,196,438,228,434,250
O,413,322,369,256,355,206,342,169,338,135,443,175,428,116,388,105,358,110,456,180,432,107,381,96,352,110,456,188,439,114,388,102,356,113,442,197,431,135,395,118,365,120
J,385,375,327,361,278,320,257,275,272,241,309,263,296,226,299,258,303,292,341,254,328,224,328,269,331,306,374,249,362,207,357,244,357,281,408,249,405,201,399,170,392,143
O,412,307,363,263,330,215,308,177,302,140,378,151,370,95,336,94,314,108,396,151,385,81,341,82,314,103,410,158,400,89,351,91,320,111,419,170,399,117,360,111,332,122
U,395,382,348,341,328,292,342,241,383,223,345,237,339,175,341,142,346,110,379,233,370,165,365,128,365,93,410,242,412,183,397,220,386,255,442,259,441,214,423,229,407,253
S,388,357,346,326,316,276,331,228,373,213,331,224,322,182,327,227,336,243,365,225,361,173,355,226,361,237,399,238,395,207,380,256,383,262,432,257,419,238,405,269,407,276
N,448,300,401,270,378,218,397,175,425,146,385,186,372,146,373,172,382,204,417,181,406,120,400,155,407,186,451,186,443,156,435,205,437,231,487,199,473,173,464,205,464,222
U,371,373,323,333,302,285,313,233,356,217,319,230,309,170,309,137,312,106,351,225,340,159,333,121,331,87,383,233,382,178,368,214,359,249,414,249,410,204,393,219,379,245
Y,330,336,284,309,247,260,223,219,196,194,279,213,276,173,273,213,273,247,312,212,310,179,300,224,298,258,347,218,351,176,335,208,324,237,379,229,407,189,426,163,443,137
P,455,126,395,151,343,194,311,239,276,272,307,163,257,230,226,270,196,304,349,157,321,263,316,322,312,363,398,160,382,261,393,251,400,225,444,172,424,249,430,241,433,217
J,393,387,332,372,280,329,261,282,271,249,314,272,300,232,303,265,307,300,347,263,334,231,334,278,336,317,381,257,369,211,364,250,362,288,414,257,411,209,404,178,396,152
Y,350,342,304,318,264,273,235,234,204,215,295,224,287,179,285,217,287,251,327,222,322,185,314,230,312,264,361,226,364,179,350,207,342,233,393,234,419,191,437,164,452,137
B,429,367,383,337,359,287,376,243,410,235,360,243,354,192,357,162,363,135,389,235,383,179,383,145,383,113,417,239,413,187,409,154,405,126,447,249,443,210,438,183,433,159
M,428,349,378,308,364,253,400,216,433,191,370,224,356,177,357,212,365,244,403,217,392,161,388,206,395,239,437,219,433,160,421,203,422,235,471,229,466,186,450,210,445,233
X,344,317,298,280,269,237,254,203,270,188,326,169,332,113,303,104,276,117,357,179,304,167,288,208,300,224,378,200,312,212,304,246,319,252,390,226,332,245,324,269,338,273
X,351,318,320,294,293,247,300,203,329,179,314,186,315,145,312,127,313,116,348,195,349,167,333,216,334,224,379,212,376,204,354,245,354,244,407,235,402,229,381,255,377,257
E,405,376,362,352,335,309,353,268,394,252,340,254,335,203,338,229,345,258,371,246,369,186,367,211,370,239,401,249,405,193,397,213,395,242,431,262,431,221,418,230,410,253
C,477,339,418,320,373,291,339,273,308,253,397,215,375,169,344,157,317,159,411,209,387,149,347,142,315,154,426,209,405,148,363,140,331,148,440,216,418,171,385,156,356,154
A,457,340,398,322,357,284,339,237,350,203,381,244,377,204,382,238,386,262,412,243,406,202,409,247,411,270,442,246,438,208,436,254,436,278,474,253,472,228,464,259,459,278
Y,342,337,296,311,259,262,233,221,204,196,292,215,288,171,286,211,286,247,325,215,323,179,313,222,310,256,359,220,364,175,350,205,341,232,390,230,417,187,436,160,452,133
J,382,378,326,364,276,323,254,280,267,246,305,267,292,230,294,262,299,297,337,258,324,228,324,273,327,311,371,253,358,209,353,246,352,283,404,252,401,204,395,174,388,147
P,467,131,404,155,349,195,313,238,275,266,321,160,262,222,226,259,193,290,363,156,326,259,318,319,313,361,412,163,389,262,402,251,412,225,456,177,432,252,439,243,444,219
V,365,373,328,340,305,293,324,251,363,233,322,216,308,153,303,112,303,76,360,216,358,140,359,96,364,57,396,235,398,195,378,242,365,280,427,267,421,239,400,270,385,298
Y,335,305,289,276,254,228,229,187,199,167,295,187,297,152,297,193,297,228,330,187,334,160,325,208,319,241,365,193,376,153,363,190,352,219,394,202,426,162,449,139,467,113
M,422,347,372,311,357,260,390,222,420,197,362,234,349,190,353,222,362,253,393,226,383,174,382,214,388,246,425,227,421,172,414,211,414,242,458,235,453,195,440,217,435,240
I,402,355,346,333,304,288,283,240,276,198,324,249,313,206,325,231,334,256,357,242,347,200,354,233,359,262,388,238,382,190,380,212,379,239,420,238,416,199,409,175,402,155
F,416,349,368,330,326,301,289,279,263,252,351,227,313,203,282,216,268,234,368,210,339,159,322,124,313,91,394,208,386,153,387,115,388,83,421,218,426,174,435,142,443,114
J,383,375,326,359,276,319,255,274,271,239,308,264,295,226,296,257,300,291,339,255,326,224,325,268,327,307,372,250,360,205,354,242,352,279,405,250,403,202,397,171,390,145
M,425,347,375,312,359,262,390,225,419,200,365,233,351,189,355,221,364,251,395,226,384,174,384,214,391,245,428,227,422,171,415,210,416,242,460,236,455,195,442,217,437,241
S,395,343,349,314,318,260,333,210,373,196,334,211,324,170,328,214,338,228,368,211,361,162,355,212,363,220,402,223,395,192,382,241,386,246,436,240,419,223,407,256,412,262
B,421,393,375,363,351,318,365,275,396,261,357,276,351,228,355,198,361,171,384,267,377,213,377,180,377,148,410,270,405,219,401,187,398,160,438,281,433,242,429,216,424,192
X,353,324,322,299,296,251,304,207,332,184,317,192,319,151,316,133,317,119,351,202,353,173,335,223,337,230,381,220,380,209,357,251,358,250,409,243,404,235,383,261,380,263
Y,339,334,292,307,255,259,229,218,201,193,287,211,283,167,280,205,280,241,321,211,317,175,308,218,306,253,355,216,359,171,345,197,336,221,387,226,413,184,432,157,448,131
F,405,370,354,347,312,313,279,280,262,243,350,241,318,205,288,208,270,221,375,225,351,170,330,136,311,108,405,224,402,167,397,127,391,94,434,236,453,191,470,158,484,130
O,401,308,361,264,336,217,321,178,326,141,382,171,387,121,360,113,339,123,399,171,408,110,371,102,344,116,414,177,422,115,380,107,351,122,425,186,417,136,384,125,358,132
J,403,410,348,391,298,345,278,296,301,265,330,290,326,251,328,289,331,323,366,283,359,247,357,296,359,337,401,280,394,235,385,272,381,308,435,281,435,234,430,203,424,177
X,346,315,312,289,285,242,288,200,318,182,322,177,330,132,321,114,312,116,355,185,343,167,325,211,328,223,383,204,361,210,342,245,348,246,408,230,382,240,365,262,370,262
A,464,334,413,325,369,289,351,243,365,214,391,246,393,210,398,247,400,269,422,244,422,209,425,255,424,274,451,247,452,216,452,262,448,280,479,253,480,234,476,266,472,280
T,434,321,384,287,361,229,370,182,386,146,380,202,362,163,358,172,361,197,413,204,399,175,394,217,394,253,447,212,431,199,421,245,418,276,482,225,464,206,453,236,452,256
Y,329,333,283,307,247,260,222,219,196,194,278,213,275,172,272,210,273,244,312,212,309,177,299,222,296,256,347,217,350,173,334,205,324,234,379,227,407,186,425,161,441,134
Y,338,335,293,308,256,260,230,220,203,196,289,213,284,171,281,209,281,245,322,213,319,179,309,222,306,256,356,219,360,175,345,205,335,234,387,229,414,187,433,161,449,135
S,379,361,335,326,307,268,324,219,368,208,332,219,323,177,322,223,329,236,366,222,360,172,349,224,356,233,398,236,391,206,374,257,379,262,432,256,414,238,399,271,404,277
S,421,382,380,347,346,294,361,242,410,219,353,230,346,182,357,235,366,255,395,230,394,168,391,228,393,242,434,243,437,216,422,271,418,277,472,263,467,247,452,283,447,290
R,368,419,328,377,312,321,328,271,359,240,333,268,335,211,348,174,365,139,364,269,350,198,342,160,341,128,397,281,388,231,368,276,355,314,428,303,410,271,385,300,369,328
T,452,297,405,273,379,230,380,186,395,156,390,197,384,158,386,174,390,196,421,201,423,166,418,207,415,228,450,208,452,180,443,221,437,241,479,219,479,195,469,221,462,237
K,421,420,365,385,337,326,334,271,328,230,355,274,331,219,320,186,312,156,391,272,394,202,400,160,408,128,425,285,424,252,407,294,395,328,458,306,449,282,432,313,417,343
J,395,418,339,396,292,350,274,303,293,272,328,297,320,258,319,292,320,327,361,291,352,259,347,306,347,345,396,289,388,242,378,279,373,316,429,291,432,242,429,211,423,183
Q,417,184,361,225,317,263,297,306,279,347,246,201,215,271,202,315,200,351,276,181,260,280,298,283,312,264,315,174,309,270,338,265,341,241,357,174,352,253,368,251,368,228
O,395,305,354,263,328,213,313,172,320,136,374,161,379,109,351,103,330,114,391,162,399,98,361,92,334,108,407,169,414,105,372,100,343,115,417,180,413,128,380,117,354,125
R,372,422,330,383,313,328,328,280,357,249,328,273,329,214,342,178,359,144,359,272,342,201,335,163,334,128,393,285,384,237,366,283,355,320,426,306,408,275,386,306,372,334
H,548,340,518,288,468,257,414,260,372,266,472,193,389,188,341,188,303,187,482,228,383,218,331,216,291,213,489,271,403,277,416,289,439,290,492,314,422,317,433,324,458,322
T,425,332,384,300,366,244,381,196,401,160,383,205,372,164,368,178,370,203,418,214,416,183,401,233,398,251,452,231,449,207,428,255,421,269,483,253,478,230,458,261,449,273
W,361,425,314,402,286,368,305,328,339,298,277,275,243,211,231,171,223,134,317,261,303,184,302,135,299,93,352,269,359,209,359,165,357,124,386,298,375,254,358,271,345,297
S,388,338,343,310,313,257,327,208,366,191,331,207,321,167,323,211,333,226,365,208,358,158,351,208,359,218,398,220,391,189,376,238,381,243,432,237,415,219,402,251,406,257
X,354,319,323,296,296,251,303,209,332,187,316,190,318,147,314,129,311,121,349,198,347,170,334,219,335,228,380,215,375,206,356,247,357,247,409,237,401,229,382,256,379,259
Y,291,256,250,248,217,223,191,199,155,181,263,150,270,198,266,234,258,248,304,148,306,207,290,240,281,249,339,161,344,201,320,233,304,250,365,184,400,178,428,174,454,166
X,351,323,306,283,279,238,267,202,284,186,337,175,342,122,316,114,292,126,367,184,317,169,302,211,314,226,387,202,326,210,318,246,332,253,400,227,344,241,337,266,350,270
H,537,345,503,290,451,257,396,262,355,273,456,193,371,186,322,186,283,185,467,228,366,217,312,216,271,212,475,271,384,282,400,295,426,294,479,315,403,319,415,327,442,324
C,467,336,411,320,366,289,331,270,302,251,387,214,364,169,334,159,308,161,401,207,376,149,337,143,307,156,416,207,395,148,354,140,323,150,431,214,409,170,376,156,348,157
N,443,303,397,272,377,221,398,180,425,151,385,190,371,148,367,173,375,206,417,186,405,123,396,159,402,191,450,193,440,163,430,211,434,233,486,207,470,181,460,211,462,226
A,442,323,382,303,340,263,323,214,332,176,363,220,355,179,360,210,367,237,395,218,386,175,388,219,392,246,426,222,420,182,417,229,417,258,460,230,454,201,445,233,441,256
C,470,341,413,323,367,292,332,274,301,256,388,217,366,169,335,158,308,159,404,210,380,149,339,145,308,160,420,211,399,150,356,144,324,155,436,219,415,174,383,159,355,159
P,466,132,408,151,355,190,321,230,284,260,322,161,270,221,237,257,207,286,361,161,330,258,326,308,322,341,408,167,389,257,402,245,409,219,451,178,429,249,437,240,441,217
U,381,378,336,338,317,287,335,237,378,217,331,224,326,162,328,127,333,94,366,220,358,151,354,113,353,76,400,230,401,175,389,218,381,254,434,250,432,205,417,227,405,255
B,427,384,382,357,356,311,369,267,402,256,361,271,352,224,353,196,357,170,387,262,379,210,378,178,376,148,413,264,408,216,403,184,398,158,440,273,436,237,431,211,425,188
G,455,367,404,331,370,290,344,263,314,240,424,216,377,188,337,182,306,184,449,221,375,217,370,258,387,271,465,241,390,253,391,286,411,289,470,271,410,289,410,311,426,312
Q,443,204,381,231,330,264,306,309,281,348,275,205,223,268,214,319,215,361,308,191,283,288,316,290,328,270,350,192,336,286,360,276,361,248,392,197,377,275,392,268,393,244
Q,366,124,323,156,293,187,285,218,278,245,232,138,206,198,203,242,208,276,258,121,249,196,280,209,294,198,294,113,294,189,315,192,318,174,332,111,329,171,340,174,339,157
C,502,329,442,303,396,269,361,249,328,229,430,195,406,150,374,138,346,137,445,190,419,129,377,121,344,132,459,191,436,128,392,120,360,129,469,198,444,149,409,137,380,140
H,527,326,495,275,442,244,386,248,344,255,446,182,361,177,313,177,274,176,455,216,355,207,302,206,261,203,462,258,375,266,389,278,412,279,465,302,394,305,405,313,430,312
B,442,375,398,341,379,294,397,252,430,242,383,252,379,204,383,175,390,150,411,246,408,193,410,160,410,130,437,250,437,201,434,170,431,143,465,262,464,225,460,199,456,176
P,440,79,387,115,345,164,322,208,292,241,309,135,274,204,252,248,231,285,349,124,345,228,360,276,372,307,397,121,401,217,407,199,408,170,442,123,438,197,439,182,434,155
I,373,336,320,317,277,274,253,229,246,189,297,235,284,195,295,223,304,247,327,227,314,186,321,220,328,248,358,222,349,175,346,200,346,227,389,221,384,181,378,159,372,139
I,367,357,316,337,275,293,254,248,250,208,300,252,289,212,296,240,304,266,330,246,318,203,321,239,328,268,360,242,354,194,347,220,344,248,391,242,387,200,383,175,378,154
G,480,372,418,322,380,274,347,249,311,226,444,194,384,158,338,150,303,150,474,208,383,205,379,249,401,263,489,239,396,254,399,289,423,291,492,278,416,296,418,319,439,320
E,405,369,362,345,337,301,356,260,394,242,341,249,336,198,341,223,348,253,371,241,369,180,370,204,373,234,403,245,407,187,400,209,397,238,433,261,428,230,415,245,408,268
J,381,372,319,356,265,312,240,265,250,226,298,248,282,206,283,242,286,280,332,239,315,204,315,254,319,295,369,233,353,184,346,224,345,264,406,233,403,180,395,146,386,117
M,433,345,380,308,364,255,399,216,430,189,370,223,356,176,361,210,369,242,403,215,393,160,393,201,399,234,437,217,435,158,427,199,426,233,472,227,471,183,457,204,450,228
S,407,379,366,345,333,296,346,247,391,226,343,235,336,187,345,237,353,258,381,236,381,176,378,234,379,252,419,249,421,218,408,271,404,280,455,270,451,251,437,284,431,292
K,450,427,402,393,376,341,374,289,375,251,395,292,376,239,366,206,359,177,429,292,436,226,443,187,453,157,460,307,463,274,448,315,436,348,489,329,483,307,467,337,453,365
Z,376,349,335,315,311,281,301,241,329,217,326,213,320,156,319,124,321,95,355,217,355,172,350,216,344,243,384,227,386,187,372,225,365,255,410,248,412,212,394,234,385,255
B,427,364,379,335,355,287,370,242,402,233,356,242,348,192,350,162,355,136,385,234,377,179,376,145,374,114,412,236,406,186,401,153,397,126,442,247,437,208,431,182,425,159
Q,390,133,335,168,299,202,288,243,277,278,234,131,207,218,201,272,196,315,275,110,262,216,299,219,312,197,326,104,326,207,346,198,346,169,376,106,369,186,378,179,375,152
I,362,360,308,350,263,312,241,270,236,232,282,269,267,236,280,265,294,292,309,259,293,222,304,259,315,289,337,251,324,210,326,241,330,270,367,247,360,208,351,186,341,167
N,447,303,401,276,379,227,399,182,428,151,375,197,363,158,370,185,381,215,409,191,400,135,400,171,405,196,444,195,441,168,436,214,435,234,480,205,472,183,465,213,464,227
X,340,322,298,287,272,244,262,209,279,195,325,175,331,118,306,107,283,121,359,184,314,172,297,215,308,230,383,205,326,218,314,252,326,257,399,231,346,250,336,273,348,275
Y,344,341,299,314,260,266,234,226,206,202,291,217,286,175,284,214,284,249,324,216,319,182,310,226,309,261,358,222,360,179,345,206,335,232,390,232,416,190,433,163,448,136
C,476,367,413,343,366,309,330,290,298,270,394,228,374,177,342,163,313,163,411,222,388,156,345,147,311,160,426,222,407,156,362,146,327,155,439,230,419,181,385,163,353,162
P,474,135,407,158,350,197,309,237,266,267,314,157,253,221,214,262,178,297,358,158,316,268,305,332,296,379,408,168,380,272,396,259,407,230,454,184,429,261,437,252,440,225
T,420,326,377,291,354,238,365,190,378,157,382,202,366,167,355,170,356,183,411,207,394,171,385,220,395,229,442,216,422,193,412,239,425,244,473,230,453,208,441,238,450,248
H,520,335,488,284,440,255,388,260,348,268,441,191,361,189,315,190,276,188,454,223,359,218,305,218,265,216,464,263,375,275,388,290,413,291,467,303,396,314,407,323,432,319
S,391,340,345,311,315,259,331,210,371,193,332,207,322,167,326,212,336,226,366,208,360,159,354,211,361,219,399,220,393,191,379,241,384,245,433,238,416,222,404,255,409,260
X,369,334,324,291,294,248,271,219,259,198,347,174,324,121,291,119,269,135,360,184,277,185,274,223,294,235,363,205,280,223,289,254,311,256,361,231,296,250,303,273,324,274
Y,333,303,287,274,252,226,227,185,197,164,290,183,290,149,291,191,291,227,326,185,328,156,319,205,312,240,361,191,370,150,356,186,344,216,391,201,422,158,444,134,461,107
Q,440,197,376,234,326,273,303,323,283,369,262,205,222,280,211,329,208,371,298,188,277,294,314,291,325,266,343,185,334,289,360,276,361,247,388,189,378,274,392,267,392,241
D,431,371,371,341,329,301,297,276,283,246,380,218,364,161,355,128,351,99,399,219,350,168,309,183,292,205,411,227,362,181,315,196,293,218,415,243,374,207,332,207,306,220
I,388,349,333,322,294,270,276,218,277,173,323,228,315,184,321,216,327,243,356,224,349,178,350,218,353,249,390,223,387,169,379,198,374,228,424,226,423,181,419,153,414,128
X,358,319,327,296,301,250,307,208,336,188,328,187,332,145,327,128,324,122,361,195,358,177,340,223,342,232,391,213,382,214,360,252,363,252,417,238,406,240,384,264,383,265
M,446,351,393,311,379,254,416,215,448,187,384,224,372,177,378,214,386,247,419,216,410,160,409,205,414,239,454,218,452,160,443,203,442,236,489,229,487,188,473,212,466,235
X,340,320,306,294,279,244,285,199,313,177,305,184,310,139,303,122,300,115,338,192,336,166,318,215,321,223,368,210,361,203,339,245,342,244,394,232,383,233,363,258,365,257
V,368,368,330,337,308,289,330,247,369,230,326,214,313,151,309,110,308,75,364,213,363,139,365,94,369,56,399,232,402,192,383,240,370,277,430,262,425,239,402,269,384,296
V,382,384,347,351,329,305,353,267,390,250,345,230,338,166,336,125,338,89,383,231,385,157,389,113,396,73,418,250,424,212,404,259,390,295,447,280,447,256,425,286,407,312
Y,348,338,300,313,262,267,234,228,204,207,294,221,288,176,287,215,288,250,327,220,323,183,314,226,313,261,361,224,364,178,351,204,343,228,393,232,419,188,437,162,451,135
U,366,407,324,368,308,317,320,271,352,243,325,259,317,197,316,162,320,129,356,256,349,187,342,149,340,113,387,267,387,210,368,251,358,289,416,287,411,243,391,261,377,287
G,457,363,400,324,363,282,336,256,303,233,420,206,368,177,327,169,295,168,446,214,364,211,362,250,382,262,458,237,375,248,379,280,401,283,460,268,394,287,395,308,414,309
Q,418,199,360,239,314,275,288,315,262,351,244,204,209,271,196,318,194,354,274,186,251,282,287,290,301,271,314,181,302,277,329,275,333,252,356,185,345,261,360,262,362,241
X,354,319,322,295,296,250,303,206,331,182,318,186,320,144,316,126,317,117,351,194,353,170,336,219,337,225,381,211,379,207,356,247,356,245,408,233,403,235,382,260,378,259
V,356,366,317,336,293,288,313,246,351,228,310,211,295,147,290,106,289,71,349,210,346,133,347,88,352,50,386,229,383,190,363,237,352,273,418,261,409,234,387,264,372,291
V,345,357,306,327,278,281,293,238,331,217,294,206,278,142,271,102,268,66,332,204,326,127,325,82,328,44,368,221,365,181,346,229,335,266,400,250,390,225,368,256,354,284
B,430,365,384,333,363,282,381,239,413,231,365,239,360,188,364,157,370,130,394,232,389,176,390,141,391,108,422,236,419,184,415,151,413,122,451,248,448,208,444,181,438,156
U,373,366,326,327,305,277,321,229,363,212,317,225,306,164,305,130,307,98,351,219,338,152,329,114,326,80,384,226,380,175,369,213,363,248,417,242,412,199,397,216,385,243
Y,339,308,293,279,259,232,234,191,204,170,300,188,303,156,302,196,301,230,334,190,339,163,329,211,322,243,369,195,380,156,366,191,354,220,397,206,429,166,451,143,469,117
M,425,343,377,309,363,259,395,222,424,197,367,232,353,190,355,222,364,251,397,224,386,174,383,213,390,243,428,225,423,170,414,209,416,239,460,233,454,194,440,216,436,238
X,366,332,320,286,291,241,269,210,259,187,345,170,326,111,291,105,267,119,360,183,278,178,274,214,294,227,365,207,282,219,288,249,309,252,364,235,299,249,303,272,321,275
H,555,337,518,287,466,259,412,266,371,274,471,196,388,194,339,196,300,197,485,231,385,225,332,226,291,225,497,273,408,284,422,295,447,293,504,316,431,323,440,330,465,327
D,433,419,378,374,346,319,317,283,294,252,424,256,403,196,394,161,389,132,436,258,378,199,334,208,314,226,435,268,376,211,332,223,313,245,420,283,370,237,331,232,307,242
Z,385,360,347,327,324,295,313,258,340,234,338,224,333,169,332,136,335,107,367,229,368,187,362,230,357,257,397,240,401,201,386,239,377,268,421,261,426,228,407,249,396,270
K,444,391,399,361,372,313,368,265,365,228,388,268,370,217,360,187,354,159,419,268,422,207,426,169,433,136,450,281,454,250,441,289,432,321,479,303,474,285,459,311,447,335
D,425,408,375,377,337,332,309,302,293,267,371,276,363,218,359,185,357,155,389,273,368,215,333,220,312,239,404,275,382,218,339,227,314,248,416,282,392,235,356,231,330,243
X,346,320,313,293,289,247,290,206,318,189,323,181,331,138,322,120,313,120,356,189,344,172,326,214,329,224,384,207,363,215,344,248,348,247,409,233,383,246,365,268,368,266
M,434,351,384,309,372,255,406,218,437,193,378,227,367,177,368,212,376,244,412,220,404,163,399,206,403,239,446,223,443,164,431,205,430,237,480,233,477,190,460,212,453,236
N,397,243,350,221,325,172,342,127,368,99,332,147,316,109,319,136,331,162,362,142,348,93,345,126,351,145,393,144,384,116,379,160,382,179,426,151,414,129,406,158,407,172
T,438,344,379,313,341,242,347,174,361,122,350,192,326,138,329,151,342,187,399,192,391,142,387,211,387,246,445,204,440,166,426,233,420,262,493,224,485,187,468,230,458,251
T,422,331,372,301,342,243,350,187,367,145,355,199,338,158,334,161,341,180,395,202,388,163,379,220,379,246,434,214,427,185,412,241,408,264,473,233,463,204,446,241,437,260
X,351,322,321,298,295,252,302,209,330,184,316,190,318,148,314,130,313,121,350,200,350,173,335,222,336,230,380,217,377,209,356,249,356,249,408,240,402,234,381,259,377,261
Q,396,179,342,226,299,266,275,304,253,338,213,200,178,270,169,319,170,357,239,179,228,278,267,287,284,270,276,172,273,267,305,271,312,252,319,173,316,249,335,256,340,240
X,369,333,319,290,290,246,269,215,256,192,345,172,328,113,295,107,270,122,361,184,281,177,277,214,296,227,366,208,283,221,290,251,311,254,363,235,299,251,304,273,323,275
M,439,348,384,312,367,256,401,215,433,187,370,226,358,178,366,213,375,245,404,217,395,160,397,205,403,239,440,217,436,158,430,202,430,235,475,226,470,184,459,209,452,234
H,535,337,503,284,449,252,394,256,352,268,453,187,368,181,319,181,279,179,463,222,363,212,309,211,268,209,471,265,379,274,396,287,423,287,475,308,401,313,414,320,440,318
P,472,136,405,158,346,197,309,241,269,272,312,163,252,229,215,269,179,303,357,160,318,268,308,333,301,380,409,167,385,271,397,260,406,234,456,183,432,262,437,254,440,229
A,453,330,398,313,356,278,337,233,349,200,378,239,374,201,381,232,385,255,409,237,402,196,406,239,408,261,438,239,434,203,433,247,432,270,469,246,466,222,459,252,454,270
J,383,401,327,380,280,336,262,291,277,258,316,282,304,244,302,276,302,311,348,276,334,242,330,287,332,327,382,273,371,225,361,260,356,297,416,275,418,226,413,195,407,168
H,534,340,502,288,454,255,402,259,362,267,458,191,376,183,328,181,289,177,469,224,371,212,317,209,277,205,478,264,389,274,404,288,429,289,481,307,409,311,420,320,446,318
M,408,357,363,326,349,275,381,242,410,220,351,241,342,204,346,240,351,268,382,234,376,189,374,234,377,261,415,237,415,188,405,231,402,259,446,247,445,213,432,237,424,256
G,471,352,421,304,390,261,359,239,325,220,454,195,396,161,352,154,318,155,476,213,392,206,389,243,408,255,483,243,398,253,402,281,423,283,480,279,411,292,413,310,432,309
N,396,245,349,221,326,172,344,127,372,100,333,147,317,111,319,138,329,163,363,142,350,94,345,126,351,146,395,145,385,117,380,162,384,183,428,152,415,129,408,159,410,175
O,486,232,429,205,384,173,352,154,329,130,415,103,377,65,344,79,328,101,432,101,385,52,345,75,330,102,448,108,404,59,358,79,337,105,458,126,417,90,377,94,354,108
P,482,144,416,164,357,206,315,248,272,279,321,168,263,232,226,272,192,306,363,170,325,278,315,341,307,387,413,180,390,281,406,266,416,239,460,196,437,272,445,260,450,234
X,360,332,314,290,285,250,265,220,255,195,341,174,325,116,291,108,266,120,360,188,280,181,274,218,292,230,366,213,284,226,288,256,308,257,365,241,299,257,302,278,320,280
F,405,370,353,348,309,315,275,283,257,245,346,239,312,205,282,209,262,223,371,222,347,167,324,134,302,107,401,220,396,164,387,125,377,93,431,231,445,185,455,151,462,120
W,363,446,320,425,293,388,314,351,349,323,289,296,261,232,251,192,245,155,329,284,319,205,318,156,317,114,363,294,373,231,376,186,377,147,396,322,387,280,373,296,363,319
A,413,311,356,294,310,256,290,208,302,170,333,207,323,168,327,204,334,231,364,204,352,164,355,210,362,236,396,207,386,169,384,218,386,246,430,216,420,188,410,222,406,245
S,388,338,343,310,313,257,327,209,367,193,332,206,322,168,325,211,334,225,365,207,359,159,352,209,359,217,398,219,392,190,378,240,382,244,431,237,416,221,403,253,407,258
W,368,428,328,399,308,349,342,305,379,277,307,268,280,201,270,162,266,127,346,258,334,180,333,136,333,97,381,267,389,201,392,161,393,124,414,296,415,247,400,261,386,287
Z,380,356,341,323,317,290,308,252,337,229,334,221,328,166,327,134,330,106,363,225,364,184,357,226,350,253,392,237,395,199,380,236,371,265,416,258,420,225,400,245,389,266
I,363,345,311,327,270,284,250,238,246,199,297,244,283,205,290,232,299,256,327,237,314,195,316,228,322,257,356,233,349,185,341,211,339,239,387,233,384,193,379,168,374,147
O,399,312,363,250,352,201,346,163,354,126,418,170,425,123,398,111,374,112,434,173,441,116,404,101,373,109,445,179,453,121,410,107,377,116,450,188,452,134,418,118,386,120
K,435,382,392,351,368,304,364,257,364,222,384,260,369,209,361,179,356,152,414,261,419,201,424,164,431,134,444,275,450,245,436,281,425,310,470,296,467,278,452,302,438,326
T,440,310,389,294,355,240,359,182,375,145,366,199,355,158,359,191,368,206,403,202,398,166,396,220,397,219,438,209,435,186,427,237,427,235,472,215,466,198,457,233,460,240
M,430,351,381,308,370,252,408,217,443,194,378,224,369,175,370,210,375,243,412,218,407,161,401,205,404,239,447,222,448,163,434,204,431,237,481,234,479,191,462,214,454,237
M,425,343,376,308,361,259,392,223,420,199,367,231,353,191,356,222,365,252,397,224,386,175,384,214,390,245,429,225,424,171,414,210,415,240,461,233,455,194,441,216,435,237
R,368,422,329,383,311,328,325,280,355,248,325,271,327,212,340,177,357,143,356,271,341,198,331,159,328,126,390,284,381,236,364,283,355,320,422,307,405,275,383,308,370,337
Q,367,129,323,164,288,195,275,231,262,263,230,136,204,194,202,237,206,271,255,120,246,195,278,207,292,197,291,113,291,188,313,189,315,171,329,112,327,172,339,173,339,155
N,445,316,404,287,385,239,402,197,428,170,388,208,380,172,384,198,391,226,420,205,415,150,411,184,414,211,452,213,450,186,441,230,439,249,484,226,478,205,469,233,467,245
T,429,330,379,301,349,241,358,186,377,143,363,200,343,153,344,167,354,196,401,203,396,162,388,219,388,247,440,214,435,184,420,239,414,264,478,233,470,204,452,238,443,257
D,482,397,423,372,375,334,337,312,313,283,415,237,391,173,383,136,382,104,435,238,378,190,335,215,319,243,450,250,394,206,349,231,332,260,458,270,412,236,370,245,348,266
W,367,431,328,400,311,350,346,308,383,281,303,273,277,203,269,161,266,123,342,264,330,187,330,141,331,100,377,274,377,210,377,166,376,126,413,300,416,254,404,264,392,286
F,437,352,386,333,341,306,304,282,281,252,364,230,327,202,299,215,286,234,386,213,352,159,332,122,318,88,417,210,403,155,398,118,395,86,451,221,452,176,456,144,460,116
T,434,310,384,294,349,240,354,181,372,144,362,197,349,156,352,190,361,206,398,201,393,166,390,222,390,219,433,208,430,184,421,236,422,234,467,215,460,197,451,233,454,239
G,464,363,413,328,378,288,351,262,320,240,430,215,383,189,343,184,312,186,456,220,381,218,377,259,395,270,470,240,396,253,399,285,418,287,475,268,416,288,414,309,430,309
Z,394,371,358,336,338,303,329,266,356,244,352,231,348,174,349,141,353,112,382,237,384,196,379,240,374,266,411,250,418,212,403,250,394,278,435,273,443,240,424,261,413,280
A,408,326,353,306,313,263,299,215,313,180,340,219,334,181,336,218,341,243,371,219,364,180,363,228,367,251,402,225,397,188,390,237,390,263,436,236,429,209,417,243,412,264
J,404,383,347,362,301,315,285,267,306,233,336,261,331,222,333,259,336,295,371,256,365,224,362,273,362,313,406,255,402,210,394,247,388,284,440,258,443,209,441,178,437,149
S,397,341,351,312,318,261,333,210,374,193,333,211,323,168,329,212,339,228,368,211,361,160,357,210,364,220,402,222,396,189,384,240,387,246,436,239,419,221,408,254,412,261
I,388,354,332,325,292,272,274,219,276,175,324,231,315,185,322,218,329,246,356,226,348,179,350,221,354,251,389,225,386,171,378,202,375,232,423,228,422,182,418,154,414,129
D,442,404,387,370,347,328,315,300,300,267,406,245,388,188,380,154,376,124,425,247,374,195,332,211,313,236,435,258,388,210,340,224,317,247,436,277,394,238,352,238,325,250
P,476,138,409,157,352,200,315,246,278,279,316,168,260,233,224,273,190,306,359,168,324,274,313,336,305,382,410,176,390,278,404,262,413,233,457,190,436,268,444,256,448,228
F,434,401,384,376,339,346,301,321,283,289,368,267,330,235,304,251,294,274,393,251,364,193,348,155,338,120,425,251,422,194,425,153,427,119,457,267,475,223,491,190,505,160
N,399,252,354,227,331,179,348,135,375,106,338,151,323,114,322,140,330,167,367,147,357,97,349,128,353,150,399,151,391,124,383,168,385,189,432,162,421,137,411,165,411,181
F,438,338,389,319,350,290,318,263,302,231,384,224,351,194,324,199,309,213,404,207,382,159,360,130,340,107,429,203,422,154,413,120,403,93,452,210,462,168,470,138,476,111
R,369,422,329,379,315,322,332,272,363,241,333,268,337,213,352,178,370,149,365,268,349,199,338,165,335,140,397,282,390,232,370,278,358,316,428,305,412,271,389,301,373,329
N,448,319,408,290,389,244,408,204,435,175,389,214,379,176,382,200,391,230,421,208,411,150,406,181,412,208,453,214,448,188,440,233,442,253,487,228,475,209,468,237,468,249
F,395,383,344,356,302,318,271,284,252,249,345,247,314,210,285,214,266,228,371,232,351,176,329,140,309,111,400,232,395,175,385,137,375,105,428,244,443,198,454,164,462,133
G,452,355,397,310,361,269,327,251,291,236,418,200,358,173,315,168,281,170,441,217,355,218,355,254,375,264,451,246,365,263,372,288,394,288,451,282,384,299,388,315,407,314
S,397,343,351,312,318,262,332,212,374,195,334,212,323,169,329,213,339,230,369,212,363,160,357,210,364,221,403,224,397,193,384,243,387,249,437,242,421,222,409,255,413,263
V,348,364,308,334,282,289,296,245,333,224,298,213,282,148,276,107,274,72,335,210,329,134,328,89,330,51,371,227,369,187,349,235,338,273,403,257,394,230,371,260,356,288
X,365,325,317,282,288,239,265,210,253,187,343,165,324,106,290,100,265,116,358,179,278,173,274,208,294,221,363,203,279,216,287,245,309,247,360,231,294,248,300,270,320,271
E,405,359,364,326,345,275,370,236,409,226,346,231,344,180,346,209,350,236,377,225,378,164,376,194,378,222,408,228,414,168,406,191,403,220,438,240,439,200,426,207,418,226
S,398,343,354,313,322,262,337,213,379,197,337,213,328,171,332,214,341,230,371,214,366,162,360,212,367,223,405,225,400,194,386,243,389,250,439,243,424,225,410,257,412,264
N,431,272,387,242,368,195,391,155,418,128,369,169,357,131,360,154,368,184,400,165,391,111,388,140,393,166,433,171,429,141,422,184,421,206,466,183,458,157,449,184,447,201
H,523,344,487,293,439,265,389,270,352,281,441,201,361,199,314,200,276,198,456,234,361,230,306,230,263,229,467,274,379,287,392,300,417,301,472,315,401,324,410,332,434,329
Y,324,337,277,310,240,262,215,220,189,192,272,213,266,174,263,214,263,249,307,212,301,181,290,227,286,262,342,217,343,177,323,211,309,240,374,228,402,187,421,162,436,136
J,380,397,323,379,277,334,259,289,271,258,313,281,300,241,297,274,299,308,345,275,331,240,326,285,328,323,379,272,367,226,356,260,352,296,412,273,414,224,409,193,404,166
R,367,412,328,372,309,320,320,273,351,243,327,265,328,207,339,172,354,141,357,265,343,193,333,155,329,122,390,278,381,231,361,275,351,312,421,301,401,269,379,300,367,328
Z,369,345,329,309,305,276,295,237,323,213,320,209,315,153,314,120,318,91,349,213,350,170,343,214,337,241,378,225,381,184,366,223,359,252,403,246,407,210,388,231,378,252
T,432,318,379,289,350,238,356,188,367,150,361,201,347,161,347,165,355,184,395,200,390,158,387,204,387,233,429,206,426,170,416,217,412,246,465,220,459,186,446,216,438,238
C,478,327,415,312,365,288,327,276,294,258,383,208,358,159,326,147,298,147,399,200,372,137,329,130,297,143,414,199,389,136,345,129,312,141,428,206,402,161,366,148,336,149
Z,379,353,339,318,315,287,303,248,331,223,328,217,322,160,321,127,324,98,358,221,357,177,353,221,347,248,388,231,390,192,377,230,370,259,414,252,417,217,400,238,391,258
F,431,355,380,338,334,313,294,291,270,260,357,234,320,207,292,220,277,238,378,217,344,164,323,129,308,95,408,214,393,161,389,124,386,92,441,225,441,180,445,149,450,120
N,417,280,372,252,352,206,373,165,403,141,358,178,346,142,346,165,354,194,388,175,381,125,374,153,377,176,420,180,416,154,407,196,407,217,454,192,446,169,436,197,435,212
S,384,357,340,325,309,266,326,217,370,208,334,218,324,178,325,223,333,236,368,220,361,172,352,223,359,232,400,234,393,204,376,254,381,260,434,253,415,238,400,270,405,276
D,440,420,392,385,356,335,328,301,313,264,397,280,392,222,387,187,385,156,414,279,393,220,357,224,334,239,430,284,406,228,363,237,338,258,442,294,419,248,382,243,355,254
H,520,335,484,286,436,256,386,261,348,272,438,191,359,191,313,192,275,190,452,223,357,220,305,221,264,220,464,263,377,277,389,290,414,291,470,304,398,314,408,322,432,319
T,420,323,378,292,356,238,364,193,381,164,390,200,376,165,365,187,368,202,417,207,399,176,387,225,398,229,445,218,426,195,412,241,425,245,474,232,454,214,439,243,449,251
T,435,310,384,296,349,240,354,179,370,142,361,196,350,155,354,189,363,205,398,200,393,165,390,220,391,218,432,207,431,183,422,235,421,233,468,214,462,196,453,232,454,239
R,368,423,327,383,309,328,321,280,351,249,326,271,327,214,340,178,356,145,357,270,341,198,332,158,329,123,390,283,381,234,362,281,351,320,423,305,405,273,382,304,368,333
R,366,420,325,379,308,323,323,273,355,243,326,267,328,208,341,172,357,139,357,267,342,195,332,155,328,120,390,279,382,233,363,278,352,317,422,301,405,270,382,300,367,328
U,385,406,337,363,315,313,326,262,370,241,334,247,327,184,329,149,334,114,369,244,360,173,355,135,352,97,403,254,402,192,387,234,378,272,436,276,433,226,413,244,398,271
D,420,414,369,383,330,337,302,305,285,270,366,279,359,222,354,188,353,159,383,276,361,218,326,224,305,241,398,278,373,221,329,231,304,252,409,285,383,237,346,233,321,246
D,462,391,405,365,360,331,324,313,299,289,415,237,387,178,374,144,369,115,432,244,363,199,320,228,307,256,439,261,375,219,331,244,316,270,438,287,389,249,350,257,329,275
G,467,371,417,320,387,276,357,253,325,233,454,210,397,173,354,166,320,169,477,228,392,220,388,257,407,271,485,259,397,267,401,295,423,297,481,295,408,307,410,325,429,324
C,477,363,414,340,367,307,331,288,300,268,394,224,374,173,341,161,312,162,411,219,389,152,346,144,312,159,427,220,409,154,363,144,329,154,441,229,421,178,386,162,355,161
H,518,347,480,297,432,266,383,270,347,281,436,200,357,199,311,199,272,196,452,232,358,227,303,228,261,226,464,271,375,286,389,301,415,302,470,313,396,324,407,333,433,329
Z,396,372,359,339,338,303,333,267,360,245,354,231,350,175,351,141,356,112,384,238,389,198,382,243,376,268,414,251,421,215,406,254,396,280,438,274,446,242,427,264,416,282
Y,339,309,293,280,258,233,235,191,204,168,299,190,302,154,302,195,300,229,334,191,340,163,328,211,321,243,368,197,380,157,365,193,353,222,397,206,429,166,452,143,471,118
Q,445,198,382,229,333,262,312,310,293,353,271,200,227,269,217,320,216,364,306,181,283,284,322,287,336,265,351,176,337,278,366,272,370,244,397,179,385,264,400,262,400,236
H,536,336,503,282,451,250,397,254,355,264,456,185,372,179,323,179,283,176,467,220,367,210,313,208,272,205,476,262,383,271,398,285,425,286,479,306,404,311,415,319,441,316
P,462,127,397,150,345,185,315,226,278,257,319,152,264,214,229,255,198,290,364,145,328,253,319,318,315,366,417,152,389,253,399,240,409,211,461,167,434,245,437,235,441,209
U,372,367,326,328,306,279,319,229,362,211,321,224,312,161,313,127,317,95,355,219,344,151,338,113,336,78,387,227,387,171,374,210,367,247,419,244,417,198,401,215,387,241
T,440,341,389,319,357,263,362,208,378,168,367,221,351,176,357,197,369,224,405,224,404,187,400,240,396,262,442,234,442,202,431,256,423,277,478,247,476,219,462,253,453,271
Z,373,348,332,313,308,280,296,241,325,216,323,213,316,155,315,121,318,91,352,216,351,170,346,214,340,241,381,226,383,184,369,222,363,252,407,247,409,210,390,231,381,253
M,436,338,386,308,369,258,399,220,428,195,369,231,356,187,366,218,375,247,400,221,390,171,396,212,402,241,432,220,427,167,426,206,427,236,464,227,460,188,453,211,448,233
U,374,366,327,328,307,278,321,229,361,216,326,227,319,169,319,136,322,105,358,222,349,158,342,121,340,88,389,231,390,177,375,211,365,244,420,247,419,202,402,215,387,239
A,404,317,350,292,311,244,301,192,317,156,341,198,338,159,338,197,341,225,374,201,371,159,365,207,366,234,406,210,404,172,393,222,389,250,439,225,434,198,419,232,412,254
W,357,454,315,434,288,398,302,362,331,330,283,297,254,233,243,192,235,153,323,287,313,207,313,156,313,112,359,299,364,240,365,199,366,160,392,328,387,288,371,306,356,330
Q,437,198,374,234,322,271,300,319,279,366,259,204,220,276,208,325,205,365,292,185,270,287,309,293,323,275,336,181,323,280,352,277,356,252,381,185,369,268,383,267,385,244
E,414,381,371,359,345,314,367,276,404,260,345,262,340,210,347,237,355,267,376,252,371,191,376,217,380,246,405,253,405,195,404,218,404,248,434,263,430,223,424,233,421,254
F,433,344,385,325,342,297,306,274,281,247,369,226,331,201,302,213,288,230,386,210,356,159,338,125,327,93,412,206,401,153,399,116,399,85,439,216,441,173,447,142,454,115
D,461,411,405,376,365,330,333,301,320,268,427,245,416,184,409,147,409,117,446,249,396,191,351,207,333,232,457,260,408,208,360,222,340,247,459,278,417,237,375,236,350,249
R,366,424,327,384,310,330,323,281,352,249,326,272,326,212,338,176,354,142,357,272,341,198,330,159,326,124,390,285,381,237,362,282,351,320,422,307,404,275,381,306,367,335
N,428,308,388,277,370,229,392,189,420,162,375,198,366,160,365,187,372,217,406,195,401,140,394,176,398,203,438,203,435,176,424,220,425,240,470,218,462,196,451,224,450,237
Z,368,380,324,343,297,305,285,263,316,236,317,228,311,165,310,128,314,95,349,233,350,184,339,233,332,262,382,246,385,202,366,245,357,277,409,271,413,231,391,255,379,278
I,352,345,303,325,269,281,253,236,246,199,293,246,284,208,291,237,299,267,323,242,313,203,315,237,321,269,353,241,348,197,341,224,338,252,386,243,389,203,388,178,385,156
I,353,341,304,321,269,277,255,232,248,196,294,245,284,207,292,234,301,263,323,240,313,201,316,234,323,265,353,239,348,197,340,223,338,250,385,241,389,201,388,176,386,155
M,451,355,395,314,379,255,416,215,451,189,386,224,374,174,379,211,388,246,422,217,414,159,413,205,418,240,458,219,456,159,447,204,446,239,495,230,492,185,478,212,471,237
T,436,317,383,288,357,237,367,191,383,159,374,209,359,171,357,174,360,194,405,209,397,172,392,213,390,246,438,216,427,186,418,232,413,263,471,228,457,203,446,231,441,253
W,350,401,313,375,291,330,321,292,358,268,288,253,262,190,254,150,249,115,328,242,320,167,321,120,322,81,363,252,372,191,373,149,376,110,395,281,384,247,367,271,355,298
Z,371,348,332,314,307,280,297,241,325,215,322,212,315,155,315,122,317,93,352,215,351,171,345,214,339,241,381,226,383,186,369,224,361,253,407,247,410,212,391,232,380,254
V,368,372,330,339,309,291,330,250,367,231,325,215,312,151,308,110,307,75,363,215,362,140,363,95,368,56,398,234,402,193,382,241,369,279,429,266,425,239,402,269,385,296
P,479,138,411,160,350,202,310,247,271,280,314,168,253,234,215,275,180,310,358,166,319,276,308,337,299,383,410,175,383,279,396,263,405,236,458,191,430,270,437,259,444,233
Z,366,384,324,351,297,312,283,271,311,242,317,233,311,170,308,132,311,100,349,238,349,188,338,236,330,266,381,252,384,208,365,250,356,281,409,278,413,237,391,259,378,283
Y,296,236,254,235,219,215,191,195,155,178,257,143,270,190,270,224,262,236,299,137,308,195,295,227,286,232,336,147,346,185,326,218,311,236,363,166,397,164,423,162,448,156
Y,331,334,285,307,247,259,221,218,194,193,278,211,274,171,272,210,272,245,312,210,309,176,299,220,297,255,347,215,351,171,335,201,325,229,380,226,408,184,427,159,443,133
O,396,297,356,255,331,203,316,162,321,126,377,157,381,106,354,100,333,109,395,157,404,94,365,86,337,99,411,163,418,100,375,92,345,106,421,173,413,121,379,110,352,117
V,346,364,308,335,282,289,298,246,334,226,299,211,283,147,277,106,275,70,337,210,332,133,332,87,335,48,374,228,370,188,349,235,338,273,406,258,395,232,373,262,358,290
Q,407,181,353,224,309,264,288,305,266,342,231,204,200,273,193,319,194,353,258,183,245,282,282,288,296,270,297,176,291,273,319,272,324,250,339,179,332,256,348,258,352,239
N,438,322,397,293,379,244,401,203,429,175,381,214,371,176,372,202,381,232,413,210,406,152,401,187,406,214,445,218,441,190,432,235,433,254,479,232,469,209,460,236,460,249
G,465,360,414,325,380,286,354,259,324,237,430,213,384,187,344,182,313,183,456,216,384,215,380,255,399,265,472,236,401,248,403,280,422,281,478,264,421,283,421,303,436,303
Y,349,337,302,310,263,264,234,226,205,204,295,218,288,174,286,212,287,248,327,217,323,180,314,223,312,257,361,221,365,174,351,202,342,230,393,229,420,186,437,160,453,133
G,456,357,406,323,372,283,344,257,314,235,423,210,376,185,336,179,305,182,448,215,375,215,372,254,390,264,463,234,390,246,392,277,412,279,468,262,410,280,410,300,426,300
F,435,335,386,316,347,288,315,261,300,229,382,222,349,192,322,198,307,212,402,205,381,158,358,129,338,105,427,201,421,152,411,118,401,92,450,208,460,166,467,135,472,109
H,525,326,493,275,439,245,384,248,340,250,443,179,365,178,317,179,279,177,451,209,355,207,304,206,266,201,458,246,371,265,386,280,411,280,461,287,390,301,402,309,427,305
J,421,385,356,364,301,312,282,258,306,224,340,249,334,206,335,245,338,285,378,242,371,206,368,259,367,302,418,239,411,189,404,231,400,273,456,241,456,186,452,151,446,120
I,406,352,351,326,311,277,293,225,296,181,332,234,324,192,336,222,343,247,365,229,358,187,366,227,369,255,399,227,395,178,393,207,390,235,432,229,429,187,424,161,417,138
H,539,342,510,288,461,255,407,257,365,265,466,191,383,183,335,182,296,179,475,227,378,213,324,210,284,205,481,269,392,271,403,286,427,290,482,312,410,312,420,320,444,319
R,367,420,327,379,308,324,319,275,350,243,329,267,329,208,340,172,355,139,360,268,346,195,335,157,330,124,393,280,381,231,360,277,349,315,424,303,403,270,379,301,365,331
A,416,314,355,293,309,250,291,199,301,159,333,203,324,161,330,197,338,225,367,201,358,156,360,204,365,233,402,205,394,164,390,214,391,245,438,215,430,186,419,220,414,245
T,423,324,378,293,355,240,365,193,377,159,383,201,365,164,356,189,361,206,411,207,395,173,385,222,396,229,442,217,423,194,413,241,425,246,472,231,452,210,440,241,449,250
L,438,368,385,351,338,321,294,292,259,288,356,252,346,199,342,167,340,139,386,250,379,224,383,272,384,290,419,254,413,226,411,272,410,290,452,263,448,237,439,269,434,286
Z,367,387,324,350,299,312,285,273,313,245,318,235,313,172,311,134,314,102,351,241,352,191,340,240,332,268,383,255,387,210,368,252,359,283,410,281,415,241,393,262,382,285
L,489,375,437,357,388,325,344,295,306,295,401,247,391,189,388,154,387,123,436,241,437,203,447,254,446,276,473,242,477,206,479,250,472,273,506,252,513,218,506,247,496,268
P,426,71,375,112,336,163,316,205,291,234,305,129,270,199,248,245,229,284,346,115,343,222,355,278,366,317,395,109,399,208,403,189,403,159,440,110,434,188,434,173,431,146
L,497,358,447,343,399,306,361,274,326,266,415,243,405,188,402,155,400,126,449,241,449,208,453,256,452,274,483,245,485,217,483,261,478,277,516,255,519,227,511,259,504,276
R,367,419,327,378,311,321,327,272,358,241,332,267,335,212,349,176,366,143,363,267,350,197,341,160,338,128,396,280,388,230,367,275,355,313,427,303,409,271,384,300,368,326
W,363,432,318,407,293,367,321,331,359,307,296,279,270,213,262,173,258,136,336,269,329,189,329,142,329,99,371,279,383,217,388,174,390,134,402,311,397,265,381,281,369,306
G,461,369,412,332,380,291,355,264,324,242,432,216,386,188,346,180,314,181,458,221,386,214,378,256,395,270,474,242,400,251,399,284,418,288,479,271,418,289,416,311,431,311
B,430,365,383,335,361,285,380,242,412,235,363,240,358,189,362,159,368,132,393,232,388,176,388,142,388,109,421,237,418,185,414,152,411,123,451,249,447,210,443,183,438,159
K,433,387,386,358,360,311,355,265,351,230,375,268,356,219,346,190,340,164,405,267,406,207,408,170,414,140,435,279,436,250,423,286,415,316,463,299,456,280,442,306,430,330
N,430,272,385,243,365,196,386,154,414,128,367,167,355,129,358,155,366,184,399,163,391,109,388,145,392,170,431,169,428,140,420,185,420,206,465,182,457,159,449,187,447,201
Q,408,146,352,183,307,223,295,272,284,321,246,151,217,231,212,286,210,333,284,130,273,240,311,235,319,206,332,125,331,230,354,219,352,187,380,125,376,207,388,201,387,173
R,373,434,335,400,315,349,333,304,367,273,329,277,332,217,344,179,361,145,363,277,345,203,337,163,336,126,398,292,390,252,372,301,362,339,432,317,414,293,391,326,378,354
I,385,344,330,323,289,277,268,229,260,189,310,237,300,194,310,224,319,250,342,230,333,187,338,224,342,252,373,227,368,178,365,204,363,231,405,227,403,187,398,164,392,143
V,383,380,347,347,327,301,351,263,388,247,344,227,334,163,331,122,332,87,382,227,383,153,387,108,394,69,417,246,424,208,403,254,389,290,445,277,445,254,423,283,406,308
H,523,325,492,272,439,242,381,246,339,255,441,180,356,176,308,177,270,176,451,216,351,207,298,206,258,204,458,260,371,265,383,277,407,278,461,304,390,305,400,312,425,312
V,349,364,311,334,284,287,300,244,339,224,300,210,285,146,279,105,278,69,339,209,334,133,335,87,339,47,376,228,374,187,353,234,341,272,408,258,398,232,375,263,360,291
I,394,358,339,334,299,284,277,235,258,200,324,241,317,195,326,231,334,262,359,234,354,188,355,230,359,261,394,235,396,184,388,209,382,234,429,241,448,199,460,175,469,151
Q,331,116,287,152,257,182,250,216,249,246,202,122,183,185,183,229,185,264,230,101,227,182,256,186,264,170,268,93,276,172,293,169,292,147,308,92,313,151,321,149,320,131
F,444,342,394,321,355,291,324,262,308,230,390,224,357,192,330,197,315,213,412,207,390,158,368,127,348,104,438,204,432,153,423,118,413,89,463,213,473,170,481,139,486,112
N,449,302,403,280,380,229,401,183,430,152,374,197,362,157,369,185,380,214,409,191,398,134,398,172,405,195,443,195,441,169,436,216,435,230,478,203,472,185,466,216,465,226
I,376,338,322,320,280,278,258,233,252,195,302,239,289,200,299,227,309,251,331,231,319,191,325,225,332,252,361,226,352,181,349,206,349,232,392,225,387,186,381,163,375,144
U,370,368,322,330,301,282,316,232,359,217,312,227,303,165,303,131,306,99,346,221,334,154,326,115,324,80,379,228,378,175,368,213,362,248,412,244,408,199,395,216,384,243
B,426,364,379,334,356,285,373,241,405,230,358,240,351,190,353,159,359,131,387,232,380,176,380,141,379,108,414,235,410,184,406,150,402,122,444,246,440,206,434,179,429,155
P,467,133,402,154,346,194,310,237,271,265,320,157,261,222,226,259,193,291,364,155,326,258,317,319,311,363,414,162,387,261,397,250,406,225,458,177,432,251,437,242,441,218
T,430,319,379,296,346,247,346,197,367,162,356,214,338,177,343,179,358,193,390,212,385,173,384,218,384,244,423,217,421,184,414,230,409,254,458,228,454,199,444,228,437,247
J,411,382,355,358,311,308,299,257,325,227,349,254,350,217,351,254,351,291,386,251,385,221,381,270,376,311,421,251,422,209,412,246,403,283,455,256,460,209,460,178,457,151
G,469,367,415,330,381,289,354,262,324,240,435,213,387,185,347,179,316,181,461,219,385,219,382,257,400,269,477,241,401,254,403,284,423,286,482,272,422,290,419,310,434,311
J,381,395,325,375,278,331,260,286,277,253,315,278,303,240,301,272,302,305,347,272,333,239,329,284,330,322,380,269,370,222,360,257,355,293,413,270,415,222,410,191,404,164
D,434,382,377,351,334,309,302,283,290,250,389,226,373,167,364,132,360,104,407,226,357,175,316,189,298,212,419,235,370,188,322,202,300,225,422,251,380,215,338,216,312,230
C,477,362,412,333,362,297,324,278,290,258,396,216,368,159,330,145,297,146,410,213,379,140,332,132,295,145,420,221,390,150,342,139,305,146,424,237,396,190,360,170,328,161
A,437,320,384,303,346,263,333,217,345,184,370,224,370,189,374,223,376,245,400,225,399,187,398,233,399,252,429,230,429,196,424,241,422,262,459,239,458,217,450,247,445,263
D,434,384,374,352,333,310,301,284,285,252,386,226,368,169,360,135,357,105,407,227,355,177,314,193,296,216,420,236,370,190,323,205,301,227,423,254,379,218,337,217,310,228
B,432,379,386,348,364,296,382,252,415,245,368,252,362,202,365,172,371,145,397,245,391,189,391,154,392,121,424,248,421,196,418,162,416,133,453,259,450,220,446,193,441,169
A,404,320,349,298,307,252,294,202,308,164,337,203,332,164,330,203,333,231,369,205,363,165,357,215,359,241,402,212,396,173,385,224,383,252,436,227,426,199,411,233,406,256
D,463,415,409,381,370,334,339,302,333,267,428,258,420,197,414,161,412,132,447,260,413,201,370,208,347,226,461,269,424,215,374,223,346,243,465,285,431,243,388,238,358,248
X,345,313,312,286,286,239,289,198,318,179,323,173,332,129,322,112,312,115,356,182,343,166,325,210,328,222,384,203,362,206,342,242,349,244,409,230,384,236,365,259,370,259
O,402,341,355,284,330,223,316,177,323,134,398,170,405,114,372,105,343,111,418,172,427,101,381,92,345,109,436,180,445,108,395,100,358,116,449,193,448,131,411,113,378,118
M,442,348,386,312,366,257,399,215,430,187,370,227,356,180,364,215,374,247,404,217,393,162,396,207,402,240,440,217,435,159,429,202,428,236,475,226,470,183,459,208,452,233
Z,374,395,338,359,317,319,316,278,345,253,338,241,336,179,337,142,343,111,373,249,379,202,367,248,358,275,405,265,415,224,394,262,382,292,432,291,442,255,420,274,406,295
X,343,325,312,303,284,256,293,212,324,195,314,195,321,152,316,137,311,130,346,203,341,184,326,230,329,236,374,220,365,218,345,257,348,255,400,242,387,245,368,269,369,268
Z,369,385,327,348,301,310,291,268,322,240,322,231,317,169,316,132,319,100,355,237,356,189,345,238,337,267,388,251,392,208,372,249,362,281,416,276,420,237,397,259,384,282
U,375,362,326,326,304,275,320,226,362,213,315,222,304,160,304,126,306,95,349,215,335,150,327,112,324,78,382,222,379,171,369,209,364,244,415,238,410,194,396,212,385,239
N,397,242,350,217,326,169,341,127,368,99,331,145,314,109,317,131,328,161,361,139,347,89,343,114,348,138,392,142,384,114,380,156,383,180,426,151,415,126,408,153,408,170
C,500,335,439,307,394,271,359,250,329,230,431,196,408,148,375,136,345,137,445,191,419,129,376,121,342,133,457,193,433,130,388,123,355,134,464,201,439,153,403,142,373,146
S,396,359,348,326,314,275,327,225,369,205,327,223,316,177,324,224,333,241,364,223,358,168,354,222,359,235,400,235,395,202,383,253,385,262,437,253,421,233,409,267,411,275
F,433,401,382,376,339,343,302,318,283,286,369,266,332,234,304,248,293,269,391,250,365,191,350,153,342,117,420,251,420,191,425,150,430,116,449,266,467,220,483,187,499,157
Q,397,162,345,201,306,238,294,285,283,327,240,172,209,244,202,295,201,335,274,151,264,250,303,257,315,236,318,143,321,239,346,237,346,212,363,141,363,218,375,217,374,194
E,396,387,355,353,337,302,364,265,408,257,351,248,354,194,351,226,353,256,384,245,393,181,384,213,382,244,415,253,430,190,415,215,408,246,444,270,450,227,433,236,422,258
M,440,351,392,321,375,269,405,231,433,206,377,242,365,200,371,234,380,262,408,232,398,183,398,224,404,252,439,233,435,184,428,225,429,254,470,241,468,203,456,228,451,249
M,421,348,371,312,356,262,388,226,417,201,362,234,348,192,351,224,359,254,392,227,381,176,379,216,385,247,424,228,419,173,410,212,411,243,456,236,451,197,437,219,431,241
S,391,356,348,326,317,277,331,229,372,212,331,226,323,182,328,225,336,243,365,228,364,174,357,224,361,237,399,240,398,207,383,255,383,263,432,258,422,238,408,268,408,276
L,439,353,386,338,333,305,289,276,253,275,347,232,336,178,331,145,329,115,380,225,372,190,380,240,385,263,415,225,411,190,411,236,412,259,451,231,448,198,439,229,433,251
U,372,366,326,327,306,279,318,227,361,212,320,221,312,159,312,125,317,94,355,216,344,149,337,111,336,75,387,225,387,170,374,209,366,244,419,243,416,198,401,215,389,241
A,439,313,379,296,336,257,317,208,325,171,358,215,349,173,355,206,363,231,389,212,379,169,383,213,388,239,420,214,412,175,411,221,413,248,453,221,446,193,439,224,437,247
O,404,335,357,281,334,224,319,178,331,137,399,171,408,117,377,104,350,110,419,173,428,107,386,93,351,107,435,181,444,115,399,103,364,117,448,194,449,135,413,118,381,124
S,358,332,304,298,265,238,277,183,323,170,289,186,274,138,276,185,287,205,325,184,313,126,306,181,316,199,362,194,347,160,336,214,344,225,401,211,372,194,362,229,371,237
P,405,101,355,130,320,169,298,202,273,227,289,136,256,194,233,235,213,271,322,125,316,215,325,260,331,292,364,121,369,204,375,188,374,161,402,123,401,188,404,176,400,151
B,433,387,387,358,363,306,382,261,414,257,367,262,360,212,362,182,366,154,395,253,388,197,388,162,387,129,422,256,418,204,414,170,411,141,451,267,447,227,442,201,439,177
X,356,321,325,298,299,252,306,207,334,184,317,189,316,148,313,130,316,119,350,197,354,170,338,220,339,226,381,213,382,207,359,249,358,246,409,236,406,232,386,259,381,260
U,398,381,351,341,333,292,350,243,388,225,351,235,345,176,346,143,350,112,383,231,376,166,370,129,370,95,415,241,418,185,403,221,392,256,446,259,445,215,428,230,413,254
D,464,391,399,358,357,324,326,306,304,289,418,231,399,164,391,121,388,86,441,244,368,210,320,239,301,265,448,270,379,239,331,262,311,287,445,302,388,276,345,282,318,296
F,447,343,398,323,359,292,327,264,313,231,394,226,362,194,334,198,319,212,416,209,395,160,373,129,353,105,442,206,436,156,428,121,418,93,466,215,477,172,485,141,491,114
N,414,269,369,240,348,192,364,150,393,124,357,165,343,129,343,153,350,182,386,162,376,111,371,141,376,167,418,168,412,140,403,183,404,206,452,180,443,155,433,182,431,199
J,384,380,326,363,276,322,255,277,271,242,310,266,296,228,298,262,303,297,341,258,327,227,327,272,329,311,374,253,362,208,355,245,354,282,407,252,404,204,398,173,390,146
M,436,348,383,311,366,256,400,215,429,187,370,226,356,180,364,214,373,246,403,217,392,163,395,206,400,238,438,217,433,159,428,201,427,236,474,226,468,183,456,208,449,234
H,540,348,510,292,455,258,397,263,352,275,460,200,373,192,325,191,285,189,467,238,367,223,314,219,274,216,474,282,382,282,397,293,422,296,476,326,401,321,412,327,438,328
Y,330,335,284,307,247,258,222,216,194,192,279,213,276,171,273,209,274,243,313,212,311,178,300,222,298,256,348,217,352,173,337,204,327,232,381,228,408,187,427,161,444,135
T,433,321,380,290,354,237,364,191,379,157,370,209,357,170,355,173,357,193,402,209,393,172,389,214,387,247,434,215,423,185,415,231,411,262,469,228,454,203,444,232,439,253
K,433,388,388,359,362,313,356,267,354,231,377,267,358,219,349,190,342,164,407,267,408,207,411,170,416,140,437,280,439,250,426,287,416,315,464,300,458,282,443,309,430,333
F,423,385,373,361,330,326,292,303,265,277,360,252,322,222,291,236,275,256,380,237,354,181,337,143,327,108,407,237,402,176,404,136,407,102,435,252,449,206,464,173,478,143
O,410,305,361,262,329,213,306,176,302,138,380,152,372,98,337,93,314,104,397,152,387,83,342,81,314,99,411,159,399,91,350,89,319,108,417,171,395,120,357,112,329,121
E,400,381,359,350,338,301,363,262,405,250,343,253,342,200,344,231,348,260,376,246,377,182,376,214,377,243,408,249,414,187,406,212,403,243,438,263,439,220,427,228,420,250
O,402,307,362,265,339,218,324,179,329,142,383,171,389,121,361,112,340,122,400,171,410,110,371,101,344,113,415,177,423,115,380,107,350,122,424,187,419,136,385,126,359,135
P,406,107,351,140,313,177,290,209,266,229,281,136,249,195,226,236,205,272,315,124,313,218,323,267,330,300,358,121,364,208,370,193,370,168,395,124,394,191,397,181,393,157
P,422,71,373,111,335,163,312,206,284,238,302,132,267,199,245,246,226,284,341,119,337,221,354,260,367,279,389,115,395,210,403,193,403,164,433,117,430,192,432,178,429,151
R,375,443,335,406,315,349,328,299,360,267,327,285,328,224,342,186,359,151,360,285,340,211,328,173,322,140,395,298,386,253,370,303,361,342,430,320,412,293,391,327,377,355
K,450,428,402,394,376,341,374,289,374,251,395,291,376,239,365,206,358,177,428,292,435,227,443,188,452,157,459,307,464,273,448,313,436,346,488,329,482,308,466,338,452,364
K,432,385,386,356,360,310,354,264,350,229,375,266,357,218,347,190,340,164,405,265,405,206,408,169,412,140,435,277,435,249,422,285,414,314,463,296,455,277,441,304,429,328
S,394,375,346,340,313,280,330,227,377,213,336,224,326,179,328,227,338,245,374,226,369,171,359,226,366,239,411,241,404,208,386,261,389,268,448,263,430,242,414,277,418,285
L,446,357,395,343,345,311,303,280,268,277,362,245,353,193,348,161,346,133,393,244,382,218,387,268,390,279,425,246,417,220,417,266,417,279,458,252,452,229,446,262,444,277
D,451,397,396,366,355,324,322,297,309,264,408,240,392,184,383,149,381,121,427,241,381,190,341,204,323,225,440,250,393,204,346,219,324,242,444,266,403,230,362,231,335,244
B,437,390,390,358,367,307,383,262,417,254,371,260,367,208,371,178,378,150,401,253,397,197,398,162,399,129,430,258,427,206,425,172,422,143,460,270,457,231,454,204,450,179
H,528,329,496,276,444,246,389,250,348,258,449,182,364,179,316,180,277,180,459,218,359,210,306,209,266,207,466,261,377,268,389,280,412,281,469,304,398,308,408,316,432,315
H,537,342,506,288,454,255,400,260,360,273,458,193,375,187,327,186,288,183,471,229,371,218,317,215,275,212,480,272,387,279,402,291,429,291,483,315,408,317,419,324,445,321
N,400,253,352,227,329,178,346,135,371,107,336,154,321,115,323,142,333,168,366,150,354,99,350,132,355,154,398,153,390,125,385,170,387,191,431,162,420,138,412,167,413,182
O,404,311,364,269,340,218,326,177,331,139,386,172,392,122,366,113,345,122,403,171,412,110,376,99,347,112,418,177,426,114,385,104,354,117,427,187,421,136,390,123,362,129
E,401,381,361,346,345,294,373,256,415,248,351,247,354,196,354,225,356,253,384,243,390,182,386,211,386,240,416,249,426,191,416,213,411,242,445,264,450,224,437,230,427,250
V,368,389,329,361,302,313,324,274,362,252,318,233,295,167,283,124,276,87,361,232,365,152,372,104,379,63,399,252,401,215,380,264,366,302,430,283,425,262,401,295,383,322
U,378,451,325,404,302,354,308,297,357,274,320,266,311,197,312,159,317,120,359,264,347,186,340,143,338,99,397,278,396,208,379,263,370,308,433,305,428,250,407,278,394,312
Y,338,305,291,277,257,230,233,189,202,168,297,188,301,154,301,195,300,229,333,189,339,161,329,209,322,242,367,195,380,154,367,187,356,216,396,204,429,163,451,140,469,115
X,368,334,323,289,294,244,271,212,259,189,347,172,327,112,292,106,269,120,361,185,279,178,274,214,293,228,365,209,281,221,288,251,309,255,363,236,297,251,301,274,321,277
N,452,308,409,282,387,232,408,187,434,155,381,200,367,163,371,192,382,220,415,194,403,139,401,178,409,200,450,199,446,172,439,220,441,234,485,210,477,189,469,218,470,229
I,357,351,308,339,266,298,244,256,238,219,282,260,270,224,283,254,295,282,311,251,298,216,308,252,318,280,341,245,330,204,329,232,331,259,372,244,369,204,365,180,360,158
U,368,370,318,331,297,281,310,229,354,215,311,228,300,167,299,132,301,101,345,221,332,155,324,115,321,80,377,228,376,174,362,211,354,246,409,244,405,200,388,216,376,242
E,429,363,385,334,363,282,389,237,429,222,359,231,360,175,370,204,376,237,394,222,395,154,402,180,404,211,429,226,434,164,432,185,427,216,461,242,457,209,447,224,437,249
R,366,409,326,371,305,319,315,272,345,241,323,262,323,206,334,171,348,138,353,262,339,192,328,155,324,122,386,274,376,229,356,273,346,310,417,297,396,266,374,297,363,325
G,459,368,407,331,371,291,344,264,313,241,425,214,376,187,336,182,304,183,452,220,375,219,370,260,388,271,468,242,391,254,392,286,412,289,473,273,412,291,408,312,423,313
X,351,325,318,300,293,253,300,209,328,186,315,192,316,151,312,133,313,124,348,200,348,175,332,223,334,230,378,217,373,214,352,254,354,251,406,239,395,242,376,266,376,264
E,406,379,361,355,334,314,352,274,391,257,338,259,330,208,333,232,343,262,368,249,363,188,362,213,366,242,398,251,399,191,391,213,390,243,428,261,424,222,411,231,405,254
F,412,390,363,375,316,350,274,333,244,311,334,273,289,256,263,273,251,293,356,253,323,201,306,166,295,135,387,249,379,196,381,159,382,126,419,259,430,216,443,184,454,157
S,409,344,366,314,335,261,349,211,390,196,349,214,340,170,347,215,355,230,383,215,378,164,374,216,379,225,416,227,413,195,400,244,402,249,450,244,436,226,424,258,426,264
A,429,298,367,275,326,233,312,180,324,143,354,191,350,146,352,179,354,208,387,191,381,146,379,190,379,219,418,196,413,154,407,199,405,230,451,205,447,176,437,206,431,230
I,368,360,321,335,290,287,280,240,281,202,318,255,313,215,317,244,322,274,348,254,342,213,341,248,344,279,378,255,376,212,366,237,361,263,410,261,420,221,422,197,423,175
I,394,370,341,343,304,293,281,245,259,212,336,243,329,190,331,222,336,256,371,238,366,186,361,225,361,260,405,241,410,186,399,211,390,239,440,251,464,215,462,194,453,176
C,476,354,414,331,369,300,334,281,302,260,394,221,373,173,343,161,315,160,409,214,386,153,346,145,315,157,424,214,404,153,363,143,331,153,438,220,418,170,386,154,357,153
P,462,120,392,147,332,197,298,254,267,300,298,168,243,246,209,298,178,343,347,161,321,285,316,351,312,399,404,167,386,282,393,262,400,230,454,180,433,269,435,254,437,224
G,453,363,401,328,365,287,338,260,307,238,418,213,370,187,331,181,300,182,443,218,368,215,365,256,383,267,458,237,383,250,385,282,406,284,463,265,404,285,404,307,420,307
P,408,96,353,132,315,176,294,213,265,244,279,136,246,203,222,250,201,291,318,123,314,227,323,286,331,328,367,120,371,216,378,197,377,167,410,122,410,201,413,187,407,158
U,391,427,344,381,323,335,335,284,381,265,339,263,333,198,335,164,340,129,375,261,367,189,363,150,362,109,410,273,410,210,395,257,387,296,444,296,441,247,422,269,409,298
Q,405,145,347,183,306,227,298,281,289,330,242,163,211,245,207,299,206,345,279,142,272,253,309,246,316,217,328,136,331,242,353,230,349,198,375,135,374,220,384,213,381,186
R,366,415,326,376,307,322,317,273,350,244,327,264,328,208,339,171,354,137,357,265,343,195,331,157,325,124,390,278,381,229,360,275,347,313,421,301,402,269,378,298,363,325
T,422,334,380,300,363,243,375,197,386,161,386,202,378,163,371,170,370,193,421,212,417,180,399,230,397,249,454,230,449,206,424,252,419,269,485,254,478,230,455,259,447,273
S,403,379,363,346,329,295,344,245,391,227,340,237,334,186,343,236,350,257,378,238,378,177,375,234,377,251,416,251,418,217,404,269,401,279,452,272,446,250,432,283,428,293
D,465,388,407,361,365,327,332,309,307,287,421,234,396,174,384,139,379,109,440,242,371,199,327,228,312,256,447,261,383,221,339,246,323,272,445,287,393,254,354,262,333,278
Y,323,335,278,308,241,261,215,220,190,192,272,210,265,174,263,215,264,251,306,209,302,178,291,224,287,260,342,214,344,175,324,210,311,241,375,226,403,186,423,160,438,134
T,419,332,369,304,339,243,347,186,363,142,352,198,333,152,332,165,340,191,391,202,383,164,376,223,377,247,431,213,423,183,409,241,406,264,469,231,459,203,441,240,434,258
I,361,345,308,335,265,298,243,256,238,219,283,259,268,225,281,252,294,278,310,249,294,214,305,248,317,276,337,242,324,202,325,229,329,257,366,238,359,200,351,178,344,158
V,365,371,328,340,306,292,326,250,364,231,323,215,309,151,303,110,302,74,361,215,360,139,361,94,364,56,397,234,397,193,378,241,365,278,427,266,420,240,399,271,384,298
S,387,342,342,313,311,258,324,208,366,194,328,210,318,168,322,212,331,226,362,210,355,159,349,210,356,219,395,222,388,191,375,241,379,246,429,239,413,221,400,254,405,259
F,432,400,382,378,334,349,294,324,278,290,363,269,324,235,299,250,288,272,389,251,358,192,340,152,329,116,422,251,417,190,417,150,416,114,458,266,474,220,488,187,500,156
M,424,362,376,333,359,285,387,250,414,226,362,259,348,218,354,249,363,277,391,251,380,204,382,243,388,272,421,251,416,201,409,241,410,271,452,258,446,221,435,243,429,266
F,437,355,386,337,339,312,301,289,278,257,360,233,324,206,296,219,282,239,382,217,348,163,328,128,314,94,414,214,399,159,393,122,390,90,448,224,447,179,451,148,455,119
G,456,370,406,333,372,291,345,264,315,240,426,219,380,190,340,184,308,185,451,225,378,219,373,260,390,272,466,245,392,255,394,288,414,290,471,273,411,294,411,316,428,317
Y,343,341,297,314,264,269,246,229,229,195,292,225,290,185,291,223,292,258,325,224,323,190,316,231,315,265,359,229,363,186,351,209,343,232,390,238,415,199,433,174,447,149
I,399,351,342,329,300,284,279,236,274,194,322,244,312,203,323,231,332,257,353,238,344,195,351,229,356,259,384,234,379,186,377,210,377,238,417,234,414,194,408,170,401,151
J,384,373,327,359,277,319,255,276,270,242,308,263,294,226,295,257,299,291,338,254,324,225,324,269,328,307,371,249,357,207,352,243,352,280,404,248,400,201,393,171,385,144
G,455,365,404,328,370,287,344,259,313,236,424,213,378,185,338,178,306,179,450,218,375,214,370,255,388,268,465,238,390,248,391,281,411,284,471,267,410,285,409,307,426,308
R,370,423,331,379,315,322,330,273,362,243,335,269,337,213,351,178,368,145,366,270,351,200,342,163,341,129,398,283,390,234,369,279,356,317,430,306,411,274,387,302,371,330
Q,442,200,378,233,326,271,302,320,280,366,264,206,223,278,211,326,207,368,298,187,280,295,318,291,329,265,343,184,336,288,362,275,363,246,389,188,380,273,394,265,393,239
X,364,324,317,280,289,237,268,205,259,183,345,162,327,106,293,98,268,110,363,176,280,173,277,209,297,219,368,201,283,215,289,244,310,245,366,230,297,245,303,267,323,269
J,384,378,327,363,278,322,257,278,271,244,311,267,296,231,298,263,301,297,341,258,327,229,327,274,329,312,374,253,361,210,355,247,353,284,407,252,404,204,397,174,389,147
T,440,319,390,292,361,236,369,184,386,145,372,199,355,155,360,169,370,194,408,202,408,164,401,216,397,241,444,213,444,182,430,234,422,257,480,228,476,201,460,234,451,253
B,429,365,383,332,363,283,382,241,414,232,364,240,360,188,364,158,371,130,394,233,390,176,391,141,392,108,422,237,419,185,416,152,414,124,452,249,449,209,445,182,440,158
V,365,391,326,362,300,315,322,275,359,254,316,235,293,169,280,127,274,90,359,234,362,153,368,105,376,64,397,254,398,217,377,265,364,302,428,286,422,263,398,295,381,322
E,410,368,370,336,352,285,377,247,417,238,356,239,356,188,356,214,359,243,387,233,390,172,386,198,388,228,418,238,426,178,417,198,413,228,448,252,450,211,436,216,427,237
C,470,336,413,318,368,288,334,270,303,251,389,213,366,168,337,157,310,159,404,206,379,149,340,142,310,155,419,206,397,148,357,140,325,150,433,213,412,170,380,156,352,156
N,450,301,403,274,380,224,402,179,431,148,376,196,362,156,369,184,380,213,410,189,399,133,399,167,406,191,445,193,441,166,436,212,437,230,481,202,473,182,467,211,468,224
W,375,432,331,410,305,372,327,331,363,302,296,281,264,216,253,175,247,138,335,267,322,188,320,138,318,94,371,276,379,213,382,168,382,127,404,304,399,258,386,274,375,298
Q,404,183,349,226,305,266,282,307,258,346,229,202,199,272,189,318,188,354,256,182,241,282,279,288,294,269,294,175,289,271,319,268,323,244,336,175,331,253,348,252,350,232
V,385,383,350,349,333,303,359,266,396,250,351,228,346,164,346,124,349,88,389,229,393,156,397,112,404,74,422,249,432,212,410,256,395,291,449,281,450,257,428,286,410,311
Q,452,178,395,215,350,256,336,305,323,349,288,202,252,269,248,315,253,353,318,184,310,281,344,280,354,260,360,177,357,270,381,260,382,235,401,177,396,252,409,249,408,227
T,433,318,382,289,357,236,367,190,384,157,372,208,358,166,358,174,362,198,404,208,397,171,392,213,390,245,437,216,427,185,418,231,413,261,471,228,458,202,447,230,442,250
F,398,371,347,349,305,315,272,282,255,246,343,243,309,208,280,211,261,224,368,226,345,172,323,138,302,110,397,225,392,170,384,132,375,100,425,236,442,191,455,158,465,128
L,476,375,423,359,374,328,329,299,291,299,388,252,376,195,371,160,369,129,422,244,421,205,430,254,430,279,458,244,461,206,461,247,458,273,492,253,495,219,488,247,480,269
Q,395,145,346,180,313,218,308,263,305,303,251,173,220,237,214,280,215,313,277,153,275,242,309,241,317,221,315,143,322,229,344,221,341,197,354,137,357,208,369,204,366,182
F,438,336,388,317,349,288,318,260,301,229,382,222,349,192,323,198,309,212,403,206,381,158,358,128,338,105,428,202,422,153,412,118,402,91,451,209,461,167,468,136,473,109
A,460,343,402,331,356,292,335,244,344,207,378,246,372,207,380,246,387,272,410,242,403,201,408,252,412,274,442,244,438,207,438,258,437,279,475,251,473,227,466,262,462,280
H,520,335,485,285,435,255,384,259,344,268,438,189,357,187,310,188,272,187,450,223,353,217,301,218,261,216,460,263,371,274,384,288,410,290,464,305,392,313,402,321,426,318
C,473,340,414,320,368,290,332,273,301,254,394,211,372,163,342,152,315,153,409,205,384,145,344,138,314,151,424,205,401,145,359,138,328,147,438,211,416,164,383,149,355,149
G,461,361,409,325,375,286,348,261,319,240,424,215,378,190,339,185,309,187,449,218,377,218,375,257,394,267,465,237,393,251,396,282,415,283,470,264,413,285,414,306,431,305
N,444,306,399,277,377,228,396,184,422,153,376,195,361,153,363,180,374,211,410,189,396,127,391,168,399,196,444,195,437,165,429,215,433,233,482,208,467,184,460,215,462,227
Q,397,201,341,243,292,288,267,333,251,368,213,227,186,295,178,344,178,383,239,208,229,307,262,312,276,296,277,203,277,301,305,297,310,275,320,205,318,282,337,282,341,264
F,426,395,377,368,336,333,301,309,279,279,368,258,329,229,300,245,289,266,388,243,361,185,347,147,340,111,415,245,416,184,422,143,428,107,441,262,458,216,474,183,489,153
A,439,312,386,294,347,256,332,209,344,177,370,218,370,180,374,213,377,236,400,218,397,179,399,222,400,244,429,222,428,187,424,231,422,253,458,231,458,207,450,237,445,254
G,467,366,413,328,379,288,352,261,322,239,431,213,383,185,343,180,312,182,457,218,383,217,378,257,397,268,473,239,399,252,401,284,421,286,478,269,418,289,418,310,434,310
Z,377,351,339,319,315,285,306,248,333,221,330,214,325,157,324,124,327,96,360,219,361,176,353,220,345,246,390,231,392,192,376,231,368,259,415,252,418,218,399,241,388,262
V,375,380,342,348,324,304,347,268,383,251,341,230,333,169,331,130,333,96,377,232,380,160,385,117,392,80,410,251,417,214,398,257,384,291,438,282,436,258,414,287,398,312
T,445,319,394,296,364,245,367,193,383,154,370,207,355,162,363,179,374,205,406,209,408,171,407,220,403,245,442,216,445,185,437,235,429,259,476,228,477,200,467,233,458,252
E,390,384,349,348,329,300,353,263,398,254,343,247,347,194,344,227,346,257,377,244,385,180,377,214,375,244,409,252,422,187,408,213,401,246,439,269,443,224,425,231,414,252
N,451,300,404,275,382,226,400,180,424,148,376,195,362,156,368,185,378,213,410,189,400,135,401,176,407,197,445,194,442,168,437,215,436,229,480,203,473,184,466,215,465,226
V,358,385,318,355,292,308,311,269,347,247,307,229,284,163,272,121,265,85,349,228,352,147,357,99,365,58,387,248,383,210,363,258,353,295,420,280,410,255,385,286,369,313
G,464,362,412,325,378,284,351,259,321,237,430,211,384,183,344,178,313,180,456,217,381,217,378,256,396,268,471,237,397,251,400,282,419,284,477,266,418,286,418,307,433,308
B,436,392,389,358,367,307,386,263,421,256,369,260,366,208,370,178,377,151,400,253,396,197,398,162,398,130,429,258,426,207,423,172,421,144,459,271,456,231,452,204,447,179
I,349,343,300,324,265,279,249,234,240,198,288,245,278,207,286,233,294,263,318,240,308,200,311,234,317,266,349,238,343,195,335,222,333,250,381,241,385,201,384,176,381,155
M,440,351,387,311,370,256,405,216,437,189,376,226,362,178,367,212,376,245,410,218,400,161,399,205,405,239,445,220,441,160,432,203,432,237,480,229,475,186,461,209,456,233
X,345,325,305,296,277,250,274,206,304,192,321,182,328,130,311,115,294,123,355,189,326,174,313,219,321,228,383,207,344,215,331,252,340,252,405,232,364,247,353,272,364,270
G,457,365,406,327,371,286,345,258,316,235,426,213,379,184,339,177,308,180,452,218,377,214,372,255,390,267,467,239,391,249,393,282,414,284,473,268,412,285,411,307,428,307
W,364,426,316,404,289,367,309,326,342,295,282,274,249,209,236,169,227,131,321,260,307,181,304,132,301,90,356,269,363,206,364,163,361,122,389,298,379,250,364,266,352,292
Q,392,134,340,168,304,202,294,243,285,276,238,133,210,215,204,268,201,310,277,112,264,214,303,220,317,199,325,106,324,206,348,198,350,170,374,106,368,185,379,180,377,154
M,429,351,381,308,372,252,409,217,442,194,379,223,371,172,371,209,376,242,413,218,408,160,402,204,405,237,448,222,448,163,434,204,432,237,483,234,481,191,463,213,454,236
M,421,344,373,310,358,261,388,225,417,202,362,234,349,189,353,221,362,250,392,226,382,173,381,212,387,243,424,226,419,171,411,209,412,239,457,234,451,194,437,215,432,237
Z,374,404,333,362,308,325,297,282,331,260,330,246,327,185,326,148,330,116,363,252,365,204,355,253,348,281,396,267,403,224,383,266,370,297,421,294,429,257,407,278,393,301
G,467,363,418,313,388,270,356,248,324,227,453,204,398,170,354,163,320,165,475,224,389,216,385,252,404,265,483,255,395,261,397,288,419,291,479,292,407,301,408,318,428,318
T,439,323,389,297,360,241,368,187,383,145,370,200,353,156,355,170,365,196,408,202,404,163,398,218,397,243,445,212,442,184,428,239,423,261,482,228,475,201,460,237,452,255
G,457,379,403,336,369,295,340,272,309,252,428,220,376,184,335,172,303,169,454,232,370,230,367,271,386,284,467,259,381,275,384,307,406,309,468,293,398,311,400,332,419,333
B,417,433,371,402,349,352,361,305,389,281,356,306,351,258,355,228,361,200,383,299,378,245,378,212,378,180,408,303,405,253,401,221,398,195,436,313,432,276,428,250,424,227
W,361,445,317,422,291,386,308,345,339,311,284,288,254,221,242,180,236,142,324,274,315,193,314,142,314,99,360,285,370,219,373,174,374,134,393,316,388,269,373,280,358,303
T,432,323,383,295,357,243,367,195,382,164,370,205,360,162,359,187,365,210,404,204,399,164,394,211,395,229,436,210,432,176,422,222,424,241,471,221,463,190,452,219,452,236
G,461,360,406,314,372,273,339,254,304,238,431,205,371,177,328,170,294,172,453,221,369,221,370,256,391,267,462,250,378,263,384,290,406,291,461,285,395,301,400,319,419,318
L,469,340,417,330,368,305,325,279,291,276,377,242,362,192,355,161,350,133,408,235,400,207,410,252,412,271,440,235,435,208,438,251,437,269,473,240,469,215,465,246,461,264
N,458,306,410,283,386,233,406,186,435,156,384,204,371,165,378,194,387,221,417,199,408,146,407,183,412,202,451,203,449,175,443,221,444,234,487,211,480,190,474,219,475,231
B,438,379,394,346,374,297,391,253,423,244,380,253,375,203,380,174,386,148,408,247,405,192,407,159,407,127,435,252,434,201,432,168,430,141,463,264,462,226,459,199,455,175
C,485,365,426,340,382,308,345,290,313,269,409,229,388,182,358,168,331,167,425,224,403,162,364,153,332,164,441,225,423,162,382,152,349,160,456,232,437,184,406,167,377,164
F,423,366,373,345,330,312,294,289,267,263,358,238,320,212,288,226,273,244,377,222,348,168,330,132,320,98,403,220,397,163,399,124,402,91,430,233,438,188,448,155,457,126
G,471,351,421,301,390,259,357,239,322,220,453,192,394,161,350,153,315,154,475,211,390,206,388,242,408,253,484,242,396,252,401,279,422,280,481,279,410,289,412,306,431,306
X,365,328,319,283,290,237,267,205,258,183,344,163,324,107,289,99,265,113,360,177,277,173,275,210,295,220,366,202,279,214,287,244,309,245,363,230,295,245,301,267,321,269
F,435,399,384,380,335,353,294,328,281,293,362,271,325,237,300,251,292,274,389,253,358,194,340,156,327,119,423,251,416,194,415,154,413,121,458,265,473,221,486,188,497,159
Y,340,335,294,310,257,263,231,222,203,195,289,215,285,169,282,206,281,241,322,214,319,177,309,220,307,254,356,219,361,173,347,201,337,227,387,228,414,186,433,160,449,133
Q,433,186,374,221,325,260,304,308,284,349,257,204,221,271,207,318,203,358,284,187,271,289,307,287,318,265,322,183,322,282,349,270,349,244,364,187,362,268,379,260,379,237
V,377,377,343,346,325,300,349,263,385,247,341,227,334,164,333,125,335,91,378,228,381,156,386,113,392,76,412,248,418,210,398,254,384,288,439,278,438,255,416,283,400,307
M,426,342,376,307,362,256,397,218,427,191,365,228,352,186,355,217,362,247,396,221,385,171,383,209,388,240,428,222,424,167,414,205,413,237,460,231,456,191,442,212,435,236
V,368,399,327,369,303,322,327,283,366,262,320,239,299,171,290,126,287,88,362,237,362,156,364,106,369,65,401,258,400,221,379,271,367,309,433,291,427,266,402,298,384,326
F,438,362,389,342,346,310,309,287,282,261,371,237,335,211,305,224,290,242,390,221,360,168,341,132,328,99,417,220,407,162,405,124,404,92,446,231,449,185,456,153,463,123
K,430,387,384,359,358,313,352,267,348,233,372,269,354,221,344,193,337,168,402,268,402,208,405,172,410,143,431,280,431,251,418,288,410,316,459,299,451,281,437,308,424,331
V,362,372,324,340,301,293,319,252,358,233,318,215,304,151,299,110,299,75,356,214,354,139,356,94,360,55,392,233,394,193,373,242,360,279,423,265,417,239,394,270,379,298
S,406,344,360,312,330,262,346,213,384,196,345,215,336,171,341,213,350,231,380,216,375,164,370,212,375,225,413,227,410,195,397,242,397,251,447,245,434,227,421,257,422,265
B,449,386,402,352,379,300,396,253,430,244,385,254,379,203,382,173,387,145,414,247,409,191,409,155,409,122,442,252,439,199,435,165,433,136,472,264,469,224,466,196,462,171
T,429,311,379,293,347,240,353,182,367,145,359,199,342,158,344,186,353,203,395,201,387,166,384,219,386,220,430,208,424,185,416,236,418,236,465,215,455,197,447,232,450,239
G,456,365,404,328,370,287,343,259,313,236,424,213,377,184,337,177,306,179,450,218,375,214,369,255,388,268,466,239,390,249,391,282,411,285,471,268,410,287,409,308,426,310
Z,372,347,331,311,306,277,296,236,327,212,322,209,315,152,314,118,317,89,351,213,351,168,345,212,340,239,381,223,382,182,368,221,362,251,407,244,408,208,390,229,382,250
E,401,379,360,349,340,299,365,260,407,248,346,249,345,195,345,224,349,254,378,242,381,178,377,207,378,237,410,247,417,184,408,207,404,238,440,261,442,218,428,226,420,247
R,374,433,336,401,314,349,334,303,367,271,328,275,331,215,345,177,361,142,362,275,345,200,338,159,336,122,398,290,390,251,372,301,360,339,432,316,415,292,392,325,378,353
J,388,384,329,367,278,324,257,278,274,246,312,267,300,232,302,266,306,301,344,258,332,228,332,275,333,313,379,254,366,211,361,250,359,289,413,255,410,206,404,175,397,147
Y,330,334,283,308,246,260,221,218,194,194,276,212,271,173,268,211,270,245,309,210,305,177,295,222,293,257,344,215,346,171,328,204,317,233,377,225,404,184,422,158,436,132
T,432,319,379,290,353,238,363,192,379,158,369,212,353,173,351,175,356,193,400,211,392,173,387,214,386,248,433,217,422,187,413,232,409,263,467,229,453,203,443,231,438,253
D,420,421,369,383,333,336,305,306,285,275,393,264,369,210,357,175,351,147,414,269,366,217,323,235,305,259,424,284,379,234,333,251,311,275,422,307,380,270,340,273,316,288
X,352,328,306,289,278,246,262,212,275,193,335,179,340,123,311,114,285,127,364,189,310,174,294,215,307,231,384,209,319,218,311,253,326,259,395,235,338,252,331,276,345,280
I,408,361,357,334,320,282,303,231,305,188,342,240,336,198,347,228,354,253,375,237,370,195,375,232,379,261,409,237,408,188,404,216,400,244,442,242,442,199,440,173,436,150
G,455,358,404,323,369,284,342,258,312,235,422,211,374,186,334,180,303,181,447,216,373,214,368,254,386,266,461,236,386,247,388,278,408,281,465,264,405,282,404,303,420,305
V,367,371,330,339,308,292,327,252,365,234,325,217,313,154,308,113,308,78,363,217,362,142,364,98,368,59,398,235,401,196,381,243,367,280,427,266,423,241,400,273,383,300
J,411,389,347,366,292,315,272,262,293,224,331,252,321,210,323,250,327,290,368,245,358,210,356,264,357,308,407,241,397,190,388,232,384,274,444,244,445,189,439,154,432,123
H,521,346,484,297,437,267,387,270,348,279,439,199,360,197,314,197,275,194,454,231,358,227,304,226,263,223,465,270,376,284,389,300,415,301,471,311,397,323,408,332,433,328
I,354,339,303,321,268,275,255,230,245,194,293,244,283,206,292,233,301,261,323,239,313,201,317,233,323,263,354,238,348,196,341,222,339,249,386,239,389,200,388,175,385,153
L,467,389,409,369,358,339,310,309,270,302,372,255,360,195,356,159,354,126,407,250,403,212,411,266,413,291,445,251,444,213,444,261,442,289,481,261,482,226,472,259,466,283
L,485,358,433,343,384,307,344,275,309,270,399,244,388,190,384,157,381,127,433,241,431,209,437,256,436,276,467,244,466,216,466,260,463,279,499,253,500,226,494,258,488,275
Q,389,164,343,210,302,248,282,283,264,318,226,177,194,243,187,291,187,326,252,155,236,245,277,259,297,245,289,147,287,237,318,240,326,221,331,147,330,219,349,221,353,201
K,446,428,398,394,371,343,365,293,369,255,389,294,371,242,360,211,354,183,422,294,427,229,432,190,439,158,453,307,457,276,441,317,430,349,483,329,476,309,460,339,447,365
Z,371,348,329,313,305,280,296,241,324,215,321,211,314,154,313,120,316,91,350,215,350,171,344,215,339,243,380,225,381,185,367,224,361,254,405,246,408,210,389,231,379,253
J,381,379,323,363,273,322,251,278,267,244,307,265,292,228,295,260,299,295,337,257,324,226,323,272,326,311,371,252,357,208,352,247,351,285,404,252,401,203,394,173,387,145
T,443,321,393,297,363,246,367,193,381,154,369,206,354,162,363,181,374,206,405,208,407,170,406,220,402,245,440,216,443,185,435,236,427,260,475,228,476,199,466,231,457,250
P,456,134,400,149,351,184,320,223,286,253,320,159,273,215,242,251,214,279,358,158,331,249,335,294,338,320,403,164,386,250,398,238,405,214,443,174,425,240,431,229,434,205
G,454,364,403,328,369,287,342,260,312,237,422,213,375,184,334,178,302,180,448,218,375,212,367,253,384,267,464,238,389,247,389,280,409,284,470,268,409,286,407,308,424,309
K,444,421,393,389,364,335,359,282,354,242,382,282,362,228,350,196,343,166,417,281,424,216,430,175,439,143,449,296,455,261,438,301,427,335,481,318,477,298,459,326,444,352
X,357,318,325,293,300,245,306,202,335,182,330,185,337,143,331,124,327,120,361,195,359,169,339,217,343,228,389,214,380,206,357,245,363,248,415,238,401,235,381,258,384,260
C,469,344,412,325,368,294,333,276,302,257,389,220,368,174,337,163,311,165,404,213,381,154,341,148,311,161,419,213,399,153,358,145,326,156,434,220,413,176,380,162,351,162
L,493,374,442,356,393,325,348,297,310,297,405,248,393,190,391,155,389,124,440,241,440,204,450,253,450,276,477,242,480,206,482,249,476,273,510,252,516,218,510,248,500,269
V,363,389,324,359,297,312,316,272,353,252,313,233,289,168,277,126,271,90,354,233,359,153,364,105,372,64,392,252,393,215,371,265,359,302,425,284,417,260,392,293,376,320
X,367,327,312,286,281,245,261,214,259,192,339,170,328,116,295,108,270,120,359,180,283,176,277,218,297,232,369,201,289,219,293,253,314,255,372,227,306,249,311,273,331,273
I,375,350,323,328,283,280,263,232,262,191,310,241,300,199,308,228,316,254,340,235,331,193,333,230,339,260,371,233,367,184,360,211,357,239,403,235,402,193,399,167,396,145
U,393,392,345,352,324,302,337,252,379,234,342,243,336,181,337,147,342,114,376,239,368,170,363,132,361,97,409,248,409,188,394,226,385,263,441,267,438,221,421,237,406,263
Q,436,199,369,232,315,270,292,320,271,369,255,202,218,277,205,328,200,371,291,184,272,291,309,289,320,266,338,181,327,285,355,275,357,245,384,186,373,271,387,265,387,239
Y,329,337,284,310,246,262,221,220,195,194,277,213,273,173,270,211,271,245,311,211,307,178,297,223,295,257,346,216,348,175,331,207,320,237,378,227,406,187,425,162,440,136
G,451,366,396,332,357,293,329,267,298,245,407,214,358,188,318,181,286,182,432,218,355,219,354,259,373,271,447,237,370,253,375,285,395,288,454,266,392,288,394,310,411,311
E,398,383,355,357,328,316,348,278,387,261,333,259,328,209,332,240,338,269,365,251,363,189,362,221,364,250,397,254,399,194,391,221,389,251,426,268,425,225,411,235,403,259
V,346,357,307,327,279,281,294,237,333,217,295,207,279,143,272,102,269,67,332,204,326,127,325,82,327,44,369,221,366,179,347,227,336,265,401,249,390,223,369,255,356,283
J,367,414,314,394,270,353,253,309,267,278,309,302,296,261,288,285,283,317,338,296,322,256,313,296,313,335,369,292,357,243,341,272,334,307,401,293,404,246,397,215,389,190
I,356,352,305,339,263,300,242,259,235,222,280,261,267,226,280,255,292,284,309,252,295,216,304,252,314,281,338,246,328,203,325,232,325,260,369,244,367,204,363,179,358,157
J,386,375,327,360,278,320,257,276,272,244,310,265,296,228,298,259,302,293,341,257,327,227,326,271,329,308,373,252,360,209,355,245,354,281,406,251,403,203,397,172,389,146
N,415,275,371,249,350,201,370,160,400,135,355,175,343,138,345,161,353,191,385,171,376,120,371,146,375,171,418,176,413,149,405,192,405,215,451,188,443,163,434,191,433,207
B,437,379,393,346,373,298,390,255,425,244,380,255,376,206,380,177,386,151,409,249,406,195,407,162,408,130,435,253,435,204,433,172,432,145,463,266,461,228,458,201,455,177
D,415,410,365,377,328,331,299,299,280,264,365,274,355,218,349,185,346,157,381,271,358,214,324,218,304,234,395,273,369,215,326,225,301,247,404,279,377,231,339,230,315,244
P,478,134,412,158,354,200,314,244,272,276,313,164,254,229,217,271,183,307,357,164,321,277,311,343,303,391,409,173,387,280,404,264,414,234,457,188,437,270,445,257,448,229
L,454,350,403,337,354,307,311,279,277,278,366,244,355,192,351,161,348,133,397,241,391,216,397,261,398,276,430,242,425,216,425,260,423,275,462,248,459,224,453,256,448,273
O,388,285,346,243,323,194,309,156,310,121,375,149,376,103,350,93,328,100,391,148,394,91,358,79,329,91,403,152,405,94,362,85,332,99,409,159,400,110,366,101,338,112
B,440,379,395,352,372,303,394,261,428,251,369,259,363,206,365,173,369,142,399,250,393,191,392,153,391,117,428,253,424,199,420,163,415,132,458,264,455,223,450,194,445,169
C,477,351,412,327,362,294,325,277,293,257,393,211,369,159,334,145,304,147,410,206,383,138,338,128,302,141,424,208,400,140,353,129,317,138,435,217,408,167,371,151,340,151
H,521,327,491,273,435,242,375,249,332,262,437,182,348,179,298,182,258,182,446,220,343,210,289,212,248,211,453,263,362,269,376,281,401,282,456,308,383,310,395,317,421,315
H,540,347,511,292,455,259,396,264,351,278,461,200,373,193,323,193,283,190,468,238,366,225,311,221,271,217,473,282,380,283,395,293,420,296,474,326,400,321,411,327,437,327
K,446,411,403,379,385,331,399,285,417,254,379,282,356,229,346,195,340,165,413,278,411,211,412,171,416,139,446,290,446,254,434,294,429,326,476,310,468,288,456,317,448,343
V,355,384,315,353,289,306,305,266,343,245,304,229,281,163,270,122,264,86,345,228,349,148,354,101,360,61,383,247,379,208,359,258,349,295,416,279,406,253,382,284,367,312
Z,371,392,330,352,304,316,292,275,322,248,325,237,321,175,319,137,322,105,358,243,359,195,349,244,342,272,391,258,396,214,377,255,367,287,418,284,423,245,400,267,388,291
S,382,359,338,326,309,267,327,218,370,209,334,220,325,178,325,224,334,239,368,223,363,171,353,223,360,234,401,237,394,205,377,256,382,262,434,257,416,238,401,271,406,277
K,438,390,394,360,367,313,361,266,359,230,382,267,364,217,354,188,347,161,413,266,415,205,418,168,424,137,443,279,448,250,434,288,424,318,471,300,467,284,452,311,438,334
A,418,334,358,312,311,267,294,213,305,172,335,215,328,173,334,214,341,243,370,214,363,170,364,222,369,250,405,220,400,179,395,233,395,263,442,231,435,202,424,239,417,263
K,442,410,394,379,364,331,358,281,358,243,381,280,361,228,349,196,341,167,414,279,417,215,421,175,428,142,446,292,451,261,437,303,428,337,476,314,471,296,456,325,442,351
X,353,323,322,299,296,253,302,209,330,185,318,190,320,146,316,128,315,122,351,199,352,173,335,223,335,229,381,217,379,210,356,250,356,248,409,239,403,236,382,261,380,262
T,435,308,387,293,352,239,354,180,371,142,362,195,347,156,351,187,362,201,399,198,392,163,389,217,392,216,433,205,430,181,421,233,423,231,468,212,461,194,452,229,454,235
E,404,366,361,341,337,298,356,258,394,240,342,245,336,194,340,220,347,250,372,238,370,177,369,202,373,232,403,243,407,184,399,205,395,234,433,258,426,226,413,241,406,264
A,439,309,387,293,347,255,332,209,344,177,370,217,370,180,375,213,377,236,399,217,397,178,399,222,399,242,427,220,427,186,424,230,422,251,456,228,456,206,449,235,443,252
S,394,342,349,312,318,258,332,208,373,192,334,210,326,169,329,212,337,226,368,210,363,161,356,210,363,219,401,222,398,189,383,238,386,245,436,239,421,221,408,252,411,260
K,450,424,402,390,376,339,372,287,373,249,393,288,374,236,364,204,357,175,427,289,433,224,440,185,449,154,458,304,462,271,446,310,434,342,487,325,482,304,466,334,451,360
Z,396,371,361,338,340,304,335,267,361,244,354,232,351,177,351,144,355,115,385,238,389,199,382,243,376,268,415,251,422,215,406,253,395,280,440,273,447,242,429,262,415,281
C,477,343,414,322,368,291,333,273,301,255,395,209,374,160,342,149,314,150,411,204,387,141,346,134,314,147,427,204,404,142,360,134,326,144,440,211,417,162,383,146,353,146
R,369,421,330,379,314,323,328,275,360,245,335,268,336,211,348,175,364,142,365,270,351,198,343,161,342,129,397,283,389,234,368,278,355,315,428,307,410,275,386,305,372,333
W,367,430,319,407,292,370,312,327,346,296,285,275,252,210,239,170,231,133,324,261,311,182,308,135,304,92,359,269,366,206,366,163,363,123,392,299,383,251,369,266,357,290
B,425,364,379,333,357,284,375,241,407,233,357,240,350,189,353,160,358,133,385,232,379,177,378,142,378,110,413,235,409,184,404,151,400,123,443,247,439,208,434,181,428,156
J,390,384,328,366,273,321,247,272,262,234,307,257,294,213,297,252,302,291,343,248,328,211,328,264,332,307,380,243,366,190,357,233,353,274,417,243,415,188,407,154,397,123
H,521,336,486,286,437,256,386,261,347,269,438,190,359,188,312,189,273,188,451,223,356,218,303,218,262,217,462,263,374,276,388,290,413,291,467,304,395,314,406,322,431,318
L,474,370,421,352,372,319,329,288,293,287,387,245,378,190,376,156,376,126,421,239,419,206,427,257,429,277,457,240,458,209,458,253,455,274,491,249,494,218,485,248,477,268
R,366,417,325,377,306,322,319,275,350,244,326,264,327,207,339,171,355,139,357,264,343,193,332,156,328,124,390,277,381,229,361,276,350,313,421,301,402,270,379,301,365,330
P,465,129,402,154,347,194,312,235,277,260,322,156,265,217,228,254,196,287,364,152,330,257,321,317,315,360,414,159,393,261,405,246,413,218,458,173,434,250,441,239,446,214
O,403,304,365,263,340,215,324,176,329,138,385,170,390,121,363,112,343,120,402,170,410,109,373,98,346,110,417,176,424,113,382,105,352,117,426,186,418,135,386,123,359,130
L,445,358,394,344,344,312,303,279,269,274,362,243,352,193,348,162,346,134,392,243,382,219,386,269,389,279,425,245,417,221,415,268,415,279,457,252,452,230,445,264,442,278
B,425,362,379,331,356,283,373,240,405,231,357,238,350,187,354,158,359,131,386,231,380,175,379,140,379,108,414,234,409,183,405,150,401,122,444,246,440,207,434,180,429,156
R,366,414,326,375,306,323,315,275,344,243,326,264,327,206,337,169,351,136,356,264,342,192,331,153,326,120,389,277,379,228,358,273,346,311,420,300,400,268,377,298,363,327
L,452,363,398,347,346,314,302,284,265,281,361,239,350,183,346,150,345,122,393,233,387,201,396,250,401,270,428,233,426,200,428,245,427,266,463,240,462,208,454,239,448,260
W,377,430,331,406,306,365,333,324,369,295,299,275,268,209,255,168,248,131,339,261,326,181,323,131,321,88,374,270,383,205,386,161,386,121,408,299,404,252,390,266,377,292
E,412,384,373,353,354,303,381,265,422,254,353,255,356,205,363,238,365,267,388,248,390,187,393,221,393,249,420,252,427,193,423,220,419,250,450,264,451,225,442,234,434,254
Y,324,334,277,308,240,259,215,217,188,193,273,211,267,174,263,213,262,247,307,209,302,179,289,224,284,259,342,215,343,176,323,210,309,240,375,226,403,186,422,161,437,134
U,365,372,314,334,291,288,298,234,344,220,303,231,291,171,289,137,291,106,337,224,323,158,315,119,312,84,369,231,367,174,356,214,349,250,402,246,396,201,380,219,369,246
V,372,401,332,373,308,326,333,288,370,266,323,244,301,176,289,133,283,94,365,243,372,162,381,113,391,73,403,262,409,227,388,277,374,315,434,293,432,273,409,307,391,335
N,448,305,403,279,379,228,399,183,427,152,375,198,362,159,368,186,380,216,409,192,398,136,398,173,405,197,444,197,441,169,435,216,435,234,479,207,473,184,465,214,465,228
K,432,385,385,356,359,310,354,264,349,229,375,267,356,218,347,189,340,163,405,266,406,207,408,170,413,140,435,278,435,250,422,287,413,316,463,297,456,279,441,306,429,330
V,345,358,306,329,278,282,293,238,332,218,294,206,278,142,271,101,268,67,332,204,326,126,324,81,325,43,368,221,365,181,346,229,335,267,401,249,389,225,368,257,352,285
Y,329,337,281,310,244,260,220,217,193,194,276,213,273,174,270,214,270,248,311,212,308,180,297,225,293,259,346,217,349,176,332,210,320,239,378,228,407,188,427,162,443,136
V,353,378,313,348,286,300,303,259,340,237,300,222,276,156,264,114,257,78,342,222,345,141,350,92,357,51,380,241,376,203,355,251,344,289,413,273,405,246,380,276,363,304
K,445,403,398,372,369,324,363,275,359,237,383,276,363,224,352,193,344,165,416,275,417,210,421,171,427,138,448,288,453,257,439,298,431,331,479,309,474,291,459,320,446,346
C,485,411,426,368,387,317,353,288,325,257,442,240,434,178,400,154,367,148,459,240,453,161,406,139,365,143,473,247,471,168,423,143,383,143,482,262,472,201,438,172,405,162
Q,441,192,375,228,326,264,304,314,284,361,264,201,226,272,215,321,211,363,301,180,280,285,318,286,330,264,348,175,336,279,364,272,367,243,393,177,381,264,395,260,395,234
U,392,400,352,363,333,318,346,275,382,256,348,259,344,203,346,171,352,141,379,256,373,193,369,159,369,125,410,266,412,212,400,250,392,284,440,286,440,243,424,260,411,284
D,434,449,385,420,348,367,321,332,305,298,392,301,383,238,377,201,376,170,411,301,381,241,341,254,321,277,426,307,396,255,351,268,328,291,438,321,409,279,370,278,345,292
G,456,363,398,322,362,279,334,252,302,230,421,205,369,174,328,166,296,166,445,214,363,209,360,248,379,261,456,237,371,246,374,278,395,283,456,268,388,286,390,307,408,309
A,445,342,394,327,352,289,334,243,350,213,375,247,374,212,378,248,381,270,406,246,403,210,404,256,404,275,435,250,434,218,430,263,428,281,465,259,464,238,456,269,451,284
G,454,357,403,322,368,283,341,257,311,236,422,209,372,185,333,180,302,182,446,214,371,216,370,254,388,264,461,234,387,248,391,279,411,280,466,263,408,282,409,302,426,302
R,369,423,329,384,311,329,325,281,355,249,327,272,329,214,344,179,362,146,358,271,342,197,333,158,331,123,392,283,384,234,366,280,355,319,424,306,405,275,383,307,369,336
S,418,380,376,348,342,297,355,245,403,222,350,233,345,183,354,235,362,256,391,233,392,169,388,228,389,245,429,246,434,216,419,272,414,279,467,266,464,249,449,284,444,291
I,398,352,343,328,304,276,286,224,288,181,326,234,319,191,329,222,336,248,360,230,353,187,358,226,362,255,393,229,390,179,386,208,384,237,427,232,425,189,420,163,414,139
O,415,302,365,260,331,211,308,172,302,132,380,147,373,93,338,88,315,100,397,147,390,77,345,75,316,94,411,153,403,84,353,82,321,102,419,165,398,112,360,105,331,115
H,529,331,497,278,443,246,388,249,347,258,446,182,362,180,314,180,276,179,456,218,358,209,305,209,265,206,465,260,376,268,389,281,414,282,469,304,397,307,408,315,433,314
X,338,321,304,294,278,244,282,200,310,178,305,184,312,138,303,120,297,116,337,194,334,164,316,214,319,225,367,212,357,203,335,245,341,247,393,235,379,234,359,259,363,259
Z,367,380,324,343,297,305,286,263,317,235,318,226,313,164,311,127,314,95,351,232,352,183,340,232,332,262,383,246,386,203,366,246,357,277,410,271,414,232,392,254,379,279
H,521,331,487,280,436,250,383,254,345,267,438,187,357,185,312,185,273,183,450,220,354,215,302,215,261,213,460,260,372,272,387,284,411,286,465,302,393,309,404,317,429,315
S,388,352,346,323,315,273,329,225,370,208,329,223,322,179,326,222,335,241,364,224,361,170,355,220,359,234,397,236,395,205,380,253,381,261,431,254,419,236,406,267,407,275
P,460,138,402,156,352,193,317,231,281,259,320,163,271,219,240,256,211,286,359,160,331,259,328,313,323,350,404,166,386,259,399,244,406,217,445,176,427,246,434,234,436,209
G,458,365,403,326,366,284,338,258,306,234,422,208,371,179,331,171,299,170,448,216,368,213,364,253,384,265,462,239,379,251,382,283,403,286,466,271,399,289,400,312,418,313
M,437,343,387,303,375,247,415,211,449,188,381,216,372,168,375,204,380,237,416,210,410,155,407,198,410,232,451,215,453,156,442,198,437,232,485,227,487,183,471,205,461,229
D,430,432,368,389,331,349,302,325,278,305,402,268,391,207,390,168,394,135,421,281,353,239,305,264,284,289,425,305,359,266,312,287,292,312,416,335,361,305,319,310,294,324
S,397,341,352,311,322,260,335,211,374,195,336,209,329,169,333,213,341,227,370,209,365,161,360,212,365,221,403,220,400,191,386,240,387,245,436,237,423,223,410,254,412,260
I,370,343,317,325,275,279,253,231,249,191,299,239,289,198,298,228,307,253,330,232,319,188,324,226,331,255,361,228,355,180,349,208,347,236,393,229,389,187,385,163,380,141
K,438,386,395,356,372,309,368,262,367,226,386,264,371,213,363,183,359,156,416,265,422,205,427,168,434,138,446,279,453,248,438,284,427,313,472,300,470,282,455,307,441,330
E,408,383,368,349,351,296,379,258,422,251,357,249,361,197,360,228,363,257,391,244,397,181,392,212,392,242,423,249,433,189,423,213,418,243,452,263,455,222,441,231,433,252
M,440,340,389,309,371,260,399,221,427,195,371,233,361,189,371,220,380,248,403,222,394,172,401,212,406,242,435,222,431,169,430,208,430,238,467,228,463,189,456,213,451,236
U,369,356,320,319,298,271,311,220,353,206,307,217,296,156,294,121,296,91,341,211,327,145,319,106,315,72,373,218,372,165,362,202,356,236,407,232,403,189,388,205,376,231
X,340,319,310,297,283,250,291,206,322,187,311,187,317,145,312,128,309,124,343,196,340,176,324,224,325,230,371,213,364,210,343,250,345,249,397,235,386,237,367,262,366,262
T,422,319,378,287,354,236,365,188,381,155,380,199,362,161,353,179,357,198,409,203,393,169,385,219,394,227,440,213,422,190,412,237,423,243,472,228,452,207,440,238,449,247
U,363,409,320,364,303,316,311,268,346,241,321,259,313,198,314,163,318,131,351,256,345,187,339,149,338,114,381,267,381,207,363,249,354,287,411,286,405,240,385,259,372,286
C,510,328,448,300,404,265,371,244,340,221,439,191,417,146,386,135,358,134,453,186,429,126,387,119,354,131,466,187,443,125,399,120,367,132,474,194,451,143,416,134,387,140
K,458,406,405,371,375,314,369,257,366,212,391,257,370,194,359,157,352,122,430,257,436,181,443,134,452,94,466,274,477,238,460,289,448,327,499,301,499,279,482,314,466,342
Y,332,335,286,307,248,259,223,218,197,193,280,212,276,171,274,210,275,244,314,211,311,177,301,222,299,256,349,217,354,173,338,202,327,229,381,228,409,186,428,161,445,135
J,383,375,326,359,276,319,255,275,270,241,308,263,295,227,297,259,301,293,339,254,325,225,326,269,329,307,372,249,359,207,354,243,354,280,405,249,402,201,396,170,388,144
A,455,331,404,319,362,283,344,238,359,207,384,240,382,206,388,240,391,263,415,239,412,204,414,249,414,268,444,242,443,210,441,255,438,274,473,250,471,229,466,261,462,276
I,410,358,358,330,322,279,307,228,310,185,348,239,343,197,350,228,356,254,380,236,375,193,378,231,382,261,413,236,412,187,406,216,403,245,445,241,447,198,444,172,440,148
O,394,305,356,261,331,211,316,171,323,134,379,164,386,113,357,105,336,116,396,165,406,103,368,94,340,108,411,171,419,108,376,100,346,116,420,180,413,129,380,118,354,126
Z,383,360,345,327,322,293,313,256,342,233,337,223,332,168,332,135,336,107,367,228,368,186,360,228,353,255,397,240,400,202,384,239,375,267,422,262,426,228,406,248,395,269
E,369,364,325,334,302,286,326,245,368,236,312,237,308,183,309,214,315,244,344,230,345,168,339,198,340,228,374,235,381,173,369,196,366,226,404,249,405,206,389,211,380,232
B,427,367,381,335,359,286,377,243,410,233,362,241,356,190,360,160,365,133,391,234,386,178,386,144,386,112,419,238,415,187,412,153,409,125,448,250,445,210,440,183,435,159
G,471,353,422,303,391,260,357,240,321,222,453,194,395,162,351,155,317,155,476,213,390,207,388,244,408,255,484,244,396,253,401,281,423,282,481,280,410,292,413,309,432,309
Z,388,361,351,326,331,292,321,254,351,233,345,223,340,167,341,134,346,105,375,229,377,188,371,231,365,257,404,241,409,203,394,240,385,269,428,263,434,230,415,249,404,269
K,432,384,387,356,361,310,355,264,351,229,375,267,357,218,347,190,340,164,405,266,406,206,409,170,413,139,435,278,436,249,423,285,414,313,463,298,457,280,442,306,429,330
C,485,339,426,321,375,295,335,282,301,263,394,213,368,161,336,147,307,146,413,208,387,141,345,133,311,145,433,210,409,145,366,136,332,145,453,221,429,177,395,159,365,154
Z,378,352,339,318,316,285,307,246,334,221,327,216,320,159,320,127,322,98,358,220,358,177,354,221,349,248,387,230,390,191,377,229,370,259,414,250,417,216,401,236,391,257
D,429,395,371,362,330,321,297,294,282,261,388,236,368,178,359,143,355,113,407,237,353,186,309,205,291,232,417,248,366,200,318,218,296,243,418,267,374,229,331,231,306,245
I,368,348,317,329,278,283,258,238,256,198,304,245,292,205,298,232,306,257,334,239,323,196,324,231,329,260,364,235,358,187,350,212,347,240,395,236,393,195,389,170,384,148
O,424,317,375,271,341,220,318,180,313,140,391,159,388,99,354,93,330,106,410,159,408,84,361,79,331,98,425,165,422,92,371,88,338,107,434,178,416,122,376,113,346,122
Z,372,344,331,312,306,278,297,238,326,212,322,210,315,152,314,118,316,89,352,213,351,168,346,213,340,240,381,223,382,183,369,222,362,251,407,244,409,208,392,229,382,250
O,397,295,357,251,332,203,317,163,323,127,380,155,385,104,355,98,335,109,397,156,406,93,366,86,339,100,412,162,419,99,374,92,344,107,421,173,412,120,377,110,351,118
B,438,380,393,347,371,295,389,250,423,245,375,250,371,199,375,170,381,143,404,244,400,188,401,153,402,122,432,248,430,197,427,163,425,135,462,260,459,221,455,194,451,170
R,374,440,333,402,313,348,326,299,357,265,327,283,328,222,339,186,354,153,360,284,345,209,335,171,329,138,394,298,384,253,367,300,357,338,427,321,408,291,386,323,372,351
C,473,345,414,326,369,295,334,277,303,258,391,220,368,174,338,163,311,164,406,213,381,153,340,146,309,159,421,212,400,151,358,144,325,153,435,219,414,174,380,160,351,160
D,419,433,364,394,329,344,299,312,279,279,400,269,377,206,368,170,366,140,417,275,361,214,314,232,296,258,423,289,370,231,321,247,300,270,415,311,375,263,334,259,309,270
Y,329,335,282,308,245,260,220,218,193,194,276,213,272,172,270,212,271,246,310,211,307,177,297,223,295,258,345,216,348,173,332,204,322,233,377,226,405,186,424,160,440,134
J,385,379,328,364,277,323,255,279,271,246,310,266,296,231,298,263,301,298,340,257,326,229,326,275,329,314,373,253,359,210,354,249,353,286,406,253,403,204,397,174,389,148
B,441,392,395,360,371,311,391,268,424,255,375,265,371,212,376,181,382,152,406,258,402,199,404,164,405,131,434,262,432,208,429,174,426,145,464,275,462,233,458,205,453,180
L,454,348,402,337,353,306,311,277,277,275,367,242,356,190,352,158,349,130,399,239,392,212,398,260,400,276,432,241,426,215,426,260,425,276,464,247,460,223,454,255,450,272
D,460,404,404,375,362,338,328,315,306,287,415,252,391,201,380,170,376,142,431,252,368,207,329,229,315,256,438,262,379,222,335,242,317,267,435,280,386,249,347,254,324,270
L,437,379,385,367,333,336,289,311,253,314,348,260,337,207,332,175,330,146,380,253,375,217,382,265,384,288,414,254,412,218,412,260,411,283,448,261,446,230,439,259,434,280
J,400,383,342,363,293,319,275,272,294,239,328,263,318,225,320,259,323,295,361,256,351,226,350,273,351,312,395,253,386,209,379,247,377,284,429,255,428,206,423,174,417,147
D,464,392,405,365,363,331,331,313,304,293,418,238,393,176,381,140,376,110,437,245,367,201,324,231,310,259,445,265,380,223,336,248,319,276,443,291,392,258,351,265,328,282
R,372,424,332,386,314,332,327,284,355,252,327,273,330,215,343,179,360,146,359,272,342,200,333,161,331,127,393,285,384,239,366,286,356,324,425,308,408,277,387,307,373,335
D,436,392,380,361,339,319,307,292,291,260,393,233,375,177,368,142,366,113,412,234,360,184,320,201,302,225,424,244,374,199,328,214,307,238,426,262,382,227,340,228,314,241
U,364,369,316,333,293,282,305,231,347,217,307,226,296,167,294,133,295,102,341,219,327,154,317,117,313,83,373,227,370,173,358,213,352,248,406,243,400,199,384,218,372,245
R,365,415,325,376,306,322,319,274,349,244,326,264,327,208,339,172,355,140,357,265,342,193,331,156,327,124,389,278,381,228,360,275,348,313,421,301,401,271,377,302,364,330
G,477,367,432,312,399,269,360,249,322,234,462,202,402,168,355,162,318,166,481,228,386,222,384,260,404,269,486,264,391,270,397,297,421,296,480,303,402,308,403,324,423,322
R,367,414,328,374,309,322,320,275,349,245,328,265,329,207,341,172,356,140,358,265,345,194,334,157,331,125,391,278,381,231,361,277,350,313,422,301,402,270,380,301,368,329
T,432,322,380,295,354,241,367,192,384,161,371,203,361,160,360,186,364,209,404,203,400,163,394,211,395,229,437,209,432,176,423,223,423,244,470,220,462,187,451,218,451,236
X,346,322,314,299,288,253,299,210,329,190,314,193,318,153,316,137,316,124,347,201,345,180,329,227,332,232,375,217,369,212,348,252,350,250,401,238,393,235,372,260,370,262
K,433,388,386,359,360,312,355,266,350,231,375,268,357,220,347,190,340,164,405,267,406,207,409,170,415,140,435,280,438,252,424,288,414,318,463,300,457,283,442,310,428,334
P,481,141,413,165,353,206,312,246,270,275,313,166,253,230,216,271,180,307,356,166,319,272,310,335,303,381,408,175,386,276,401,262,411,235,457,190,433,270,441,260,446,233
P,472,130,407,154,350,196,310,237,269,265,315,155,255,220,218,259,183,293,359,154,319,264,311,328,304,373,410,162,386,268,400,254,409,225,458,178,433,258,441,248,445,221
P,376,91,332,136,300,180,286,211,285,231,271,143,258,199,245,243,235,280,302,122,321,208,338,254,350,287,342,109,364,189,363,174,356,149,379,102,391,165,389,155,380,133
E,399,381,358,350,338,301,362,262,404,252,343,250,344,199,344,230,347,259,376,243,379,181,375,212,376,242,407,248,415,185,405,210,401,241,438,261,439,221,424,229,416,251
A,412,320,351,300,306,255,290,202,294,162,331,206,322,162,327,200,333,227,364,204,354,158,355,207,360,232,396,208,389,166,386,217,388,243,432,217,425,185,415,220,412,242
E,417,376,374,353,350,303,373,264,410,250,346,258,343,209,349,237,356,265,377,247,373,189,378,220,383,247,409,247,408,192,407,218,407,246,439,255,436,219,429,232,425,251
E,415,371,372,341,349,290,373,248,417,233,356,230,356,173,361,205,364,240,392,225,397,155,396,187,395,219,426,233,438,169,428,195,419,226,456,253,458,216,442,227,429,249
P,451,133,396,149,348,184,316,220,283,244,320,155,274,208,244,242,218,270,355,155,328,242,329,289,333,319,399,161,380,245,391,234,400,211,438,172,418,237,424,227,428,204
C,472,343,413,324,367,293,331,275,301,256,392,214,369,167,340,156,312,157,407,207,382,149,343,141,312,153,422,207,399,148,358,139,327,149,436,213,414,166,381,151,352,150
X,359,316,329,292,304,249,312,207,339,183,321,187,322,146,320,127,322,116,355,196,358,167,342,215,341,223,385,213,385,206,363,245,361,244,412,236,409,232,388,256,382,258
C,502,331,444,309,399,278,360,257,327,232,423,201,399,155,369,142,341,140,439,194,415,135,376,126,344,138,457,194,437,133,397,122,365,131,475,200,455,151,423,136,394,137
S,385,340,341,311,310,258,324,209,364,193,327,209,318,168,322,212,330,227,361,209,355,160,350,211,356,221,394,221,388,191,375,241,378,246,428,238,413,221,400,254,403,260
Z,369,347,328,312,303,279,292,239,321,214,318,212,311,154,310,120,313,91,347,215,346,170,341,215,336,242,376,225,378,184,364,222,357,252,402,246,404,210,385,231,376,252
Z,379,353,340,319,317,286,307,249,334,224,331,216,326,160,326,127,330,98,362,220,363,177,356,223,349,249,391,232,395,193,380,232,372,260,417,253,421,219,402,242,392,262
W,362,444,320,424,292,386,313,349,347,319,287,295,259,231,249,191,242,154,326,281,317,203,316,155,314,114,361,291,371,227,374,185,376,147,393,317,387,279,373,295,362,316
B,421,405,374,375,352,327,368,284,401,279,353,287,345,241,348,214,353,189,379,280,370,232,369,201,368,173,404,283,398,239,393,210,390,187,433,291,428,257,422,234,417,214
S,412,379,371,345,338,293,353,244,400,224,347,234,341,184,351,236,360,257,386,234,385,171,383,232,385,248,424,247,427,214,414,270,411,279,461,268,457,248,444,282,440,290
C,476,352,412,328,362,295,325,278,291,258,395,211,371,158,336,145,305,147,411,206,384,138,339,128,304,140,424,209,399,141,352,130,316,140,434,219,406,170,370,154,339,153
S,407,378,365,344,332,294,347,245,393,225,343,233,336,186,345,236,353,256,382,234,381,176,377,234,379,249,420,248,422,215,408,269,404,278,457,268,451,249,437,283,432,291
M,440,350,387,311,370,255,407,215,440,188,376,224,362,177,365,212,374,245,410,217,400,160,397,203,403,237,445,219,442,159,431,201,431,236,480,229,475,185,460,208,455,233
T,425,329,374,301,345,240,353,185,371,142,357,198,340,153,341,164,350,190,396,201,391,161,384,218,383,245,435,213,431,182,416,238,409,263,473,231,466,203,448,238,439,257
A,452,337,395,320,353,283,335,236,346,202,376,243,372,204,378,236,383,260,407,242,401,201,404,246,407,267,437,244,433,207,431,253,431,276,468,251,465,226,458,257,454,276
U,397,380,352,340,333,288,351,241,389,223,351,234,344,175,346,142,350,110,383,229,375,164,369,127,368,92,415,238,417,181,401,219,392,255,447,256,445,212,427,227,413,252
F,430,344,379,326,334,298,298,274,273,246,358,224,322,196,294,208,281,226,379,207,346,154,326,119,312,86,409,204,395,150,391,114,387,82,443,214,442,169,446,138,450,110
V,380,385,344,351,325,304,349,266,385,248,343,228,332,164,329,123,330,87,380,229,382,154,385,109,392,71,415,248,422,210,401,256,387,293,444,280,443,255,421,284,404,310
J,396,391,335,373,284,330,263,283,277,248,316,274,304,234,308,268,312,303,349,265,336,231,338,279,341,319,383,260,371,213,367,251,366,290,417,259,414,209,407,178,399,151
I,366,341,312,322,271,277,249,231,244,191,295,237,284,198,293,226,302,251,326,229,314,187,319,222,325,251,357,226,351,178,345,205,342,233,388,226,385,184,380,160,375,138
G,461,371,411,335,379,294,354,266,323,244,432,218,386,190,346,183,315,185,458,224,384,219,378,260,395,273,474,245,400,256,401,288,421,291,479,274,420,294,419,315,435,315
S,388,339,342,311,311,258,325,209,366,193,328,209,319,168,322,212,330,226,362,209,356,160,350,210,357,218,395,220,390,191,376,240,379,245,428,237,414,221,401,253,404,260
R,370,423,330,384,312,330,324,281,354,250,327,272,328,213,342,177,359,144,358,272,341,198,331,158,326,123,392,284,382,238,364,284,354,322,424,307,405,275,384,307,371,336
C,474,342,414,323,369,293,334,274,303,254,392,217,370,170,338,159,311,160,407,210,383,149,342,142,311,155,422,210,401,149,358,141,325,150,436,217,414,172,380,158,350,158
H,532,334,500,280,446,249,391,252,349,261,450,186,365,182,317,183,278,181,460,221,360,212,307,212,267,209,468,264,379,271,393,285,418,286,472,308,400,311,411,320,436,318
L,479,338,425,330,374,303,332,277,298,274,384,239,369,188,363,158,358,130,416,234,409,202,418,249,420,267,449,233,445,205,448,250,447,267,481,237,479,212,476,243,472,260
U,374,364,326,326,305,277,322,228,363,213,317,224,306,164,304,130,306,99,350,217,337,151,328,113,324,79,383,224,380,173,369,211,364,247,416,240,411,196,396,214,385,242
P,473,144,408,162,348,205,308,250,270,285,314,173,256,239,221,279,188,313,357,174,321,280,310,340,301,384,408,182,385,282,398,267,407,240,454,197,431,274,438,263,444,237
O,399,306,363,253,349,202,342,162,349,127,410,170,416,123,389,112,365,115,426,171,434,114,397,102,366,112,439,177,448,117,406,105,373,116,447,184,449,132,416,116,386,122
Y,325,338,279,311,242,262,217,220,191,193,274,213,268,173,264,213,264,249,308,212,303,180,291,226,287,260,343,217,344,177,324,212,310,243,376,229,405,188,424,163,439,136
J,403,383,345,364,296,319,277,271,297,238,330,264,322,225,325,259,327,295,364,257,356,225,354,272,353,311,399,253,392,208,385,246,382,283,432,255,432,205,428,174,423,146
D,429,445,381,415,344,362,315,328,297,293,387,296,378,233,372,195,370,162,406,296,377,236,336,247,313,269,422,303,390,249,343,262,317,284,432,317,404,272,364,269,336,283
Z,375,399,339,364,315,325,311,286,339,262,334,246,327,184,327,146,329,113,370,254,375,210,365,258,357,284,404,270,413,229,393,270,379,300,431,297,441,262,419,283,403,304
B,430,374,383,345,360,293,378,247,412,240,364,248,357,197,360,167,366,140,393,240,387,184,386,150,386,117,421,243,417,192,413,159,410,131,450,254,446,215,441,189,436,165
V,354,384,314,354,287,307,306,267,342,244,302,227,278,161,267,119,260,83,344,227,347,146,352,97,359,57,382,246,377,210,356,258,346,295,415,278,405,252,380,283,363,311
Y,345,337,298,311,261,264,235,224,207,198,292,217,289,172,287,211,286,246,326,216,323,179,313,222,311,256,360,221,365,176,352,201,343,224,391,231,418,188,437,161,453,135
G,458,371,407,334,373,292,346,264,316,240,428,219,380,191,340,185,308,186,454,225,379,220,373,261,392,273,469,246,393,256,394,288,415,291,474,276,413,293,412,314,429,315
C,458,350,393,319,348,281,315,261,284,238,392,204,366,156,330,144,298,146,404,200,374,137,328,129,293,143,412,203,382,138,335,131,301,142,412,212,381,162,343,149,312,149
S,405,346,362,316,333,264,347,214,386,196,348,213,339,171,344,216,352,230,382,215,377,164,371,216,377,225,415,227,412,194,398,245,400,250,448,245,436,226,423,259,425,265
A,454,335,397,319,355,282,337,235,347,201,378,242,374,202,379,235,384,259,409,240,402,199,405,244,408,265,438,242,434,204,432,250,432,273,470,249,466,224,459,256,455,273
P,466,120,403,146,349,185,316,228,278,258,323,149,265,215,228,254,196,287,368,145,329,253,319,317,313,364,419,153,391,256,402,242,411,214,464,169,437,246,441,236,445,209
A,437,323,386,305,349,262,338,214,353,183,374,222,378,188,379,224,380,247,405,225,407,189,404,235,402,255,434,232,437,199,429,246,425,266,463,243,464,222,454,253,447,268
K,429,383,384,354,358,309,354,264,350,230,374,266,355,219,345,192,338,166,403,265,403,207,405,171,410,142,432,277,432,249,418,284,410,313,460,297,451,278,437,304,426,328
S,393,364,348,333,318,273,335,222,379,212,342,224,334,181,335,227,343,241,377,226,372,175,362,228,369,237,410,240,403,209,387,260,391,264,444,260,426,242,412,275,417,281
A,459,340,401,323,357,285,339,237,350,202,381,243,378,204,384,238,388,262,413,242,407,201,410,247,412,269,444,245,440,208,438,255,438,277,475,252,472,227,466,259,462,277
O,400,296,359,255,335,205,321,164,325,128,380,157,387,105,359,97,339,107,398,158,407,95,370,86,343,100,413,163,421,100,378,93,350,109,424,173,418,120,385,110,360,119
Q,408,143,351,180,308,220,297,271,284,319,247,150,216,234,210,290,208,337,286,129,274,239,311,235,320,206,335,123,335,228,357,218,353,187,383,123,380,205,389,199,386,172
L,494,366,443,353,394,324,352,297,315,293,405,259,392,207,387,175,383,145,438,255,433,226,441,273,441,289,472,256,469,230,470,274,467,289,505,263,504,238,499,270,494,286
P,460,117,389,144,330,196,296,253,262,300,302,165,247,244,212,294,182,339,352,159,324,281,318,347,315,396,408,164,390,279,398,259,405,226,458,176,437,265,440,250,442,219
S,387,344,343,314,313,261,328,212,369,198,330,212,323,171,325,215,333,230,364,213,359,163,352,215,358,224,396,225,393,195,378,245,381,250,430,243,417,225,403,257,405,263
K,430,385,384,357,358,312,352,266,349,232,373,268,354,221,344,193,337,167,403,267,402,208,405,171,410,142,432,279,431,250,418,286,409,314,459,298,451,280,437,306,425,329
N,419,286,377,258,357,209,380,168,411,144,361,181,351,144,352,170,359,199,392,178,385,127,379,160,383,183,425,184,422,158,412,201,412,220,458,196,451,173,441,200,440,214
J,386,376,329,359,278,318,257,273,274,238,312,262,298,224,301,256,305,291,343,254,330,223,330,269,332,309,377,249,364,205,358,242,357,279,410,249,407,201,401,170,393,143
I,385,348,331,322,291,271,272,220,274,175,320,229,311,185,319,216,326,242,352,224,344,177,346,217,351,247,385,222,383,169,375,198,371,227,419,225,418,179,413,152,409,128
R,366,414,327,375,307,322,319,274,350,244,326,264,327,206,339,170,354,138,357,264,342,193,331,156,327,125,390,277,380,229,360,275,348,313,421,300,400,270,378,301,366,329
L,477,343,425,335,376,308,334,281,299,278,385,243,371,193,365,162,360,135,417,238,411,208,420,254,420,272,450,238,446,211,449,254,446,272,482,243,479,217,476,249,472,266
A,444,271,388,255,346,218,328,172,342,141,367,178,366,138,371,170,374,194,398,177,394,135,396,179,397,200,426,179,424,142,423,186,422,206,456,185,456,160,450,190,446,206
V,368,368,331,337,310,288,331,247,369,229,327,212,315,149,310,109,309,74,365,212,365,137,366,92,371,53,401,232,402,193,382,241,369,278,431,263,425,238,403,268,387,295
Z,375,347,333,313,309,280,300,242,328,216,324,211,318,154,317,121,320,91,355,215,354,170,349,214,342,241,384,226,386,187,372,226,365,255,410,247,413,212,395,233,385,255
J,387,373,330,358,279,316,259,271,275,237,312,261,299,222,302,253,306,287,344,253,332,221,331,266,332,305,377,248,366,203,360,240,358,277,410,248,408,200,402,169,395,142
E,409,384,370,355,351,303,377,264,417,252,350,256,351,204,356,236,359,264,384,248,385,185,387,217,388,244,416,251,421,190,417,217,414,246,446,264,447,225,437,236,429,256
W,363,438,316,418,288,385,305,345,337,312,279,288,246,222,233,180,225,143,319,274,307,193,306,144,303,101,355,283,363,219,364,175,364,135,389,312,381,267,367,282,356,306
N,444,305,399,280,375,230,393,185,421,155,374,198,360,156,363,182,375,212,408,191,395,130,392,169,399,198,442,195,434,168,428,217,432,235,479,206,463,186,458,218,460,229
S,403,381,362,349,329,299,343,250,389,231,339,239,333,191,341,240,349,260,377,239,376,182,372,240,375,255,414,252,416,222,402,275,400,282,451,273,445,255,431,288,427,295
F,423,357,373,341,327,313,288,288,263,258,351,237,315,208,286,219,271,236,372,221,339,168,319,133,304,99,402,217,386,162,381,126,377,93,435,226,433,181,437,150,441,122
T,460,324,413,294,388,235,399,185,416,147,407,198,395,154,391,171,395,198,442,204,439,169,426,220,423,244,477,218,473,187,454,238,446,262,510,237,504,208,485,240,476,258
C,467,337,411,319,365,288,331,270,301,251,387,215,365,170,335,160,308,161,402,208,376,150,337,144,307,157,417,207,394,149,354,141,323,151,430,213,408,169,376,155,348,155
R,367,413,327,374,306,320,319,271,352,242,327,263,328,207,341,172,357,140,358,264,343,192,333,155,330,122,391,277,382,228,362,274,350,312,422,300,404,269,380,299,363,327
I,371,332,318,316,276,274,253,230,247,191,297,237,284,198,293,224,302,249,327,228,314,187,318,220,325,249,356,222,348,176,343,202,342,230,387,221,382,182,376,159,370,140
S,414,375,374,344,338,291,353,240,398,220,346,235,337,186,349,237,356,255,384,235,380,174,380,234,383,248,421,247,422,213,412,268,409,275,458,266,452,248,440,281,438,287
O,398,298,357,256,331,205,317,164,321,127,377,156,383,104,354,97,335,108,395,156,403,93,364,85,338,100,410,162,418,98,374,91,345,107,421,172,413,119,379,108,353,117
V,363,385,323,356,296,309,316,269,353,246,312,229,288,164,276,122,269,84,354,227,357,147,362,99,370,59,392,246,390,209,370,258,358,296,424,278,415,254,391,287,375,315
S,387,344,342,314,312,263,326,214,367,197,328,213,320,170,324,213,332,230,363,214,358,163,352,213,357,224,396,226,391,195,377,243,379,250,430,244,415,225,402,256,405,264
H,522,344,488,293,440,263,389,268,351,280,441,199,362,198,316,198,278,196,454,232,359,227,306,227,265,225,465,272,377,285,391,299,417,300,470,313,398,322,408,330,433,327
F,420,363,367,337,329,299,302,262,292,224,372,237,347,199,322,196,305,207,396,224,383,169,364,136,346,110,424,224,416,170,405,133,394,103,451,233,464,186,472,152,477,121
B,417,429,371,399,351,347,370,307,401,305,351,304,346,255,350,225,356,198,378,297,371,244,372,210,372,178,405,300,400,253,396,221,394,193,434,311,429,274,425,248,421,225
D,438,386,378,354,337,313,306,287,291,254,390,229,372,173,365,138,362,108,410,229,359,180,319,196,301,220,423,239,374,194,327,209,305,231,427,256,384,221,341,221,313,232
H,537,333,509,280,451,250,389,258,344,270,453,194,366,191,316,192,277,191,458,231,358,222,306,221,266,217,463,275,375,279,391,288,416,289,466,320,396,319,410,324,436,323
R,368,421,328,381,309,326,322,277,353,247,329,267,331,211,345,175,362,143,360,268,346,196,334,159,330,127,393,281,384,231,362,277,350,316,424,305,404,273,381,304,368,333
U,387,379,341,340,322,287,338,239,378,225,341,235,334,177,336,143,341,112,373,231,365,167,359,130,357,97,404,240,407,185,393,220,383,255,436,257,435,212,418,226,404,251
K,444,404,395,373,367,325,360,276,358,238,382,275,362,224,350,193,342,164,415,274,416,211,421,171,427,139,447,287,451,256,437,297,427,329,477,309,471,291,457,320,443,345
O,407,322,369,275,349,228,339,192,344,157,405,186,412,140,385,131,361,138,422,189,428,132,391,124,362,135,435,196,442,138,401,129,371,141,445,207,442,156,410,143,383,148
X,346,316,314,292,288,245,294,202,321,180,312,178,314,138,309,121,308,115,347,187,345,165,327,215,328,223,377,205,371,203,347,244,348,244,405,229,395,231,373,257,371,258
T,427,316,379,289,353,237,362,186,379,152,374,199,357,163,353,182,360,198,407,204,396,169,387,219,395,222,439,213,427,190,415,237,424,239,472,226,457,206,444,237,451,244
U,373,372,325,333,304,281,318,230,359,220,323,229,314,171,314,138,316,107,355,223,345,160,338,122,336,87,386,232,386,177,371,213,362,247,417,248,415,202,399,216,385,241
H,525,338,491,286,440,257,387,264,350,282,443,198,362,195,316,196,277,195,456,232,360,226,307,226,265,225,466,273,378,282,393,293,418,294,471,315,399,320,410,326,435,324
A,457,336,406,324,364,287,347,240,363,212,387,245,389,209,394,245,395,267,418,246,418,210,420,256,418,273,446,249,449,219,447,265,443,282,475,257,476,237,471,268,466,283
Y,339,332,293,304,255,257,230,217,202,193,287,210,282,168,280,206,281,241,320,209,317,174,308,217,306,251,355,214,359,169,345,195,336,220,387,224,414,182,432,155,448,129
R,364,412,324,374,303,320,315,272,346,242,324,262,325,205,337,169,352,136,354,263,340,191,329,154,324,122,387,276,377,228,356,273,345,310,418,299,397,268,375,299,363,327
T,461,319,408,296,375,242,380,186,403,147,382,201,370,156,383,176,393,201,421,202,428,165,428,217,421,240,458,209,467,180,460,232,449,252,494,222,500,197,492,232,482,249
Z,390,364,352,329,331,296,320,259,347,238,347,226,343,171,343,138,347,110,376,232,377,191,371,234,365,261,405,245,410,206,395,244,386,273,429,267,434,234,416,254,405,274
G,455,367,405,330,370,291,343,263,313,240,425,216,378,188,337,182,305,184,451,221,375,218,371,258,389,270,466,242,390,252,391,284,411,287,470,271,409,289,407,309,423,311
K,446,428,397,393,371,340,369,290,370,252,391,292,371,240,360,208,353,180,424,293,430,228,437,189,446,158,455,307,458,274,442,314,430,347,484,329,478,306,461,335,447,362
B,435,378,390,345,369,296,386,253,419,243,375,254,371,204,375,175,381,149,404,248,400,193,402,160,402,128,430,252,429,202,426,169,424,142,459,264,457,226,454,199,450,175
A,389,326,336,308,294,269,278,224,292,190,321,224,313,188,314,223,319,248,350,224,341,185,340,229,345,253,380,228,372,192,367,239,368,265,412,238,403,213,392,245,388,266
W,363,447,319,426,291,388,312,351,347,323,288,296,261,232,250,192,244,155,328,283,318,205,317,157,316,116,363,293,372,229,375,186,377,148,395,321,388,280,375,295,364,318
F,436,354,384,335,337,309,299,285,276,255,360,232,324,203,296,217,283,236,382,216,348,162,327,126,313,91,413,213,398,158,393,120,389,87,447,223,446,177,451,145,455,116
B,431,364,384,335,360,287,378,244,409,232,362,243,356,192,359,161,364,133,391,236,385,180,385,145,385,113,419,238,414,188,410,155,406,127,448,249,444,209,439,183,433,159
C,471,341,413,322,368,291,334,273,304,254,390,217,368,172,338,161,312,162,405,211,380,153,341,146,310,158,420,211,399,152,358,144,326,154,434,218,413,174,381,159,353,158
G,468,363,415,326,382,287,356,261,325,238,434,211,387,185,347,179,316,181,461,217,386,217,382,257,400,268,478,238,404,252,405,283,426,284,483,269,424,288,421,309,436,309
Z,373,348,333,313,309,279,301,241,329,216,325,212,319,155,320,122,323,93,355,216,355,172,349,216,343,243,383,227,386,186,372,225,365,254,409,248,412,213,393,234,383,255
Y,332,299,284,271,248,221,223,178,193,157,287,177,287,141,288,183,288,218,322,177,324,150,315,198,310,232,356,183,365,144,350,181,338,212,386,194,417,153,439,129,457,103
M,421,346,371,310,358,259,391,224,419,199,363,231,347,190,350,223,360,252,393,223,382,174,379,215,387,244,424,225,420,170,410,210,413,240,456,233,450,194,436,217,434,239
F,426,396,378,370,338,334,303,308,282,278,368,258,330,230,301,244,290,265,389,243,363,184,349,146,342,110,416,245,418,184,425,143,431,107,443,261,460,216,477,183,492,154
Z,398,371,361,335,342,303,333,266,361,243,355,233,350,177,350,143,354,114,384,238,386,196,383,240,378,265,414,250,420,211,406,249,397,276,438,272,445,239,427,260,416,279
P,439,70,388,109,346,161,323,204,296,237,311,128,273,200,250,243,229,281,351,116,345,221,355,277,365,316,399,113,403,211,407,192,408,162,444,117,439,192,439,177,435,151
Y,323,336,277,310,240,262,216,219,189,193,271,212,266,174,263,215,262,250,306,210,302,179,290,225,286,260,342,215,343,175,323,209,310,240,374,226,402,186,421,161,437,135
I,377,340,324,316,286,268,269,220,266,180,314,231,306,190,313,219,319,245,345,226,338,184,338,220,341,249,375,225,374,177,365,203,361,230,406,228,408,187,406,162,404,141
T,426,324,380,293,352,241,360,201,380,181,372,202,364,162,358,184,361,201,402,200,396,160,388,204,392,218,435,205,428,168,418,212,422,228,469,215,460,181,448,209,449,226
I,395,356,339,329,299,275,279,222,279,176,327,231,318,186,326,220,334,247,361,226,352,180,355,221,360,252,395,225,392,171,385,202,382,232,429,229,429,183,425,155,420,130
J,399,390,339,374,286,332,264,284,282,249,319,274,307,234,312,270,318,306,352,265,341,233,343,280,346,318,386,259,375,213,371,251,371,288,420,258,416,209,409,178,402,151
G,465,369,414,319,381,275,348,254,314,234,446,208,386,173,342,166,307,169,467,226,379,220,377,257,396,270,474,256,385,265,390,294,412,296,470,292,399,305,402,323,421,322
Q,437,198,371,231,320,267,297,317,274,363,255,199,214,276,203,327,200,369,291,180,270,289,310,286,322,262,338,175,327,281,356,271,358,241,385,178,372,266,387,260,388,234
X,350,316,319,293,291,246,298,203,327,181,314,180,315,139,311,121,311,117,348,188,348,167,331,216,332,224,379,206,375,204,352,244,352,243,407,230,399,232,378,257,375,257
L,486,351,435,340,385,311,343,286,308,283,397,248,384,196,378,165,374,136,430,243,424,214,432,260,433,278,463,244,459,218,462,262,460,278,497,251,494,225,489,257,485,274
N,453,307,409,280,388,231,406,185,429,152,378,197,367,158,374,185,384,215,413,192,405,137,406,176,410,200,448,197,446,172,441,218,440,233,483,208,477,187,471,218,470,229
U,389,440,336,397,318,351,325,296,372,278,329,274,322,209,324,173,328,138,366,271,356,198,353,158,351,117,400,284,400,218,389,268,381,307,434,307,429,256,414,284,405,314
C,494,355,429,330,381,294,345,273,312,251,411,210,388,159,354,145,324,145,428,204,403,136,358,127,323,141,443,206,422,138,375,128,338,137,457,214,433,163,397,146,365,143
S,389,349,347,320,317,270,331,222,371,206,331,218,325,177,327,221,334,237,365,220,362,169,355,220,360,230,398,231,396,202,381,251,382,256,430,249,419,233,406,265,407,271
O,396,294,355,254,328,203,313,161,320,124,374,154,378,102,350,95,330,106,392,153,398,91,360,84,334,100,407,157,412,96,370,91,342,107,418,167,411,118,379,106,353,113
B,428,362,382,332,359,283,376,240,407,231,359,239,352,188,355,158,361,131,388,232,382,176,382,141,381,109,416,235,411,184,407,150,404,123,446,245,442,207,437,180,432,156
H,515,335,479,287,429,259,379,264,343,274,430,194,352,195,306,197,268,195,443,225,350,224,298,226,257,225,454,263,370,280,384,293,408,294,460,304,391,316,402,324,426,321
D,459,408,404,379,361,343,326,321,306,294,416,253,389,199,378,167,373,139,432,256,367,209,327,234,313,262,439,270,380,226,338,249,323,276,437,292,390,257,352,262,331,277
J,385,382,327,365,276,324,254,279,269,245,309,266,295,230,297,262,299,297,340,258,326,228,325,275,327,314,373,253,360,209,354,248,353,286,407,253,403,204,397,174,389,147
Y,333,333,287,307,250,259,224,219,196,194,280,211,275,169,273,207,274,242,313,210,309,174,299,219,298,254,348,215,350,169,334,200,323,229,380,224,407,182,424,156,439,129
B,430,366,384,333,363,284,382,242,414,232,364,240,359,189,363,158,369,131,393,233,389,177,390,142,390,110,421,237,418,185,415,152,412,124,451,248,448,209,443,182,438,158
M,455,343,400,311,379,258,412,216,445,189,381,227,369,181,380,215,390,246,415,216,405,162,413,207,418,239,450,216,447,158,445,202,445,234,485,224,482,182,474,207,467,232
L,491,365,443,355,393,324,351,296,315,293,404,258,392,205,387,173,383,144,437,254,433,225,441,271,441,288,470,254,469,229,471,273,467,288,503,261,503,235,499,267,492,284
V,373,399,335,369,311,323,335,286,374,266,326,243,304,176,293,133,287,95,368,242,375,163,385,115,394,76,406,262,411,226,390,275,377,313,438,294,434,272,411,305,394,332
I,370,343,317,323,277,276,257,229,252,189,302,238,291,197,299,225,307,250,332,231,323,188,325,224,330,253,363,228,358,178,352,205,349,232,395,229,392,187,389,162,385,141
F,416,347,366,329,322,300,286,277,257,251,347,225,309,203,279,216,264,234,364,209,334,158,316,123,305,90,390,206,381,151,380,113,380,81,418,216,422,171,429,139,435,110
C,468,339,411,320,366,290,332,272,301,253,388,216,366,171,335,160,309,161,403,210,379,151,339,145,309,158,418,209,397,151,355,143,324,153,432,216,410,172,378,158,350,158
C,488,344,424,319,376,286,337,268,303,245,405,201,382,149,349,135,319,134,423,195,398,128,355,118,320,131,440,195,420,128,375,116,339,126,456,204,435,153,400,135,368,133
Q,432,187,377,226,329,263,307,308,289,348,262,207,227,271,215,318,211,356,289,188,276,286,313,287,325,267,327,182,326,276,353,270,354,245,369,183,367,260,384,256,384,234
X,347,321,315,294,290,248,293,207,320,187,325,183,333,138,324,119,315,122,358,193,348,171,327,216,330,228,386,213,368,213,345,250,351,252,411,240,390,242,369,265,371,266
V,346,362,307,331,281,284,298,242,336,222,298,208,283,144,276,102,274,67,336,206,331,128,331,83,334,45,373,224,370,184,350,232,338,269,405,255,396,228,373,259,359,287
M,430,350,381,307,371,251,408,216,441,193,378,222,368,173,368,209,374,242,411,216,405,159,399,203,402,237,446,220,447,161,432,203,429,236,480,232,479,189,460,211,451,235
F,439,354,386,336,339,310,302,287,279,256,361,233,324,205,296,219,283,238,383,216,349,162,328,126,314,91,414,213,399,158,394,121,390,89,449,223,448,177,453,145,457,116
T,453,329,406,294,384,233,398,183,415,145,406,200,392,160,386,160,387,176,439,204,432,166,416,213,413,241,472,217,464,184,444,233,438,259,504,238,494,209,474,237,467,254
S,399,368,352,335,320,276,334,221,377,201,339,221,327,177,330,226,341,240,377,222,367,170,359,227,369,235,413,236,403,203,388,258,395,262,450,256,431,239,416,274,422,278
Y,326,340,279,312,242,263,218,221,191,195,274,214,270,175,266,216,265,252,308,212,305,181,293,227,288,262,344,218,346,178,327,213,313,244,377,230,405,189,425,164,441,138
X,352,325,320,301,293,254,301,211,330,188,316,191,320,148,315,131,314,125,351,199,349,176,332,224,334,231,381,217,376,213,353,253,354,251,409,240,399,240,379,265,378,264
G,458,366,408,330,373,289,347,261,316,238,426,214,379,186,339,179,307,180,452,220,378,214,372,255,389,267,468,241,393,250,394,282,413,285,473,270,412,287,411,307,427,308
J,399,420,343,398,297,351,280,304,299,274,331,298,324,259,325,293,327,328,364,292,357,259,353,306,352,344,399,289,394,243,385,279,381,316,433,292,436,244,433,212,430,185
R,365,412,326,375,306,322,317,274,348,244,325,265,326,207,336,172,350,140,355,265,341,195,330,158,325,126,387,278,378,231,358,275,347,312,418,300,397,271,375,302,363,331
D,433,377,372,345,329,304,296,279,282,247,384,220,365,165,357,131,353,101,404,220,352,172,311,188,293,212,416,229,366,185,320,200,297,223,418,248,375,212,333,213,306,225
D,429,372,370,343,329,303,297,278,281,248,380,217,361,161,352,127,349,97,400,217,349,167,308,184,290,207,412,227,363,181,315,196,292,219,415,246,372,209,330,210,303,223
V,351,360,311,330,286,283,303,241,341,221,303,206,287,142,281,101,280,66,341,204,336,127,336,82,340,44,378,223,375,183,355,231,343,268,410,253,401,228,378,258,363,285
J,391,370,329,353,274,309,249,261,266,224,308,245,293,202,295,236,299,273,343,235,328,201,328,252,331,295,380,230,367,180,360,221,358,262,417,231,415,177,407,144,399,114
Y,330,337,284,310,248,261,223,219,196,195,279,214,276,173,273,212,274,246,313,213,310,179,300,223,298,257,347,218,351,176,334,207,324,235,379,229,408,188,426,163,442,136
J,383,379,326,364,276,323,253,280,267,246,307,267,292,229,294,262,299,296,338,258,323,227,324,272,328,311,371,253,357,210,352,247,352,284,405,252,401,204,394,173,387,146
Q,408,146,351,184,308,225,298,277,290,325,248,156,218,241,212,297,210,343,287,134,276,242,314,238,322,210,337,126,339,232,361,222,357,191,385,126,383,210,394,204,391,177
U,372,408,328,368,310,321,320,273,365,257,329,253,322,196,323,163,328,132,362,251,355,186,348,151,346,116,392,263,394,204,375,247,364,283,422,285,416,240,397,260,385,288
E,411,384,372,354,353,301,379,262,420,251,353,255,353,203,361,236,364,264,386,248,388,185,391,218,392,245,419,251,424,192,421,218,418,247,449,264,449,224,440,233,433,253
S,395,340,353,310,323,258,336,210,376,194,339,209,331,170,334,213,342,226,372,210,367,162,360,212,367,220,404,222,401,191,386,239,389,244,437,239,424,222,411,252,414,258
Q,408,188,348,233,303,274,279,316,257,355,228,205,194,278,187,330,188,369,258,184,242,286,278,293,291,276,299,177,294,279,322,277,325,252,344,179,337,262,353,263,355,241
H,526,337,492,287,443,255,390,259,352,270,447,190,365,186,318,186,279,184,460,222,364,215,309,215,266,214,471,263,382,275,395,288,420,289,475,304,402,313,413,321,438,319
H,527,322,495,271,440,241,383,245,338,250,443,177,363,175,315,176,276,174,450,206,354,204,304,203,265,198,457,244,369,263,385,279,411,278,460,285,388,299,401,308,427,303
R,364,412,325,372,306,318,317,270,348,240,326,261,326,205,338,169,353,136,356,261,342,190,331,153,327,121,389,274,380,226,359,272,346,310,421,297,401,267,377,297,363,325
X,345,326,297,291,266,246,255,207,278,189,322,174,327,118,302,108,279,120,355,182,309,167,295,214,310,227,380,200,323,209,312,249,327,254,397,226,344,241,335,268,348,270
Y,303,271,254,255,218,216,186,187,146,176,265,137,281,164,279,218,271,243,312,135,323,174,305,228,291,247,352,150,366,171,342,219,323,243,381,174,418,152,448,138,473,117
A,462,343,405,330,358,290,338,241,347,204,380,244,375,204,384,244,390,270,413,241,406,199,412,250,415,272,445,243,442,206,441,257,440,279,479,250,476,225,470,261,465,279
E,411,382,368,358,343,314,363,276,401,259,341,264,338,212,343,242,348,270,373,254,369,192,372,224,375,253,404,254,404,195,401,221,400,252,434,264,432,225,421,235,415,256
L,471,393,416,377,362,345,315,316,274,312,378,259,367,199,363,162,363,129,414,254,412,220,419,275,420,298,453,256,454,222,454,271,450,294,490,265,492,232,483,266,474,287
A,425,306,364,288,319,250,300,201,306,162,341,204,329,162,336,193,344,220,373,200,361,156,365,199,371,228,405,202,395,161,395,208,398,239,440,209,431,179,424,212,421,238
S,390,357,348,325,319,273,335,226,376,211,334,224,326,181,330,225,338,242,368,226,365,173,358,224,363,235,401,238,398,206,384,254,386,262,435,257,422,237,408,268,411,275
T,460,300,414,278,388,235,391,191,409,162,400,204,392,167,397,185,403,206,430,208,432,175,428,216,424,235,458,215,461,188,453,229,446,247,487,225,488,202,479,228,472,243
N,448,307,404,282,380,229,399,182,427,150,374,197,362,157,370,185,381,214,410,190,399,134,400,173,407,196,445,195,441,168,435,216,435,231,481,205,472,186,465,216,465,227
R,368,419,329,379,311,327,322,279,351,246,325,267,327,209,339,173,354,140,357,267,340,195,329,157,324,123,390,280,380,234,361,280,350,317,421,303,403,272,380,301,365,329
X,352,327,302,287,272,247,255,217,258,201,333,177,332,119,301,112,275,127,360,189,294,182,282,220,297,235,375,213,299,229,298,259,316,262,379,241,317,261,316,282,334,283
H,518,338,482,288,434,259,383,264,345,273,435,193,355,193,309,194,270,193,449,226,354,222,301,223,259,222,460,265,372,280,387,293,412,293,465,307,393,317,404,325,429,321
V,360,383,320,352,293,304,314,266,352,245,310,227,286,161,274,119,268,82,352,226,355,146,360,98,368,57,390,246,388,209,367,255,355,291,423,278,414,254,389,284,372,311
P,480,137,412,160,352,204,311,248,268,277,314,165,255,230,218,271,183,306,357,164,321,274,311,339,304,387,410,173,387,278,403,263,413,235,458,189,434,271,442,260,447,233
P,466,137,404,160,348,204,313,250,277,282,317,175,257,244,221,282,189,316,361,175,323,284,312,343,303,387,411,184,385,286,397,268,406,240,456,200,429,277,437,263,443,238
E,401,376,358,346,337,298,360,258,402,247,342,248,341,195,341,224,346,253,375,240,378,177,373,207,373,237,406,244,414,182,403,207,399,238,436,257,438,216,423,225,416,247
I,366,343,312,322,272,277,251,231,247,191,299,239,286,199,295,226,304,252,329,232,317,189,320,224,328,254,359,228,353,179,346,205,344,234,390,229,387,187,383,162,379,140
Q,383,155,334,185,296,214,278,249,262,280,250,153,213,204,202,245,198,278,276,140,257,214,287,228,301,218,311,137,302,210,323,215,327,197,347,141,339,199,350,204,352,188
V,379,380,346,346,329,303,353,266,388,247,344,227,336,165,335,125,337,90,381,228,382,155,386,113,392,76,414,247,422,209,403,254,389,288,442,278,443,254,422,282,405,307
Z,375,401,336,362,313,323,306,281,338,257,334,244,331,182,332,145,337,113,368,251,372,203,360,251,352,279,401,266,409,224,388,264,377,295,427,293,436,255,413,276,399,299
F,427,351,376,334,330,308,292,285,267,255,354,231,316,203,288,217,273,235,374,214,340,160,318,125,302,92,404,212,389,157,384,120,379,87,438,223,438,178,441,145,444,115
V,379,403,340,371,319,322,347,284,387,267,336,244,324,176,321,133,321,95,377,244,377,166,380,118,384,77,414,264,419,224,400,273,386,311,445,295,443,270,421,302,404,329
O,406,324,362,272,342,224,330,185,337,148,401,180,406,132,379,123,354,128,418,182,425,123,387,113,356,125,432,189,438,129,395,119,362,131,441,199,436,145,402,132,373,138
E,414,383,374,354,352,301,380,262,421,249,344,254,348,202,359,238,362,264,379,243,379,180,387,217,389,245,413,243,417,183,417,215,414,245,445,253,445,215,438,229,431,249
Z,390,359,352,324,330,291,319,251,348,229,344,220,340,164,340,132,344,102,374,225,374,184,369,227,364,254,403,237,408,198,393,236,383,265,427,259,432,225,414,246,402,266
U,369,411,325,370,307,321,316,275,359,258,327,252,321,196,323,163,328,131,360,251,353,186,347,150,346,114,391,264,394,206,371,248,359,284,421,287,416,243,395,262,381,289
R,364,413,324,374,304,322,315,274,346,245,325,264,326,207,337,171,352,139,355,264,340,193,329,156,325,123,388,277,378,228,358,273,348,311,419,300,398,269,375,299,362,327
X,366,323,322,280,293,235,270,205,257,183,342,162,321,106,287,99,262,109,358,175,276,174,275,208,296,217,362,200,279,214,287,242,309,242,358,229,293,243,300,265,321,265
T,432,311,382,295,348,240,354,181,369,143,359,197,343,157,344,185,354,201,396,200,388,165,386,219,388,217,431,207,425,183,418,235,419,233,466,213,457,195,448,231,451,238
W,364,448,321,424,298,382,325,346,363,321,299,293,276,229,267,188,262,151,339,282,333,204,334,157,334,115,374,293,387,229,392,187,396,149,405,322,402,280,388,297,377,322
C,473,341,413,322,367,290,331,273,301,254,392,212,370,165,341,153,314,154,407,206,383,146,344,139,313,151,423,206,400,146,358,138,326,147,436,212,413,165,381,150,352,149
Y,340,309,294,281,261,236,237,195,207,174,303,194,306,161,305,201,304,235,337,195,342,169,332,216,325,247,371,200,382,162,368,197,356,226,400,209,432,170,455,148,473,124
D,452,398,396,365,355,323,323,295,308,261,410,239,395,182,387,147,384,119,429,240,381,188,340,202,322,224,441,249,393,203,346,217,325,240,445,266,403,230,362,230,335,243
H,535,340,502,287,449,255,394,261,353,272,455,193,369,187,321,187,281,185,465,229,365,218,312,216,271,212,472,271,382,281,397,292,422,292,475,316,401,318,412,325,437,323
R,367,417,326,379,306,324,318,277,348,248,327,266,328,208,339,172,353,140,358,267,345,194,334,156,329,125,390,280,380,232,358,277,346,314,421,304,400,272,376,304,363,333
S,397,332,356,304,326,256,341,211,381,199,338,213,329,173,335,213,343,231,369,213,364,163,362,208,367,220,400,223,396,193,386,238,389,246,432,238,418,219,408,249,411,256
K,450,423,402,391,376,337,373,286,372,248,393,287,374,234,364,203,357,174,427,287,433,222,440,183,449,152,458,302,462,270,447,309,435,340,487,324,482,304,466,334,452,361
Z,368,381,327,347,300,308,290,268,317,239,320,229,315,168,314,132,317,100,353,235,355,188,343,233,333,263,385,250,389,208,369,249,358,280,413,274,416,235,395,258,382,282
M,427,354,376,313,364,256,401,217,434,191,370,227,358,180,360,214,368,247,404,220,395,165,392,207,396,241,438,223,436,164,425,205,424,238,473,234,468,191,453,215,447,238
O,411,305,361,263,328,211,305,173,303,136,381,150,375,93,339,88,316,102,397,150,390,79,344,76,316,96,411,157,402,88,351,85,320,104,417,170,397,115,358,108,330,119
K,435,388,389,359,363,312,358,265,355,230,379,267,360,219,351,190,344,163,409,266,410,207,414,170,419,139,438,279,441,252,428,289,419,318,466,299,460,283,445,310,432,334
O,398,295,357,254,332,204,317,163,322,126,380,156,386,104,356,96,335,107,397,156,405,93,365,85,339,99,412,162,419,99,374,92,345,107,421,171,414,121,380,109,354,118
Y,327,335,282,309,244,262,219,221,193,195,275,213,268,173,266,212,268,246,308,210,303,177,293,221,291,256,343,215,344,173,326,205,314,235,375,225,402,184,420,159,435,133
E,379,369,336,338,313,290,336,250,378,238,323,240,321,187,321,217,326,247,355,233,358,171,352,201,353,232,386,238,394,176,382,199,378,230,416,251,417,210,402,216,392,236
X,368,332,324,287,294,241,269,210,257,188,343,169,323,111,288,105,263,119,358,183,274,179,271,215,292,227,362,207,277,222,285,251,307,252,359,236,292,251,299,274,319,275
F,423,376,375,354,333,320,296,296,269,269,360,245,322,219,291,232,276,250,379,229,351,174,333,137,323,103,406,228,401,170,403,131,406,97,433,242,443,197,455,164,466,135
M,423,351,372,311,359,259,393,222,423,199,365,231,355,183,358,217,364,248,398,225,391,170,388,211,392,243,431,228,430,171,419,210,417,242,464,237,462,196,445,217,438,239
M,442,348,388,309,372,253,408,213,441,187,378,224,365,176,369,210,378,243,412,216,402,158,401,201,406,236,446,218,443,157,433,199,433,234,482,227,476,184,462,207,456,232
E,410,382,371,348,356,296,383,259,424,251,359,250,362,197,363,228,366,256,392,245,397,182,395,212,395,240,424,250,434,189,425,213,421,242,453,264,457,224,445,231,436,251
U,374,367,327,330,304,279,317,228,358,214,322,226,314,167,314,134,317,103,355,221,344,156,337,118,335,85,386,229,386,175,372,209,362,244,417,245,416,200,399,213,384,238
D,442,388,383,357,341,315,309,288,295,254,395,230,378,174,369,139,366,109,415,230,366,179,324,197,306,222,427,239,380,194,333,210,311,234,431,256,388,221,346,222,320,235
D,460,424,408,392,367,342,336,310,318,277,429,257,417,194,412,156,413,125,449,260,403,200,356,217,336,244,461,273,415,218,365,231,341,255,464,294,423,249,380,247,355,259
B,442,380,393,350,367,299,380,251,413,239,373,257,362,208,362,178,365,151,400,247,390,193,387,159,384,127,427,248,420,198,413,165,408,138,455,257,449,218,444,192,438,168
D,465,393,405,365,364,331,331,312,304,291,418,237,393,177,381,142,376,112,436,245,367,202,323,232,309,260,444,264,378,224,335,250,319,277,441,290,390,257,350,265,329,282
D,471,401,409,374,360,335,320,312,296,281,406,238,385,171,380,133,380,99,427,239,366,189,320,212,302,241,442,250,382,205,334,229,316,259,449,271,400,234,356,242,332,262
Q,436,201,370,234,318,270,295,321,277,369,257,202,217,275,206,325,202,367,291,183,271,291,311,290,323,266,338,178,328,284,356,275,359,246,385,182,374,268,388,264,388,238
L,458,389,404,373,349,339,302,309,261,305,365,255,353,195,349,158,348,126,400,250,395,215,403,268,406,291,438,251,437,215,437,262,435,285,475,259,476,225,467,256,459,278
L,488,351,436,338,388,310,345,284,310,280,398,247,384,197,378,166,374,137,430,242,424,213,432,259,433,276,463,242,459,216,461,259,459,276,495,249,494,224,489,255,484,272
Y,344,339,299,314,261,267,235,226,207,201,291,219,285,174,282,212,284,246,324,218,320,182,310,225,309,260,358,222,361,177,345,206,335,233,390,231,416,189,434,162,449,136
C,473,365,411,339,366,302,332,279,302,254,396,224,373,175,340,163,312,164,411,217,386,153,343,146,310,161,426,217,405,152,360,144,326,157,440,223,419,170,384,154,353,157
A,391,330,337,300,301,246,296,192,315,153,339,199,338,158,331,197,331,226,372,205,371,160,359,211,358,240,405,217,405,176,387,228,381,257,439,236,435,204,414,237,405,261
N,457,308,413,281,391,232,411,187,436,156,383,202,371,163,378,190,389,219,417,196,407,140,408,178,413,200,451,200,449,173,445,220,445,234,487,210,480,189,474,219,473,230
E,399,384,360,354,340,302,365,263,409,254,342,252,344,200,350,235,353,262,376,245,378,181,381,218,382,247,409,249,415,188,411,217,407,246,440,261,440,222,430,233,423,254
M,445,355,393,316,377,259,413,220,446,193,383,227,373,182,378,220,385,253,419,219,412,164,409,213,412,246,455,222,455,166,444,213,441,245,490,233,489,193,474,220,466,243
E,400,383,362,347,349,293,378,257,419,249,357,247,363,195,359,220,359,250,390,244,400,183,392,208,389,239,421,252,436,192,423,210,416,240,449,269,455,228,441,231,430,249
U,387,373,341,332,322,283,338,236,378,220,339,234,333,174,334,142,338,111,372,229,363,164,357,128,355,94,403,237,404,179,391,213,382,247,434,253,432,208,416,223,402,248
U,395,383,349,343,329,294,344,245,385,228,346,238,341,177,343,144,348,112,380,234,372,167,367,129,366,94,412,243,415,186,400,222,389,257,444,261,443,216,425,230,409,255
L,490,370,439,356,391,327,348,299,312,294,402,260,390,208,385,176,381,146,435,256,430,227,437,273,438,290,469,257,466,231,467,275,464,291,502,265,502,239,495,270,490,288
D,452,395,395,363,353,320,321,293,309,259,407,237,392,181,383,147,379,118,427,238,380,186,339,201,320,223,440,247,393,201,345,215,323,238,445,265,403,228,362,228,336,242
Q,423,186,367,223,322,262,300,308,278,348,252,204,220,269,208,316,204,355,281,184,271,285,306,284,316,263,321,178,321,276,346,267,346,242,364,181,361,260,375,256,374,233
G,469,370,420,319,387,276,354,255,320,235,452,208,392,172,347,166,313,169,473,229,383,222,382,260,402,272,479,261,390,269,396,298,419,299,475,297,402,308,406,326,426,325
C,478,363,414,338,367,304,331,286,299,266,397,223,375,172,342,159,313,159,414,217,389,151,346,143,312,157,429,218,408,152,362,142,327,152,442,227,419,176,384,159,353,158
W,370,445,328,426,301,389,322,352,356,323,296,296,269,233,259,192,252,156,336,283,327,205,326,156,324,114,371,293,380,229,384,186,385,148,403,321,397,279,384,296,374,321
O,385,281,345,245,321,200,306,164,309,130,367,156,370,111,343,103,322,110,382,154,385,99,350,90,323,102,394,158,396,101,356,95,328,108,402,165,394,118,362,109,336,118
G,480,365,435,313,402,272,365,253,329,236,467,206,405,172,360,166,325,170,486,229,397,219,395,256,415,267,492,263,402,268,407,294,430,294,486,300,412,308,414,323,433,321
B,454,376,409,340,392,288,415,246,447,238,397,245,396,192,403,162,411,134,428,239,429,181,432,145,435,112,457,245,459,191,458,157,457,128,486,260,487,220,485,192,483,167
E,411,361,371,331,353,280,379,241,419,232,354,234,354,183,357,213,361,241,386,226,388,166,386,195,388,224,417,230,423,172,416,196,413,226,447,242,448,205,437,213,429,231
K,434,389,388,360,363,315,358,269,356,234,377,272,361,223,351,194,344,168,407,271,410,213,414,176,421,145,437,284,442,256,429,294,420,323,464,304,461,288,447,313,434,336
G,464,361,411,313,379,270,348,248,315,227,443,201,387,170,343,164,311,166,465,218,379,213,377,249,397,262,473,247,387,258,394,286,416,288,470,282,402,297,406,316,424,317
L,449,363,395,346,343,313,300,283,263,282,357,240,345,185,342,151,340,121,390,232,382,198,391,247,396,271,425,232,422,197,422,241,422,265,461,240,459,206,449,235,443,257
C,471,343,414,326,368,294,334,275,304,255,390,220,369,173,338,162,312,162,405,213,381,152,340,147,309,160,420,213,399,152,357,145,324,155,434,220,413,175,380,161,351,162
H,537,342,506,290,454,257,400,260,358,268,459,193,374,188,326,188,287,186,469,228,370,218,317,217,276,214,476,271,387,278,401,292,426,293,480,315,407,318,419,326,444,324
E,406,362,364,330,346,278,372,238,412,229,348,235,348,183,350,209,353,238,380,228,382,167,380,194,381,222,412,232,418,172,410,195,407,225,441,244,443,204,430,212,422,232
V,346,353,307,324,279,278,294,234,333,213,294,203,278,139,271,98,269,62,332,201,327,123,326,78,329,39,369,217,366,177,347,225,336,262,401,246,391,222,369,253,355,280
S,391,354,348,323,318,273,332,227,373,211,332,221,324,180,328,225,337,240,367,222,362,173,356,224,361,233,400,234,397,205,383,254,384,258,433,252,421,236,407,268,409,273
C,470,340,413,321,368,290,333,272,303,251,390,216,368,171,338,160,311,161,405,209,380,150,341,143,310,156,420,209,398,150,356,141,324,151,434,216,411,173,378,158,348,157
R,366,410,327,372,308,317,320,269,351,239,327,259,328,202,340,167,355,135,358,260,344,189,335,152,331,121,391,273,381,226,361,272,350,309,422,297,402,267,379,299,364,326
Y,336,307,290,278,256,231,232,189,201,167,296,186,298,152,298,193,298,229,332,187,336,160,326,208,319,242,366,193,377,154,362,190,350,221,396,204,427,164,450,141,470,116
M,423,348,374,314,359,263,393,226,423,202,363,235,352,190,358,224,365,254,395,227,387,175,387,217,391,248,428,228,425,173,418,215,417,246,461,237,457,198,444,222,438,244
G,457,366,405,329,369,288,342,260,312,238,425,215,375,188,336,182,305,184,449,220,373,217,369,257,388,269,463,240,386,251,389,283,410,286,466,269,405,288,406,310,423,310
F,439,398,387,378,339,351,300,325,289,289,366,270,330,235,307,248,299,271,393,252,363,194,346,156,333,120,428,250,422,193,420,154,419,122,463,263,479,220,491,188,503,159
D,462,390,405,364,361,330,326,310,300,285,410,238,385,182,374,149,368,121,428,242,362,199,321,226,307,253,438,258,375,217,333,242,318,268,439,283,392,247,352,253,331,270
M,445,354,394,322,379,269,413,231,443,206,380,239,371,197,379,232,386,261,414,230,407,182,410,227,413,256,447,232,447,182,441,226,438,256,480,241,480,204,469,229,460,250
O,396,307,357,262,334,213,321,173,326,137,382,168,390,117,362,107,340,115,399,169,410,107,373,96,345,108,414,175,422,112,380,103,350,116,423,185,417,133,384,121,357,129
C,476,338,412,316,362,286,324,272,290,252,390,203,367,150,332,136,302,137,406,197,381,128,337,118,302,129,422,199,398,130,352,118,316,126,434,208,408,159,371,142,340,139
S,408,381,366,348,333,295,348,246,395,226,345,237,337,187,346,237,355,257,383,237,382,176,379,234,381,250,421,250,422,217,409,272,406,280,457,270,450,251,437,285,433,293
U,389,374,344,336,324,285,341,237,380,220,342,233,335,176,336,143,339,113,374,228,365,165,358,129,357,96,405,237,407,184,391,218,381,252,436,254,435,211,417,225,402,249
U,380,460,330,417,314,366,329,315,372,295,327,293,320,226,322,189,325,152,364,289,355,213,349,172,348,131,400,302,401,235,388,287,381,328,435,325,432,275,415,301,403,331
B,428,365,382,333,361,283,379,240,411,232,363,241,357,190,360,160,366,132,392,234,387,177,387,142,387,110,420,237,416,185,412,152,408,124,449,249,446,209,441,182,435,157
K,447,400,399,370,371,323,363,275,359,238,382,277,361,227,349,197,342,169,414,275,414,213,416,174,421,142,445,287,448,255,435,293,426,325,475,307,469,287,456,316,444,342
X,344,319,304,287,278,241,273,202,297,185,320,174,326,121,308,110,291,124,352,181,323,165,310,210,319,220,379,198,339,205,327,242,337,244,399,221,359,235,349,260,361,259
Z,370,347,328,314,303,280,295,241,324,216,319,212,313,155,312,122,315,93,349,215,348,171,342,215,336,243,378,226,380,186,366,224,359,254,404,247,407,211,388,231,378,253
I,374,337,321,317,279,275,255,230,248,190,298,235,285,196,296,224,305,248,328,228,316,186,322,221,330,249,359,223,351,177,348,201,347,227,390,222,385,183,379,160,373,140
W,373,440,330,417,306,378,332,340,370,314,304,291,276,225,266,186,261,150,343,279,333,201,333,153,333,111,377,288,388,226,392,184,395,144,409,318,405,271,392,287,381,312
H,517,335,481,286,433,257,382,262,343,270,433,191,354,189,307,191,268,189,448,222,352,218,299,220,258,219,459,261,371,275,384,289,409,290,464,302,392,313,403,322,427,317
G,468,366,419,315,389,271,360,248,327,227,456,205,401,170,357,163,323,164,478,224,393,216,388,253,407,267,485,255,398,263,400,292,421,295,480,291,409,302,411,321,429,321
J,382,375,326,360,276,320,254,276,269,242,307,263,294,227,296,259,300,293,338,255,325,226,325,271,329,308,371,250,359,206,353,242,352,279,405,250,401,202,395,171,387,144
B,427,383,381,350,362,299,384,259,418,252,370,253,368,201,373,170,381,142,399,248,398,190,401,153,403,119,427,254,427,200,427,165,426,134,456,268,455,226,453,198,451,172
H,517,334,483,284,437,255,387,259,349,270,436,190,357,189,310,191,272,189,451,222,355,219,301,221,260,220,462,263,375,276,386,289,410,290,467,303,395,314,404,322,429,318
K,447,428,400,394,374,340,372,289,372,251,392,291,373,239,363,207,357,179,426,292,432,226,439,187,448,156,457,307,461,274,444,314,432,347,486,329,480,308,463,338,450,365
C,468,335,411,318,367,288,332,270,302,250,389,214,367,168,336,157,310,159,404,207,379,148,339,142,309,155,418,207,396,148,355,141,323,150,433,213,410,169,378,155,350,155
Q,407,193,345,240,299,281,275,322,254,360,226,207,195,276,185,325,185,364,255,185,238,284,276,292,291,275,296,177,289,276,319,275,324,251,341,179,335,262,352,264,355,242
M,416,355,362,326,343,279,372,241,400,217,348,253,333,208,332,231,341,260,376,243,361,191,357,221,364,252,404,240,395,186,385,214,388,246,435,244,425,203,412,218,410,241
K,436,386,391,357,365,311,360,265,358,231,379,267,361,218,351,189,344,163,409,266,411,206,414,169,420,139,439,279,442,250,429,287,420,317,467,299,461,281,447,308,434,332
W,371,442,328,419,303,378,331,343,370,319,305,291,281,226,273,185,268,149,345,279,339,201,340,154,340,112,379,290,393,227,398,186,402,148,410,319,405,277,392,294,381,319
T,449,340,392,316,355,251,356,188,370,139,361,199,337,154,342,162,357,191,407,198,401,153,397,217,396,249,452,209,450,175,436,237,428,263,498,227,492,197,476,237,466,257
R,365,420,325,381,306,326,318,277,349,245,326,267,328,209,341,172,357,139,357,267,344,195,332,158,326,127,390,280,381,230,360,277,349,315,422,304,402,272,378,302,365,330
M,427,361,379,332,362,283,392,248,418,224,365,257,351,217,356,249,365,277,393,249,382,202,384,243,391,271,424,249,417,200,411,241,413,270,454,256,448,221,437,246,434,267
N,443,303,397,274,375,226,394,182,420,152,375,192,361,152,362,178,373,209,409,186,396,128,391,167,398,194,442,192,434,164,426,212,431,230,479,205,464,183,457,213,460,225
Z,371,390,333,355,307,316,296,276,323,248,327,236,322,174,320,137,323,104,360,243,362,194,348,242,340,270,393,259,398,214,377,256,367,286,421,285,426,246,403,267,391,290
C,460,350,394,320,346,283,311,261,279,237,387,203,361,154,325,141,292,143,401,197,372,132,325,124,290,137,411,199,382,133,335,126,300,137,415,207,385,156,345,144,313,146
M,436,339,385,309,366,260,396,222,425,197,368,234,355,189,365,220,374,249,399,224,389,173,395,213,400,243,431,223,426,169,425,208,425,238,463,229,459,190,451,212,446,234
F,437,363,387,343,344,312,307,290,280,264,369,236,332,212,302,225,287,245,389,220,359,166,340,130,328,96,417,219,408,162,406,124,406,91,446,231,451,185,459,152,465,122
X,344,325,295,288,265,244,250,211,265,196,322,175,324,117,295,109,269,121,354,183,299,173,286,215,298,232,376,204,311,218,303,254,318,260,389,230,332,251,326,276,340,278
X,344,326,299,292,270,249,256,215,272,202,323,179,328,120,300,111,275,125,356,186,306,178,292,217,303,234,379,207,318,222,310,255,324,262,393,234,338,255,331,278,344,281
C,472,344,414,326,368,295,333,277,303,257,389,218,368,169,337,158,310,160,405,212,382,149,341,145,310,161,421,213,401,152,357,145,325,156,436,221,416,176,383,162,354,162
W,366,448,323,426,296,388,318,352,354,323,294,297,268,233,259,192,253,155,334,285,326,207,326,158,325,115,369,296,380,231,384,187,386,148,402,323,395,282,381,298,370,321
K,450,403,401,372,372,323,364,274,360,237,387,276,366,226,354,196,346,169,419,275,418,213,420,174,425,142,450,287,452,256,440,296,431,327,480,307,473,289,459,318,448,344
Y,340,332,294,306,256,260,231,220,204,194,288,210,283,168,280,206,280,242,321,209,318,175,308,219,306,254,355,214,359,170,344,200,335,227,387,225,414,183,433,157,449,130
M,430,350,382,305,375,248,416,213,451,190,382,219,374,169,375,205,379,238,417,215,414,158,407,201,408,235,451,221,455,162,441,203,436,236,485,235,485,192,469,215,460,238
S,389,357,347,328,315,278,330,230,372,214,330,228,321,184,326,227,335,245,364,228,360,174,355,224,360,237,398,239,394,208,380,258,382,265,432,257,418,238,406,270,407,278
Y,338,335,292,308,255,262,229,222,202,197,287,215,282,172,279,209,279,244,320,214,317,179,306,221,303,255,355,219,359,175,344,202,335,228,387,229,414,187,432,161,449,135
B,429,364,383,334,360,284,378,241,410,234,363,237,357,187,360,158,367,131,392,231,386,176,386,141,386,109,420,235,416,185,412,151,409,123,450,247,446,209,441,182,436,157
F,433,337,385,318,345,290,314,263,299,231,378,225,346,194,321,200,306,215,399,209,378,161,355,132,335,109,424,206,418,157,409,122,399,95,447,214,457,171,464,140,468,114
I,365,343,312,324,268,281,245,235,240,193,293,239,280,200,289,228,300,254,323,231,310,190,316,226,324,256,354,226,346,177,341,205,339,233,386,226,381,184,375,159,370,137
R,375,443,334,404,315,349,328,299,361,266,326,284,327,222,337,184,350,150,359,285,345,211,335,172,329,138,395,298,387,254,370,302,361,341,429,321,411,290,391,323,379,352
N,441,318,402,292,382,244,402,203,427,173,382,212,368,175,370,200,379,230,413,207,402,150,397,183,404,210,446,212,438,187,431,232,434,251,479,224,466,205,459,234,461,246
Z,389,453,339,419,304,376,304,330,344,303,337,267,331,188,332,140,334,97,382,276,388,234,375,295,363,329,424,296,436,254,411,308,391,342,458,327,469,291,443,324,422,348
O,393,352,350,289,327,230,311,184,317,143,402,180,407,122,374,108,346,113,420,185,424,113,379,99,344,111,433,196,435,123,384,110,345,123,438,209,426,148,386,132,352,137
I,376,345,324,323,285,275,265,227,262,186,312,237,302,196,310,224,318,251,343,231,334,188,336,224,341,255,374,229,370,180,362,207,358,234,405,232,405,190,402,165,399,143
O,409,314,368,270,345,222,331,183,339,147,393,176,401,124,373,116,351,127,410,177,421,114,384,104,356,118,425,183,433,120,392,112,362,126,435,193,428,142,396,130,369,138
U,392,406,351,367,334,322,346,279,383,261,348,265,343,209,344,178,348,148,380,262,373,198,369,164,369,129,410,272,412,215,398,255,390,290,441,291,439,249,422,268,409,292
N,446,323,404,292,388,244,409,203,436,176,391,214,381,176,382,201,390,232,422,210,416,153,410,186,415,213,453,218,451,191,441,235,442,254,486,231,477,210,468,238,468,250
M,403,357,357,327,341,276,374,242,403,220,346,242,335,203,337,239,345,267,377,236,369,189,365,235,370,262,409,239,407,189,397,233,395,261,440,249,438,213,424,237,418,256
K,434,384,388,356,361,310,355,264,350,228,376,266,357,217,347,188,340,162,406,265,406,205,409,168,415,138,435,278,437,248,424,285,415,314,463,297,456,278,442,305,428,329
Q,402,139,346,177,303,218,293,269,285,317,243,148,213,236,210,291,209,335,285,128,274,238,311,236,322,209,335,123,335,228,358,217,356,186,383,124,377,206,388,201,387,174
L,450,361,396,345,345,310,302,280,265,279,360,237,349,182,346,149,344,119,393,230,387,197,394,247,399,271,428,231,426,197,425,243,425,267,464,239,462,206,452,237,446,259
Q,370,130,327,165,293,197,281,234,269,266,239,139,213,202,211,246,213,281,265,122,257,201,290,209,303,196,302,116,303,192,323,192,326,173,340,116,339,176,349,178,349,160
U,393,380,345,339,326,288,341,237,384,222,342,233,335,170,336,137,340,105,376,228,366,161,360,123,359,87,408,237,408,178,395,216,386,252,439,254,437,208,420,224,406,250
G,460,369,411,333,378,293,352,265,321,242,430,217,384,188,344,181,313,183,456,222,382,218,377,258,395,271,472,243,397,254,398,286,418,289,477,273,418,291,415,312,430,314
W,363,437,324,409,306,362,342,320,381,290,304,273,278,204,270,163,266,125,346,263,339,182,339,135,340,94,381,274,394,209,399,166,402,125,413,306,416,258,401,274,387,302
I,383,350,328,323,287,272,268,220,269,176,318,229,309,185,315,217,322,244,350,224,341,178,342,218,347,249,383,223,379,170,371,199,367,229,417,226,414,180,410,153,406,129
X,359,315,329,291,303,246,310,203,336,178,321,185,320,143,317,125,319,113,354,194,356,162,340,212,340,220,385,211,383,200,363,241,362,241,413,234,409,224,390,250,386,253
K,434,387,390,359,364,313,360,266,360,232,377,270,360,221,351,191,345,165,408,270,410,210,414,174,419,144,437,282,442,253,429,291,419,320,464,303,460,285,447,312,434,336
J,389,387,330,373,277,330,254,284,267,251,309,275,296,233,299,266,304,302,341,266,328,231,330,277,333,317,375,259,363,213,359,250,358,288,410,258,406,209,399,177,391,150
T,429,324,376,291,351,239,360,192,377,159,365,210,351,171,351,171,357,190,397,210,393,169,387,209,383,243,430,216,423,183,412,227,406,260,465,230,456,200,442,228,432,252
H,517,352,482,302,434,270,383,273,345,284,436,207,358,204,312,203,274,200,448,237,355,232,302,231,260,229,459,276,373,290,388,304,413,305,465,317,393,328,405,336,430,333
G,455,363,402,328,367,287,340,260,310,238,420,213,373,186,333,180,302,182,446,218,371,216,367,256,386,268,461,238,385,250,386,282,406,285,466,267,404,285,404,307,420,309
X,343,315,310,295,281,249,286,205,315,183,307,184,311,141,305,124,302,118,339,191,335,172,320,222,324,227,369,207,361,207,341,248,345,246,396,229,385,233,366,259,366,259
K,430,385,384,357,358,311,352,265,349,231,373,267,354,220,344,192,337,166,403,266,403,207,405,171,410,141,432,278,432,250,418,285,410,314,459,297,451,278,437,305,426,329
L,444,353,391,338,338,303,295,272,259,271,354,230,343,176,340,143,339,114,386,223,379,190,387,241,393,264,422,224,419,190,418,235,419,259,458,232,455,199,445,230,439,252
T,452,303,403,282,376,233,379,184,397,153,386,200,377,157,382,176,389,201,419,204,421,169,417,213,413,235,451,212,452,182,442,227,436,248,482,223,481,198,471,226,464,243
L,477,341,424,330,373,304,331,278,297,276,384,240,369,190,362,160,358,132,416,234,408,204,417,251,420,268,449,234,444,206,447,251,445,267,481,239,479,213,474,245,471,262
X,345,314,312,287,286,240,289,200,317,181,323,175,332,131,322,114,312,116,356,185,343,168,325,212,330,224,384,205,363,208,342,245,350,246,409,232,384,237,365,260,370,261
P,483,139,416,159,355,201,315,247,275,279,321,169,261,237,224,275,189,308,365,168,328,280,315,341,306,385,417,178,392,282,405,266,415,237,464,193,438,273,446,260,452,234
F,407,371,355,349,313,314,281,281,265,245,353,244,321,209,291,211,272,224,378,227,356,172,335,139,315,111,407,226,404,171,397,133,389,100,436,237,454,193,469,160,481,132
C,469,336,412,319,367,289,332,271,303,251,387,215,365,170,336,159,310,160,402,208,378,149,339,143,309,156,417,208,396,150,356,142,324,151,433,215,412,172,381,158,353,157
E,399,378,357,350,335,302,357,262,398,249,341,250,339,196,340,227,344,256,373,243,376,179,371,209,372,238,405,247,412,185,401,209,398,239,435,260,436,219,422,226,414,247
D,432,376,372,346,329,305,297,279,282,247,381,222,364,166,356,132,353,102,401,221,350,174,309,188,291,210,414,229,363,185,318,200,296,222,417,244,372,211,330,212,304,224
P,407,98,353,132,313,172,289,204,266,224,280,131,247,193,224,236,202,272,317,118,311,218,327,260,338,285,361,114,364,206,372,192,374,165,402,116,398,187,403,176,401,150
I,371,344,318,323,278,279,257,233,253,192,303,239,291,199,299,226,308,252,333,232,322,190,325,225,332,254,363,228,357,180,351,206,348,233,394,229,391,188,386,163,382,142
Q,425,186,368,225,324,264,303,309,284,351,256,201,220,268,208,316,207,355,287,182,269,280,306,286,319,268,327,176,319,273,347,269,349,244,369,179,361,258,377,256,377,233
A,417,313,357,293,312,250,294,199,304,159,336,202,327,160,333,197,341,226,370,200,360,157,362,205,368,234,404,205,396,164,393,215,394,245,440,215,431,186,421,221,416,245
C,476,349,412,325,362,292,324,275,291,256,393,207,368,155,334,142,303,143,408,202,382,134,337,124,302,135,422,205,398,136,351,125,315,133,431,214,404,164,368,149,337,147
E,398,376,358,342,340,291,368,255,408,245,346,246,348,193,348,223,350,252,379,241,384,179,380,210,379,238,410,246,419,185,409,210,404,241,439,261,442,220,428,227,419,246
V,365,371,328,340,306,292,326,251,363,232,322,214,309,151,304,111,303,76,361,215,359,140,360,96,364,57,397,234,398,194,378,243,365,280,427,266,422,240,399,270,383,297
F,434,336,386,318,347,291,315,264,299,232,381,225,348,195,322,200,306,213,400,208,379,160,356,132,336,108,425,203,419,155,410,121,400,94,447,210,457,169,465,138,470,112
G,458,365,401,326,364,285,336,258,305,235,420,208,369,179,329,170,297,169,446,215,366,215,364,253,384,266,460,238,377,253,381,284,402,287,462,270,397,290,399,312,418,312
L,458,361,404,344,352,310,308,280,271,278,368,237,357,182,354,148,353,118,401,230,396,196,404,247,408,270,437,231,435,197,436,243,435,266,472,240,471,207,463,238,456,260
A,421,311,359,293,314,250,297,198,305,158,339,203,330,160,334,197,341,224,372,201,361,156,363,204,368,230,404,204,397,162,394,213,395,241,440,212,432,183,423,218,420,241
E,400,374,358,345,338,295,362,256,404,244,343,245,341,192,341,220,345,249,375,238,377,175,372,203,373,233,406,242,413,181,403,203,399,234,436,256,437,215,422,222,414,244
P,452,133,396,152,347,186,314,218,280,240,317,154,271,204,242,239,214,268,353,152,325,244,323,295,321,330,396,158,377,244,390,230,399,205,436,168,417,232,424,221,428,196
E,408,370,368,338,351,287,377,249,417,240,355,242,354,191,354,217,357,246,386,235,389,175,385,202,386,231,417,240,424,180,415,202,412,231,446,254,449,214,435,219,427,238
Q,461,196,397,230,347,264,325,311,307,356,288,202,241,269,230,317,229,360,322,184,298,283,335,287,348,269,366,181,351,279,379,274,383,247,409,184,394,265,410,263,412,238
Y,339,309,293,278,258,231,235,190,205,169,299,188,302,154,301,194,300,229,334,190,339,162,329,209,322,242,368,196,379,157,365,193,353,223,397,206,430,166,453,143,471,118
H,536,338,506,286,449,257,390,265,346,274,452,201,366,198,319,200,280,200,457,237,359,229,306,229,266,228,463,278,378,286,396,295,421,294,465,322,397,323,411,329,436,327
Q,416,195,355,239,306,277,282,320,259,363,233,208,202,281,193,332,193,373,263,187,246,288,288,295,303,276,305,179,299,280,330,278,334,253,351,180,346,264,363,264,364,240
H,515,337,480,288,431,259,380,264,342,274,430,194,353,195,307,197,268,195,444,225,352,223,298,225,256,224,455,264,371,280,384,294,408,294,461,304,392,317,403,325,427,320
A,427,316,364,298,318,256,300,203,309,162,342,210,334,166,340,201,346,228,375,208,365,161,368,208,372,234,408,210,401,168,399,217,399,246,443,218,437,188,428,222,424,245
H,541,340,511,285,460,252,406,254,366,263,465,189,382,183,335,182,297,179,475,225,377,213,324,211,284,207,482,267,391,271,404,285,429,287,484,309,411,312,421,319,446,318
C,483,348,418,323,370,290,330,270,296,248,398,205,375,152,342,138,312,137,415,198,389,132,346,122,311,134,431,198,410,131,365,119,329,129,446,206,426,154,391,136,359,135
A,445,339,394,326,352,284,338,234,355,205,377,241,381,206,384,244,385,266,409,242,411,205,410,254,407,271,439,247,442,215,437,263,431,281,469,256,469,236,462,270,456,284
G,459,365,405,328,371,289,345,262,314,240,424,214,377,186,337,180,305,183,451,219,375,217,372,258,391,269,467,239,391,252,394,284,415,286,473,269,412,289,411,311,427,311
N,453,309,409,281,385,231,404,186,431,155,379,201,367,163,374,191,385,220,413,194,403,139,404,176,410,200,448,198,445,173,441,220,440,237,484,209,477,189,470,219,469,232
T,450,302,399,276,370,226,373,176,388,140,382,192,370,148,373,170,380,193,415,195,415,157,411,204,408,227,449,203,449,170,439,218,434,242,482,215,479,185,468,216,461,235
Y,327,333,280,307,243,259,218,219,191,194,274,213,269,173,266,212,267,246,308,211,303,178,293,223,292,258,343,216,345,173,327,204,316,233,375,226,403,185,420,159,436,132
S,390,345,348,315,318,266,332,219,372,201,332,216,325,175,328,218,336,234,366,217,363,167,356,216,362,226,399,228,396,198,381,246,383,251,432,246,419,229,406,260,408,266
S,398,373,349,338,316,281,332,227,378,211,337,224,328,178,330,226,339,244,376,226,371,170,361,224,368,237,413,240,406,209,388,261,391,268,451,262,432,245,417,279,421,285
E,409,366,368,334,352,283,377,246,415,235,356,240,354,188,355,214,358,243,387,234,389,172,385,198,386,226,417,239,425,178,415,198,412,227,446,252,449,211,435,215,426,234
N,433,267,387,240,368,193,389,150,418,124,373,165,361,127,365,152,373,181,404,161,395,109,392,137,396,160,435,167,433,139,425,183,424,204,468,180,461,155,453,183,452,199
Y,342,336,295,308,258,260,232,220,204,195,292,214,288,171,286,211,287,248,325,213,322,178,313,222,311,257,359,219,363,173,349,203,340,230,389,229,417,186,436,160,452,133
V,377,378,341,345,321,298,345,260,382,244,339,224,327,160,324,119,325,84,377,224,378,150,381,105,388,66,412,244,418,205,397,251,382,288,441,275,440,250,417,280,400,307
I,369,354,322,329,291,283,279,237,282,200,317,253,312,215,316,241,321,270,346,251,340,210,339,243,342,275,376,252,373,210,363,233,358,260,408,257,416,219,419,195,419,174
G,460,368,411,331,377,290,351,262,321,240,430,215,384,186,343,179,311,181,457,220,382,214,376,256,393,269,472,241,398,250,398,283,418,286,476,271,418,288,415,309,431,310
S,401,342,357,312,327,258,343,208,385,193,344,210,337,169,339,212,347,226,378,211,373,162,367,211,373,219,410,222,407,191,393,240,396,245,444,240,430,222,418,254,421,260
G,459,359,408,325,372,285,346,260,316,238,424,214,377,188,338,183,308,186,448,218,375,217,372,255,391,266,463,236,390,249,393,280,412,282,468,263,410,283,413,303,429,303
J,393,386,335,368,285,325,265,278,284,246,318,268,308,231,310,266,314,301,351,261,341,229,340,276,341,313,386,257,377,212,370,251,367,288,420,257,419,208,413,178,407,150
C,472,339,414,321,369,290,334,271,303,252,392,216,369,171,339,160,312,161,406,209,381,151,341,145,310,157,421,209,399,150,357,143,325,152,435,215,412,171,378,157,349,157
V,353,378,313,350,285,302,303,261,341,240,302,223,278,158,266,116,259,80,343,222,346,141,350,93,357,54,381,241,378,202,357,251,346,290,414,273,404,246,379,278,361,308
P,470,142,408,162,350,203,312,247,277,279,317,172,259,238,224,277,192,311,359,172,323,279,314,338,306,381,409,180,386,282,401,266,410,239,456,195,433,271,442,259,446,234
K,439,409,390,378,361,329,354,279,354,242,374,281,353,230,342,199,334,171,407,280,408,216,411,178,416,147,439,292,443,258,430,298,422,330,469,312,464,290,451,319,440,345
E,393,385,351,351,331,301,358,262,403,254,344,248,347,193,344,225,347,256,378,244,386,179,378,210,376,241,410,250,423,187,409,211,403,242,440,267,445,224,428,230,417,251
U,370,367,322,326,303,276,318,225,361,211,315,225,306,161,307,126,311,94,350,219,339,151,332,111,330,76,383,226,382,173,370,208,362,243,415,242,413,196,398,212,385,238
D,440,384,381,353,340,311,308,285,292,252,393,227,376,170,368,135,364,106,413,228,363,177,321,194,304,218,426,237,376,191,329,206,307,229,429,254,387,218,344,218,317,230
T,434,330,384,303,354,244,364,188,382,147,366,202,349,158,349,169,357,196,405,204,400,167,394,223,393,249,444,216,439,188,424,242,418,264,481,234,474,208,458,244,449,261
A,457,330,406,320,363,284,344,239,360,208,387,240,385,206,389,242,393,263,417,238,414,204,415,250,416,268,445,242,444,211,441,257,439,274,474,250,472,230,466,262,462,277
A,287,332,232,313,187,259,174,209,185,168,227,200,211,159,204,202,210,235,258,199,241,153,229,208,237,239,293,206,276,163,262,219,269,248,331,220,308,189,294,226,299,249
L,481,344,430,332,380,305,337,279,302,276,390,242,376,192,369,162,365,133,422,237,414,207,423,253,426,270,455,236,450,210,453,253,451,269,488,242,485,217,480,248,476,265
Q,375,129,331,162,298,196,286,234,275,266,238,141,211,201,209,245,213,279,264,124,255,203,287,209,298,194,299,118,301,195,322,192,323,172,337,116,337,178,348,177,347,157
K,441,388,396,358,370,311,364,264,362,228,384,265,366,216,357,186,350,160,415,265,418,205,422,167,428,136,446,278,450,249,437,288,427,319,474,300,470,282,454,309,440,333
E,405,376,361,352,336,309,356,269,394,252,338,255,330,204,334,228,343,257,368,246,365,185,362,210,366,240,399,248,400,190,391,213,391,243,428,260,425,221,412,231,406,252
N,457,305,411,280,387,230,405,182,430,151,380,199,369,160,378,188,388,216,415,193,406,140,407,178,412,198,450,197,447,172,442,218,441,232,485,206,479,186,472,217,472,229
M,436,338,382,306,362,250,395,208,424,179,364,219,349,173,358,209,369,240,397,208,385,154,390,199,397,232,432,208,426,150,423,195,424,228,467,216,461,174,452,201,448,225
V,363,372,325,341,301,294,319,253,359,235,319,217,305,153,300,113,299,77,358,216,355,142,356,97,360,59,394,235,393,195,373,244,360,282,424,265,416,241,393,273,376,301
T,435,332,385,305,356,244,365,188,382,147,368,204,350,156,353,176,363,206,406,208,402,169,395,223,394,251,444,221,440,189,425,243,418,268,481,238,474,210,456,244,447,262
H,512,341,475,292,426,262,376,267,338,277,429,199,350,197,304,198,266,196,440,230,347,226,295,227,255,225,450,270,365,283,379,297,404,298,454,311,386,321,396,329,420,326
I,385,348,329,322,290,270,272,219,272,175,320,229,311,186,317,216,324,244,351,224,343,178,344,217,349,248,384,222,381,170,373,199,369,229,417,225,416,180,411,152,406,128
J,390,388,332,372,281,330,261,283,277,250,314,274,301,235,303,267,308,303,346,266,333,233,333,280,336,320,379,260,366,215,361,252,361,291,413,259,410,211,403,180,395,153
F,418,351,369,332,326,302,289,280,262,253,351,227,312,204,282,217,268,235,369,211,338,159,321,124,312,91,395,208,386,153,387,115,389,83,423,219,428,174,437,142,445,114
Y,339,333,294,307,256,260,231,220,203,195,288,211,283,168,280,205,280,241,321,211,317,176,307,219,305,254,355,216,359,172,343,200,333,227,387,226,414,184,432,157,448,131
H,523,334,491,284,442,253,391,257,353,268,443,189,363,187,317,187,278,185,457,221,361,217,308,217,266,215,468,261,379,273,393,287,419,288,473,302,400,311,411,319,437,316
N,455,304,409,278,386,229,404,182,429,150,379,199,368,160,376,187,387,215,413,192,404,138,405,174,411,196,448,197,446,170,441,216,441,231,484,206,477,186,471,216,470,228
U,385,453,333,408,312,361,321,308,368,290,325,280,318,216,320,181,323,145,362,278,353,205,348,166,346,125,397,291,398,226,384,278,377,319,432,317,427,266,410,296,400,327
Y,336,308,290,280,258,234,236,195,206,176,301,191,306,162,305,202,303,235,336,193,343,169,331,215,323,249,370,199,382,163,366,197,353,226,397,210,429,172,451,151,470,127
A,415,324,359,304,314,264,297,215,311,178,341,217,332,177,334,213,339,241,372,215,361,173,361,219,367,247,404,219,395,178,390,227,391,257,438,229,428,200,416,233,411,257
I,387,350,333,325,293,274,274,223,274,179,320,234,311,190,319,221,326,248,352,230,344,184,346,223,351,253,385,228,382,175,375,203,370,232,418,231,416,187,410,160,405,135
R,365,410,325,373,305,318,317,269,349,240,324,263,325,205,336,169,349,136,355,263,341,192,330,155,325,122,387,276,378,228,358,272,346,309,418,299,397,268,376,299,364,328
T,419,323,377,289,356,236,364,189,378,158,384,200,367,166,359,185,364,197,412,205,396,173,384,221,395,227,443,215,424,193,411,238,423,243,472,230,453,210,438,240,446,248
J,391,385,332,370,281,328,259,282,276,249,313,272,299,234,302,266,306,302,344,263,331,231,331,277,334,316,378,257,365,211,360,249,359,287,412,256,408,208,401,177,393,151
L,464,345,414,336,365,307,324,280,290,275,377,245,365,194,361,163,358,134,408,241,403,214,410,259,410,276,441,241,437,215,439,258,436,275,473,246,470,222,466,253,461,270
M,421,344,372,308,358,259,392,224,422,200,365,231,350,191,351,221,359,251,395,224,383,174,379,212,386,244,426,226,421,171,410,208,412,239,457,235,451,195,437,216,433,238
O,419,295,382,245,361,201,347,166,347,132,419,156,419,109,389,99,364,104,433,160,431,100,391,93,362,104,443,168,441,110,397,101,366,112,446,181,437,133,403,120,375,123
E,408,381,367,350,348,300,374,263,415,251,348,253,350,202,358,235,361,263,382,245,383,184,388,217,389,245,414,248,419,190,417,216,414,246,444,261,445,222,437,233,430,254
V,345,362,306,333,280,286,296,243,335,224,297,209,282,146,276,105,274,69,336,208,331,130,331,85,334,46,373,226,369,186,349,233,337,271,405,256,393,231,371,262,356,290
E,397,364,355,338,331,297,349,257,385,236,332,243,327,194,334,219,342,251,363,235,360,175,362,199,366,230,394,239,399,182,392,202,389,231,424,255,417,225,405,242,397,265
Y,333,331,286,305,249,258,222,217,195,192,278,211,273,168,271,206,272,239,311,208,307,173,297,217,296,251,346,212,348,167,332,197,322,225,379,221,405,179,423,153,438,127
P,462,114,398,145,343,194,313,246,289,287,315,166,261,242,227,289,199,331,363,159,336,276,330,340,327,387,417,163,401,277,408,261,414,230,466,175,447,262,450,248,453,219
R,374,433,336,399,315,349,333,302,367,270,327,275,331,213,344,175,361,141,361,274,345,200,337,160,336,125,397,288,390,251,372,300,362,338,432,313,414,290,391,323,377,350
G,457,361,407,325,373,286,347,260,317,237,425,212,378,187,339,181,309,183,450,218,377,216,373,256,391,267,466,237,392,249,393,280,412,283,472,266,412,283,411,304,426,305
R,364,414,324,376,304,321,316,272,349,243,324,264,325,208,338,172,355,139,355,265,338,193,327,155,322,121,388,277,379,229,359,275,346,313,420,300,400,271,375,300,359,328
Z,373,386,332,350,304,312,294,271,324,243,325,230,320,167,319,129,322,96,358,237,360,190,349,240,341,270,391,252,397,208,377,252,366,284,419,277,426,238,403,261,389,285
E,396,385,356,351,337,301,364,263,407,255,348,250,352,198,351,232,353,261,382,246,390,184,384,218,382,248,415,253,427,191,414,218,408,249,444,269,447,227,431,238,421,260
U,373,370,325,329,305,280,318,229,359,216,322,228,314,169,314,136,317,105,355,223,345,158,338,121,335,86,386,231,386,176,371,210,362,244,417,247,415,201,399,215,385,239
S,384,358,340,325,310,267,327,218,371,207,333,219,324,178,324,224,332,237,367,221,362,172,352,224,359,233,400,234,394,205,377,255,382,260,434,254,417,237,403,269,408,275
S,388,353,345,322,316,272,330,225,369,209,332,222,324,181,326,224,336,241,366,223,362,172,355,222,361,235,399,235,395,205,380,253,382,260,433,254,419,236,405,268,407,275
I,362,345,310,334,267,297,245,255,239,219,286,259,271,225,283,253,295,279,312,249,297,216,308,250,319,278,340,242,328,202,329,229,333,256,370,238,362,201,355,179,347,160
H,513,343,477,293,428,264,377,269,341,279,430,200,351,199,305,199,267,197,442,231,348,228,296,229,255,227,452,270,366,285,382,300,407,300,458,311,388,323,400,331,425,327
D,441,388,383,357,342,315,310,288,295,256,395,231,379,174,372,138,369,109,414,231,364,180,325,196,308,219,427,239,377,193,331,209,310,234,430,255,386,220,343,222,317,235
N,462,313,417,296,387,250,400,202,425,170,379,222,366,186,379,212,394,236,410,211,396,162,404,194,413,214,443,211,439,185,442,230,443,247,476,215,471,196,469,226,470,238
S,407,381,365,346,331,297,344,248,391,228,342,238,336,189,345,239,353,259,381,239,381,179,377,237,379,253,418,252,421,218,408,272,404,282,455,273,450,251,436,285,430,295
Q,393,136,340,169,302,203,289,241,275,275,243,137,208,205,202,254,202,291,274,122,256,217,289,225,302,205,315,121,306,211,330,207,333,182,357,125,347,196,359,194,360,171
L,474,346,422,335,373,308,331,282,296,279,385,244,372,193,366,162,362,132,417,239,411,210,419,256,420,274,450,239,446,213,448,256,446,273,483,245,480,220,475,251,471,268
J,379,378,317,363,262,318,238,271,246,232,295,255,279,213,281,249,284,287,329,246,313,210,313,260,318,303,366,241,351,191,345,232,344,273,404,241,401,187,393,153,384,123
F,437,354,385,336,337,310,299,287,277,256,360,232,323,204,296,219,283,238,382,215,348,161,327,126,313,91,413,212,399,157,393,120,389,87,448,223,448,177,453,145,457,116
A,396,320,341,297,294,255,275,207,292,169,323,203,312,163,314,201,321,230,356,201,345,156,344,206,351,233,389,206,381,164,375,215,378,242,426,217,414,187,402,221,400,242
T,430,319,378,296,345,247,346,196,366,162,359,211,343,171,347,184,357,205,392,211,387,171,384,218,383,243,425,218,422,183,413,231,408,255,459,229,454,200,442,230,436,250
G,456,366,405,330,371,289,346,261,317,238,425,216,380,187,340,181,308,183,451,222,378,217,371,257,388,271,466,241,391,251,391,284,410,288,472,270,410,288,408,310,424,312
Q,425,177,365,217,320,256,300,303,282,347,252,198,220,266,210,313,209,351,281,180,269,280,302,281,314,261,323,175,318,273,342,264,344,239,366,177,360,256,373,252,374,229
H,536,335,505,280,454,249,399,254,357,264,457,184,372,179,323,179,284,177,467,219,367,210,312,209,271,206,474,261,383,271,397,284,422,285,476,304,403,310,414,318,440,315
E,423,375,382,348,359,307,378,270,414,254,364,257,361,210,363,231,368,260,394,251,396,194,392,216,393,243,423,256,430,203,420,221,415,248,451,272,449,239,435,247,426,265
U,374,449,320,406,293,352,297,296,343,272,311,272,299,204,298,164,302,126,349,267,334,188,326,145,322,102,387,279,381,210,364,263,356,307,425,302,418,250,395,274,380,306
W,355,400,318,374,299,328,333,292,371,266,296,250,272,184,266,142,263,105,337,239,331,161,333,113,336,73,372,250,386,186,392,143,397,104,404,280,399,244,381,267,367,295
U,386,381,339,339,319,288,334,239,375,225,340,237,333,177,334,144,338,113,372,233,363,167,358,131,356,97,403,242,403,183,389,219,381,255,434,259,431,213,414,228,400,253
K,443,388,398,358,372,311,367,263,365,227,385,264,368,214,358,184,352,156,417,264,420,202,424,164,430,132,447,278,452,248,439,286,430,317,475,299,471,281,457,308,444,332
W,358,405,321,379,301,334,335,299,373,273,301,254,277,188,271,146,269,109,342,244,336,166,338,118,340,79,376,255,391,193,397,149,402,110,407,285,403,250,386,272,370,299
Z,373,349,333,314,310,281,301,243,329,219,324,212,318,155,318,123,321,94,354,216,354,174,348,218,342,246,384,227,386,190,372,228,363,257,411,248,414,214,395,235,384,256
L,493,367,442,356,393,326,351,298,315,294,405,259,393,207,388,175,384,146,438,255,433,225,441,273,442,291,473,257,470,230,471,275,468,291,506,264,504,237,499,270,494,287
Q,365,128,319,160,284,190,270,225,260,253,232,128,204,184,197,227,198,261,258,111,249,187,279,196,290,181,294,105,293,181,313,181,316,162,333,106,329,166,339,168,340,150
E,400,380,359,350,338,302,363,263,406,251,342,250,342,198,343,228,347,258,375,243,377,181,375,211,376,241,407,247,414,185,406,210,402,241,437,261,438,220,426,228,417,251
R,374,441,334,403,315,349,329,300,360,266,328,286,327,222,337,184,350,148,361,286,344,211,334,173,329,139,396,299,386,254,370,302,360,342,429,321,411,290,390,323,376,352
U,394,380,348,340,328,290,343,240,384,223,345,233,339,174,341,141,346,110,379,229,370,164,365,126,364,91,411,238,413,183,398,219,387,254,442,257,441,213,423,227,408,252
B,430,364,385,334,364,285,381,243,411,231,363,241,356,191,360,160,366,132,391,233,385,178,384,143,384,109,419,236,414,185,410,152,407,124,449,247,444,208,439,181,434,157
N,428,307,386,277,369,230,391,190,419,163,374,199,364,160,364,185,371,215,405,197,399,139,392,171,396,198,436,204,433,178,423,221,424,240,469,218,460,195,451,222,450,236
Z,373,386,330,348,305,311,293,268,324,241,325,234,320,171,319,134,323,101,358,239,359,190,349,239,342,268,390,252,395,208,376,249,366,281,417,277,423,238,400,260,387,283
O,409,304,361,261,329,211,307,173,302,136,380,150,373,96,339,90,317,101,396,150,388,82,344,78,316,96,410,157,401,89,353,86,321,104,417,169,397,117,360,108,332,117
D,472,393,411,367,363,330,324,308,299,278,405,231,383,165,377,128,377,95,427,232,369,184,323,209,305,238,443,245,386,201,338,226,320,256,453,267,404,231,361,238,337,257
C,476,336,412,317,361,290,323,280,290,264,389,203,361,153,324,141,292,144,401,198,370,132,325,125,291,138,411,202,381,136,335,127,301,136,416,213,386,167,350,152,319,147
Y,350,341,303,317,264,272,235,234,204,215,295,223,288,180,287,217,288,252,327,222,323,186,314,229,312,263,361,226,364,181,350,209,342,236,393,234,419,191,437,164,452,136
B,448,378,400,348,376,297,393,251,428,244,378,255,370,204,372,173,377,146,406,246,399,191,398,157,397,125,434,248,429,199,425,166,421,139,464,258,459,220,455,193,450,169
Z,365,379,323,344,295,307,282,267,311,236,315,226,309,164,308,126,311,94,348,232,348,184,336,232,329,262,380,246,383,203,364,246,354,276,408,271,412,232,390,254,377,277
A,436,324,387,314,345,275,329,230,338,197,364,232,363,198,370,235,373,258,394,230,392,195,394,243,395,263,423,233,424,203,421,251,418,269,453,240,453,222,447,255,442,269
V,343,356,303,327,277,280,293,237,331,218,294,204,278,140,271,99,270,63,332,203,326,125,325,79,328,40,368,220,364,179,345,228,334,265,400,250,389,223,368,255,355,283
K,443,402,393,374,362,327,352,277,348,239,373,277,350,226,336,194,327,166,406,274,405,210,406,170,410,136,439,285,445,253,434,295,427,329,470,306,467,288,454,317,441,343
S,390,357,346,325,317,276,331,229,372,212,331,226,324,181,328,225,337,243,366,227,362,173,356,223,361,237,399,238,395,207,381,255,383,264,432,256,419,238,405,269,407,277
V,359,380,320,350,292,302,311,263,349,243,308,222,284,158,272,117,265,81,350,222,354,143,358,95,365,55,388,242,386,206,364,255,352,293,421,274,409,252,385,285,371,314
F,453,362,406,339,367,306,336,277,321,245,404,239,372,207,344,211,327,225,426,223,407,172,386,140,367,116,453,221,450,170,442,134,433,105,478,232,492,191,501,160,507,132
R,365,418,326,377,307,323,320,275,353,245,329,266,331,209,343,173,359,140,359,267,346,196,334,159,330,127,392,281,383,233,362,279,350,317,423,305,404,273,380,303,365,330
K,446,403,398,372,369,325,360,276,355,239,381,278,360,228,348,198,340,170,414,276,413,213,414,174,418,142,446,288,447,256,435,295,427,327,476,308,470,287,455,316,443,342
S,416,383,374,349,341,297,354,246,402,224,349,235,343,186,354,238,363,259,389,235,389,172,386,231,388,247,427,249,431,217,417,273,412,280,465,269,461,250,446,285,440,293
N,434,315,392,286,374,235,395,194,424,169,380,206,372,166,374,193,382,223,411,203,409,146,403,181,405,208,442,211,441,184,431,228,430,249,474,225,468,202,459,230,458,243
Y,329,331,283,305,245,257,219,216,192,192,275,210,268,170,266,208,267,241,308,207,303,174,293,219,291,253,343,211,344,170,325,203,314,232,375,221,402,180,419,154,433,128
B,427,363,380,334,356,285,372,240,403,232,358,243,349,192,351,162,356,136,386,234,378,179,377,144,375,113,413,237,407,186,402,153,398,125,443,247,438,208,432,181,426,157
U,369,367,323,330,300,283,313,235,353,216,313,226,302,166,301,132,303,100,346,220,333,153,325,116,322,81,379,228,376,176,365,213,359,248,412,245,408,199,393,217,381,243
T,414,328,365,299,334,239,342,183,356,140,344,197,326,151,325,162,333,187,384,199,376,160,370,217,370,244,424,211,417,179,404,235,400,260,463,229,454,199,437,235,428,254
O,418,296,369,252,335,201,312,162,310,124,384,141,380,86,346,81,324,95,402,141,397,71,353,67,326,86,416,147,410,78,362,76,331,95,424,159,403,107,366,99,339,108
B,432,381,389,348,369,297,388,254,420,246,379,255,375,206,379,177,386,151,407,249,404,195,406,162,407,130,432,254,432,204,431,172,430,144,459,267,458,229,456,202,454,178
M,451,357,395,316,380,257,419,215,454,189,385,227,373,175,378,213,387,247,422,219,413,158,412,206,417,241,458,221,456,158,446,204,445,239,495,232,491,186,476,213,470,238
G,462,364,411,314,379,271,348,251,314,233,441,204,384,171,341,165,308,168,465,222,379,218,376,254,396,267,475,253,386,265,390,292,412,293,473,290,401,303,404,320,423,319
I,382,350,326,323,286,272,267,221,268,177,316,230,307,186,313,218,319,245,348,225,339,180,341,219,345,250,381,222,377,171,370,200,366,230,415,225,412,180,408,153,404,129
R,365,419,325,379,306,323,319,275,351,245,326,266,328,210,341,174,357,141,357,266,342,194,332,157,327,124,390,279,381,230,361,277,348,315,423,302,403,272,379,302,364,329
B,436,378,391,345,371,297,388,253,420,243,378,255,373,206,377,177,383,150,406,249,403,194,404,161,405,129,433,253,431,202,429,170,428,143,460,264,458,225,455,199,452,175
D,461,407,405,378,363,339,329,317,306,289,413,255,389,204,379,173,374,145,430,256,371,210,330,230,314,254,439,267,383,224,337,242,317,265,439,286,392,251,351,253,325,266
D,433,392,375,360,335,319,304,293,289,261,391,235,374,180,366,146,363,116,410,236,359,186,318,202,300,226,421,246,372,200,325,216,303,238,423,263,380,228,337,229,310,240
B,425,383,379,357,354,312,367,268,400,255,359,268,351,221,353,194,357,168,386,260,379,208,378,177,377,146,412,263,408,214,403,183,399,157,439,272,435,236,430,210,424,187
B,431,377,384,345,362,293,380,249,412,241,365,248,359,197,363,166,369,139,395,241,389,184,390,149,390,117,423,245,419,193,415,159,413,131,453,256,449,216,444,189,440,165
C,480,366,416,339,370,305,335,285,305,263,399,226,378,175,346,163,317,163,415,220,391,154,348,146,315,162,429,221,411,155,366,146,332,158,443,229,425,178,390,161,360,161
K,441,402,391,376,358,330,348,281,345,243,370,278,346,227,333,197,323,169,403,275,400,212,402,172,406,139,435,286,441,254,431,296,424,328,466,306,463,289,451,319,439,345
E,405,376,365,343,348,292,375,255,416,245,352,245,354,193,356,222,357,251,385,240,389,178,388,208,387,237,417,245,426,185,418,209,413,239,446,259,449,218,438,224,430,243
A,417,328,356,307,310,263,293,210,303,169,336,212,327,169,331,208,338,237,369,210,360,166,362,215,368,244,404,215,396,174,392,225,393,256,440,225,432,195,420,231,416,256
E,415,362,371,333,348,283,375,240,416,224,351,226,352,171,358,203,364,237,387,220,389,153,391,186,393,220,421,226,429,163,422,191,417,224,453,245,446,214,434,233,427,258
Y,347,340,300,313,262,266,236,226,207,203,293,219,288,175,286,213,287,248,326,218,323,181,314,224,312,258,360,222,364,177,348,205,338,232,392,231,419,188,436,162,451,135
J,400,388,341,371,289,329,268,282,287,249,320,273,311,235,314,268,318,303,354,264,344,232,344,279,346,320,388,259,378,214,372,251,369,290,422,258,419,210,413,180,405,153
T,426,327,380,299,356,246,367,195,381,160,376,208,360,170,353,187,359,205,409,213,398,178,388,227,395,233,441,223,429,201,417,248,426,252,474,238,459,216,446,247,453,256
X,338,317,304,289,277,241,279,198,305,174,308,178,316,129,305,112,295,112,340,187,331,161,313,209,318,221,369,206,353,201,332,241,339,244,395,231,376,230,357,255,362,256
R,369,421,330,379,313,323,329,273,361,242,334,269,336,213,351,178,368,144,365,270,351,200,344,163,343,129,398,283,391,233,370,279,356,316,430,306,413,273,389,302,373,329
G,458,369,407,332,374,290,348,263,318,242,428,216,381,188,341,182,311,183,454,223,379,220,374,260,392,272,469,244,395,255,395,287,414,290,475,275,415,292,413,312,428,313
V,375,379,338,346,318,299,342,260,379,242,336,224,324,160,320,119,321,83,374,223,375,149,378,104,383,65,409,242,415,204,394,251,379,288,439,273,437,249,414,278,397,305
J,383,404,326,384,277,339,258,290,279,261,310,283,303,247,307,285,311,321,345,277,338,247,337,295,338,333,381,274,374,230,366,268,361,305,414,275,414,227,411,196,406,169
D,438,392,379,360,338,320,305,293,291,260,392,235,374,179,366,144,362,114,412,235,362,185,321,202,303,227,424,245,376,199,329,216,307,240,426,263,383,227,341,229,315,242
B,414,395,370,364,348,314,365,270,398,260,356,272,351,224,354,195,359,169,384,266,380,212,380,179,380,148,410,269,408,219,405,187,402,160,437,281,434,243,431,217,428,193
M,439,332,383,303,362,248,394,204,424,175,363,217,348,170,358,205,369,236,396,205,384,150,389,197,396,228,431,204,424,146,421,192,423,225,466,211,460,168,451,196,446,220
C,478,342,419,323,373,293,337,274,306,254,396,217,374,169,342,158,315,160,412,211,388,149,347,142,315,155,427,212,406,151,362,143,329,152,442,219,418,175,383,161,354,160
Q,401,142,347,183,306,223,294,270,281,317,243,147,214,228,209,283,207,328,282,124,270,234,309,233,317,205,331,117,331,223,355,215,353,184,379,117,375,200,385,198,384,171
D,454,402,396,367,354,324,322,296,310,262,412,243,397,185,390,149,387,120,431,244,383,190,341,206,324,230,443,253,396,204,349,220,329,244,445,269,405,231,363,231,337,245
B,437,384,391,351,370,300,388,256,421,248,376,256,370,204,375,175,381,148,405,249,400,193,402,159,403,127,432,253,430,201,427,168,426,140,461,265,459,226,455,199,451,174
R,363,415,324,375,305,322,318,273,350,242,326,262,327,206,339,170,354,136,357,263,343,192,331,156,326,124,390,276,381,229,360,275,348,313,421,300,402,270,378,301,363,329
O,396,297,354,255,330,204,316,164,320,127,376,157,382,105,353,97,333,107,394,157,402,94,362,86,336,100,409,163,417,100,373,93,343,108,420,174,412,122,378,111,352,119
F,403,371,352,345,310,310,278,277,263,239,353,238,321,201,292,204,274,220,379,223,365,167,342,134,321,109,407,223,404,167,393,130,381,101,432,234,443,187,450,153,455,124
H,531,335,497,281,440,250,383,256,340,268,445,187,358,184,309,184,268,184,456,223,354,214,299,213,258,211,466,267,373,275,389,288,415,288,470,312,394,315,406,322,432,320
Z,389,363,353,330,331,295,324,258,352,235,346,225,341,169,342,136,347,107,376,230,378,191,371,234,364,260,405,243,411,205,396,243,386,271,430,264,436,232,417,252,406,272
A,420,316,358,298,312,257,295,205,301,165,336,208,328,165,333,201,340,229,369,206,359,161,363,209,368,238,401,209,393,166,392,216,394,247,436,217,428,185,420,220,416,246
Q,405,140,349,179,307,223,297,276,287,324,242,157,213,242,211,297,212,343,281,137,272,247,308,237,316,207,331,130,333,235,355,218,351,186,379,130,377,212,389,201,386,173
N,454,306,407,280,385,231,406,185,432,154,381,198,367,160,372,188,383,219,415,193,404,138,403,177,410,199,449,198,447,172,440,219,440,234,484,209,479,189,471,219,470,231
R,366,423,326,383,308,329,320,279,351,247,325,271,327,212,340,176,356,143,356,271,341,197,330,157,325,122,390,284,381,235,361,281,350,320,422,306,402,273,379,304,364,333
E,394,386,354,351,337,300,364,263,407,254,347,252,350,198,348,228,350,258,380,248,388,187,380,216,379,246,411,255,425,193,411,214,405,245,440,271,444,229,428,233,418,252
P,453,142,392,167,341,206,306,244,267,272,307,170,254,232,221,270,190,302,348,167,318,269,313,327,307,368,396,173,377,270,390,257,398,230,439,185,420,257,427,246,429,221
G,468,363,415,327,382,287,356,260,326,238,434,214,387,187,348,181,318,183,460,219,386,219,383,259,401,270,477,240,403,253,405,283,425,286,482,270,424,288,420,308,434,308
R,364,413,323,374,304,322,316,275,347,245,323,263,324,207,337,171,352,138,354,263,339,194,327,158,321,126,387,276,378,229,358,274,346,312,418,299,399,270,375,300,360,327
M,419,346,369,310,355,260,387,224,416,199,359,233,345,189,348,221,356,251,389,225,377,172,375,212,382,243,421,225,414,171,406,210,408,241,454,233,447,193,434,216,431,239
T,459,299,415,276,390,233,392,190,409,162,402,203,396,165,399,186,402,206,432,207,433,175,429,215,424,233,460,215,462,187,454,227,448,245,488,226,489,202,480,227,474,242
R,368,410,328,372,307,320,318,274,348,245,326,264,327,209,337,174,351,142,356,264,342,195,332,158,329,124,388,276,379,229,360,274,349,311,419,299,401,267,379,297,366,324
A,423,313,361,296,315,254,297,201,304,161,338,207,330,163,336,199,342,227,371,205,363,159,365,206,369,233,404,207,398,165,396,216,396,245,440,215,434,185,425,220,421,243
B,428,365,382,334,359,284,376,239,408,232,362,241,355,190,358,160,364,133,391,233,385,177,385,142,384,110,418,237,414,185,410,152,407,124,448,248,444,209,440,181,435,157
V,361,371,324,340,299,293,319,252,359,234,318,215,304,152,298,111,298,76,356,214,353,139,354,95,358,56,392,233,392,194,372,242,359,280,423,264,416,240,393,270,377,297
A,443,344,391,329,350,291,333,244,350,215,375,250,373,214,378,251,381,273,406,250,402,213,403,260,404,278,436,253,434,220,430,267,428,286,466,261,464,240,456,272,451,288
P,461,128,403,153,352,196,321,242,288,272,321,167,270,236,238,274,209,308,362,163,334,271,328,328,323,369,410,167,397,266,406,248,412,220,454,177,438,250,444,236,446,211
O,412,303,363,260,330,209,307,170,303,133,381,146,375,91,339,87,316,101,398,147,391,76,345,75,316,95,412,154,403,83,352,82,319,101,419,167,398,112,358,105,329,115
F,435,338,385,320,346,291,314,264,300,232,381,226,349,198,322,202,306,214,401,209,378,162,356,133,336,111,425,205,419,157,409,123,400,97,449,212,458,171,465,141,470,114
O,410,322,370,278,350,231,339,194,342,161,404,183,410,135,380,128,358,137,420,186,427,127,388,119,359,132,434,195,440,136,397,128,366,140,444,207,439,156,405,145,377,152
Z,370,344,328,310,304,276,295,236,324,211,321,210,315,153,314,119,318,91,350,214,350,168,343,212,336,238,379,224,382,182,367,220,360,249,404,246,407,209,388,229,380,250
F,403,374,353,349,311,312,279,279,262,242,354,242,323,205,293,209,274,222,378,227,358,172,337,137,317,108,407,226,403,171,394,133,384,101,435,238,451,192,463,159,471,129
Z,389,364,353,331,331,296,323,259,350,237,346,227,342,171,342,138,346,109,376,233,378,192,371,235,364,261,405,245,410,206,395,243,386,272,430,267,436,233,417,253,405,273
L,493,366,441,353,391,324,348,297,312,292,403,256,390,205,385,174,382,145,436,252,431,222,439,272,440,288,470,253,468,226,468,273,466,289,503,260,503,234,497,267,491,284
N,398,250,354,226,330,176,349,132,375,103,334,150,318,111,320,138,331,164,364,144,351,94,346,127,353,149,396,148,388,119,381,164,385,186,430,156,418,133,409,162,411,178
U,366,443,322,401,302,352,316,302,362,292,332,274,335,208,342,172,351,137,368,276,371,201,374,160,378,120,401,293,406,237,384,285,370,324,429,322,430,276,408,301,390,331
Q,371,137,326,169,293,200,283,235,276,266,240,136,212,204,207,249,206,284,270,119,260,205,292,215,306,199,309,115,309,197,329,195,332,173,348,117,348,178,356,178,356,158
F,436,341,389,321,350,291,318,263,303,232,384,225,352,195,325,200,309,214,405,209,384,161,361,132,341,108,431,206,425,156,415,122,405,95,454,214,465,172,472,142,477,115
V,367,391,327,361,302,313,323,273,360,252,317,234,293,169,281,127,274,89,359,232,363,152,369,104,377,64,397,251,399,215,377,264,365,302,429,283,422,261,397,294,381,321
W,352,434,307,411,280,375,298,336,330,304,271,280,238,214,226,173,219,135,312,266,300,186,299,135,298,91,348,277,358,212,360,166,360,126,381,307,376,262,360,276,345,299
D,430,401,377,367,340,328,312,303,293,274,398,244,397,184,400,148,408,119,421,255,372,208,327,234,311,260,434,275,385,232,341,254,323,281,436,303,391,271,350,277,327,293
Z,399,371,361,337,340,304,332,268,359,244,354,232,350,175,350,142,354,112,384,238,387,197,383,241,377,267,414,250,420,213,406,251,396,279,438,272,446,239,428,261,415,280
H,535,337,501,282,447,252,391,259,348,271,449,188,365,184,316,185,276,183,461,225,360,216,306,215,264,212,470,268,378,277,393,289,420,290,474,312,399,316,410,322,436,320
C,508,325,449,298,406,260,373,240,343,219,451,187,425,139,389,128,358,131,462,183,431,122,385,116,353,129,468,187,438,126,391,121,359,133,467,197,437,151,401,140,373,142
P,467,121,403,144,346,188,311,234,276,263,319,150,262,216,226,255,193,288,362,146,327,253,319,317,313,364,414,154,389,256,400,244,410,217,460,170,435,247,440,238,444,213
E,409,382,369,351,350,301,376,262,417,252,348,252,349,202,356,236,359,263,382,245,383,184,386,217,387,244,415,247,420,190,417,216,413,244,445,260,446,220,437,230,429,251
M,443,366,385,320,366,256,406,213,444,186,372,224,358,167,362,210,372,247,411,215,400,148,398,202,405,240,451,216,447,148,435,199,435,237,492,226,486,177,469,205,462,232
V,376,378,339,346,319,298,343,258,381,242,337,224,325,160,322,118,322,83,375,224,376,149,379,104,385,65,410,243,416,206,395,252,380,289,440,274,438,250,415,280,398,306
X,357,321,326,297,301,251,307,207,334,182,318,190,320,147,318,128,319,119,351,200,355,169,340,217,338,225,382,216,382,207,361,246,359,245,410,238,407,232,388,257,382,259
N,413,277,370,251,349,204,368,162,394,135,353,174,338,136,339,161,347,191,383,171,371,119,366,154,371,177,414,176,408,149,401,193,403,212,448,187,438,165,429,193,430,207
V,383,383,347,350,328,304,352,266,388,248,346,229,335,165,333,124,334,88,383,230,383,156,387,111,393,73,417,249,424,210,404,257,390,293,446,280,446,254,423,283,406,310
D,450,399,395,365,355,321,325,293,311,259,411,240,400,183,394,148,393,118,430,241,386,189,345,200,324,221,443,250,399,203,351,214,327,235,446,267,406,229,365,228,336,238
E,402,362,360,338,336,295,354,254,389,235,336,243,331,192,337,214,345,244,367,235,363,174,366,197,370,227,398,238,401,180,394,200,392,229,428,253,421,223,408,236,400,258
H,519,339,486,288,438,258,388,261,350,269,440,192,360,191,313,191,275,190,453,225,357,220,304,220,263,218,464,264,375,277,388,291,413,292,468,305,396,315,406,323,431,320
T,444,326,396,292,372,233,383,184,399,148,398,194,386,151,378,164,378,188,431,199,422,162,406,210,402,236,463,214,453,182,433,231,429,256,496,234,483,205,463,234,459,252
Y,328,329,282,303,244,256,219,215,192,189,273,207,267,168,266,206,267,240,307,205,302,172,293,217,291,251,342,209,343,167,325,198,313,227,374,219,401,178,418,152,432,126
O,397,299,356,256,331,205,317,164,322,127,379,158,385,106,357,97,336,109,396,158,405,95,367,86,340,101,412,164,418,100,376,93,346,108,422,173,414,121,380,110,354,119
A,427,314,375,300,334,263,318,217,328,185,355,222,352,186,357,219,361,241,384,221,379,183,382,227,384,247,413,224,410,190,408,235,407,256,443,231,440,209,433,240,430,257
R,363,406,323,371,303,318,313,270,343,240,323,259,323,204,334,169,348,136,353,259,337,188,326,152,322,121,385,271,375,224,356,270,344,307,417,293,396,265,373,296,359,324
D,415,411,365,378,327,331,299,299,281,263,365,274,355,218,349,185,346,157,382,271,360,213,326,217,305,233,395,273,371,215,327,223,301,244,404,280,378,232,340,229,315,243
B,431,369,384,339,361,289,377,245,408,237,362,247,355,197,358,167,363,139,391,239,384,184,384,149,383,117,419,242,414,191,409,158,405,130,448,252,444,213,438,186,433,162
T,422,321,379,291,355,239,363,192,375,159,383,199,364,162,356,183,359,200,411,204,393,171,385,220,396,227,441,214,422,192,412,239,425,243,472,229,452,208,439,238,449,247
B,429,366,383,337,360,287,377,243,410,234,360,242,354,191,357,161,362,134,389,234,383,178,383,143,383,111,417,238,413,186,409,152,406,124,447,249,443,209,438,182,433,158
Y,329,331,283,307,245,260,220,219,194,193,275,211,269,171,267,211,269,245,308,209,304,175,294,220,292,256,343,214,344,171,327,205,315,234,376,223,403,182,421,157,435,130
Z,372,380,328,340,301,304,288,261,321,234,321,226,315,162,314,124,318,92,353,231,354,183,344,233,337,263,386,245,390,201,371,244,360,276,412,270,417,231,395,253,382,276
U,368,376,321,337,299,287,310,234,353,221,318,233,308,173,308,140,311,108,350,227,339,162,332,123,329,89,381,236,381,179,366,215,356,250,413,251,410,205,393,220,378,246
J,380,411,322,390,276,342,260,295,273,263,314,291,303,251,300,284,300,318,346,285,333,252,329,298,329,336,380,283,370,236,359,273,354,309,414,285,417,236,414,205,408,177
T,422,327,370,300,339,238,349,181,366,139,353,196,333,149,333,166,342,195,392,198,385,160,378,218,379,245,431,210,424,180,410,237,406,260,470,227,459,201,442,237,435,254
C,511,311,454,288,410,257,373,238,341,216,435,182,413,136,384,125,357,124,451,176,428,116,389,109,358,123,468,175,449,115,407,107,375,117,484,182,464,135,431,122,403,124
D,490,419,434,391,388,352,353,328,338,297,433,261,407,202,390,168,379,139,453,262,401,211,359,234,343,264,467,273,418,226,372,248,354,277,474,293,433,257,391,262,369,280
F,421,355,371,336,328,304,291,282,264,257,354,229,315,206,285,219,270,237,372,213,342,160,325,124,315,90,399,211,391,155,392,117,394,83,427,222,433,177,442,146,451,117
D,437,384,379,353,338,311,307,284,291,252,390,226,373,170,366,136,364,106,411,227,360,179,320,194,303,216,424,236,374,192,328,207,306,229,428,253,384,218,342,219,315,230
Q,375,170,327,225,288,270,269,311,253,351,197,212,164,281,158,329,160,368,220,189,218,290,258,292,271,272,256,178,264,276,295,269,298,245,297,176,300,253,320,252,323,234
A,423,304,363,288,319,251,299,203,307,166,341,207,330,167,336,198,344,224,372,204,360,162,364,204,370,229,403,205,393,167,393,212,396,240,436,211,427,183,421,215,419,238
H,517,335,483,286,434,258,382,264,342,273,433,194,354,193,307,194,269,193,447,226,352,222,298,222,256,222,457,266,371,278,386,292,410,293,462,306,391,316,403,324,427,321
T,444,355,386,321,349,250,352,181,367,127,356,200,334,148,334,152,348,177,403,200,397,146,391,215,391,247,450,210,446,170,432,237,426,264,498,230,491,191,473,234,463,256
Y,328,339,283,313,245,263,221,220,194,194,277,214,272,175,268,215,267,249,311,212,308,181,296,227,291,261,347,218,349,177,330,213,317,243,379,230,408,190,427,165,443,138
Z,387,358,351,325,329,291,322,255,350,233,345,220,341,165,342,132,346,104,375,226,377,188,370,231,364,257,404,239,410,203,395,241,385,269,428,261,435,229,417,250,405,269
S,383,353,339,323,309,265,326,215,370,205,333,215,324,175,325,221,333,234,367,217,361,169,352,221,359,229,399,231,392,202,376,253,381,257,433,250,415,234,401,267,406,272
S,391,355,349,324,320,273,334,226,375,209,334,224,327,180,330,224,338,242,368,225,366,172,359,223,364,234,401,237,399,206,384,255,386,262,435,256,422,236,409,268,411,276
Z,363,386,323,351,297,312,285,273,311,243,317,234,312,172,309,134,313,102,350,240,352,191,338,238,329,267,382,255,386,211,365,253,356,283,411,280,414,240,391,261,379,285
F,419,372,367,346,327,308,299,271,287,232,369,241,343,202,316,202,297,213,394,228,378,172,358,138,339,110,424,228,418,173,408,136,397,105,453,240,467,193,478,160,485,129
M,426,348,377,313,362,261,396,224,425,198,366,233,354,189,359,222,368,253,398,225,389,174,390,215,395,246,431,226,428,172,421,213,421,245,464,236,461,197,449,221,443,244
S,398,330,357,300,329,252,344,208,383,195,339,213,331,170,337,209,345,228,370,212,366,160,364,205,369,219,402,221,399,189,389,233,391,243,433,235,422,216,411,245,412,254
G,475,356,426,306,396,263,363,242,327,224,460,198,403,164,358,157,323,159,482,217,396,211,393,248,413,259,490,248,402,258,407,286,428,287,486,284,415,296,417,313,436,312
Z,366,381,324,345,297,307,285,267,315,239,318,228,314,167,312,130,316,98,351,234,352,186,340,234,332,263,383,248,387,206,367,247,357,278,410,274,416,234,393,256,379,279
P,406,106,362,141,330,181,312,214,290,240,296,149,268,204,252,245,237,280,327,135,330,217,344,262,355,293,367,129,378,208,384,195,383,172,404,129,407,193,409,184,403,162
M,435,351,379,311,362,251,399,207,432,177,366,220,349,168,353,205,363,240,401,211,387,150,387,197,394,233,438,212,432,148,422,194,422,230,476,222,469,175,455,202,449,229
H,529,343,496,291,444,260,391,264,352,277,448,199,367,195,321,195,283,193,458,232,362,224,310,224,270,222,467,273,381,283,396,294,420,294,472,315,401,320,413,327,438,324
I,396,359,343,331,306,281,290,230,290,187,332,241,326,196,333,228,340,256,364,237,358,192,361,232,365,263,397,236,395,185,389,215,385,244,431,240,430,196,427,169,424,146
Z,368,390,329,354,304,316,292,276,317,246,322,236,317,174,314,136,318,103,355,242,357,192,345,241,338,270,388,257,392,212,372,254,363,285,416,283,420,243,398,265,386,288
V,362,374,325,341,302,294,321,254,360,236,320,218,306,155,300,114,300,79,358,218,356,143,357,98,361,60,394,238,394,196,374,244,361,281,424,269,416,243,393,274,377,302
U,388,405,345,365,326,319,338,274,374,257,342,260,337,203,339,172,343,141,374,257,367,193,362,158,362,123,405,267,407,212,392,250,383,285,437,287,434,244,417,262,404,287
I,406,352,352,325,312,276,294,226,296,182,332,233,325,193,338,221,346,246,365,228,359,187,368,225,372,254,399,227,397,179,396,207,394,235,432,230,430,188,425,162,419,139
B,427,364,380,335,356,286,373,242,406,234,357,242,349,192,351,163,356,136,385,234,378,179,377,145,376,114,413,237,408,186,403,154,399,126,443,247,438,209,432,182,426,159
B,417,432,372,401,351,352,360,305,387,280,357,306,351,257,355,227,361,199,384,299,378,244,378,210,378,178,409,301,405,251,402,219,399,192,437,311,433,272,429,247,425,223
S,394,341,348,311,317,258,332,208,373,193,334,208,324,167,328,211,337,226,368,208,361,160,356,210,362,219,402,221,396,189,382,238,385,243,436,239,419,221,407,253,410,259
G,458,369,406,332,372,292,346,265,315,241,426,216,379,189,339,183,309,186,453,222,377,220,372,261,390,271,468,243,393,256,395,287,415,289,473,274,413,292,411,312,426,312
A,403,320,343,298,302,253,287,204,281,166,326,205,315,165,319,202,327,229,358,203,347,159,348,207,355,232,391,207,382,167,378,217,382,242,427,216,415,186,405,221,404,243
T,432,319,378,290,348,238,354,188,369,152,359,204,344,162,347,169,354,190,394,202,390,159,388,205,387,235,429,208,426,170,417,218,413,249,465,221,460,187,447,216,439,239
H,520,335,488,284,440,254,388,260,350,272,440,192,360,190,313,191,275,189,454,226,359,220,304,220,262,219,465,266,377,277,389,290,413,291,469,307,397,315,407,323,432,320
T,425,325,378,291,358,236,371,187,387,153,373,201,365,164,366,159,373,173,409,207,412,167,400,214,396,241,441,219,445,188,426,233,418,257,474,239,475,209,457,237,446,254
S,383,358,338,326,309,269,327,219,370,208,332,220,324,178,325,223,333,238,367,223,362,172,353,223,359,235,400,236,392,206,376,256,380,263,433,256,415,239,401,272,406,278
B,430,371,383,340,359,292,374,247,407,237,361,246,353,196,356,166,361,139,390,239,383,183,382,149,381,116,417,242,412,191,408,158,404,130,447,252,442,213,437,186,432,163
F,417,355,367,335,323,303,286,281,258,257,349,228,310,205,280,219,265,238,367,212,336,160,319,124,309,91,393,209,385,154,386,116,387,83,421,221,427,176,436,144,445,115
P,432,69,382,109,342,160,320,205,292,234,308,130,270,200,247,244,227,282,346,117,343,223,355,279,365,319,395,112,400,210,406,191,406,161,440,113,438,189,439,175,435,148
O,410,313,370,268,346,221,333,182,340,146,395,174,402,123,373,114,352,124,411,175,421,113,385,103,357,116,426,181,435,119,393,109,363,124,435,191,429,141,396,129,370,137
U,381,465,333,420,316,372,330,320,374,301,329,292,324,226,327,189,332,153,366,290,360,215,356,175,357,134,402,304,406,240,392,292,383,333,436,331,436,280,418,308,406,338
P,480,139,415,160,356,202,317,247,277,280,319,169,261,234,225,273,190,306,362,168,325,279,314,339,305,384,414,176,390,281,404,265,413,237,461,191,435,271,443,259,448,232
Z,368,388,325,350,299,312,287,272,316,245,320,235,315,173,312,135,315,103,352,241,353,192,341,240,334,269,385,255,388,211,369,253,359,284,412,281,417,240,395,262,382,286
L,457,342,407,335,357,307,315,282,282,281,367,245,353,194,347,163,343,135,398,240,390,214,398,260,401,276,431,239,424,214,428,258,428,273,463,242,458,219,455,251,453,267
M,425,345,376,309,361,259,393,224,422,199,366,233,350,191,353,222,362,252,396,225,383,175,381,214,388,244,427,226,421,171,412,209,414,239,459,234,452,194,439,215,435,238
O,394,302,354,257,329,207,314,166,320,129,376,159,383,107,354,99,333,110,394,159,402,96,363,89,336,104,409,165,417,103,373,96,343,112,419,176,412,124,379,113,352,120
A,454,336,397,319,356,282,338,235,349,201,379,243,374,203,380,236,386,260,410,241,403,201,407,245,410,267,440,243,435,206,433,251,434,274,471,251,467,226,460,256,456,274
R,365,416,325,376,306,323,315,274,347,245,326,265,327,207,338,171,352,138,356,266,342,193,331,154,327,121,389,278,378,229,358,275,347,313,420,301,398,269,376,300,364,329
H,537,344,505,289,453,256,398,261,355,271,460,192,374,185,324,185,284,182,471,227,369,215,315,212,272,207,479,269,386,278,401,291,427,292,481,313,406,317,418,325,445,322
A,446,343,395,328,353,288,338,240,355,210,378,245,380,210,384,247,386,270,409,246,409,209,409,257,408,275,439,250,441,219,436,266,432,284,469,260,469,239,461,272,456,286
V,364,392,324,360,299,314,321,276,357,254,314,235,291,169,279,127,272,89,357,233,360,153,366,104,374,63,395,253,396,216,374,264,361,300,427,285,421,262,395,293,378,319
R,366,413,326,374,306,320,317,272,348,241,326,262,326,206,338,170,355,137,356,263,341,192,330,154,326,121,389,276,381,226,361,273,349,311,420,299,403,266,379,296,365,324
V,347,361,307,330,281,283,297,240,336,221,298,207,283,144,276,103,275,67,336,206,332,129,331,84,335,45,373,224,371,184,351,232,339,270,406,254,396,228,374,259,358,287
E,413,384,373,354,355,304,380,266,421,255,356,255,358,204,362,236,365,263,389,248,392,186,393,218,393,246,421,252,429,192,423,219,419,248,451,265,453,224,443,234,435,256
A,413,318,352,297,302,253,283,200,299,160,329,198,319,157,323,199,330,228,364,196,353,152,354,206,361,234,400,201,390,159,385,214,387,245,438,213,426,183,414,221,410,247
G,457,358,402,313,366,273,333,254,298,236,424,203,365,175,322,171,289,173,446,218,361,220,363,255,383,265,456,247,371,264,379,290,400,290,456,282,389,299,394,317,413,316
V,367,394,328,363,302,315,325,277,363,256,318,237,293,172,281,129,274,91,360,236,363,155,369,106,377,66,398,256,399,219,377,266,365,303,430,288,423,264,398,295,380,322
K,436,388,390,358,365,311,360,264,357,228,380,266,362,217,352,187,345,160,411,266,413,205,416,168,422,137,441,279,444,250,431,287,422,316,469,300,464,283,448,309,435,333
H,520,336,487,285,438,255,387,259,348,268,440,191,360,189,314,189,276,187,452,223,357,218,305,218,264,217,461,263,374,275,388,289,412,290,466,304,394,313,405,321,430,318
A,450,321,399,313,356,281,337,238,348,208,379,236,376,201,380,237,383,259,409,235,404,201,406,246,408,264,437,237,434,206,432,250,432,270,466,243,462,223,456,255,453,271
C,476,368,414,342,367,308,331,290,299,270,397,227,375,175,342,161,314,162,414,222,390,154,347,146,315,161,430,223,410,156,364,145,329,156,444,232,421,182,386,164,356,162
T,443,326,392,305,361,251,365,197,383,158,370,212,356,166,363,190,374,215,407,214,407,174,404,226,399,247,443,223,444,190,434,242,426,261,479,236,477,207,466,240,459,257
I,394,353,338,325,298,271,279,219,280,174,328,229,320,183,326,219,333,246,361,224,353,178,355,221,360,251,395,223,392,169,385,201,381,232,429,227,429,181,424,153,419,128
D,432,395,374,362,333,319,301,292,285,259,393,236,373,178,364,142,361,112,411,237,357,184,314,204,297,230,421,247,369,199,322,217,301,242,421,266,376,226,335,228,310,243
I,380,349,324,325,284,275,265,224,265,180,313,232,303,189,311,221,318,248,345,227,336,182,337,221,342,252,377,224,374,173,366,202,362,231,410,227,408,182,403,155,399,131
N,448,300,400,272,377,222,397,178,426,149,379,192,363,150,368,176,379,207,411,186,397,128,396,164,403,192,445,190,437,158,432,205,435,228,481,200,468,175,461,206,464,222
G,458,365,407,329,372,287,346,260,316,238,425,215,379,186,339,180,308,181,451,221,378,217,373,256,390,269,466,241,393,251,394,282,413,285,472,270,413,287,412,308,428,309
X,350,318,318,294,292,247,297,205,325,184,324,189,331,145,323,128,316,125,354,198,347,174,330,220,334,231,382,215,368,211,349,249,355,252,408,238,390,237,372,261,376,262
O,409,316,368,273,343,227,329,191,337,157,392,177,394,123,364,124,349,143,409,179,412,114,372,118,351,141,426,187,431,123,387,125,363,147,438,198,431,148,397,144,373,157
A,444,341,393,326,351,289,333,242,351,213,375,247,374,212,379,248,381,269,406,246,403,210,404,255,404,273,435,249,434,218,431,264,428,282,464,258,463,237,456,268,450,284
F,407,370,355,347,312,313,279,280,265,242,352,241,319,204,290,207,272,222,377,225,355,169,333,136,314,107,407,224,402,168,396,129,388,96,436,235,453,189,469,157,481,128
K,446,403,398,371,370,323,362,274,358,237,386,278,365,228,352,198,343,171,417,276,417,214,418,175,423,143,448,289,450,258,438,296,429,328,477,309,471,289,457,317,444,343
V,362,390,324,360,297,312,317,273,354,252,314,233,289,168,277,126,270,89,356,233,359,152,365,104,373,62,394,253,393,216,371,264,358,300,426,285,419,261,394,291,376,318
A,443,324,393,314,351,276,333,233,342,199,369,231,365,198,374,236,379,260,399,228,395,194,400,243,402,263,429,231,428,201,426,249,425,269,460,238,458,219,453,253,447,269
Q,430,171,377,208,336,249,321,297,306,344,267,198,229,265,220,312,223,352,294,179,287,279,321,276,329,255,333,172,335,268,361,257,360,233,373,173,374,250,389,243,386,219
O,410,315,370,273,347,224,333,184,340,148,395,177,403,124,374,116,353,126,412,178,422,114,383,104,355,117,426,184,435,120,392,112,362,127,436,194,430,142,397,131,370,139
S,407,381,365,346,333,295,348,246,395,226,345,235,339,188,346,239,353,260,383,237,383,178,378,236,379,252,420,250,423,217,408,272,406,281,457,271,452,250,438,284,434,293
G,463,362,412,326,379,287,352,261,323,238,430,213,384,188,344,182,313,184,456,218,383,217,380,257,399,267,471,238,398,250,400,281,420,283,476,266,417,286,417,306,434,306
Y,333,335,286,309,249,261,223,220,195,196,279,214,275,171,273,210,274,244,313,213,310,178,300,222,297,256,348,218,351,173,337,199,327,224,380,228,407,185,425,158,440,132
S,388,360,343,328,313,269,330,219,374,208,337,220,329,178,329,224,337,238,371,222,366,172,356,223,362,233,404,235,398,204,381,255,385,261,438,255,419,238,405,271,410,278
X,352,322,322,299,297,253,304,209,332,185,318,192,320,149,316,131,317,122,352,201,353,173,337,222,339,230,382,219,379,210,358,250,359,249,410,241,403,235,383,260,381,262
P,432,124,373,153,325,193,295,226,260,245,295,150,248,205,214,244,186,279,334,143,307,243,302,302,302,346,384,146,371,241,379,223,386,194,429,155,412,232,417,219,419,189
O,425,343,364,296,323,242,294,203,285,162,381,170,366,103,324,104,304,124,402,173,382,89,327,98,306,123,417,185,396,107,337,114,311,139,423,204,394,144,349,143,324,162
W,366,448,322,425,296,386,319,350,353,322,295,294,269,231,259,190,253,154,335,282,327,204,326,156,325,114,370,293,381,229,385,186,386,148,402,321,397,281,381,294,367,316
I,371,346,318,326,277,280,255,233,253,192,302,240,292,199,300,227,309,253,333,233,323,191,326,227,332,257,365,229,360,180,353,208,350,236,397,231,394,189,390,164,386,142
O,395,291,353,251,329,202,314,162,318,126,373,154,376,103,349,96,330,106,390,154,396,92,358,85,332,100,405,160,411,97,369,90,341,105,416,169,409,118,376,107,351,116
C,477,350,413,327,362,293,324,277,291,258,394,210,370,158,335,143,304,144,409,205,384,137,338,126,302,137,423,207,399,139,351,127,315,135,433,217,405,168,369,152,337,150
D,437,382,379,344,342,309,315,288,293,265,407,230,399,172,399,133,402,102,428,242,367,203,322,228,305,253,434,265,374,228,330,249,314,273,430,293,378,265,339,270,317,284
W,340,374,300,352,273,309,294,263,328,231,261,225,231,164,221,124,214,87,299,211,287,136,286,88,285,47,335,219,339,156,340,112,343,72,369,243,353,212,339,241,332,270
K,449,395,400,361,372,307,366,252,363,209,387,250,367,190,356,155,349,122,424,250,430,177,436,132,445,94,460,267,469,232,454,280,443,317,492,294,492,272,475,305,458,333
U,382,468,326,419,298,364,309,305,361,282,321,273,313,202,314,161,318,120,361,271,351,188,344,142,341,95,401,286,402,213,383,272,371,319,440,315,437,257,413,286,395,321
V,370,374,334,341,313,293,335,254,373,237,331,219,318,155,313,114,313,79,369,219,368,144,370,99,375,60,404,239,408,199,387,246,373,283,434,270,429,245,406,275,389,303
I,357,349,306,336,265,297,244,255,238,219,284,259,271,224,282,253,294,281,311,250,298,216,307,251,317,280,340,245,329,204,328,233,331,260,371,243,368,204,364,180,359,159
W,370,444,327,421,304,382,330,347,367,321,303,292,280,228,272,187,268,150,343,281,337,203,338,155,338,113,377,291,391,229,397,187,401,148,408,321,406,278,393,294,381,318
A,426,312,364,294,319,252,301,201,310,162,342,206,334,164,341,199,348,227,375,203,367,159,370,206,374,234,409,206,402,166,400,216,400,245,443,215,437,187,429,222,425,245
K,435,385,390,356,365,310,361,263,359,229,381,268,363,220,353,191,346,165,411,267,413,209,416,173,422,143,440,280,445,252,431,289,422,319,467,301,463,284,449,309,436,331
T,440,324,387,297,358,244,363,191,376,152,367,206,356,159,359,178,367,205,403,209,403,168,398,217,394,241,439,218,440,184,427,234,420,257,475,233,472,202,459,232,450,251
K,428,381,383,354,357,308,352,264,348,230,372,265,353,218,343,190,336,165,402,263,402,205,404,169,408,141,431,275,430,248,417,283,409,311,458,294,450,277,436,302,424,326
A,448,332,393,314,350,272,332,223,347,188,374,225,370,184,374,225,377,252,406,225,401,181,401,233,403,258,438,230,435,190,430,242,427,268,472,240,469,212,458,248,451,269
U,369,362,322,325,301,274,315,224,356,208,317,220,306,160,304,125,306,93,351,214,338,147,328,108,324,74,383,222,379,169,366,207,359,242,415,238,410,193,393,211,380,238
Z,390,360,353,327,330,292,324,255,352,234,347,223,343,167,344,135,348,106,377,229,379,189,372,231,365,257,406,241,411,203,396,241,387,269,431,263,436,230,417,252,405,271
N,400,248,354,225,329,177,345,133,370,103,335,148,319,112,322,140,332,166,365,143,353,95,348,130,354,152,397,147,389,120,383,165,386,185,430,156,419,133,410,163,412,177
P,455,117,394,148,339,195,308,244,277,278,310,167,255,246,223,291,195,330,357,161,328,278,322,340,318,386,410,164,394,274,402,255,406,225,458,176,437,259,441,244,444,217
K,437,385,390,353,364,304,359,254,357,216,378,256,360,203,350,171,344,142,411,257,416,191,421,151,429,117,444,271,450,239,436,281,426,315,473,293,470,273,455,302,442,328
C,477,327,416,313,366,288,328,277,296,261,386,207,360,158,327,147,298,149,401,200,372,137,329,131,296,145,416,200,388,138,343,132,309,143,428,208,399,165,363,152,333,152
K,448,403,400,373,370,325,362,276,357,240,383,278,362,229,351,198,342,171,415,276,415,214,417,176,422,143,447,289,450,258,437,297,429,329,477,309,471,290,457,317,444,342
M,424,345,375,309,361,259,390,221,418,196,366,231,353,187,356,218,365,248,397,223,387,171,385,210,390,241,429,224,425,169,415,207,416,239,461,233,456,193,443,215,438,237
G,456,367,405,331,371,290,344,261,314,238,423,214,376,187,336,180,306,182,449,219,374,217,370,257,388,270,464,240,390,252,391,283,411,287,470,269,411,289,409,310,424,311
R,369,424,329,384,312,328,328,280,358,248,327,271,329,214,344,179,361,147,359,271,343,199,334,159,330,124,392,283,383,239,366,285,356,322,425,306,408,275,386,306,372,333
G,456,368,405,331,370,289,343,261,312,238,425,214,376,186,336,180,305,182,450,220,374,215,368,256,386,270,465,241,388,251,389,284,409,287,469,270,408,289,407,311,424,312
B,422,412,375,380,354,331,370,289,400,276,358,291,353,243,357,213,364,185,385,283,379,228,379,194,379,160,412,286,407,234,404,201,401,171,440,297,436,257,431,230,426,205
V,371,394,331,364,306,316,329,278,367,258,323,237,299,172,287,129,281,92,366,236,372,156,378,108,387,68,403,256,407,220,384,269,370,306,435,288,429,266,403,298,386,324
M,432,343,382,313,365,263,396,225,424,199,365,235,350,194,357,226,367,255,396,225,383,177,386,218,393,247,427,225,421,172,417,212,418,242,459,232,454,193,444,216,439,239
M,425,345,376,310,361,260,393,226,423,202,366,234,351,192,354,224,364,253,395,226,384,176,382,216,389,246,427,226,422,172,413,212,414,242,458,234,452,195,439,218,434,240
Q,419,186,364,226,318,261,293,300,277,335,248,186,213,251,202,296,198,331,275,165,250,256,293,272,312,256,313,157,300,250,333,256,341,233,356,158,346,234,365,239,371,218
P,463,132,404,152,351,192,318,235,283,265,321,161,270,225,237,263,207,295,362,157,333,259,326,317,321,358,411,162,394,260,404,248,411,221,454,174,436,247,441,237,443,212
T,450,302,398,277,368,226,371,175,384,138,379,190,367,143,371,163,377,188,413,193,413,154,410,201,406,225,447,200,447,166,438,214,431,238,481,212,478,181,466,212,458,232
N,454,307,411,281,388,232,407,186,432,155,381,198,369,159,374,185,384,217,415,193,405,137,405,173,411,197,450,198,447,171,442,217,442,233,485,209,478,187,472,217,471,229
K,443,389,398,358,372,310,368,263,365,226,387,265,370,214,361,184,354,156,419,265,423,203,427,164,434,133,450,279,455,250,441,289,431,321,478,300,473,283,458,310,445,335
N,430,264,385,236,365,191,385,149,413,123,369,162,356,124,359,148,367,177,399,158,392,105,388,137,391,162,431,164,427,137,420,180,420,200,464,176,456,152,448,179,447,194
N,457,307,412,282,388,233,406,185,432,153,382,200,370,162,377,191,387,218,416,195,406,140,406,180,412,199,451,200,449,174,443,221,443,233,486,209,480,189,473,219,472,230
G,460,362,410,327,377,287,351,261,321,239,429,215,383,188,343,183,313,185,454,219,381,218,377,257,395,269,469,238,396,251,398,282,416,285,474,267,415,286,414,306,429,307
Y,343,338,297,312,260,266,234,227,207,203,291,218,285,175,283,213,285,248,323,216,319,181,310,224,310,258,357,221,360,177,345,206,336,233,389,230,415,188,433,161,448,135
X,350,317,319,294,292,247,299,203,328,181,315,185,315,143,311,125,311,116,347,195,348,168,331,218,332,225,378,212,375,203,353,245,353,245,405,234,401,229,380,255,376,258
G,450,366,393,331,356,290,330,263,299,240,409,214,360,188,319,180,288,181,434,218,357,214,354,255,373,267,448,236,369,248,372,281,393,285,453,264,389,283,391,306,409,307
Z,397,367,363,335,342,302,334,266,361,242,355,230,350,173,351,140,355,111,386,237,389,198,384,241,378,267,415,249,422,213,408,251,397,279,440,270,448,240,430,260,417,279
H,517,335,481,286,433,258,383,263,344,270,433,192,355,192,308,193,270,192,448,223,354,219,301,221,260,219,459,262,373,276,384,291,408,292,464,303,393,314,402,323,425,319
P,459,133,401,151,353,187,322,225,286,253,322,158,272,215,241,250,211,279,360,156,333,251,331,302,329,337,405,162,388,252,400,241,407,216,447,172,428,241,434,231,437,208
Y,346,335,300,309,262,264,235,225,207,201,292,218,287,174,286,212,286,247,325,216,321,180,312,223,311,257,359,220,362,175,349,202,341,227,392,229,418,186,436,159,451,132
R,364,412,325,374,306,323,316,275,345,244,325,266,325,209,336,173,350,139,355,265,340,195,328,158,323,125,387,277,377,228,357,273,347,310,417,299,396,268,375,298,363,326
J,408,384,351,360,306,311,292,261,316,230,344,257,341,218,342,256,344,292,380,253,376,222,371,271,368,310,415,253,413,210,403,248,397,284,449,258,453,209,452,178,450,150
C,470,342,410,323,365,291,330,274,300,255,390,212,368,165,339,154,312,154,405,206,381,147,342,140,310,152,420,207,399,147,357,140,324,150,435,214,413,166,381,152,352,152
U,374,371,326,331,308,282,322,230,365,216,322,225,314,163,316,128,321,96,358,220,347,152,340,114,339,79,390,229,390,172,377,213,369,249,423,246,419,200,403,219,390,247
G,455,364,404,328,369,287,342,259,312,236,422,213,375,184,334,178,303,181,448,218,374,213,368,254,385,267,464,239,390,249,391,281,411,284,469,269,409,286,408,307,424,307
E,399,377,359,343,342,291,368,253,408,243,346,245,348,191,349,220,351,249,379,240,383,177,381,206,380,235,410,245,419,183,411,206,406,236,440,259,443,217,431,222,422,242
R,366,417,327,379,308,326,319,278,349,246,325,266,326,208,337,171,353,137,357,266,340,194,329,156,324,122,390,279,380,233,360,279,350,318,422,302,403,271,379,301,364,329
S,394,341,349,312,318,258,333,208,373,193,336,210,327,168,330,210,338,226,369,211,364,160,358,210,364,221,402,222,397,190,383,238,385,245,436,240,421,221,408,252,410,260
P,471,140,409,162,350,205,312,251,276,285,318,172,261,237,226,276,194,310,360,170,324,276,314,335,306,377,410,178,389,280,403,266,412,239,455,193,433,271,441,259,447,234
K,437,385,394,354,370,307,366,260,365,224,385,262,370,211,362,181,358,153,416,262,420,203,426,166,433,136,445,276,453,247,439,283,428,313,472,298,470,280,455,305,441,328
D,438,381,379,351,338,310,306,285,290,254,389,227,373,170,365,135,361,106,409,227,359,176,318,192,301,216,421,235,372,190,325,206,303,229,425,251,383,216,340,217,313,231
E,414,382,374,350,356,300,382,263,423,251,357,253,358,202,363,235,367,263,390,247,393,184,394,217,395,245,422,250,429,191,423,218,420,247,452,264,454,223,443,233,435,254
E,417,356,371,327,348,278,372,236,411,219,347,229,346,173,356,199,359,231,380,221,377,153,385,178,389,208,414,224,417,163,416,181,412,210,447,240,443,208,433,217,423,238
A,464,337,414,327,370,291,350,246,364,215,391,247,392,212,399,248,401,270,421,246,421,210,425,257,424,274,450,248,452,218,451,263,447,281,479,255,479,235,476,267,471,281
T,424,334,375,306,344,245,354,188,371,145,356,202,338,155,339,169,349,197,396,204,390,164,382,222,382,248,435,216,429,186,414,243,410,266,474,235,464,207,448,243,441,261
M,422,347,373,313,358,263,389,227,418,203,362,237,350,191,354,223,362,253,393,228,383,175,381,215,387,246,425,229,419,174,412,212,413,243,458,237,452,197,439,219,434,241
Y,326,338,280,312,243,262,218,220,191,194,275,213,270,174,267,215,268,251,310,211,306,180,295,226,292,261,345,217,347,176,329,211,317,241,377,228,406,188,425,163,441,137
G,455,366,405,329,371,288,344,260,314,237,425,215,378,185,338,179,307,181,451,220,376,215,369,256,386,270,465,240,390,249,390,282,409,287,470,269,410,287,408,309,425,311
X,344,322,296,286,267,243,252,208,270,194,322,172,325,114,296,106,271,121,354,181,301,170,287,213,301,228,376,201,313,216,305,251,320,256,389,228,334,249,327,274,341,276
V,369,392,329,363,304,315,327,276,365,255,322,235,297,170,285,127,278,89,364,234,370,155,377,106,385,65,402,254,405,218,383,266,370,303,433,286,428,264,403,296,385,324
Y,324,307,276,280,241,231,215,188,180,168,287,186,289,154,287,197,283,233,324,187,328,162,316,214,306,248,360,193,372,154,358,193,345,224,390,203,425,160,451,138,472,112
Q,450,195,387,227,338,263,318,314,303,356,279,204,233,271,224,321,223,364,313,184,292,284,329,288,342,268,357,179,345,279,372,274,375,246,401,183,390,265,404,262,404,237
Q,443,197,377,233,328,270,306,319,290,364,263,207,224,278,214,327,212,370,300,186,281,292,319,289,330,266,346,181,338,285,365,273,366,244,392,182,382,269,396,262,395,236
B,431,371,385,342,361,291,378,247,411,238,363,248,356,198,359,168,364,141,391,240,385,185,384,151,384,119,419,243,414,192,410,159,407,131,449,253,444,215,439,188,434,165
M,438,350,389,308,378,252,415,215,448,190,385,223,373,176,374,210,381,243,418,217,410,162,405,204,408,237,452,220,451,161,438,202,436,235,486,232,482,189,466,212,459,235
Z,395,372,361,340,339,305,334,271,361,248,355,233,352,178,352,146,357,117,386,240,390,201,383,246,377,272,416,254,423,218,407,257,396,284,441,276,449,245,429,267,415,286
E,406,369,364,343,340,299,360,259,397,242,344,248,339,197,344,222,351,253,375,241,373,179,373,204,376,235,406,246,411,186,403,208,399,237,436,262,430,230,417,244,409,266
P,481,136,411,157,353,200,314,244,273,276,314,159,256,225,218,268,183,305,358,159,319,271,309,336,302,383,409,168,386,274,401,257,411,228,457,183,433,265,441,254,446,226
R,369,419,328,380,310,325,324,276,354,245,326,268,328,210,342,175,360,142,358,269,342,197,333,157,330,123,391,281,382,234,364,280,354,317,423,304,405,273,383,304,370,332
W,370,446,327,423,304,384,330,347,367,320,304,294,279,228,271,187,267,150,343,283,337,204,338,156,338,114,377,293,391,230,397,188,401,149,409,323,406,279,392,295,381,320
A,415,319,359,300,313,261,294,212,309,176,340,213,330,174,332,209,338,236,371,211,359,169,359,215,364,241,402,214,393,175,388,223,389,252,436,223,426,196,414,228,410,252
U,381,417,334,376,310,327,320,277,362,256,327,261,319,199,319,165,323,131,361,257,351,187,345,149,343,110,395,267,395,206,380,251,372,290,429,287,425,240,407,259,393,287
R,367,421,327,382,309,329,321,282,350,250,325,269,326,211,338,176,354,143,356,270,341,197,331,158,327,124,389,283,380,237,362,281,351,318,421,306,404,275,382,305,367,333
J,389,382,331,366,280,325,259,279,273,245,311,268,297,231,300,262,304,297,343,259,329,227,329,273,332,312,376,253,364,207,358,245,357,283,410,253,407,205,399,174,391,147
H,543,337,514,281,463,247,406,251,364,265,470,189,386,181,339,178,299,175,477,225,379,212,326,208,284,205,482,267,394,270,409,282,433,284,484,310,413,310,425,317,450,316
U,368,368,321,330,299,279,316,230,359,213,313,225,303,164,303,129,306,97,347,219,335,151,327,112,324,78,381,227,379,175,367,213,361,249,414,243,410,199,395,216,382,243
Q,430,194,366,231,317,270,296,319,277,363,249,203,217,277,206,325,201,367,283,183,266,290,305,289,317,266,328,177,321,283,351,274,353,245,375,180,366,267,383,262,384,236
E,414,382,374,351,356,300,383,261,425,251,356,252,358,199,361,232,365,261,390,245,392,182,392,215,393,244,422,249,429,189,422,215,418,245,452,262,453,222,441,231,433,252
Q,462,197,398,229,349,262,331,311,315,355,296,200,249,266,242,313,243,353,330,183,304,280,341,287,354,270,374,179,357,275,383,274,387,249,417,183,401,262,413,263,414,239
K,429,383,384,356,358,310,352,265,348,230,373,266,354,219,344,191,337,165,402,265,402,206,405,170,410,141,432,277,431,248,419,283,410,312,459,296,451,278,437,304,425,328
P,484,124,419,150,359,196,320,240,284,265,334,155,275,221,238,259,206,292,378,154,336,264,324,326,317,371,430,164,401,267,414,252,424,224,475,179,445,258,453,246,460,221
D,440,385,382,355,340,312,308,285,294,251,394,228,377,171,368,136,365,107,413,229,362,178,320,193,302,215,425,238,375,192,327,206,304,229,428,256,385,219,342,219,315,231
Y,333,331,287,305,249,258,223,218,197,192,280,209,274,169,271,207,272,241,313,207,309,174,299,218,297,252,348,212,351,168,334,199,324,227,380,223,407,181,424,154,439,128
R,369,423,329,382,310,327,322,278,353,247,330,268,332,211,346,175,363,143,362,269,347,197,336,159,333,127,394,282,385,232,364,278,352,317,426,306,407,272,383,302,368,330
B,448,380,400,350,375,300,388,252,421,241,379,256,370,205,371,175,375,148,407,247,399,192,397,157,395,124,434,250,429,198,423,165,418,138,463,260,458,221,453,194,448,169
Z,386,361,348,326,325,293,315,255,344,231,340,222,335,167,335,134,338,105,369,227,370,185,364,228,358,255,399,239,404,199,389,237,379,266,422,261,427,227,408,248,397,268
X,348,319,305,283,277,237,265,202,279,185,333,171,340,118,316,108,292,120,363,179,317,163,300,205,310,221,384,198,325,206,315,242,329,249,397,222,343,237,335,262,349,265
L,452,350,401,337,353,307,310,279,276,277,366,243,355,191,351,160,349,132,397,240,391,214,397,260,397,276,430,242,425,217,425,260,423,276,462,248,458,224,452,256,448,273
N,444,303,396,277,372,227,390,183,417,153,374,196,360,154,364,180,375,210,407,188,395,128,392,168,400,196,441,193,433,165,428,214,432,232,478,204,463,183,457,215,459,226
K,434,383,389,354,364,307,359,260,356,225,379,262,362,213,352,184,345,157,410,262,412,203,417,166,424,135,439,276,445,246,432,285,423,315,467,297,463,280,449,306,436,329
Q,433,181,376,215,328,254,307,303,287,346,261,200,223,270,211,316,208,356,290,183,276,284,310,278,320,254,329,179,328,275,353,261,351,233,371,181,369,260,385,250,383,225
D,455,407,399,372,358,326,327,297,313,264,417,242,407,184,401,149,400,119,437,245,391,190,348,205,329,228,450,256,404,206,356,219,333,242,453,274,412,235,369,234,342,246
E,409,383,369,348,354,295,383,258,425,250,360,249,363,196,362,225,364,255,393,245,400,181,394,211,393,241,424,251,436,189,424,213,419,244,454,266,457,225,442,233,433,253
W,371,448,328,427,302,388,328,354,365,327,301,298,276,234,267,193,262,156,341,285,334,207,334,159,335,117,376,296,389,232,394,190,398,153,408,324,404,283,391,299,379,322
L,484,343,432,332,383,306,341,280,305,275,391,241,377,192,371,162,367,134,423,236,417,206,426,253,428,269,457,236,453,210,455,254,454,269,489,242,487,217,483,249,480,265
E,412,361,371,329,354,277,380,239,419,229,354,234,354,183,357,212,361,240,386,228,388,167,386,195,388,224,417,231,424,172,416,195,413,225,447,243,447,205,435,212,428,231
Q,364,126,320,160,286,190,272,225,262,254,229,132,204,187,199,229,201,262,255,115,248,189,279,199,290,187,291,109,292,183,313,184,315,166,328,111,327,169,338,171,338,154
I,402,353,346,326,305,272,286,219,288,173,333,228,326,182,333,216,340,243,366,223,359,177,363,219,367,250,401,222,399,168,394,198,390,228,436,226,435,180,432,152,427,127
V,359,370,319,339,294,290,314,248,353,229,314,214,299,150,294,108,293,72,352,213,349,137,349,92,353,52,389,231,387,193,367,241,355,278,421,262,412,237,389,268,372,296
I,368,343,315,325,273,280,250,235,246,194,296,238,284,199,293,228,303,253,326,231,315,188,320,225,327,254,358,226,351,178,345,206,343,235,389,227,385,185,380,161,376,139
B,426,365,379,336,354,287,368,242,401,234,354,242,346,193,349,163,353,136,382,233,375,180,374,146,372,114,410,236,404,186,400,154,396,127,440,246,435,208,429,182,423,158
S,389,341,344,312,313,260,327,211,367,196,330,211,321,170,323,213,332,229,364,212,358,161,352,210,359,221,397,224,392,193,377,241,381,247,431,242,415,224,402,255,406,261
D,466,391,407,363,366,327,334,308,309,287,421,235,395,177,383,143,379,114,439,241,372,196,329,225,314,254,447,260,384,217,340,242,324,269,444,286,394,251,356,259,335,276
R,369,424,329,384,311,329,326,280,356,248,326,272,328,213,342,178,360,145,357,272,341,199,331,160,327,127,391,284,382,238,365,284,356,322,424,307,406,276,384,307,369,335
E,400,376,358,346,337,298,363,259,404,247,342,248,341,197,343,227,347,256,375,241,377,179,374,210,375,240,406,245,413,184,405,208,401,239,436,258,438,218,425,225,417,245
Y,334,334,288,308,251,261,226,220,200,194,283,212,278,170,275,209,277,243,316,211,312,177,303,222,302,256,350,216,353,173,337,203,327,231,382,227,410,185,428,159,442,132
L,503,368,451,356,403,319,365,286,331,281,419,257,409,203,406,171,404,141,452,254,452,221,458,268,456,287,486,257,488,230,487,273,482,291,518,266,521,240,514,271,507,288
N,447,302,399,275,375,224,396,180,425,151,379,193,366,153,367,180,377,210,412,186,398,125,393,164,402,193,446,191,437,162,430,210,435,230,482,202,468,179,459,209,462,222
W,364,430,321,405,297,366,322,329,359,302,297,279,271,213,262,173,257,137,336,268,329,189,328,142,328,100,371,279,382,216,387,172,389,133,402,309,396,264,381,278,369,302
R,365,414,325,375,306,322,320,274,351,246,326,265,328,208,340,173,356,141,357,266,343,195,332,158,328,126,389,279,381,232,361,277,349,314,421,303,402,272,379,303,364,330
J,385,378,328,364,277,323,255,279,270,245,308,267,294,230,297,262,301,296,339,258,326,228,326,274,329,312,372,252,359,209,354,246,353,282,406,252,402,204,395,173,388,146
U,373,371,325,331,304,282,317,232,359,219,322,230,313,171,313,138,316,107,354,225,344,161,337,123,335,89,385,233,385,179,371,214,361,248,416,249,415,203,398,218,383,242
V,361,370,321,339,297,291,317,248,355,229,315,213,301,149,296,108,295,72,354,212,351,136,353,91,357,52,390,230,391,190,371,238,358,276,421,261,414,236,391,267,374,295
Y,329,332,284,306,246,258,220,217,193,192,276,209,270,170,267,209,268,243,310,208,304,173,294,219,292,254,344,213,346,170,327,203,315,233,377,223,403,181,421,155,435,128
S,361,327,306,299,264,237,276,180,325,162,289,183,274,136,277,185,289,203,326,180,313,123,307,179,318,193,363,189,348,155,337,211,346,219,404,205,376,186,365,223,374,231
X,339,321,301,289,278,244,275,206,299,191,324,177,335,123,317,108,299,119,358,188,332,171,313,214,320,227,386,208,346,216,330,250,339,252,406,235,365,249,351,272,360,273
Z,372,348,332,311,308,279,296,239,326,214,321,212,315,154,315,121,318,91,351,215,352,170,346,215,340,241,381,225,384,184,370,223,363,253,407,246,409,210,391,232,382,253
V,344,362,305,332,279,285,296,242,335,222,297,207,282,144,275,103,273,67,335,206,330,129,330,84,334,45,372,224,369,184,349,232,337,270,405,255,395,228,372,259,358,287
B,429,366,383,335,361,287,378,246,410,234,362,243,355,192,359,162,364,134,390,236,385,179,385,145,385,112,418,239,414,188,410,155,407,127,448,250,444,211,439,184,434,160
W,368,447,324,428,297,389,321,353,356,326,295,297,271,233,262,192,256,155,335,284,328,207,328,158,328,117,370,295,382,231,388,189,391,152,403,323,399,283,385,298,371,320
Y,313,277,262,256,220,215,178,191,136,184,266,160,286,167,283,221,273,248,315,159,329,174,311,230,295,255,357,168,374,164,355,213,338,243,389,181,427,151,458,136,486,115
C,469,381,408,353,364,315,330,293,299,272,398,238,378,186,346,171,317,170,413,234,393,167,350,156,316,166,427,236,410,168,366,155,332,163,438,244,419,191,385,173,354,172
Y,349,341,304,317,265,272,235,236,203,218,293,225,286,182,286,221,287,256,326,222,320,187,312,231,312,265,360,226,362,182,348,209,339,234,392,235,419,192,436,164,451,136
V,386,381,353,347,335,299,362,262,400,247,352,225,347,161,347,121,349,87,389,228,393,153,398,109,404,71,423,249,432,211,411,256,396,290,451,281,452,256,429,284,411,309
R,368,421,328,380,308,325,320,276,351,244,328,269,329,210,341,175,357,143,359,269,344,195,333,156,329,123,392,281,381,232,361,278,351,317,424,304,402,272,379,302,365,332
B,398,406,351,380,327,330,344,286,375,284,338,280,334,231,337,201,342,174,365,273,359,220,360,185,361,153,390,277,387,229,385,197,383,170,419,289,415,252,412,226,410,204
G,457,365,407,328,373,288,346,260,316,235,427,214,381,186,340,179,308,180,452,219,379,215,374,256,391,268,468,239,392,249,394,281,414,284,472,268,411,286,410,308,427,309
R,367,417,327,377,309,321,322,273,353,244,329,264,330,207,342,171,357,139,360,264,345,193,334,156,329,124,393,278,383,228,362,275,351,314,424,301,404,271,380,302,365,330
N,440,299,395,266,377,213,401,171,430,143,389,184,376,142,374,166,380,201,421,180,413,117,401,151,404,187,455,188,444,156,432,204,435,230,490,203,472,177,462,208,465,225
U,354,404,310,364,289,313,293,265,332,246,310,257,301,201,300,168,302,136,340,254,333,189,326,152,322,118,370,264,374,205,354,238,342,273,400,282,400,235,379,243,361,265
J,394,373,332,356,276,310,251,263,268,226,308,246,295,205,298,240,303,277,344,237,330,201,331,253,334,297,382,232,369,182,362,222,359,263,419,233,417,179,410,146,401,117
X,356,310,328,287,300,244,305,201,332,177,320,180,321,136,317,118,317,112,353,190,355,162,339,211,339,219,383,207,382,199,361,239,360,239,411,230,409,224,388,249,382,252
O,408,316,368,272,344,222,330,180,339,144,390,174,396,125,370,116,349,124,408,174,417,113,382,102,354,114,422,180,431,116,392,107,362,120,431,190,425,138,394,125,368,131
P,460,129,402,153,352,197,318,241,284,274,320,167,269,233,236,273,206,305,361,165,331,271,327,326,322,362,409,169,393,268,404,254,409,226,453,180,433,255,439,244,442,219
G,479,373,421,324,385,278,354,253,318,232,449,201,389,164,344,157,309,158,476,216,388,211,384,253,405,266,489,247,398,261,402,294,425,295,490,285,415,303,418,324,437,323
I,350,352,302,330,267,286,253,241,253,203,292,252,285,214,290,239,295,270,322,248,312,208,312,241,317,273,353,247,346,204,336,227,332,253,385,250,392,210,394,186,394,164
R,376,443,335,406,315,351,329,302,359,266,327,285,328,225,339,187,354,153,360,285,343,211,333,172,329,137,396,298,386,253,370,302,360,341,430,321,411,290,390,324,377,353
R,366,422,327,381,311,323,327,272,358,240,330,269,334,213,350,177,368,144,362,269,347,198,339,160,336,126,396,282,387,231,367,278,355,316,428,305,409,272,384,302,368,330
O,410,316,373,274,350,225,336,183,346,148,400,180,408,129,380,119,359,128,416,181,429,118,392,106,365,118,431,187,441,124,400,113,370,127,440,196,435,146,403,133,376,140
I,377,350,322,325,282,275,263,224,263,181,312,234,302,190,308,221,315,248,344,228,334,183,335,221,340,252,375,226,371,174,363,203,360,234,408,229,406,184,401,157,397,133
S,399,379,358,346,325,296,338,247,382,225,334,235,328,188,337,236,345,259,373,236,372,177,370,233,371,251,410,250,412,218,399,271,395,280,446,271,441,251,427,285,421,294
Q,439,184,381,221,335,259,315,304,299,349,267,203,229,271,218,318,217,360,295,183,284,284,320,281,331,259,334,177,334,273,361,260,360,234,375,177,374,256,390,248,389,224
Q,441,181,384,217,339,255,323,302,309,347,274,203,234,268,226,317,228,358,304,183,295,284,329,278,338,255,346,176,345,272,370,257,368,230,388,176,384,254,398,244,396,220
R,365,414,324,374,306,320,319,272,349,242,326,263,328,207,340,171,355,137,357,263,343,193,333,156,327,123,391,277,382,227,361,274,348,312,422,300,403,269,379,299,362,326
W,369,445,325,423,301,384,327,348,364,322,301,294,276,229,268,189,263,152,341,283,335,205,336,157,336,116,375,293,388,231,394,189,398,150,406,322,403,279,389,295,378,319
R,367,426,327,386,309,331,321,282,352,251,325,273,327,214,340,179,358,146,356,273,340,199,330,159,327,124,390,285,381,237,362,283,351,321,422,308,402,278,379,309,366,338
D,464,390,405,371,357,338,321,316,295,287,387,261,362,211,346,182,338,156,402,257,352,214,317,234,304,258,414,261,365,223,325,243,309,267,422,273,378,246,340,253,319,271
P,460,128,398,154,343,194,309,236,274,263,319,156,261,219,225,256,193,288,362,152,325,257,316,320,310,365,412,161,386,261,397,249,406,222,457,177,431,252,435,242,439,218
W,367,450,324,428,298,388,323,353,359,326,297,297,271,234,263,193,257,156,337,285,330,207,329,158,328,117,372,295,383,232,388,189,390,151,404,323,399,283,385,299,374,322
A,441,315,389,298,349,258,334,210,347,178,372,219,374,181,377,215,379,238,403,219,402,181,402,226,401,246,431,224,432,188,428,233,424,254,460,233,461,210,453,240,447,256
T,434,311,383,294,349,240,354,181,373,144,363,198,349,157,352,191,361,204,399,201,392,167,389,221,391,219,433,208,429,184,421,236,422,234,468,216,460,197,450,233,453,239
O,396,295,355,253,330,202,316,162,321,126,378,155,383,104,354,97,333,107,395,155,403,92,364,85,336,99,411,162,417,97,373,91,343,107,420,172,411,118,377,109,350,119
R,365,416,327,376,308,321,320,272,351,241,328,265,329,207,342,172,358,141,358,265,343,194,332,157,328,124,391,278,380,230,360,276,350,313,422,301,401,270,378,302,366,330
N,457,303,409,278,386,230,404,183,429,152,379,201,369,159,378,184,387,214,414,196,406,141,409,175,413,198,448,200,447,173,444,217,443,234,483,210,479,187,474,215,473,229
E,405,363,364,339,340,295,358,254,395,235,340,243,336,192,341,217,347,247,371,235,369,174,370,198,374,228,403,239,407,181,400,203,396,232,432,254,426,223,413,239,406,263
I,369,355,322,329,290,283,280,237,282,200,318,252,313,213,317,239,322,269,347,250,341,210,340,243,343,274,377,252,375,210,365,235,360,262,410,257,419,219,422,194,423,172
E,408,368,367,335,350,285,376,247,416,237,354,241,354,189,354,216,357,245,386,235,388,173,385,201,386,230,416,240,424,178,415,200,412,230,446,253,448,212,435,217,426,237
Q,421,187,366,227,319,260,295,298,276,337,250,188,217,254,205,299,202,334,278,168,254,260,297,272,312,254,317,160,304,253,337,257,343,234,360,161,350,237,369,241,373,219
Z,370,346,329,312,304,278,297,240,325,214,321,210,314,153,314,119,317,91,350,214,350,170,344,213,338,241,380,224,382,184,367,223,360,252,406,245,409,209,390,230,380,252
K,439,384,396,353,373,306,370,259,369,224,388,261,373,210,365,180,360,153,418,262,424,202,429,165,437,135,447,277,456,246,441,281,430,311,474,298,472,280,457,305,443,327
X,360,330,310,290,279,251,259,223,254,201,332,176,322,121,290,113,266,125,355,188,281,186,274,223,293,235,366,212,287,228,290,258,310,260,368,240,303,257,305,279,323,281
M,445,346,390,310,371,256,406,215,437,188,374,226,360,180,369,215,379,247,408,216,397,162,401,208,407,240,443,216,438,159,434,203,434,237,479,225,475,182,463,208,457,233
B,427,364,381,332,360,285,378,242,410,231,360,239,355,189,358,159,364,132,389,232,384,177,385,142,385,110,418,236,414,185,410,152,407,124,447,247,444,209,439,181,434,157
L,476,399,419,378,367,348,318,318,277,313,380,262,368,201,364,163,363,130,416,256,413,218,421,274,423,298,454,257,456,220,455,268,452,294,490,267,494,233,484,266,476,289
B,428,365,382,333,361,283,379,239,413,231,364,236,359,186,363,156,369,129,393,230,389,174,390,139,390,107,421,234,419,182,416,149,413,120,450,247,448,208,444,180,439,156
E,414,362,369,330,345,281,372,239,415,222,354,225,354,168,357,196,363,230,389,219,392,151,390,181,392,216,423,227,432,162,421,188,415,221,455,246,448,213,432,231,422,257
Q,388,146,338,174,302,204,287,239,273,268,248,139,210,199,199,242,197,277,279,125,262,211,290,218,300,201,317,125,309,207,328,204,328,181,355,130,345,193,355,192,355,172
X,355,320,325,296,299,251,305,207,332,182,318,191,320,149,318,130,319,118,351,200,355,169,339,217,337,227,381,217,382,207,360,247,357,248,409,240,407,234,385,259,379,262
Y,328,340,281,312,245,264,220,221,193,196,277,216,271,177,268,218,268,253,311,215,306,184,295,230,292,265,346,221,348,180,330,213,318,242,379,231,407,191,426,166,442,140
Q,441,203,377,236,326,273,301,321,278,366,261,209,220,281,209,330,208,371,294,192,275,296,311,294,322,272,338,188,330,288,356,277,357,249,384,192,374,274,389,267,388,242
U,375,369,329,332,309,279,324,230,365,216,330,226,324,169,325,136,330,105,362,222,353,158,347,122,346,89,393,231,395,177,379,211,368,245,423,249,422,204,405,217,390,241
K,439,388,393,357,368,310,362,262,359,226,382,265,365,215,355,185,349,158,413,264,415,204,419,166,425,136,444,277,447,249,434,285,424,315,471,297,466,280,452,307,439,332
J,378,396,323,376,277,333,257,290,271,260,312,280,298,241,296,271,297,304,344,274,329,241,325,284,325,323,377,271,365,224,355,258,350,295,410,272,412,224,407,193,400,166
D,430,373,372,342,330,300,298,275,283,244,385,216,368,159,359,126,355,97,404,217,353,167,312,182,294,204,416,227,365,181,318,195,296,217,419,244,376,208,334,209,308,221
Z,383,357,344,323,320,290,310,252,339,227,335,220,329,164,330,131,333,103,365,224,366,182,360,226,353,253,394,235,398,197,383,236,374,265,419,257,423,223,404,244,392,265
N,414,265,369,239,346,190,363,147,391,122,352,161,339,123,341,147,349,175,383,157,373,105,368,138,374,162,415,163,410,134,402,178,403,199,450,174,440,150,431,178,430,193
A,455,337,398,319,356,282,339,235,350,201,380,243,376,203,382,237,386,261,411,241,405,200,408,246,411,268,441,244,437,206,435,252,435,276,473,251,469,225,462,256,457,275
V,381,381,345,348,326,302,350,264,387,247,343,226,332,162,329,121,331,85,381,227,383,152,386,107,393,68,416,247,422,209,401,254,387,290,445,278,444,253,421,282,404,308
S,421,384,379,351,346,297,362,245,411,222,355,236,347,184,359,236,367,258,395,235,395,170,394,229,394,246,434,248,438,216,425,271,419,281,472,268,469,248,455,283,448,293
O,400,307,361,265,337,216,322,176,328,140,385,169,389,118,360,111,339,123,401,169,409,107,371,100,344,115,416,175,422,113,379,106,350,121,425,186,415,135,381,124,355,132
L,465,365,411,346,362,313,318,284,281,281,376,241,365,186,362,153,360,123,409,234,405,199,414,249,417,273,445,235,444,200,445,245,444,270,479,245,480,212,471,243,465,265
V,343,357,303,328,275,281,291,236,330,216,292,205,276,141,270,100,267,64,330,203,325,125,324,80,327,41,366,220,363,179,344,228,333,266,398,250,389,223,367,255,352,284
X,343,320,307,297,276,252,278,209,308,191,313,184,320,136,308,120,296,125,345,190,327,175,313,221,320,230,374,208,350,215,333,252,340,252,400,233,373,244,357,268,363,267
Q,410,144,355,183,312,227,304,283,293,334,246,164,215,246,209,301,207,347,283,141,276,254,313,249,320,222,332,132,336,242,359,232,354,201,380,130,380,219,391,213,386,185
O,410,318,368,276,344,229,332,192,337,159,395,180,399,127,368,126,352,143,411,182,416,117,376,120,355,142,427,189,432,126,389,126,365,146,439,199,433,149,399,144,376,158
O,396,303,354,259,330,209,315,168,321,132,377,161,383,109,355,103,334,114,395,161,403,99,364,91,337,105,410,168,418,104,375,98,346,114,421,178,415,126,382,115,356,124
J,380,369,318,355,263,310,238,263,247,226,296,247,280,204,282,240,287,278,330,238,314,202,314,252,319,294,367,232,352,182,344,221,342,260,404,231,402,178,394,144,385,114
J,389,373,327,355,272,311,246,264,264,228,305,247,291,206,293,240,298,276,340,237,326,202,326,252,330,295,378,232,365,184,359,224,357,265,416,233,414,180,407,146,398,117
N,410,271,366,246,343,198,359,155,384,127,349,170,335,133,336,159,346,187,379,167,368,116,363,149,368,171,411,171,405,146,398,189,399,209,444,181,437,158,427,185,426,201
L,495,366,444,355,395,326,351,298,315,294,404,260,391,208,386,176,382,146,436,256,432,227,441,274,441,290,470,257,467,230,470,275,466,290,502,262,503,237,498,270,492,288
L,451,346,400,336,350,306,307,278,273,276,362,241,350,189,345,158,342,130,393,237,385,212,392,259,393,272,426,238,419,213,420,257,419,270,459,243,455,219,449,251,446,266
E,410,382,371,346,355,294,384,256,425,249,361,249,365,195,365,224,367,253,394,244,401,180,398,209,397,238,426,249,437,189,428,212,423,242,456,265,460,223,447,231,438,252
P,474,138,406,161,348,200,308,240,265,270,311,160,252,222,215,263,179,297,355,158,316,267,306,332,297,379,406,166,380,270,396,257,406,228,453,182,428,261,435,252,440,225
F,399,374,349,350,308,315,275,281,258,244,349,246,319,211,290,213,270,226,374,230,353,176,333,142,314,115,403,229,399,175,391,137,382,106,432,240,446,196,457,163,465,134
M,435,339,384,310,366,261,395,223,421,197,367,233,354,192,363,224,373,252,398,223,386,174,391,215,398,244,429,222,423,171,420,210,423,239,461,228,455,191,446,215,443,237
L,502,363,450,350,402,312,365,280,330,274,418,250,408,196,405,164,404,134,452,247,452,214,458,261,457,281,486,251,488,223,487,266,482,284,519,261,522,234,515,264,507,281
C,469,330,409,311,361,281,320,262,286,240,384,199,358,152,327,141,299,141,402,192,375,133,335,126,303,138,421,192,398,132,357,122,323,131,441,199,418,152,386,137,357,136
E,407,378,366,351,345,296,370,254,409,240,336,250,337,198,347,229,352,258,370,239,367,176,375,210,378,238,404,239,406,180,405,207,403,237,435,249,434,211,426,223,420,243
G,465,361,415,312,384,269,355,247,321,228,448,203,391,167,348,160,314,164,471,220,386,215,383,252,402,265,480,250,393,261,396,289,417,291,477,285,406,300,408,318,427,317
C,478,364,416,339,370,307,334,288,302,266,398,227,377,176,346,163,317,161,414,221,391,156,349,147,316,160,428,221,410,156,365,145,331,155,441,228,422,177,388,159,358,158
K,442,407,394,376,364,328,356,278,355,239,380,276,359,224,347,192,339,163,413,275,415,210,420,170,426,137,446,288,452,257,439,300,429,334,476,311,472,293,457,323,443,348
G,478,363,417,315,378,268,346,241,309,218,444,187,382,151,335,142,298,142,473,200,380,196,376,241,397,255,488,230,395,245,398,280,422,282,491,268,417,284,417,307,437,308
N,431,309,391,276,376,230,398,191,425,165,378,200,370,161,370,186,376,216,409,197,405,140,398,173,401,201,440,205,439,178,428,221,428,241,473,220,466,197,456,223,455,236
Z,376,400,338,364,314,325,309,285,340,259,335,246,333,184,334,147,339,115,370,253,373,206,362,252,353,280,403,268,411,226,391,266,379,296,431,295,438,258,416,279,402,301
J,380,379,324,363,273,323,252,278,268,244,306,266,292,230,295,264,300,300,337,258,324,228,324,275,327,314,371,253,358,209,352,247,350,284,404,253,401,204,395,174,388,147
P,485,137,419,159,358,203,318,248,279,280,322,169,263,234,226,274,192,309,364,169,325,277,314,338,305,382,415,178,392,281,407,266,416,238,463,194,438,272,447,259,452,233
U,355,403,312,366,289,317,291,269,329,250,309,256,301,198,299,165,302,134,339,253,333,187,325,149,322,114,370,263,373,205,351,230,338,261,399,281,398,234,378,239,361,260
K,432,384,386,357,360,311,354,265,351,230,374,267,356,219,346,190,340,164,405,266,405,206,408,170,413,140,434,278,434,249,421,285,413,314,462,297,454,279,440,306,429,330
S,399,343,356,310,327,260,340,213,379,194,341,212,332,169,336,212,345,229,375,214,371,161,364,209,370,219,408,225,404,196,389,243,392,249,441,243,427,224,414,256,417,263
J,384,377,327,362,277,321,256,277,271,243,310,265,295,229,298,261,302,295,340,257,326,227,325,272,328,310,373,252,358,209,353,246,353,283,406,251,401,203,395,173,387,146
U,384,440,336,399,315,350,330,302,371,280,330,273,323,209,324,174,327,139,366,270,356,198,352,158,351,117,401,283,402,222,387,270,378,309,436,307,432,259,414,284,402,313
P,464,124,401,151,347,193,313,236,275,263,320,155,262,220,225,258,193,290,363,151,326,256,317,319,312,364,413,160,387,262,399,248,410,221,459,175,432,253,438,242,442,216
G,468,371,419,319,389,275,360,251,328,230,458,210,401,173,356,165,322,167,480,230,395,218,389,256,408,270,487,261,399,265,400,295,422,299,482,296,410,306,411,324,430,325
K,440,382,396,352,372,305,369,257,368,221,387,260,372,209,364,179,359,152,417,261,423,202,428,165,436,134,446,275,455,245,441,282,432,311,473,297,471,279,457,304,444,326
N,445,301,397,273,375,221,396,177,426,148,377,192,364,150,366,177,376,207,410,186,397,124,394,163,401,190,444,191,437,160,429,208,432,228,480,203,469,178,459,208,459,222
E,406,362,365,331,348,279,373,240,413,231,350,235,349,184,349,209,352,237,381,228,382,168,380,194,382,223,412,232,418,173,410,194,408,223,441,245,443,206,431,212,424,230
K,437,384,395,353,372,306,369,259,368,224,386,262,372,211,364,181,359,154,417,263,423,203,428,166,436,136,447,278,454,247,440,283,429,313,473,299,471,280,456,306,442,328
S,417,384,376,351,342,298,356,247,403,224,349,237,342,187,352,239,361,261,389,237,389,173,386,233,388,249,428,250,432,218,418,275,413,283,466,269,463,252,448,288,441,296
R,368,412,328,375,308,321,318,273,349,243,326,265,327,208,338,174,352,142,357,265,342,195,332,158,328,126,389,277,380,230,360,274,349,311,420,300,399,269,377,299,366,327
G,456,364,405,326,371,285,345,257,315,233,426,211,379,183,339,177,307,179,452,217,377,212,373,253,392,264,468,238,392,247,393,279,414,282,473,267,412,283,410,304,426,304
J,381,374,320,359,268,313,243,268,246,230,298,251,282,208,284,244,289,282,333,241,317,207,317,257,321,299,371,236,357,187,349,226,348,265,408,236,406,183,398,148,390,118
L,437,361,386,348,337,315,296,285,261,280,356,248,346,197,341,165,338,138,386,248,377,223,380,270,381,285,418,251,411,225,409,270,408,285,451,259,445,234,437,267,434,283
M,443,351,390,312,375,255,412,217,444,191,382,224,372,177,376,214,383,247,417,216,410,160,409,207,413,241,453,220,453,161,443,207,440,241,489,231,487,189,473,216,464,240
K,431,387,386,358,360,313,355,267,352,232,375,268,357,220,346,191,340,165,405,268,406,207,409,171,414,141,435,281,436,252,423,288,414,317,463,301,456,282,441,309,428,332
F,433,350,385,330,342,300,307,278,282,251,368,229,333,203,304,216,290,234,387,214,357,162,338,127,326,94,414,212,404,157,402,120,401,88,442,223,446,178,452,146,457,117
Z,377,348,336,312,312,280,300,240,330,217,326,211,320,153,319,120,322,91,356,215,355,171,351,216,345,243,386,226,388,186,374,224,367,254,411,247,415,212,396,232,386,253
V,379,382,343,348,324,302,348,263,385,247,340,227,329,163,326,122,327,86,378,228,380,153,384,108,390,68,413,247,420,209,400,255,386,291,442,278,443,253,420,283,404,309
N,433,318,392,291,371,242,389,199,416,171,376,211,365,172,366,200,374,228,406,208,400,154,394,190,399,213,438,215,434,189,425,233,425,251,470,227,462,205,452,234,452,247
A,471,343,416,330,371,290,353,240,365,203,389,240,391,201,399,241,403,269,423,238,422,195,427,249,427,275,455,240,456,203,455,256,452,281,488,248,489,223,484,260,477,280
O,398,308,359,266,334,217,320,176,325,139,380,169,387,118,360,109,339,119,398,169,406,107,370,98,343,112,413,175,420,113,380,105,351,119,425,185,417,135,385,123,359,130
G,456,368,405,332,371,290,345,262,315,238,424,215,378,186,338,180,308,182,450,221,376,217,371,257,389,270,466,242,391,253,393,285,413,288,472,272,412,290,410,311,426,311
W,366,448,322,426,294,386,319,351,356,325,295,296,269,231,260,190,254,153,335,284,328,205,328,156,328,114,370,294,381,230,386,187,388,149,402,323,397,281,383,297,371,321
E,416,377,373,353,348,307,369,267,408,251,344,261,339,209,347,240,352,267,375,250,370,189,374,220,378,247,407,249,406,192,403,218,402,246,437,258,434,220,424,231,417,251
T,421,322,379,290,357,236,367,190,381,157,386,200,367,166,358,185,363,199,414,205,397,173,385,222,396,227,444,216,425,192,412,238,424,243,474,231,453,211,439,241,448,249
Y,323,337,277,309,240,261,215,220,189,194,272,212,266,173,263,212,263,246,305,212,300,180,289,226,285,260,340,217,341,177,323,210,310,240,373,228,401,187,420,162,435,136
O,385,281,344,243,320,198,306,162,308,127,368,154,368,108,342,100,322,109,383,153,386,97,350,89,324,102,395,157,398,99,356,93,329,108,402,164,395,115,361,107,335,118
Q,428,185,371,225,324,262,302,307,284,350,253,204,219,270,209,317,208,355,281,185,270,285,305,286,317,267,320,179,322,277,348,268,349,244,362,181,363,261,379,255,378,232
M,428,343,381,309,366,258,397,223,425,198,369,231,356,188,360,220,368,249,400,223,389,172,388,212,394,242,431,223,427,170,419,209,419,239,463,232,457,194,445,217,440,239
Z,397,368,361,337,340,302,338,266,364,244,356,231,351,176,351,143,355,114,386,238,390,197,383,240,376,265,415,250,422,213,407,250,397,277,440,272,447,239,429,260,418,279
N,420,293,377,264,357,217,376,176,405,151,364,188,353,149,353,175,360,204,395,184,387,131,381,164,385,190,427,191,422,165,413,209,414,230,460,203,451,180,442,208,442,222
R,366,414,326,374,308,319,320,271,351,242,326,263,327,205,339,169,353,136,357,264,343,192,334,155,330,122,390,277,381,229,360,275,348,312,422,301,404,270,379,298,363,325
B,429,362,381,331,359,282,377,240,410,231,359,239,352,188,356,158,361,131,388,232,382,176,382,141,381,108,416,235,411,184,407,150,403,123,446,245,441,207,436,180,431,156
J,386,383,327,367,276,326,256,281,272,247,307,270,294,233,297,263,301,297,340,261,327,229,327,275,330,315,373,255,361,210,355,248,354,286,408,254,404,206,397,176,389,149
W,371,446,329,427,303,388,325,352,360,324,299,298,271,234,261,194,255,157,338,285,329,207,328,160,328,118,372,294,383,231,387,189,389,151,404,322,400,281,387,298,375,322
W,365,449,321,427,298,384,326,346,364,320,299,295,274,230,266,189,261,152,339,284,332,205,332,157,332,114,374,294,387,230,392,188,396,150,405,323,401,279,388,296,377,320
U,382,461,332,417,315,369,329,318,372,297,328,292,321,225,322,187,326,150,365,289,356,214,350,172,350,130,400,303,403,238,390,289,382,330,435,327,433,276,416,304,405,334
I,360,352,308,342,265,305,243,263,238,226,282,265,268,232,282,260,295,286,309,255,295,222,306,256,317,284,337,248,326,208,326,236,330,263,367,245,360,207,354,185,346,165
F,404,372,354,348,312,312,280,278,263,241,352,242,322,205,293,208,274,221,377,227,356,172,336,137,318,108,406,227,402,172,394,134,386,102,436,239,452,194,465,160,476,130
S,406,340,363,313,331,261,345,212,386,196,348,211,340,170,344,214,351,227,382,212,376,164,371,215,376,222,414,223,411,193,397,242,399,246,447,240,434,224,422,256,425,261
R,368,422,329,381,312,325,326,277,358,247,332,269,334,212,348,177,365,144,363,270,348,198,339,161,337,129,395,283,388,233,367,280,354,317,427,307,408,275,385,306,371,334
Z,368,382,324,345,297,309,282,267,313,240,317,230,312,168,310,131,313,99,349,235,349,188,338,236,331,265,382,248,385,206,366,247,356,278,409,273,413,235,390,257,379,280
O,393,287,353,250,329,203,315,165,319,130,376,161,378,115,352,106,331,114,392,159,396,102,361,93,335,106,405,163,408,103,368,97,340,112,413,170,403,122,371,114,346,123
J,384,376,327,361,278,321,256,278,271,245,308,267,294,229,296,260,300,293,339,258,325,228,325,272,328,310,372,253,359,210,354,246,353,282,405,252,402,204,395,173,388,147
Z,374,350,335,315,311,282,303,245,331,221,326,214,320,157,320,125,323,96,356,218,356,175,350,218,344,245,386,230,388,190,373,227,365,256,412,251,415,216,395,236,384,257
W,364,446,321,426,293,386,316,351,351,323,290,294,264,231,254,191,247,154,331,282,324,204,323,156,322,114,366,292,377,229,381,187,385,149,399,320,389,280,376,300,366,324
L,454,365,400,348,350,314,307,285,270,283,364,242,353,188,350,154,349,125,397,235,390,202,399,252,404,274,432,236,430,203,430,247,429,270,468,245,467,213,457,243,450,265
G,457,369,406,332,372,292,345,265,315,242,425,217,379,189,339,183,309,185,451,222,376,221,372,261,390,272,466,243,392,255,393,287,413,290,472,272,412,291,411,313,427,314
B,431,380,384,349,363,296,382,253,415,245,366,251,360,201,364,171,371,145,395,244,390,188,390,153,392,121,424,248,420,196,417,162,415,133,453,260,450,221,445,194,441,169
I,357,350,306,337,263,298,243,254,238,218,283,259,269,223,282,252,294,280,311,250,297,215,307,250,317,278,340,244,328,202,328,230,331,257,370,242,367,202,363,179,358,157
S,386,342,342,313,311,260,326,211,367,196,328,210,319,170,323,214,331,229,362,211,356,161,350,213,356,221,395,223,390,193,376,242,380,247,429,241,414,223,402,255,405,260
K,449,400,400,370,372,321,364,273,360,236,385,276,364,226,353,196,344,169,417,274,417,212,419,173,424,141,448,287,451,255,437,293,428,324,478,307,472,287,458,315,445,341
L,482,361,429,345,379,309,340,277,305,273,396,246,385,192,380,160,377,130,429,244,426,212,432,259,432,278,463,247,462,218,462,263,458,281,496,256,497,229,490,261,483,279
I,397,354,341,334,298,291,274,244,274,203,317,248,306,205,317,236,327,262,349,240,340,198,346,236,352,265,382,236,379,186,374,213,372,239,415,237,417,196,417,173,416,150
B,435,378,392,344,371,298,388,256,421,246,376,257,371,208,375,180,381,154,404,251,401,197,402,165,402,134,430,255,429,205,426,173,424,147,458,267,456,229,452,203,448,180
Z,398,368,361,334,339,301,334,265,362,243,354,230,349,174,350,140,354,112,384,235,387,196,383,240,377,266,415,248,421,212,406,250,396,277,440,270,447,240,429,261,416,279
K,444,410,395,379,365,331,359,281,358,242,381,280,360,229,348,197,341,169,414,279,417,215,421,174,428,141,446,292,451,261,437,302,428,335,476,314,471,296,456,325,442,351
E,366,362,322,332,298,286,318,245,361,233,308,233,306,183,304,212,310,241,340,226,343,165,335,194,335,225,371,230,379,169,364,192,361,224,401,244,401,202,383,208,374,229
S,389,353,345,322,314,273,328,225,371,210,330,223,322,180,327,224,335,241,364,224,361,172,355,222,360,236,398,236,394,205,381,253,382,262,431,254,418,236,405,267,406,275
K,447,430,401,396,375,344,372,293,372,255,394,294,377,242,367,211,362,182,427,295,432,230,437,191,445,159,458,309,461,276,443,316,430,347,487,331,480,310,462,339,448,365
V,373,373,336,340,316,292,338,253,374,237,334,219,321,156,317,115,317,79,371,220,371,145,374,100,379,61,406,238,411,199,391,245,377,282,435,269,434,244,411,272,394,299
J,410,381,353,358,308,307,294,257,319,228,345,255,345,215,348,252,349,289,381,251,381,219,378,266,374,305,418,251,418,207,411,246,403,282,452,255,457,207,458,177,456,149
J,380,398,324,379,276,334,258,289,273,258,312,280,298,240,296,272,297,306,344,274,329,240,325,285,325,323,378,271,366,224,355,259,351,295,412,273,413,225,408,193,402,166
H,521,341,486,291,437,262,386,268,348,280,437,200,358,199,312,200,274,198,452,232,357,229,304,230,262,229,463,273,376,286,391,298,417,298,470,314,399,323,410,329,435,326
W,366,445,323,422,300,382,327,345,366,320,301,293,277,228,268,187,263,151,341,282,336,203,336,155,335,113,375,293,389,229,393,187,397,148,406,324,402,278,389,294,378,319
V,386,379,353,345,336,299,361,261,397,244,351,225,344,163,344,123,347,88,387,226,391,154,396,111,403,74,421,246,429,208,410,252,395,287,448,277,450,253,428,280,410,305
B,399,423,352,388,330,334,345,285,379,260,341,282,337,226,343,192,352,160,372,275,369,212,372,173,375,136,401,280,400,222,398,185,398,153,431,295,429,252,426,222,423,194
D,451,399,395,365,354,319,323,291,308,258,412,237,400,180,394,145,392,116,431,239,386,185,343,196,322,218,443,249,398,199,350,210,325,232,445,266,406,227,364,224,336,236
X,345,311,310,284,285,238,287,196,314,177,320,173,329,125,317,108,305,114,353,181,340,163,323,208,328,220,382,200,359,204,340,240,346,242,406,226,378,237,362,259,369,258
F,405,371,353,349,311,315,279,282,264,245,348,244,316,209,288,212,269,225,373,227,351,172,330,139,310,112,403,226,399,171,392,134,385,102,432,237,449,193,463,160,474,131
N,455,307,410,283,387,232,407,186,434,154,382,198,371,159,375,188,385,218,417,193,408,139,406,180,411,201,451,199,449,173,441,220,442,233,486,209,479,190,471,220,472,230
E,406,381,362,354,338,310,358,272,397,256,342,257,336,207,338,230,346,259,373,249,371,190,368,213,371,243,403,253,407,196,398,215,395,245,432,266,433,227,418,234,410,256
V,348,361,309,331,282,284,300,242,338,223,300,207,284,143,277,102,275,67,338,206,333,128,333,83,337,44,375,224,373,186,353,234,340,272,408,255,398,231,375,262,360,288
M,422,344,374,309,360,259,392,224,421,200,364,232,351,190,353,222,362,251,394,224,384,172,380,212,387,242,426,225,421,171,411,209,412,239,457,233,451,194,437,217,433,238
O,397,297,355,255,331,203,317,163,321,127,377,156,381,105,354,98,333,107,395,156,402,93,363,85,335,99,410,162,417,99,374,92,344,106,421,173,414,120,381,110,354,117
A,450,330,393,313,351,278,332,232,342,199,372,238,368,200,374,231,379,255,403,236,395,195,400,239,403,261,432,238,427,201,426,245,426,269,464,244,459,220,453,250,449,268
D,433,418,385,384,349,337,321,304,307,267,386,280,379,219,373,183,371,152,404,279,385,216,348,221,325,239,421,283,401,224,356,233,330,254,433,293,410,246,371,241,344,253
A,354,329,291,304,237,255,216,201,234,157,274,192,260,149,259,191,266,223,309,190,295,141,291,198,299,228,347,196,334,149,326,208,331,239,388,209,369,175,356,215,357,240
U,370,363,321,325,298,277,310,226,352,210,309,221,298,160,297,126,300,94,343,214,328,148,321,110,317,75,376,221,373,167,363,206,357,242,409,237,404,192,389,210,378,237
C,473,347,410,318,362,278,324,256,290,238,407,196,380,137,339,124,304,127,421,195,387,120,336,114,301,128,429,204,396,134,346,125,311,133,431,223,401,177,365,158,334,148
A,380,313,317,291,264,247,241,195,256,152,296,189,283,143,283,185,291,217,331,186,317,135,315,188,323,218,367,189,355,142,350,198,354,229,407,199,392,165,379,203,378,229
E,394,385,355,347,341,294,370,259,412,251,355,246,360,193,356,220,356,250,387,245,398,184,389,210,386,240,418,254,434,194,420,211,412,241,445,272,453,230,437,231,425,249
M,437,342,387,313,368,262,396,224,423,197,369,235,355,193,364,225,374,254,400,225,388,176,392,217,399,246,431,224,425,172,422,211,424,241,463,231,457,193,448,218,444,240
V,349,349,310,320,282,273,298,229,337,210,299,200,282,137,276,97,273,62,335,198,329,120,328,76,331,39,371,214,368,175,350,222,338,260,403,242,394,217,373,248,359,275
F,438,352,390,332,347,303,311,280,285,254,374,231,336,205,306,218,292,235,392,215,362,163,343,128,331,95,419,213,408,157,406,120,406,88,447,223,450,179,457,147,463,119
M,434,342,384,313,365,263,396,223,423,197,365,235,351,193,361,224,371,253,397,225,385,175,390,216,396,245,429,224,423,171,420,212,421,241,461,230,455,192,446,216,442,238
B,430,388,384,360,359,314,372,269,404,257,362,272,354,226,356,198,360,172,389,264,381,212,381,180,379,150,414,265,410,217,405,186,401,160,441,275,437,239,433,214,428,191
F,411,369,362,346,322,314,290,283,275,248,360,245,325,213,296,218,280,232,383,228,362,176,340,144,320,118,410,226,406,173,396,136,387,107,434,236,447,192,457,159,464,131
O,407,315,368,272,344,223,330,182,338,146,392,177,400,126,372,117,351,126,410,177,420,115,382,105,355,118,425,183,433,120,391,111,361,126,436,193,428,142,395,130,368,137
S,387,357,344,325,315,276,331,230,371,214,330,225,324,182,327,226,335,243,365,226,362,173,354,224,360,237,398,239,395,209,379,256,381,263,432,257,418,240,403,271,406,278
L,443,349,390,335,337,300,295,269,258,268,353,226,342,172,338,139,337,110,386,220,380,186,388,236,393,260,421,220,418,186,418,231,419,255,457,228,454,195,445,226,440,248
R,365,417,326,376,306,323,317,275,348,245,327,266,328,208,339,172,354,139,358,266,344,194,333,156,329,125,390,279,380,231,359,276,347,314,422,302,400,271,377,302,365,331
R,373,439,332,402,312,347,325,297,355,262,325,282,325,222,337,185,353,151,358,281,341,207,331,168,326,134,393,293,382,251,365,300,356,338,426,316,408,286,387,319,375,348
M,427,344,378,308,363,258,396,222,425,198,368,232,354,191,356,222,365,251,398,225,387,174,384,213,391,244,429,226,425,171,415,209,416,240,461,234,455,195,441,216,436,238
I,362,352,309,342,265,304,245,261,240,225,285,266,271,231,283,259,296,285,312,256,297,221,308,255,318,284,340,249,327,208,328,235,332,262,369,245,362,207,355,185,347,165
Z,372,399,333,362,307,323,299,282,329,256,329,242,326,181,325,143,330,112,363,249,367,201,354,250,346,278,396,265,403,222,382,264,372,294,423,292,430,253,407,275,394,297
L,455,349,405,340,354,315,310,289,274,287,361,249,346,200,339,170,333,142,392,244,381,221,391,269,394,279,424,243,416,219,420,264,420,275,457,246,450,223,447,256,446,271
N,443,299,397,265,377,215,398,173,427,144,387,184,374,144,371,169,378,203,419,181,409,119,399,152,403,186,453,188,443,158,433,206,435,232,489,202,473,176,463,206,465,223
W,369,445,326,423,302,383,327,347,364,320,302,294,277,229,269,188,264,151,341,283,335,204,336,156,336,114,376,293,390,229,395,187,399,150,407,322,402,279,389,296,379,321
G,455,365,405,329,371,287,344,259,314,235,422,214,377,185,337,179,305,181,449,219,376,214,370,254,387,267,465,239,391,248,392,281,411,284,472,269,412,284,410,304,424,306
R,367,425,326,383,308,328,322,279,352,247,324,270,326,213,340,177,357,144,356,270,340,198,330,159,325,124,390,283,380,236,362,283,351,322,422,306,405,274,381,304,366,333
T,425,323,378,295,353,244,362,193,378,160,374,206,358,168,351,180,357,197,407,210,395,174,386,224,393,230,439,220,425,198,414,244,423,248,472,234,456,214,444,244,451,253
Z,370,348,329,314,305,281,295,242,323,216,320,212,314,155,313,122,316,93,350,216,349,171,343,216,338,242,379,226,381,185,367,224,360,253,405,247,408,211,389,232,380,254
L,487,370,435,354,386,321,342,291,304,287,398,244,388,188,386,152,386,122,433,239,430,204,440,254,441,273,469,240,470,205,472,249,468,270,503,249,506,215,499,244,490,265
J,383,377,325,362,275,322,254,278,269,243,307,264,293,228,295,259,298,294,337,256,324,226,324,272,328,310,370,251,357,207,351,245,350,282,403,250,400,202,393,172,386,145
R,366,420,326,379,308,324,320,277,350,247,329,266,330,208,341,172,356,140,359,267,346,195,335,157,329,124,392,281,382,232,361,278,350,316,423,305,404,272,381,303,367,331
I,396,354,340,326,299,273,279,220,281,175,328,229,320,184,328,217,335,245,362,224,354,177,356,219,361,250,396,224,393,169,386,201,381,232,430,228,429,182,425,153,420,127
N,458,307,412,283,389,233,409,187,436,156,383,202,372,163,378,189,388,219,417,196,408,141,407,179,411,201,452,201,449,174,444,220,443,234,487,211,481,189,474,219,474,231
Y,343,346,296,320,260,275,241,233,223,200,290,230,286,188,286,223,287,258,323,228,320,192,313,233,311,267,357,232,361,188,349,212,341,236,389,241,414,201,433,175,448,151
M,432,350,383,306,374,249,414,213,448,190,381,221,373,171,374,207,379,240,416,216,412,159,406,203,408,237,451,221,453,162,439,204,436,237,485,234,484,191,467,214,459,237
U,367,413,323,373,301,327,306,280,349,261,321,262,313,200,313,166,318,133,353,259,344,190,337,153,335,115,384,270,384,208,365,244,354,279,416,291,412,243,392,256,377,280
H,539,339,505,284,456,251,403,254,364,266,460,188,379,181,333,179,294,176,473,222,376,212,323,209,282,205,483,264,393,271,406,285,431,287,487,306,413,310,422,318,448,316
V,381,378,347,344,331,298,357,260,392,244,347,224,340,161,339,122,341,87,384,226,386,153,390,110,397,72,417,246,424,208,405,252,392,286,445,277,446,252,425,281,409,305
K,431,381,384,353,359,307,354,261,350,227,375,264,356,216,346,187,340,161,405,263,404,204,407,168,411,139,434,275,434,247,421,284,412,313,461,293,453,275,439,302,428,327
F,450,351,402,328,364,296,333,268,317,236,399,230,367,198,339,203,324,218,421,215,401,163,379,132,360,107,448,213,444,161,435,125,426,97,473,223,485,180,494,149,501,122
X,355,322,324,299,297,253,303,210,330,186,317,189,320,148,316,130,317,121,351,198,353,173,336,223,337,228,381,215,380,210,357,251,356,248,409,238,404,237,382,263,378,264
B,418,399,353,363,313,297,316,234,354,202,330,220,315,152,316,110,323,70,365,210,351,131,350,82,351,34,400,215,388,141,383,94,381,53,438,233,426,175,419,136,414,100
A,414,320,357,303,314,264,296,216,311,180,337,217,330,178,335,215,340,241,369,216,362,176,364,223,366,247,401,220,395,183,392,231,392,258,434,229,427,202,419,236,415,258
I,360,352,307,342,263,305,241,262,235,225,282,266,266,231,279,258,292,284,309,256,292,220,303,254,314,283,336,248,323,206,324,233,328,261,365,243,358,205,350,183,343,164
Q,424,188,368,229,321,263,299,303,278,341,250,190,219,257,208,304,204,343,279,171,259,266,298,275,315,256,319,165,312,258,342,259,346,236,363,167,356,242,374,245,377,225
R,366,412,327,375,307,323,317,274,348,243,326,266,327,208,338,174,352,142,356,266,343,194,332,157,327,125,388,279,378,231,358,276,348,313,420,301,398,270,376,302,364,330
A,442,314,389,298,350,257,336,210,348,178,374,218,374,181,378,216,380,239,404,219,403,180,403,225,402,246,432,224,432,189,428,235,425,256,461,232,461,210,453,240,447,256
G,458,368,408,331,373,290,347,262,316,238,428,215,380,188,340,181,308,182,453,221,379,215,374,256,392,268,469,241,394,250,396,282,416,285,474,271,415,286,414,307,431,308
J,384,377,328,361,277,320,255,276,270,241,310,265,295,227,297,258,302,292,340,256,326,225,326,270,329,309,373,251,360,207,355,244,354,282,406,251,402,203,395,172,388,146
X,355,322,324,299,297,254,305,210,333,186,318,190,320,148,317,130,318,122,352,200,354,175,337,224,337,230,382,217,381,211,359,251,359,249,410,239,406,237,385,262,381,262
X,350,330,304,291,276,248,261,214,276,195,334,180,340,124,311,116,286,128,364,190,311,174,295,217,308,232,383,210,318,220,310,256,326,262,394,235,337,252,330,277,344,281
K,441,392,394,360,366,307,360,254,357,213,380,255,361,198,351,164,344,133,416,255,421,186,426,143,434,108,450,271,457,236,442,281,431,316,481,295,478,274,462,306,446,333
P,482,138,414,157,354,198,311,242,268,274,314,163,255,228,217,271,182,305,356,165,319,274,311,335,302,378,408,174,386,276,402,261,412,232,456,189,432,268,442,256,447,229
W,363,445,319,424,292,387,313,350,348,321,288,293,258,229,248,189,240,153,328,281,318,202,316,153,314,112,363,291,373,229,375,185,375,146,395,320,386,277,371,293,360,317
Q,438,195,374,234,322,274,297,322,273,367,256,205,217,276,205,326,200,368,290,185,268,292,309,292,320,268,335,180,326,285,356,276,357,247,381,183,371,270,387,265,387,239
X,356,315,325,293,298,249,305,206,334,183,319,185,321,140,317,122,312,117,352,193,350,166,337,214,337,223,382,210,377,203,358,242,359,242,411,232,403,226,385,252,382,254
N,448,304,403,279,380,226,402,180,431,149,375,196,361,154,367,184,378,215,409,189,398,132,397,172,404,196,444,194,440,167,434,216,435,232,480,204,471,184,464,215,465,227
E,395,385,356,347,341,292,370,255,414,251,356,248,361,196,358,225,359,254,388,247,399,185,391,211,388,241,419,255,435,196,421,213,413,242,447,273,454,230,439,232,427,249
I,344,351,295,329,260,285,246,240,243,203,287,250,278,214,283,241,289,271,317,246,306,207,306,241,312,273,348,246,341,203,331,229,326,257,381,250,387,209,387,185,385,163
B,428,364,382,332,360,283,378,239,409,230,361,241,355,190,358,159,364,132,390,233,384,177,384,142,384,110,418,236,413,185,409,151,406,123,447,247,443,208,438,180,433,156
Q,440,185,380,223,334,258,315,305,298,348,274,194,239,263,228,311,224,350,306,174,285,272,321,275,335,255,348,168,338,265,364,260,367,233,392,169,381,250,395,247,396,223
K,434,389,389,358,363,312,358,265,354,230,379,268,361,219,351,189,345,162,410,268,411,208,414,171,420,140,440,281,442,252,427,289,418,319,467,301,461,283,446,310,433,334
U,369,371,324,333,301,282,313,232,355,216,318,229,309,170,309,137,313,106,351,223,340,159,333,121,330,88,383,231,383,179,368,214,358,249,415,248,413,203,395,218,380,243
C,478,354,411,328,364,293,329,273,296,250,395,210,372,159,337,146,307,148,410,205,384,137,339,129,305,144,423,206,399,138,351,130,316,142,432,213,407,161,370,145,339,146
A,415,315,358,296,312,258,292,209,307,173,336,211,327,171,330,205,336,232,368,209,358,167,359,213,364,239,400,212,391,172,388,220,389,249,435,220,424,192,414,225,411,249
D,432,442,385,413,348,361,322,327,307,292,391,296,382,235,376,198,374,167,409,296,382,236,344,245,324,266,425,303,396,249,352,261,330,284,436,317,411,272,372,269,347,281
B,430,389,384,359,359,304,378,259,410,258,366,261,359,212,360,181,365,153,393,253,385,198,385,162,385,128,420,256,415,204,412,169,409,139,449,268,443,229,438,201,435,176
N,454,305,409,279,388,230,409,185,434,154,382,199,370,163,375,190,385,219,416,193,405,138,404,175,411,198,451,198,448,172,442,218,441,234,486,208,479,188,472,218,471,231
G,452,367,396,331,359,289,332,261,301,237,413,213,364,185,323,177,291,178,437,218,360,214,357,255,376,268,451,236,372,249,376,282,397,286,455,265,392,286,394,309,411,310
K,449,405,401,375,372,327,363,278,359,241,384,280,364,230,352,199,344,172,416,278,417,216,419,177,424,146,448,290,451,258,439,298,429,329,478,311,473,292,459,320,446,345
W,348,426,305,394,287,339,323,298,362,270,288,254,260,184,251,141,247,103,329,244,322,162,322,112,324,72,366,256,381,188,385,142,390,102,399,286,389,251,368,276,352,305
S,385,357,340,325,310,268,327,218,370,206,333,219,323,177,324,222,333,237,367,222,362,171,352,222,359,232,400,235,392,204,376,254,381,260,434,255,415,237,401,270,406,276
U,363,372,312,335,289,290,294,236,339,219,301,231,289,171,287,138,289,106,335,224,321,158,313,120,310,85,367,232,365,175,353,215,345,251,399,247,394,203,377,221,365,247
O,403,310,362,266,337,217,323,177,326,141,386,171,393,122,365,113,343,122,402,172,411,111,374,102,346,115,417,177,424,116,383,108,353,122,428,187,421,136,387,126,360,134
V,374,378,340,346,323,302,347,266,383,250,341,228,332,165,331,125,333,91,378,229,381,156,386,112,393,75,411,249,417,212,397,257,382,292,439,281,437,257,415,285,398,310
L,473,342,420,332,372,306,331,280,297,277,384,242,370,192,364,162,359,134,415,238,410,208,418,254,419,274,448,238,444,210,446,255,444,274,480,244,477,219,473,251,469,268
L,484,345,432,335,384,307,342,281,309,277,394,244,381,194,375,164,372,135,427,239,421,209,429,256,431,275,460,239,456,213,458,257,457,274,493,245,491,220,486,252,482,269
L,468,348,415,338,366,311,324,286,289,284,378,247,364,196,358,165,353,137,409,242,402,214,410,260,412,279,442,242,436,215,439,259,438,278,475,248,471,222,466,253,462,271
I,394,350,339,326,299,275,281,224,280,181,325,233,316,190,325,222,333,249,357,228,350,184,353,223,359,253,391,226,387,174,382,205,379,234,424,229,423,185,419,158,414,134
J,383,377,324,361,274,320,253,276,269,242,307,264,294,227,296,259,299,294,338,256,325,226,325,271,327,310,371,251,358,207,353,243,352,280,404,250,401,202,395,172,387,146
W,362,448,318,427,292,392,310,356,343,326,288,297,260,233,249,193,243,157,327,284,318,205,317,156,316,115,362,295,373,231,376,188,378,150,395,324,388,281,373,295,362,318
P,479,142,414,163,355,207,315,252,275,282,320,168,261,235,224,273,190,305,363,169,325,278,314,338,305,382,413,179,389,280,403,263,413,235,459,194,433,272,442,260,448,234
L,441,353,387,336,335,303,291,274,254,272,350,229,338,175,333,142,331,113,382,222,375,188,382,240,387,263,417,222,414,188,413,235,414,258,452,231,450,198,440,229,435,251
C,473,359,406,331,357,293,321,273,287,252,389,208,366,155,332,140,301,140,405,202,380,132,333,122,297,136,420,203,398,133,350,122,313,132,432,212,410,157,373,138,341,137
T,462,318,412,295,379,240,381,182,405,147,385,198,377,150,391,176,401,202,424,200,435,163,434,217,426,239,460,208,473,180,463,232,451,251,495,221,505,196,495,231,483,247
P,474,139,412,162,354,203,315,246,276,279,316,172,258,237,221,274,187,306,358,172,322,280,311,340,302,384,409,180,388,283,404,266,412,236,457,195,434,273,443,260,448,234
U,372,367,325,331,303,282,318,233,359,216,314,225,304,165,303,131,305,100,349,218,335,152,327,113,324,79,381,225,379,174,368,214,362,249,414,241,410,198,395,218,385,244
J,383,379,326,364,275,323,253,278,269,243,308,267,294,230,296,262,300,297,339,259,325,228,324,273,326,311,372,253,358,209,352,246,351,283,405,253,402,204,395,173,388,146
D,460,390,402,364,357,330,322,313,297,289,410,237,384,177,372,142,366,112,428,243,361,200,317,228,301,256,437,262,375,220,329,244,312,270,436,287,388,250,348,258,326,275
U,370,366,321,326,303,275,316,224,357,214,318,222,310,160,310,126,314,95,352,216,342,150,335,111,332,76,385,225,383,170,371,208,363,243,417,241,413,196,397,215,385,241
D,450,392,390,363,347,330,314,314,288,293,403,237,380,174,369,137,365,105,422,246,354,202,308,230,292,258,432,267,369,224,322,248,304,275,431,294,383,258,342,265,319,282
W,368,445,326,423,300,386,323,347,358,318,296,295,267,230,257,189,251,152,335,283,325,204,325,156,325,113,370,293,380,229,384,185,386,146,402,322,398,277,384,293,372,318
J,391,385,332,370,280,329,259,282,272,246,312,272,298,232,303,265,308,301,344,263,332,230,332,276,335,315,377,257,366,210,361,248,360,286,411,256,408,207,401,176,393,149
Q,389,145,342,178,311,217,307,260,301,300,243,176,214,243,210,288,213,323,270,156,269,248,303,243,309,221,307,148,313,235,335,223,331,198,344,145,348,214,361,207,357,185
B,447,387,399,355,375,301,392,252,427,243,382,257,375,206,377,176,381,148,411,249,405,192,404,156,403,124,438,252,435,199,431,165,427,136,468,263,465,223,461,195,456,170
I,365,344,313,324,270,282,247,237,244,196,295,241,282,202,290,228,299,252,325,233,312,192,316,228,324,256,355,228,347,180,341,208,340,236,387,227,382,186,377,162,372,141
O,396,293,354,253,328,202,313,162,319,124,375,153,380,101,350,94,329,106,393,154,399,90,360,83,334,98,408,159,413,95,370,90,341,106,418,169,409,116,375,107,349,117
W,369,425,330,396,310,346,346,304,385,278,304,268,279,199,271,158,267,121,344,257,332,178,332,132,334,93,380,266,382,201,384,159,384,120,416,293,417,246,406,261,396,284
E,371,362,327,331,305,282,328,243,370,232,316,232,313,181,311,209,316,238,347,226,350,165,342,193,343,224,377,231,386,170,371,192,368,223,406,245,407,205,389,211,380,232
Z,373,385,330,349,305,310,294,269,324,240,325,232,321,169,320,132,323,99,359,237,359,188,349,237,341,265,391,251,395,207,376,249,367,280,419,276,423,237,401,259,388,282
D,439,390,380,357,339,316,307,290,294,256,393,232,377,176,369,140,366,111,414,233,364,183,322,199,303,222,426,242,378,197,330,212,308,236,430,260,386,225,344,225,317,237
J,386,387,327,372,275,330,253,285,267,251,308,274,291,235,293,265,297,300,339,265,324,232,323,277,326,316,372,259,358,213,353,250,352,289,406,258,403,209,396,178,388,151
U,378,391,334,351,318,308,324,261,362,245,328,251,320,193,322,161,325,130,359,247,350,183,345,147,343,111,390,256,388,200,378,238,371,271,421,274,417,230,402,248,392,272
T,430,318,382,295,355,243,365,190,383,155,370,205,356,165,353,185,359,204,402,207,394,169,387,218,391,227,435,214,425,187,415,235,420,242,469,225,456,202,446,234,451,243
U,363,372,314,333,292,287,300,236,343,218,305,230,293,171,290,137,292,105,337,224,324,158,316,119,313,84,369,231,368,176,355,215,347,251,401,247,397,202,380,220,367,245
T,428,323,375,291,351,238,362,192,380,158,367,212,352,172,350,174,354,193,398,211,390,173,385,216,383,247,431,219,421,188,411,235,408,264,466,232,453,204,441,233,436,253
V,345,365,306,334,280,288,296,245,333,224,297,212,281,148,275,107,274,71,335,210,330,134,329,88,332,49,371,228,368,188,348,236,337,273,403,259,394,232,370,263,355,290
M,434,341,383,312,365,263,393,224,420,198,366,235,353,193,362,224,372,252,397,224,386,175,391,216,397,245,429,224,423,171,421,211,422,241,461,230,456,193,446,217,441,240
U,372,363,324,327,301,278,318,229,359,211,314,221,304,162,303,128,306,96,348,215,335,149,327,112,324,78,381,222,379,172,368,211,362,247,415,239,411,196,396,213,384,240
P,464,123,407,150,353,194,320,237,286,268,328,162,275,227,241,263,210,294,370,159,334,265,327,323,323,364,419,165,396,266,407,251,416,223,464,178,440,254,445,241,450,214
R,367,411,327,373,307,321,318,273,348,242,326,264,327,207,338,172,353,139,357,264,342,193,333,155,330,122,389,277,380,229,361,274,350,311,420,299,399,268,377,298,364,326
O,420,348,370,292,345,228,329,177,340,133,413,173,419,114,387,101,358,108,434,174,443,102,399,88,361,104,454,184,465,110,417,97,379,112,471,200,471,136,434,115,401,119
R,371,417,333,375,317,318,333,269,365,238,339,262,341,207,353,172,366,144,370,264,358,196,353,163,353,140,402,278,394,232,373,276,360,313,432,302,416,271,392,299,375,326
A,431,314,378,299,337,262,321,217,332,185,359,223,356,187,362,220,366,243,388,222,383,184,387,228,388,248,416,224,414,191,412,235,411,256,446,232,444,210,438,240,433,256
K,433,377,390,346,368,299,367,252,366,216,384,254,371,202,365,171,362,143,415,256,422,197,429,160,438,130,444,271,453,240,438,276,428,305,470,293,468,275,453,299,440,321
K,436,387,391,357,365,311,358,264,355,228,379,267,361,217,351,188,345,161,410,266,411,206,414,169,419,139,440,279,442,250,428,286,419,315,468,299,461,281,446,307,434,331
P,464,111,399,143,342,197,308,250,279,292,313,167,258,246,225,293,197,335,362,160,334,283,328,350,325,398,417,164,401,280,408,260,414,228,468,177,448,264,452,248,454,218
W,369,449,325,428,298,389,323,353,361,327,299,297,274,234,266,193,260,157,339,285,333,207,333,158,333,116,375,295,387,232,392,189,395,150,407,325,402,282,389,300,378,325
V,364,373,327,342,303,294,322,253,360,235,321,216,307,152,302,111,302,76,359,216,358,140,359,95,363,57,395,235,396,195,376,243,363,280,426,266,419,241,396,272,380,299
V,369,393,328,364,302,315,325,276,363,255,319,235,295,168,282,125,276,87,362,234,367,153,374,104,381,62,400,254,401,216,380,267,368,305,432,286,426,262,401,295,384,323
G,456,364,407,327,373,288,347,260,318,237,426,215,381,187,341,181,310,182,452,221,380,215,372,256,390,268,468,241,395,247,393,280,413,284,474,270,415,283,410,304,425,306
K,446,425,398,391,370,340,365,290,371,253,390,292,372,240,361,208,353,181,423,292,427,227,432,188,439,157,455,306,457,274,441,315,430,348,484,328,477,307,461,336,447,363
M,432,352,383,309,372,253,410,217,443,193,380,223,368,175,369,209,374,242,413,218,405,162,400,204,403,239,447,222,446,163,434,204,431,237,481,234,479,190,464,212,456,235
G,468,364,415,326,380,285,353,259,322,236,434,211,386,184,346,178,314,179,460,216,384,215,380,255,399,266,475,237,400,249,403,281,423,283,480,267,420,286,420,307,437,307
G,456,367,406,330,373,290,347,262,317,239,426,216,380,189,340,183,309,184,453,222,379,218,373,259,391,270,469,243,393,252,393,284,413,287,474,272,413,288,410,309,426,310
K,433,384,387,356,361,309,355,263,351,228,376,265,358,217,348,188,341,162,406,264,406,204,409,168,414,138,436,277,436,248,422,284,413,313,463,296,456,278,441,305,428,330
W,363,448,320,428,292,391,313,355,348,325,290,298,262,234,253,193,247,157,330,286,321,207,320,158,319,117,365,297,375,233,378,190,380,151,398,325,389,283,375,299,364,323
K,435,388,389,359,363,313,359,266,355,230,378,268,360,218,351,189,344,162,409,267,411,206,414,169,420,138,439,280,443,251,429,289,419,319,467,301,462,283,448,310,435,334
T,425,328,374,300,342,240,352,183,369,141,357,197,339,153,338,166,346,190,396,200,389,160,381,218,381,244,435,212,429,181,414,238,409,261,474,230,464,202,447,239,439,257
G,467,364,417,314,386,271,356,249,324,229,451,204,395,170,352,162,318,165,474,221,388,216,384,254,403,266,482,251,394,263,398,291,419,293,478,287,408,302,410,320,429,319
Q,421,180,367,225,322,261,299,297,282,334,245,191,215,256,206,302,204,337,271,169,254,262,297,274,313,257,309,159,301,252,335,256,342,234,353,157,344,232,363,237,368,218
Q,433,181,378,217,333,255,313,301,294,343,264,200,229,266,217,313,212,352,292,181,278,278,316,278,328,258,330,175,327,270,356,261,357,235,371,176,367,254,384,248,384,224
O,483,251,424,218,382,185,350,165,326,141,426,106,378,72,344,89,327,113,443,106,384,63,343,88,329,116,456,118,407,69,359,89,339,116,460,141,418,106,377,109,353,122
J,405,387,340,367,286,317,264,265,284,229,323,256,313,211,315,249,319,289,360,247,351,210,348,262,349,305,399,242,391,191,383,232,379,274,438,243,438,188,432,153,426,122
P,454,125,392,153,341,191,311,231,278,260,315,156,261,219,228,258,199,291,357,148,327,252,321,314,318,360,408,152,387,251,395,240,403,214,452,165,429,240,433,231,435,207
B,429,365,383,335,360,287,378,244,409,232,360,244,354,192,357,162,363,134,389,236,383,179,383,144,383,112,417,239,413,187,409,153,405,125,447,250,443,210,438,182,433,158
B,404,402,358,372,334,321,348,277,380,262,342,268,337,215,342,183,350,153,370,261,365,202,366,166,368,130,398,266,394,212,392,178,390,148,427,280,423,238,420,211,416,185
F,432,348,383,331,339,305,300,283,274,256,362,230,324,205,297,217,282,234,381,213,348,162,329,128,315,95,410,210,397,157,394,121,392,89,441,220,442,175,448,144,454,115
J,384,374,326,360,277,320,255,276,270,243,309,265,294,227,295,259,300,293,339,256,325,225,325,269,328,306,372,250,358,207,353,243,354,280,405,249,402,201,395,171,388,144
V,363,389,324,358,298,311,320,272,356,250,315,233,290,168,278,125,271,88,357,232,360,151,366,102,373,61,395,251,395,214,374,263,362,300,427,283,420,259,395,290,378,318
T,454,303,410,281,385,236,388,192,401,160,393,204,384,166,388,180,393,202,424,208,425,175,422,216,419,235,454,215,456,187,447,229,441,248,483,226,482,201,473,228,466,244
D,437,386,380,357,340,315,308,289,291,257,394,229,376,173,367,139,364,110,413,230,362,180,320,196,302,219,425,240,374,195,327,211,304,234,428,258,384,223,341,223,314,235
K,428,386,383,358,357,313,352,267,349,233,372,269,354,222,343,193,337,167,402,268,402,208,404,172,409,142,431,280,431,250,418,286,409,315,459,299,451,280,437,306,425,330
W,365,448,322,426,295,387,317,353,354,327,295,297,268,234,259,194,253,157,334,285,327,207,326,159,325,117,370,296,381,233,384,190,387,152,402,324,395,285,380,301,368,324
D,463,389,406,363,362,329,326,311,301,286,413,235,387,178,376,144,371,114,431,239,365,196,321,223,307,252,440,256,377,215,333,240,319,267,440,282,392,247,351,254,330,272
B,412,392,369,361,346,312,363,267,396,257,353,270,347,221,350,193,355,166,381,264,376,209,376,176,376,145,407,267,404,217,400,184,397,157,435,278,431,240,427,214,423,190
H,525,343,492,294,444,264,392,269,353,278,443,199,363,197,317,197,279,195,456,232,361,225,308,224,267,222,466,272,380,283,394,297,419,297,470,314,399,321,410,329,434,325
R,373,440,332,402,312,348,325,299,356,265,325,283,326,222,337,185,352,150,358,283,340,208,330,169,326,135,393,296,382,252,365,301,356,340,426,319,408,289,386,322,373,351
K,432,386,388,358,362,313,357,267,354,232,377,269,360,219,350,189,344,162,408,269,410,209,414,172,421,141,438,282,442,254,429,292,420,321,466,302,461,287,447,313,434,335
J,383,396,326,376,278,334,258,290,274,259,315,280,302,239,300,270,301,303,347,274,333,239,328,283,329,321,380,270,369,222,358,257,354,292,414,271,415,223,411,192,405,165
W,371,447,328,427,302,389,325,354,359,325,300,298,275,234,266,193,260,156,340,286,333,208,333,159,333,118,375,297,387,233,392,190,395,153,408,326,402,284,388,300,376,324
D,459,421,405,386,366,339,333,309,317,275,428,255,418,191,414,153,415,121,448,259,402,200,354,216,333,242,460,273,414,218,363,232,340,256,462,293,422,250,378,250,352,264
Y,351,340,303,314,265,272,235,235,205,213,295,224,287,179,287,217,288,253,328,222,323,184,315,227,313,261,362,225,364,178,351,205,343,230,394,233,420,189,438,162,453,135
K,444,407,396,376,366,327,355,279,347,241,378,279,356,229,343,199,335,171,410,276,409,212,411,173,416,141,442,289,443,257,431,297,423,328,472,309,465,289,451,319,439,346
U,374,368,327,328,308,279,324,228,366,214,323,223,316,160,317,125,322,93,358,218,348,150,342,111,342,77,391,227,391,172,379,211,371,247,423,245,421,200,405,217,392,243
N,445,303,398,276,374,225,393,181,421,150,376,193,363,153,365,181,376,211,410,186,398,125,393,166,401,194,444,191,436,163,429,212,434,230,481,202,466,181,458,212,461,224
X,354,324,323,300,297,253,303,207,332,183,318,192,320,151,316,133,317,119,351,201,353,172,336,223,338,228,381,217,380,209,357,251,358,248,409,240,403,235,382,262,378,263
H,532,337,499,283,448,252,393,257,351,268,452,189,367,183,319,184,279,182,462,224,361,215,308,214,267,212,470,266,379,276,395,288,421,288,473,309,399,314,412,321,438,319
I,395,368,342,344,300,295,274,249,248,220,331,249,323,202,330,240,338,272,365,243,360,199,357,242,359,275,401,245,401,195,389,227,381,256,435,253,454,210,463,184,467,157
N,456,306,412,280,389,229,408,184,434,154,383,199,373,160,381,186,390,216,417,193,409,137,411,174,416,199,452,198,451,172,446,218,445,234,488,209,482,187,476,217,475,229
K,427,441,371,407,341,344,337,286,333,242,360,286,336,227,323,191,315,159,399,286,403,211,410,166,420,131,434,302,435,264,417,311,404,348,468,325,459,300,441,335,427,366
W,368,443,324,420,301,381,329,345,366,320,303,294,278,229,270,189,265,152,342,283,336,204,337,156,336,114,376,293,389,230,395,187,398,149,406,323,403,277,389,292,378,317
C,506,319,450,299,403,269,363,249,328,226,425,193,400,148,372,137,345,135,442,186,416,129,378,123,347,134,460,184,438,127,399,118,368,128,479,190,457,144,426,130,398,132
B,430,368,383,337,360,288,378,246,410,235,361,243,355,192,358,161,364,134,391,236,384,179,384,144,384,112,419,239,414,187,410,154,406,126,449,249,445,211,440,184,434,160
X,347,321,313,293,286,246,288,204,317,184,323,182,330,136,321,118,313,118,355,190,345,169,326,213,328,226,383,209,364,212,342,247,348,249,408,236,385,242,366,264,370,264
K,431,386,386,358,360,312,354,265,350,230,375,267,357,219,347,190,340,164,406,266,405,206,408,170,413,140,435,279,434,249,421,286,413,314,463,299,453,280,439,307,428,331
I,359,358,308,343,268,302,248,258,241,221,286,262,274,228,287,258,299,287,315,254,303,219,311,256,321,285,345,250,336,208,334,236,335,264,377,249,377,209,376,184,372,162
X,366,329,324,283,293,235,269,205,256,184,342,164,322,105,289,99,266,113,358,179,276,177,273,212,295,224,364,206,280,216,287,246,310,248,365,237,296,247,301,269,322,272
T,440,324,388,299,359,243,366,189,380,150,367,206,354,158,359,179,368,206,404,208,402,168,399,218,396,242,439,218,438,183,427,234,421,257,475,232,471,201,458,233,450,252
U,374,364,326,326,303,278,320,229,363,212,314,219,304,159,305,125,308,94,348,213,335,148,327,111,325,77,382,221,380,172,370,211,364,246,415,239,412,196,396,215,385,242
B,387,414,343,378,325,326,342,280,376,258,336,275,337,221,346,189,358,160,367,271,368,210,374,174,379,139,395,279,397,223,398,188,400,158,424,295,424,252,424,223,422,196
K,438,382,395,352,371,305,368,258,367,223,387,261,372,211,364,181,358,154,417,262,422,202,427,166,434,135,446,276,452,245,438,282,427,312,473,297,470,277,455,302,442,325
P,476,146,412,167,354,207,313,247,272,278,316,172,257,235,221,274,188,308,359,171,321,280,311,340,303,384,409,180,386,281,402,266,412,238,456,194,431,271,441,261,447,235
W,359,436,314,413,286,380,304,342,337,312,279,285,244,220,231,179,223,141,318,272,305,192,304,142,302,99,354,281,362,219,364,173,363,132,387,310,379,265,363,280,351,304
J,382,395,326,376,279,332,259,289,272,259,315,278,301,239,299,270,300,303,347,272,333,238,328,282,329,319,381,269,370,222,360,256,355,292,414,270,415,222,410,191,404,164
X,339,315,294,279,265,234,252,200,269,182,319,166,323,110,298,100,275,112,350,174,302,161,287,203,298,219,372,194,313,204,304,240,318,245,386,219,332,238,324,263,338,264
D,426,370,369,342,327,300,293,273,280,240,380,217,361,161,351,126,347,97,400,217,352,166,310,180,290,203,412,226,364,181,316,195,292,217,415,244,374,207,332,207,304,220
O,407,317,368,274,344,225,330,183,338,145,392,177,400,124,372,114,351,124,408,177,420,113,383,103,356,116,423,184,432,120,390,111,361,125,433,194,426,142,393,130,367,137
A,387,313,332,287,288,242,273,194,293,158,324,191,315,153,311,192,315,218,355,192,347,150,338,198,343,224,387,199,379,160,367,207,370,233,423,212,409,181,396,213,397,236
J,386,382,329,366,278,324,257,278,274,244,311,267,298,229,299,262,303,297,342,259,330,227,329,272,330,311,376,254,365,209,358,246,356,284,410,254,407,205,401,173,395,146
J,391,408,330,388,279,339,260,289,276,254,316,281,305,240,307,277,310,315,351,274,340,240,337,289,337,330,388,271,378,222,369,260,365,299,424,272,424,220,419,187,413,157
B,416,391,372,360,350,312,366,268,398,258,358,271,352,223,355,194,359,168,385,264,380,211,380,178,379,147,411,268,408,219,404,187,401,159,438,280,435,242,431,216,427,192
W,375,434,331,413,303,374,326,333,362,302,296,282,264,216,252,174,245,136,336,267,323,186,321,136,319,93,372,276,381,210,384,165,383,125,406,304,402,258,389,272,376,295
X,347,327,315,302,289,255,293,212,320,189,315,190,321,144,313,127,307,126,349,199,345,177,328,225,330,235,379,218,370,216,348,255,351,255,407,242,394,243,374,267,374,267
H,521,347,486,295,439,264,388,269,351,282,443,201,363,198,316,197,277,194,459,233,363,228,307,226,264,224,470,274,379,285,392,300,418,302,474,314,399,324,409,332,435,329
O,393,284,352,248,328,200,314,161,317,125,373,154,376,106,349,98,329,108,389,153,393,94,356,86,330,101,403,156,407,96,366,90,338,106,412,164,406,115,373,106,347,116
E,414,375,376,347,358,298,382,259,420,244,349,248,352,200,364,232,368,260,383,239,383,179,393,213,395,241,416,241,421,184,423,211,419,239,445,253,446,215,441,227,435,246
X,361,331,312,289,280,246,261,214,258,192,334,168,325,110,293,103,269,119,357,179,285,173,277,213,296,226,370,203,293,217,295,250,315,253,377,232,312,248,313,271,331,274
M,416,346,367,308,354,258,386,222,415,198,360,230,349,186,351,216,358,247,391,223,382,171,379,209,384,241,423,225,420,170,410,206,409,237,455,235,452,195,437,214,430,236
S,408,381,368,346,335,297,347,247,392,226,343,235,337,187,346,237,353,258,382,237,382,178,379,236,380,251,420,250,422,219,408,273,405,280,456,270,451,252,437,286,433,293
U,363,370,315,332,291,285,301,233,344,216,305,230,292,170,290,136,292,104,339,223,325,157,316,119,313,83,371,230,368,174,356,213,349,249,403,245,398,200,382,217,369,243
N,452,303,407,276,385,226,404,181,430,150,378,197,366,158,372,186,383,216,412,190,403,134,403,172,409,196,447,195,445,168,439,214,439,230,482,206,476,184,470,213,469,225
C,487,362,425,338,378,304,343,284,312,261,408,226,385,175,351,162,322,163,425,221,400,153,355,146,322,159,440,223,417,157,370,148,336,158,452,233,428,183,392,168,361,168
N,457,307,412,282,388,232,407,185,432,153,383,203,370,164,378,191,389,218,417,196,405,141,406,178,413,200,451,199,447,173,442,219,442,234,487,208,479,189,472,219,472,230
X,352,319,322,297,295,250,302,204,331,179,316,189,318,146,315,127,316,117,349,198,352,168,335,217,335,226,379,215,377,206,355,247,356,246,407,238,401,231,381,257,378,259
Y,333,333,288,309,250,262,226,221,199,195,281,213,275,170,273,207,274,241,314,211,310,176,301,221,299,255,349,216,351,172,335,203,324,233,381,226,407,184,425,159,440,132
F,401,376,349,353,306,317,272,285,255,247,346,243,310,208,280,212,259,225,371,225,348,168,325,133,304,105,401,223,397,167,389,127,380,94,430,236,446,190,459,156,468,125
W,358,435,313,413,286,379,303,339,336,308,279,282,246,218,233,177,224,140,318,268,306,188,304,138,301,95,354,277,363,213,364,168,363,127,388,307,379,262,363,280,350,306
D,453,392,394,364,351,331,317,314,290,295,405,236,382,173,372,136,367,105,425,244,356,200,310,230,294,259,435,264,370,221,324,247,307,274,434,291,385,255,344,263,321,280
P,409,94,353,133,314,178,290,215,258,242,275,138,239,203,215,250,194,289,313,125,308,230,318,285,326,324,361,120,365,216,371,198,372,169,404,123,402,198,405,186,400,159
B,429,364,383,332,361,284,378,241,411,232,363,239,357,189,360,159,366,132,391,232,386,176,387,142,386,110,419,235,415,184,412,152,409,124,449,247,445,208,440,182,435,158
O,411,336,363,282,339,222,326,173,338,131,406,168,415,111,384,99,355,107,427,170,437,102,394,90,359,105,446,180,456,111,409,99,373,114,461,194,460,133,423,114,391,119
N,451,305,407,279,383,230,402,185,430,154,380,199,367,160,373,189,384,217,414,194,404,137,403,177,410,200,449,199,445,171,439,218,440,233,484,210,476,188,468,217,469,229
G,455,365,403,329,367,288,340,260,309,238,421,213,372,187,332,181,300,183,446,218,369,217,366,258,385,270,460,238,383,251,386,284,407,288,464,268,403,289,403,312,419,314
C,469,362,406,337,357,301,321,281,288,258,388,220,362,170,326,157,295,158,404,215,376,148,330,139,295,150,416,218,390,151,343,141,308,150,424,228,396,179,360,165,329,165
N,443,293,392,261,370,207,392,159,423,128,374,174,361,132,365,160,375,194,410,169,401,107,396,145,402,175,445,176,441,143,432,194,434,218,484,190,473,163,464,196,465,213
Q,406,185,343,233,298,274,276,319,257,359,229,205,197,275,187,325,184,365,256,184,235,285,274,297,291,281,297,177,285,275,313,280,321,259,341,180,334,262,348,268,351,249
S,380,358,336,325,307,267,325,218,368,207,332,217,322,177,322,223,331,235,367,220,360,171,349,223,357,231,399,234,390,204,373,256,380,260,433,254,413,237,398,271,404,276
G,455,355,403,320,368,281,341,255,311,233,420,208,373,183,334,177,303,179,445,213,373,211,369,252,386,262,461,231,388,244,390,276,410,278,466,259,408,279,409,301,427,301
R,364,412,326,374,306,320,318,272,350,243,326,263,327,205,338,170,353,138,357,264,343,193,332,155,327,123,389,277,380,230,360,275,348,312,421,300,400,270,377,301,364,329
X,347,319,313,292,288,247,290,206,317,187,321,183,329,136,321,118,312,120,353,190,342,171,325,213,328,224,382,207,361,212,343,247,349,247,407,231,380,243,364,264,371,262
Q,452,186,392,222,346,259,330,307,317,350,287,205,245,268,240,314,244,351,319,186,306,282,339,282,347,261,361,180,357,275,381,266,381,239,403,181,398,260,411,254,410,230
G,465,366,414,316,382,273,351,251,317,233,447,205,390,171,346,164,312,165,470,224,383,218,380,256,399,268,478,255,390,265,394,293,416,295,474,291,403,304,407,323,427,322
R,365,421,325,382,306,326,317,278,347,248,326,269,328,211,339,175,354,142,357,269,343,197,334,158,330,124,390,281,381,232,358,278,345,315,422,304,400,274,377,305,363,333
G,466,369,415,319,384,276,353,255,318,236,449,209,392,174,347,168,314,171,471,227,386,221,382,257,402,270,479,258,392,268,396,295,417,298,476,294,405,307,407,324,426,324
Z,372,389,337,355,314,315,313,276,342,252,334,236,329,175,328,138,332,107,369,244,375,201,363,248,355,276,403,261,413,222,392,262,377,291,429,287,440,253,417,273,400,294
V,344,361,304,331,278,285,294,242,333,223,295,207,279,143,273,102,271,66,334,206,329,129,329,83,332,44,371,224,368,185,348,234,336,272,403,254,394,229,371,260,356,287
Q,419,184,364,226,320,261,297,299,279,337,247,190,216,257,205,302,201,338,274,169,255,266,296,274,310,254,314,160,305,257,337,258,341,234,358,161,351,239,368,241,371,219
O,395,296,355,254,330,203,316,162,323,126,378,155,382,104,353,97,333,107,396,156,405,93,365,85,338,100,411,163,419,100,375,92,345,108,421,174,414,123,380,112,354,119
U,373,369,327,329,307,281,322,232,364,214,322,224,314,162,315,127,320,95,357,219,347,151,341,113,339,78,389,228,389,172,377,212,369,248,422,246,420,200,403,218,390,245
J,392,380,329,362,274,316,251,268,264,229,309,253,294,209,297,245,301,284,344,243,330,209,331,261,334,305,382,239,369,187,363,227,360,267,419,239,417,185,410,150,401,120
Z,367,381,324,344,298,307,286,266,315,237,318,228,313,167,312,130,314,99,351,234,351,186,339,232,330,262,382,248,385,206,366,247,356,278,410,274,414,234,392,255,380,278
K,446,391,400,358,374,310,370,262,368,226,390,265,372,213,363,182,357,154,422,265,426,203,430,164,437,132,453,279,459,249,445,289,435,321,482,302,479,284,462,310,447,334
A,436,308,384,292,345,255,329,210,339,178,366,216,365,180,369,212,373,234,395,216,392,178,394,222,395,241,423,219,422,185,420,229,419,250,452,226,451,204,445,233,441,249
E,412,383,372,352,353,301,381,263,422,254,351,253,352,200,358,234,362,263,385,245,387,182,389,217,390,245,418,248,425,190,420,217,415,246,448,261,450,222,439,231,431,251
E,406,363,363,336,338,291,357,249,398,232,339,238,334,185,341,207,347,239,371,230,368,166,371,187,375,216,403,235,408,174,403,191,398,219,435,251,432,217,419,230,409,253
X,345,317,299,281,269,238,254,204,267,189,326,169,329,112,301,104,277,115,357,178,302,168,288,209,300,225,377,199,313,213,305,246,319,252,389,226,332,245,323,269,336,272
H,525,336,491,283,442,251,390,256,352,272,444,190,362,187,315,187,275,185,458,223,361,218,306,218,261,218,468,265,378,278,394,291,420,292,473,306,399,315,411,323,437,320
G,466,366,413,327,378,286,348,262,315,243,433,208,384,175,344,164,313,162,461,217,382,213,374,254,391,268,477,243,397,251,395,283,417,287,482,277,418,288,410,307,424,310
C,479,346,416,324,370,292,334,274,303,256,396,211,374,163,344,150,316,151,412,206,388,143,348,135,317,148,428,206,407,144,364,136,331,146,443,214,421,165,388,149,359,149
V,351,363,312,332,286,286,302,242,342,222,303,208,288,144,282,103,280,68,342,207,337,129,337,83,340,44,379,225,374,186,355,234,344,272,411,256,402,229,380,260,364,287
J,384,377,326,361,276,321,255,278,269,245,308,266,295,230,296,261,299,295,339,258,325,228,324,273,327,310,372,253,358,210,352,246,352,282,405,252,402,204,395,173,388,147
P,463,133,396,160,341,202,303,241,261,271,304,160,248,223,210,265,175,301,347,156,314,265,307,332,300,380,399,163,376,267,391,257,401,229,446,176,423,256,429,250,432,224
J,385,378,327,365,276,323,255,277,270,242,306,266,294,227,296,260,301,295,338,257,326,225,326,271,329,309,372,252,361,207,354,244,353,281,406,252,403,203,397,172,390,145
G,463,361,412,326,378,287,351,262,322,240,429,215,382,189,342,184,311,185,454,219,382,218,377,257,394,270,470,239,398,252,398,283,417,286,475,268,417,287,416,308,431,309
E,393,385,353,349,333,301,357,263,402,255,347,248,349,195,346,227,349,257,380,245,388,182,379,213,377,243,412,252,425,190,410,214,403,245,441,270,446,227,428,232,417,252
C,477,348,412,325,362,292,325,276,291,256,391,209,367,158,333,145,303,146,407,204,381,137,337,127,301,138,421,205,397,139,351,128,315,136,432,214,405,165,369,150,337,148
Y,335,306,288,276,252,227,229,185,200,164,293,183,294,149,294,190,294,225,328,185,332,157,322,204,316,238,362,191,373,150,359,185,348,215,392,201,423,159,445,135,463,109
S,386,340,341,311,310,259,323,210,363,195,327,210,318,169,320,213,329,227,360,210,355,160,348,209,355,219,394,221,388,191,374,240,378,245,428,238,412,222,400,254,403,260
Y,338,308,292,280,260,235,237,195,206,175,301,193,307,161,307,202,305,235,337,195,343,169,333,216,325,247,371,200,383,163,369,200,357,229,399,210,432,171,455,150,473,125
V,362,371,324,341,301,293,320,251,359,232,318,214,304,150,298,109,298,73,357,214,355,139,356,94,360,54,393,233,393,193,374,241,361,279,424,264,416,240,394,272,378,299
R,364,416,324,377,305,321,318,272,350,242,325,264,327,206,339,169,354,136,356,264,342,191,333,155,329,123,390,277,380,227,359,275,347,314,422,300,402,269,378,300,363,328
U,364,367,316,329,294,282,304,229,348,214,306,226,294,166,293,132,294,101,339,219,326,153,317,115,313,80,372,227,370,171,358,211,351,246,404,242,399,198,384,216,372,242
S,376,348,324,312,286,247,302,188,352,178,317,191,304,142,307,189,319,211,355,192,347,129,338,181,345,202,392,206,376,175,362,229,370,241,430,228,402,206,388,244,396,255
D,472,417,418,383,379,334,349,302,343,267,428,262,423,202,416,167,415,137,448,264,420,203,378,210,355,229,465,273,433,218,385,226,358,246,475,288,444,244,402,239,374,248
U,373,366,326,327,306,277,319,225,362,211,321,222,313,161,314,126,318,94,356,217,345,150,338,111,336,76,388,225,387,169,374,208,366,244,420,242,416,196,401,214,387,241
L,482,357,431,343,381,306,342,274,307,269,397,243,385,189,381,157,378,127,430,240,428,208,434,255,433,275,464,243,464,215,464,260,460,278,496,252,498,225,492,257,485,275
O,396,300,356,259,332,207,317,165,323,128,380,159,386,107,357,99,337,110,397,160,406,97,368,88,341,102,412,166,419,103,376,95,347,109,422,177,415,125,382,113,356,119
J,395,417,338,395,292,348,272,302,291,271,326,294,319,255,319,289,321,325,360,288,351,256,348,302,347,341,395,285,388,239,379,274,374,311,428,288,431,239,427,207,422,180
R,371,418,331,378,314,323,327,274,358,244,334,266,336,209,348,173,364,141,365,267,352,196,345,159,344,128,397,281,388,231,368,276,356,314,428,304,409,273,385,303,370,331
P,473,141,408,163,348,207,308,252,268,285,312,173,255,239,220,279,187,314,355,173,319,282,310,341,302,385,406,182,385,285,399,269,408,241,453,197,431,276,439,264,443,237
J,380,399,324,380,276,336,255,290,270,261,312,283,299,241,297,273,297,306,344,277,329,241,324,286,325,324,377,274,365,226,354,260,349,296,411,274,412,226,407,194,400,167
F,404,368,351,346,308,313,274,280,257,243,345,240,311,205,282,209,263,223,370,222,346,168,322,135,300,107,399,220,393,164,385,126,375,94,428,230,442,184,452,150,458,120
G,457,369,405,331,372,289,346,262,316,238,424,217,379,189,340,182,310,184,451,222,378,217,373,258,391,269,467,242,392,251,392,284,412,287,472,271,411,289,409,310,425,311
V,345,355,306,327,278,281,294,236,334,216,294,204,278,141,271,100,268,65,332,202,326,124,325,79,327,42,368,219,364,178,346,226,336,264,400,247,388,223,367,255,354,284
C,472,343,413,323,368,291,332,274,302,255,393,212,371,164,341,153,313,153,408,206,383,146,344,138,313,150,423,206,400,146,358,138,326,147,437,213,414,165,381,150,353,150
I,388,345,333,325,291,279,269,230,261,190,312,239,302,196,313,226,323,253,344,232,334,188,341,225,347,256,375,228,370,179,367,205,365,233,407,229,404,188,399,164,393,144
C,469,349,409,328,363,297,327,278,295,260,388,217,366,170,336,159,308,160,403,211,379,150,339,144,309,157,418,211,395,150,353,143,321,154,431,217,407,168,373,154,344,155
X,347,318,316,293,289,247,296,203,324,181,313,186,315,143,310,125,309,115,346,197,345,169,328,219,329,227,376,215,371,205,350,246,352,247,403,238,395,231,376,257,375,259
J,392,374,330,358,275,313,250,265,267,226,309,250,295,208,297,244,302,281,343,240,329,206,329,257,333,299,380,235,367,185,360,226,359,266,417,235,414,182,408,149,400,120
G,459,361,409,326,375,286,349,260,319,238,426,213,380,188,341,182,311,184,452,218,379,218,375,257,393,268,468,237,395,251,396,282,415,284,473,266,414,284,414,304,429,305
S,389,344,346,313,317,264,331,218,370,201,332,214,325,174,328,217,335,231,366,216,362,167,356,216,360,226,398,228,396,197,381,245,382,250,431,245,419,228,406,258,407,265
L,450,363,395,346,343,313,299,283,262,280,358,239,347,184,343,151,342,121,390,232,384,198,391,250,396,272,425,232,422,198,422,245,423,269,460,240,459,207,449,239,444,261
Q,407,146,351,185,308,226,297,277,288,325,248,154,217,239,213,293,211,337,288,133,273,243,310,239,320,212,338,127,336,234,357,223,355,191,385,128,379,213,389,206,387,179
H,525,334,491,283,443,252,391,256,352,268,445,189,365,187,319,187,281,184,458,221,364,216,310,215,268,214,468,262,380,273,393,287,418,289,472,303,400,312,410,320,435,317
G,481,380,424,331,387,288,354,267,317,249,451,214,390,185,346,179,312,179,473,230,381,228,383,265,405,275,483,259,392,273,400,301,424,301,481,296,410,310,414,329,433,328
N,434,269,388,239,370,193,392,152,421,126,371,166,359,129,364,153,373,182,402,161,394,108,391,137,396,163,434,167,432,139,425,182,425,205,467,179,459,156,452,184,451,199
O,409,307,361,262,329,214,307,176,303,138,379,153,373,97,339,93,317,106,395,153,390,82,345,80,318,99,409,160,402,91,353,88,322,106,416,172,397,118,359,110,330,121
F,435,337,385,318,346,288,316,260,301,228,380,223,347,193,322,198,307,212,401,207,379,160,357,131,336,108,426,204,421,155,411,121,400,94,449,212,459,170,466,139,471,112
H,523,337,488,287,439,256,389,259,352,268,443,190,363,188,317,189,279,187,457,222,361,218,308,218,266,217,469,263,379,275,392,289,416,291,474,304,401,313,410,321,434,318
Q,451,202,389,232,339,267,318,315,298,361,279,201,233,270,223,320,222,362,314,182,290,283,327,287,340,268,359,179,344,278,371,272,374,245,403,184,387,266,402,263,403,238
Q,443,202,378,236,328,273,305,322,283,366,264,207,224,277,211,326,206,369,299,188,279,292,316,294,326,273,345,183,334,287,362,279,364,251,391,187,380,273,394,268,395,243
M,421,347,371,312,358,260,392,224,421,198,362,233,348,189,352,222,360,252,393,225,382,174,381,215,387,246,425,226,420,171,411,211,412,242,457,234,451,195,438,218,433,241
E,408,385,368,351,352,298,380,261,422,254,358,252,362,199,361,230,363,259,391,247,398,185,393,216,393,245,423,253,434,191,423,216,418,247,452,268,456,227,442,234,432,254
V,378,402,338,372,316,325,343,286,383,265,328,241,317,173,312,130,312,93,369,239,368,162,370,114,374,73,406,258,411,220,392,270,381,308,438,290,432,272,410,303,396,329
D,451,395,394,365,353,322,322,295,306,263,404,240,389,183,380,149,376,119,424,240,379,187,338,202,318,225,437,248,393,201,345,215,321,238,442,264,402,228,360,228,332,241
F,409,367,358,345,314,312,279,279,263,241,351,237,317,202,287,206,268,220,376,220,353,165,328,132,307,104,406,217,400,162,391,124,381,92,434,228,448,182,458,148,466,118
Q,462,201,401,231,353,264,334,310,314,354,295,201,251,266,241,315,240,357,329,183,305,278,343,285,356,267,373,179,356,274,385,272,389,246,416,182,401,261,416,262,417,238
O,412,304,362,258,330,210,307,172,301,133,379,147,373,93,339,88,316,99,397,147,391,77,347,74,317,92,411,154,405,84,354,81,321,99,418,166,398,112,359,105,329,116
K,430,385,383,357,357,311,352,265,348,230,373,267,354,219,344,190,338,164,403,266,403,207,406,171,411,141,432,278,433,250,420,286,410,315,460,298,453,280,438,307,426,331
F,436,354,387,334,345,305,308,282,283,257,371,234,333,206,303,218,289,236,389,218,360,165,341,130,328,97,416,215,405,159,402,122,401,90,444,225,446,180,453,149,460,121
N,456,328,412,297,392,242,416,194,448,164,394,209,384,167,386,197,394,228,429,206,421,145,416,181,420,207,465,212,462,183,452,233,451,254,500,225,491,202,482,235,482,249
F,455,355,407,333,369,300,338,271,323,239,405,234,373,201,346,206,329,220,427,218,408,166,387,135,368,110,454,216,451,164,443,128,434,99,479,227,493,184,502,153,508,126
Q,368,130,324,163,293,193,284,228,277,260,238,132,215,194,215,238,218,274,267,113,260,189,293,198,305,184,306,104,309,180,330,181,331,161,346,102,345,161,355,164,355,147
S,384,357,340,324,311,269,327,219,370,207,334,219,324,177,325,224,334,237,369,222,362,171,353,223,361,232,402,236,393,204,377,255,383,259,435,256,417,237,402,270,407,276
O,396,295,353,254,328,204,315,164,319,128,375,155,381,103,352,96,331,108,392,155,401,92,363,84,336,99,407,161,415,98,372,91,343,106,418,172,410,120,377,110,351,117
W,367,435,321,412,295,375,316,335,350,306,288,282,256,217,243,178,235,142,327,268,314,189,311,140,308,97,362,277,369,214,370,170,369,130,395,307,385,260,372,275,361,300
P,473,143,406,159,344,202,305,249,268,285,313,173,255,240,220,281,187,315,356,175,320,282,309,341,301,383,407,183,383,283,396,267,406,239,454,197,428,275,436,263,442,236
A,435,325,384,307,348,262,338,214,352,183,373,223,378,188,379,225,379,249,404,226,407,190,403,237,401,257,432,233,437,201,428,248,423,267,461,245,463,225,453,256,446,271
R,367,412,327,374,308,323,319,276,349,245,328,264,329,207,341,172,356,140,358,265,343,193,333,157,329,126,390,278,381,231,361,276,350,313,421,301,401,270,379,301,365,329
N,452,306,408,281,383,230,402,183,431,152,379,200,366,160,374,189,385,217,413,194,402,138,404,177,411,200,448,197,444,171,440,219,440,234,484,206,475,188,469,219,469,230
D,460,418,406,382,366,337,333,306,320,272,429,251,417,188,412,151,413,120,449,255,401,196,355,212,335,238,460,268,413,214,364,227,342,252,461,289,420,246,378,244,353,257
J,382,405,325,385,278,340,259,293,274,261,316,287,305,247,302,279,301,313,348,281,336,247,330,292,329,330,382,278,372,231,361,267,356,304,415,280,416,232,412,200,407,173
M,437,351,385,312,369,256,405,217,437,191,373,228,362,180,367,216,376,248,408,219,399,164,399,208,405,242,443,221,440,162,432,206,431,239,478,231,473,188,460,214,454,239
V,364,390,325,360,298,313,319,274,356,253,315,234,290,168,277,126,270,88,357,233,361,151,367,102,375,61,395,253,396,215,374,263,362,300,427,285,421,261,396,292,379,320
U,370,363,320,324,298,276,312,224,355,211,310,221,299,160,299,126,301,94,345,214,331,148,323,109,320,74,378,221,376,167,364,206,357,242,411,236,406,192,390,211,378,239
B,431,366,384,336,361,286,378,241,411,231,362,242,355,191,359,161,364,133,391,234,385,179,385,144,385,112,418,237,414,186,410,153,406,126,447,248,444,209,438,182,433,158
Z,372,392,331,353,305,315,292,274,321,247,325,237,320,174,318,136,321,103,358,243,357,194,347,243,340,271,391,257,395,212,375,254,365,286,418,284,423,245,399,266,386,290
W,364,431,317,409,291,368,314,329,348,301,286,279,254,215,242,175,235,139,325,265,312,186,310,137,308,95,360,274,369,209,370,165,370,126,393,302,384,257,368,275,355,302
G,465,365,412,328,378,288,351,262,321,239,429,213,383,185,344,180,313,182,456,219,382,219,378,258,396,269,473,240,398,253,400,284,419,286,479,270,419,289,416,310,430,311
X,340,322,294,286,266,244,252,212,266,199,321,174,326,116,297,108,271,122,353,183,301,173,286,214,298,231,375,204,312,220,304,254,318,259,389,230,333,251,326,274,340,276
C,468,335,412,317,366,287,332,269,302,249,387,213,365,168,335,158,309,159,403,206,378,148,339,142,309,155,418,206,397,148,356,140,324,150,433,212,411,169,379,155,351,156
T,446,305,392,277,361,224,366,171,380,131,368,188,351,141,355,158,366,184,405,189,403,148,401,198,399,225,441,196,440,163,432,214,427,241,477,209,473,177,462,210,455,231
O,394,298,355,256,330,205,315,164,321,127,378,157,383,106,354,99,332,109,395,157,404,96,364,87,337,101,410,163,418,101,374,94,344,109,420,174,414,123,381,111,354,118
L,458,348,407,340,355,315,310,290,274,289,360,249,344,199,337,169,330,141,391,244,380,220,392,267,394,278,423,242,414,217,420,262,420,274,455,243,450,221,447,255,446,271
S,413,379,371,345,339,295,353,246,398,224,349,234,343,187,353,237,361,256,388,234,387,174,384,232,387,248,425,247,428,217,414,270,410,278,461,268,456,251,442,284,437,290
R,368,420,329,383,311,329,323,282,351,250,326,269,328,212,341,176,358,143,357,270,340,197,331,158,328,123,391,282,381,235,363,281,353,319,423,305,404,275,382,306,369,334
T,422,323,379,292,356,239,365,191,376,158,383,202,367,166,356,174,359,186,411,206,395,173,385,222,396,228,442,216,423,193,412,238,425,243,472,230,452,210,439,240,448,249
U,367,370,319,331,297,280,313,230,355,213,311,229,301,168,300,134,303,102,345,222,333,156,324,117,322,82,377,229,377,176,364,213,356,247,410,244,406,200,390,216,377,242
X,363,328,320,284,292,239,269,210,257,188,343,167,324,110,291,103,267,116,360,181,277,179,276,214,298,224,365,207,281,219,289,248,311,248,363,237,294,249,301,271,322,272
K,431,386,385,357,359,311,353,265,350,230,374,267,356,219,345,190,338,164,405,266,405,206,408,170,413,140,434,279,436,250,423,287,414,316,462,298,455,280,440,307,427,330
H,522,339,488,289,439,259,389,264,352,275,441,197,363,195,317,195,279,193,453,228,360,224,307,225,266,225,464,268,378,282,393,295,418,296,469,308,398,318,409,326,434,323
U,399,382,352,341,332,292,349,243,391,225,350,236,344,175,346,141,352,109,383,231,375,164,370,126,370,92,414,240,418,183,404,221,395,258,445,258,445,214,428,229,414,254
F,399,381,349,358,307,321,274,287,257,250,348,251,317,216,287,219,267,231,373,235,352,180,330,145,310,116,402,234,398,179,389,141,379,109,430,245,445,201,457,167,465,138
N,451,307,405,281,382,231,401,185,429,153,378,200,366,160,373,187,384,216,412,193,402,137,402,173,408,198,447,197,443,171,438,217,438,235,483,207,476,186,469,217,468,230
O,395,304,351,255,327,197,313,155,316,117,391,151,393,100,361,88,336,96,408,152,414,87,372,73,339,86,421,159,428,90,380,76,345,89,425,168,414,111,377,96,348,103
M,430,347,376,309,361,255,395,215,427,189,367,225,354,179,360,214,368,246,400,216,390,161,390,204,396,237,434,217,431,159,423,201,424,234,469,227,464,184,452,209,447,233
R,368,418,328,377,310,323,325,275,355,243,328,266,329,209,343,175,360,143,359,267,343,194,334,154,331,119,392,280,383,234,364,280,354,317,424,303,407,271,384,301,369,329
D,461,391,405,367,361,332,326,311,300,286,411,240,385,183,374,150,369,122,428,243,361,199,320,225,306,251,437,257,373,216,330,240,315,266,437,280,388,247,348,254,327,270
O,448,303,404,252,378,205,360,169,361,134,437,151,431,98,396,95,373,108,454,155,443,89,397,92,371,112,467,166,459,103,408,103,377,121,474,183,461,134,422,124,392,132
Q,433,198,368,233,316,272,292,322,269,369,252,201,213,275,201,327,197,369,288,182,266,289,306,292,319,271,334,179,323,284,352,277,355,249,379,184,369,270,385,266,385,241
D,454,401,397,367,355,324,322,297,308,263,411,241,396,182,388,148,384,118,430,243,382,188,339,203,320,227,442,252,394,202,347,216,324,240,446,268,404,230,362,230,334,244
C,503,332,445,311,398,280,358,258,325,233,421,201,397,153,368,140,340,139,440,195,415,136,378,127,345,136,460,195,439,134,400,122,368,130,481,201,459,153,428,137,399,138
P,474,143,409,162,348,206,308,251,270,286,315,173,257,239,221,279,187,313,358,174,321,283,311,342,302,385,408,183,384,284,398,267,407,239,455,197,429,275,438,262,443,236
H,520,332,486,281,437,252,385,256,348,267,437,187,357,186,311,187,274,185,451,220,356,215,303,216,263,214,462,260,374,272,386,286,410,288,468,301,395,311,405,319,430,316
E,398,361,356,335,331,293,348,252,383,232,333,240,327,188,333,211,340,242,363,232,360,170,361,193,365,223,395,236,398,178,390,198,387,227,425,252,419,219,405,234,397,257
Q,395,151,348,185,315,224,306,264,295,300,244,174,213,242,206,288,206,324,271,155,266,249,301,247,309,225,309,149,311,237,336,227,333,202,348,147,348,217,362,212,360,192
T,434,332,384,304,355,245,364,189,382,146,366,202,348,155,349,172,358,200,405,204,399,166,393,223,392,248,443,216,438,187,424,243,419,264,482,234,474,207,457,243,449,260
D,427,409,373,377,333,340,301,317,277,290,387,253,363,195,348,159,340,129,407,261,350,214,308,243,292,271,417,277,362,237,319,263,303,290,416,302,369,272,330,281,308,298
A,453,335,396,318,354,281,336,234,346,200,376,241,372,202,378,235,383,259,407,239,401,199,405,244,408,265,436,241,432,204,431,249,431,273,468,248,464,223,457,254,453,273
C,511,322,454,302,406,272,367,252,334,227,426,194,402,146,373,134,346,135,445,188,419,131,384,123,352,133,465,188,442,130,405,119,373,127,488,195,466,148,435,132,406,132
P,473,135,406,158,349,197,310,238,266,267,312,159,250,224,212,264,176,298,354,157,316,266,306,330,298,378,406,166,381,268,396,256,407,229,453,181,430,260,437,250,440,225
I,357,351,307,338,266,299,245,257,238,220,284,260,270,224,283,253,295,281,312,251,298,216,307,251,317,279,341,246,330,204,328,233,330,260,372,244,370,204,366,180,361,158
Z,377,350,336,316,313,283,303,244,331,220,326,214,320,157,320,125,322,96,356,218,357,176,352,219,346,246,386,229,389,191,375,229,367,257,412,249,416,215,398,236,387,257
U,370,366,324,327,305,275,319,225,360,211,320,220,312,159,313,124,318,93,355,215,344,149,338,110,336,76,387,224,387,170,373,208,365,244,420,242,417,197,401,213,387,239
O,399,306,360,265,335,215,320,176,325,140,381,168,386,117,358,108,337,118,397,168,406,107,368,97,341,111,413,174,420,113,378,104,349,119,424,184,418,134,386,121,360,128
Y,347,336,301,311,261,266,233,228,202,207,292,219,285,173,284,211,286,246,325,217,320,180,312,222,310,256,359,220,361,173,348,200,339,226,391,228,417,185,434,158,449,130
K,432,389,388,361,363,316,359,270,355,235,378,272,360,223,350,194,344,168,408,272,410,213,414,176,420,145,438,285,441,257,429,295,420,324,465,305,461,288,446,314,434,336
D,429,393,371,361,328,321,295,296,279,264,386,234,366,178,357,144,354,114,405,235,350,185,307,205,290,232,415,246,364,200,316,217,294,242,415,266,371,230,329,231,304,245
M,419,346,370,311,356,262,387,227,416,203,362,233,348,191,350,223,359,253,392,226,382,174,379,216,386,247,423,227,419,173,409,213,412,243,456,235,450,196,436,219,433,241
T,444,313,397,287,369,235,376,185,394,148,379,198,364,157,368,167,379,189,414,201,414,164,408,213,405,236,449,211,450,182,436,230,429,249,484,226,482,199,467,229,459,245
Q,420,182,365,227,321,266,299,308,277,348,245,202,214,271,206,317,206,352,273,182,260,283,298,283,310,262,311,174,312,272,340,264,340,240,353,175,353,255,369,250,368,228
U,377,370,330,332,311,281,324,231,362,219,330,228,323,170,324,137,328,107,362,224,353,160,348,122,347,89,393,233,394,179,378,212,367,245,423,249,422,205,405,219,389,243
M,444,345,391,311,371,256,404,214,435,187,373,225,360,179,370,215,380,246,407,215,397,161,401,207,407,239,443,215,438,158,434,202,434,235,478,224,474,182,463,208,457,232
V,358,385,317,355,291,308,311,269,348,249,307,230,282,164,270,122,264,86,349,228,352,148,357,100,365,60,386,248,382,212,362,259,351,296,419,279,408,256,384,287,367,315
F,435,349,387,329,343,300,306,278,281,253,370,228,332,204,304,217,289,235,387,213,357,163,339,129,327,96,413,210,403,157,401,120,401,88,441,220,445,177,451,145,458,117
T,443,322,395,289,373,229,385,180,401,143,395,194,382,152,374,159,373,179,428,198,419,159,403,207,401,234,460,211,450,177,431,227,427,253,493,232,480,202,461,232,458,250
R,366,422,328,380,310,325,323,277,354,246,329,270,331,214,345,179,362,147,360,270,346,199,335,160,331,126,393,283,384,234,363,280,351,319,424,306,405,273,381,304,366,332
N,457,308,410,284,385,235,405,188,434,156,382,202,370,163,376,190,387,220,416,196,406,141,405,179,412,201,450,200,448,174,443,221,444,235,486,210,479,190,473,221,473,231
U,372,413,329,372,312,323,324,277,366,259,332,256,327,199,328,166,334,134,365,254,359,188,353,152,353,117,396,267,399,209,377,251,365,287,425,290,421,246,400,264,386,291
H,526,339,491,288,441,259,389,265,352,279,443,197,364,195,317,196,278,193,458,230,363,225,308,225,266,223,470,270,381,283,394,297,420,297,476,311,402,320,413,328,438,324
M,443,351,389,312,374,256,410,216,443,189,378,226,365,176,369,211,378,245,413,218,402,161,401,204,407,238,447,219,443,158,434,200,434,234,483,229,477,185,462,209,457,234
S,389,353,346,323,316,272,330,223,371,208,330,220,321,179,326,223,335,239,364,220,359,170,353,222,359,233,398,233,393,204,379,253,382,259,432,251,417,234,405,265,407,272
Y,333,303,286,275,250,224,226,182,196,161,290,181,290,146,291,187,291,222,325,182,328,155,318,203,312,237,359,188,369,148,354,186,342,218,389,198,421,157,442,132,460,105
I,375,337,320,318,278,273,256,227,248,188,299,234,287,194,298,224,307,248,330,226,319,185,324,221,331,249,361,222,354,174,350,202,348,229,392,222,388,182,383,159,378,138
E,412,383,368,359,341,317,360,278,399,262,346,265,338,214,342,239,351,268,376,256,371,195,371,220,375,249,406,258,406,199,399,221,399,251,435,269,432,229,420,237,414,259
R,367,412,327,372,306,320,316,273,347,243,326,262,327,205,338,169,353,136,356,262,342,190,332,153,328,120,389,275,379,227,359,273,347,311,420,298,399,268,377,299,364,328
E,394,385,352,351,333,301,358,263,402,255,347,249,349,197,345,227,348,257,380,246,387,183,378,212,376,243,411,253,424,192,409,214,402,244,440,270,446,228,428,233,416,254
W,364,437,318,411,293,372,321,334,359,310,297,283,270,215,262,174,258,138,337,272,329,192,329,144,328,103,371,283,383,220,388,177,391,136,402,315,398,268,383,281,370,306
B,431,369,384,338,361,289,377,245,407,235,361,246,354,195,356,165,361,138,389,237,382,183,382,148,380,117,417,240,412,189,407,156,403,129,447,250,442,211,437,185,431,162
O,406,352,359,290,330,225,315,174,324,128,402,170,411,110,378,99,349,102,425,173,434,97,387,88,350,101,443,182,451,106,398,96,357,110,456,196,449,129,408,112,372,117
P,480,135,411,157,351,200,310,244,268,275,314,163,254,230,217,271,182,306,358,164,320,273,310,337,303,384,411,173,385,276,400,261,410,233,459,189,433,268,442,258,447,231
X,339,317,307,295,280,249,288,206,316,185,304,188,309,144,304,128,302,120,336,198,336,172,320,220,321,226,365,216,362,205,341,246,342,246,391,239,385,232,366,257,364,260
G,453,362,401,326,366,287,340,260,309,238,419,212,371,185,332,180,301,182,445,218,369,217,366,257,386,267,460,239,384,250,386,282,407,284,465,269,405,286,404,307,420,308
F,426,393,378,367,337,332,303,307,282,278,368,256,330,228,301,243,289,265,388,241,363,183,349,145,342,109,416,243,417,182,423,141,429,106,442,260,458,214,474,181,489,152
O,492,220,429,197,382,171,346,158,317,138,418,88,362,59,328,81,312,107,433,89,364,53,325,83,314,112,445,101,385,62,341,88,325,116,450,124,402,91,362,98,340,113
I,359,357,307,343,266,304,246,261,237,225,284,264,271,229,284,259,296,288,312,255,298,220,308,256,318,285,342,250,331,209,330,238,332,266,373,248,370,208,367,183,362,160
M,437,350,387,309,374,253,411,218,444,194,382,225,372,177,374,211,380,244,416,219,408,163,404,206,409,240,450,222,448,163,437,204,435,237,484,233,481,190,465,213,458,236
S,388,352,344,322,313,273,327,225,367,209,329,222,321,180,326,223,334,240,363,223,359,173,353,222,358,234,396,235,394,204,379,252,379,259,429,253,418,235,404,265,405,272
Q,395,133,342,169,300,207,286,253,273,295,238,138,209,218,204,269,202,311,273,116,262,216,300,218,314,199,320,110,322,208,344,198,345,171,367,109,363,187,373,181,371,156
Y,334,301,287,273,251,225,227,183,196,163,292,182,292,149,293,189,293,224,327,183,330,157,320,206,314,240,361,189,370,150,356,186,344,216,390,199,421,158,443,135,461,109
K,460,406,410,372,381,316,377,260,374,216,398,258,378,197,366,161,358,127,435,258,441,186,448,140,456,102,471,276,480,243,464,292,453,328,504,302,503,281,487,316,472,343
W,358,422,318,393,298,349,332,306,368,275,290,268,257,201,243,163,234,127,329,255,309,176,303,130,299,90,364,263,371,198,374,156,374,116,400,292,400,241,387,254,374,280
Z,402,424,352,381,322,341,313,295,349,268,342,239,335,161,335,114,339,71,386,247,392,196,383,257,373,292,428,265,439,218,417,274,398,311,461,296,473,256,448,287,428,313
I,367,360,317,340,280,295,266,251,261,213,303,258,295,224,304,254,313,284,333,253,323,219,328,254,335,285,364,251,358,210,353,239,351,267,396,254,402,213,404,188,404,165
X,356,308,324,286,295,242,301,200,329,177,317,176,318,134,313,118,311,113,351,182,349,165,334,213,336,219,382,198,376,201,355,240,356,237,411,221,401,228,381,252,379,250
M,433,347,384,304,373,250,411,214,444,191,381,220,371,172,372,206,378,239,415,215,408,158,402,199,405,233,449,219,449,160,435,200,432,233,484,231,481,188,463,209,454,232
L,479,343,428,333,379,305,337,279,302,275,389,242,376,193,369,163,365,134,421,237,415,206,423,252,425,270,454,237,450,210,453,254,451,271,487,242,484,217,480,248,476,265
O,391,284,350,248,326,200,312,162,315,128,372,157,374,112,349,103,329,111,388,156,392,100,357,91,330,103,401,160,405,101,365,94,336,108,409,167,401,118,368,110,342,120
Y,334,332,287,305,249,259,224,219,197,193,280,212,275,170,273,208,274,243,314,211,309,176,300,220,298,254,348,215,351,170,335,200,325,227,380,225,407,183,425,156,440,130
P,473,121,408,145,350,189,314,235,274,262,322,152,262,218,225,255,192,288,366,149,328,258,318,319,310,365,418,158,394,260,405,246,413,219,464,173,438,251,444,239,448,214
K,432,386,387,357,360,311,354,265,351,230,375,267,356,219,346,190,339,164,405,266,406,206,408,170,413,139,435,279,436,249,423,287,414,317,463,298,456,280,441,306,429,330
P,479,141,414,162,354,205,314,249,275,281,320,169,260,235,224,275,191,310,363,170,324,280,312,340,304,385,414,180,390,282,405,266,414,239,460,196,436,273,444,261,448,235
Y,335,332,290,307,252,259,226,219,198,194,281,211,277,169,275,207,277,242,315,210,312,176,303,220,303,254,350,215,354,170,339,197,329,223,382,225,409,183,427,157,443,130
U,377,391,332,352,314,307,323,260,362,245,327,251,319,192,320,160,324,128,359,246,350,181,345,145,343,109,390,255,388,198,377,237,370,271,421,273,417,228,402,246,390,271
Q,420,202,358,241,308,278,282,322,256,361,235,214,206,285,194,332,189,368,264,199,249,297,280,299,293,280,305,196,296,292,322,287,325,264,348,201,339,276,354,274,357,254
N,459,304,411,281,388,232,407,185,434,154,383,202,370,162,378,189,389,218,417,196,406,141,406,177,413,198,451,200,448,172,444,218,444,233,487,209,480,187,473,217,473,230
R,366,421,326,379,308,324,321,275,353,245,327,268,329,210,341,174,357,141,359,268,344,196,334,158,331,124,392,281,383,232,361,278,348,317,424,305,403,273,379,303,364,331
I,393,349,338,328,295,281,273,232,267,191,316,240,305,198,317,229,326,255,348,234,338,191,345,229,351,258,380,230,374,182,371,209,370,236,412,231,408,190,402,167,395,146
V,368,371,330,339,309,291,329,250,367,231,325,215,313,151,308,110,308,75,363,215,363,140,365,95,369,56,399,234,402,193,382,241,369,278,429,265,426,240,403,270,386,297
P,478,152,411,170,352,210,313,252,274,284,318,174,262,236,226,278,194,314,361,175,324,282,314,342,308,386,411,186,386,285,400,268,410,240,456,201,433,277,440,263,445,235
L,467,344,416,336,365,311,322,286,288,284,373,247,358,198,351,168,345,140,404,241,395,216,406,262,409,278,437,240,430,215,435,258,434,274,470,244,465,219,462,251,459,269
C,471,337,413,319,368,289,334,271,304,252,390,215,368,170,337,159,311,160,405,209,380,149,341,143,310,156,420,208,399,150,357,142,325,151,435,215,413,172,381,158,352,157
H,538,341,507,286,452,254,393,262,350,276,456,197,370,191,321,192,280,190,464,236,364,225,310,223,268,221,472,280,380,282,396,291,421,292,475,324,401,321,412,325,437,323
X,357,331,309,291,280,251,260,222,254,198,332,177,322,122,289,113,265,123,354,189,278,185,273,223,292,234,364,211,284,226,287,257,307,258,366,239,300,255,303,278,322,278
U,384,408,335,364,314,312,326,260,371,241,330,244,322,179,323,144,328,109,366,241,357,169,351,130,350,90,401,252,402,191,384,233,373,272,435,273,432,225,413,243,399,271
Q,438,200,373,236,320,272,296,321,274,367,257,200,217,274,206,325,203,367,293,181,271,290,310,288,323,264,339,178,327,283,357,274,360,245,386,182,373,268,389,263,390,237
W,361,435,315,409,289,368,320,332,359,311,294,281,267,212,257,173,251,138,334,270,327,188,326,140,326,99,368,280,380,215,385,173,388,132,398,314,391,263,377,279,365,308
S,399,343,354,312,324,261,339,211,379,195,339,212,331,170,335,213,343,229,373,213,368,163,362,213,367,223,405,225,402,194,389,243,390,249,439,242,426,223,413,255,415,263
C,470,343,412,324,367,293,332,275,300,256,388,218,366,170,335,159,308,159,404,211,378,151,337,146,306,161,419,211,397,151,355,145,323,156,434,218,414,172,381,157,353,157
O,406,322,367,276,348,229,337,191,342,155,403,185,410,138,384,128,361,134,419,187,426,130,390,121,361,132,433,194,439,137,399,128,369,139,443,204,441,154,409,140,382,145
C,471,342,412,323,367,292,331,275,299,256,391,212,369,166,339,155,311,156,406,207,381,147,342,140,311,153,421,207,398,148,357,140,324,150,435,214,411,166,378,152,349,152
X,342,317,296,282,267,239,252,206,267,191,322,169,327,111,297,104,272,118,354,178,302,167,287,208,299,224,374,198,312,212,304,246,319,251,387,223,334,244,325,268,338,270
F,440,356,388,338,341,312,304,289,280,258,362,235,326,206,298,220,285,239,384,218,350,164,329,128,315,93,416,215,400,159,395,123,391,91,450,225,450,179,454,148,459,119
I,359,343,310,323,274,278,259,233,253,196,300,243,290,205,299,234,307,263,330,239,319,201,323,235,330,265,360,238,355,195,349,224,347,252,393,240,397,200,396,175,393,153
F,422,397,374,371,333,335,298,311,277,282,365,259,326,232,296,247,285,268,384,245,359,186,345,148,338,112,412,247,413,185,419,144,425,109,438,264,455,218,472,185,488,155
J,398,388,340,369,291,324,273,277,293,243,326,269,317,230,319,265,323,301,360,262,351,231,348,277,348,316,394,259,386,214,379,252,375,290,428,260,427,211,423,179,417,151
F,407,383,353,358,308,322,272,288,253,250,348,242,311,204,280,210,260,226,374,225,350,166,325,130,302,100,405,224,401,163,392,122,382,88,436,237,453,189,465,153,473,120
O,412,362,362,298,334,229,318,176,325,127,409,170,419,104,382,94,349,101,432,173,443,92,391,83,351,99,452,184,463,104,408,93,366,109,469,201,468,130,428,109,391,112
A,449,328,392,312,350,277,332,232,343,199,373,237,368,199,373,231,379,254,403,235,396,195,400,239,403,261,432,237,427,201,426,245,427,268,463,243,459,219,453,249,449,267
D,454,405,397,372,356,330,323,302,307,268,411,247,396,188,389,153,387,124,431,248,384,195,341,210,322,233,443,257,396,209,349,224,326,247,446,274,405,237,362,237,336,250
Z,371,394,338,362,315,323,311,285,339,261,336,243,332,182,331,144,335,113,371,251,378,209,366,255,357,281,404,268,414,229,393,269,379,297,431,295,441,262,419,282,403,302
S,408,350,365,317,336,262,353,213,395,200,352,217,342,173,347,218,355,232,386,218,380,167,375,218,381,227,419,231,415,197,401,246,404,252,453,249,438,229,425,261,429,267
E,406,371,364,345,340,301,360,261,397,244,343,249,340,198,344,224,351,255,374,242,373,179,374,204,376,235,405,247,411,187,403,210,399,240,435,263,430,231,418,246,411,269
A,450,316,394,299,353,265,334,222,344,190,374,227,368,190,374,221,380,243,404,225,395,186,400,228,404,250,433,226,426,190,426,232,427,256,464,232,459,207,453,237,449,255
X,338,321,300,289,277,244,276,206,300,191,324,176,334,121,317,108,297,121,358,187,331,172,312,214,318,227,386,208,345,217,328,251,336,253,406,235,363,249,348,273,357,274
Y,326,340,280,312,243,263,217,221,191,195,274,214,269,175,265,215,265,251,309,212,304,181,292,227,289,262,344,218,345,178,326,212,314,242,377,229,406,189,425,164,441,138
Z,372,402,334,365,309,326,299,286,328,259,331,247,327,185,327,147,331,114,364,255,367,206,353,254,345,281,397,270,404,226,382,267,371,298,424,297,430,258,407,279,394,302
D,430,450,383,419,347,366,319,333,303,297,391,299,384,235,377,198,376,166,411,299,380,240,339,253,319,276,426,308,394,254,349,268,326,291,437,323,408,279,369,276,344,289
W,359,448,315,424,289,387,306,346,339,314,284,290,253,222,242,180,235,142,324,277,314,194,313,143,311,100,359,288,369,220,372,175,373,134,392,320,385,270,369,285,356,310
V,365,389,325,359,297,312,318,273,356,250,313,230,289,165,276,123,269,86,355,229,359,150,364,102,370,60,394,249,394,213,373,263,360,300,426,281,420,259,396,292,380,320
U,363,373,314,335,290,288,296,234,342,219,303,231,291,171,290,137,292,105,337,225,323,159,314,121,309,86,369,232,366,176,353,217,347,252,402,248,395,202,379,221,368,249
E,407,360,366,328,348,278,373,240,413,229,351,233,350,182,351,207,354,236,382,226,384,166,381,192,383,221,413,230,419,171,411,192,409,222,443,243,445,203,432,210,424,229
E,406,363,364,340,338,295,358,255,397,239,332,248,327,199,338,231,345,257,363,236,357,178,365,210,370,237,395,235,393,179,393,206,393,235,425,242,421,205,413,218,409,239
A,385,302,314,278,255,231,234,172,252,128,291,169,277,121,278,165,287,198,329,165,314,112,313,170,322,202,367,168,355,120,351,180,356,213,410,179,395,143,383,183,383,209
P,465,130,403,156,350,195,316,234,278,264,325,155,266,219,229,257,196,290,368,151,331,255,323,315,317,359,418,160,392,261,404,249,413,222,462,175,435,251,441,241,445,215
P,479,147,412,165,353,205,313,248,273,278,316,171,259,235,223,276,189,311,359,169,323,279,311,340,302,385,410,178,389,280,403,266,412,238,456,194,433,274,442,263,447,236
N,397,243,350,219,326,171,346,129,374,103,334,147,317,109,320,135,331,163,363,142,350,91,346,124,353,148,395,145,387,117,381,162,384,183,429,154,416,131,408,160,410,174
M,434,348,386,306,374,251,408,216,439,192,381,223,370,175,370,210,377,242,414,216,406,161,400,204,406,236,447,219,445,161,432,202,432,234,482,230,479,188,461,210,453,232
T,424,320,378,289,354,237,364,189,378,156,379,200,362,164,352,173,356,186,408,205,394,170,384,219,393,225,439,214,423,191,412,237,423,241,471,228,452,207,440,238,449,247
X,366,329,321,285,291,241,268,210,255,187,345,165,326,107,292,101,267,115,362,179,279,175,275,212,296,225,367,204,283,216,289,247,311,250,366,233,298,247,303,269,323,272
I,367,344,315,325,272,282,248,237,244,195,295,240,282,200,293,228,303,254,325,232,313,190,318,227,326,257,356,227,349,179,343,205,341,232,388,227,384,185,378,160,373,139
F,410,387,355,361,308,322,272,287,250,248,348,239,311,199,278,206,256,223,376,221,352,160,326,122,303,92,409,221,405,159,395,117,384,81,441,236,458,186,471,148,481,115
Q,404,152,356,187,321,219,310,252,296,282,254,162,217,223,205,263,202,294,280,144,270,233,304,240,317,222,317,138,315,221,339,218,341,196,356,136,350,202,363,202,364,182
C,468,342,411,324,366,293,332,274,301,254,388,218,366,172,336,161,309,162,403,211,379,151,339,145,308,159,418,211,397,151,354,143,322,153,432,218,411,173,378,159,349,158
S,410,376,369,341,337,290,350,241,397,222,347,232,340,183,350,233,359,253,386,233,385,171,381,229,384,247,424,247,426,212,412,268,409,278,460,268,455,247,441,282,437,291
S,388,357,345,327,314,276,330,228,372,214,329,224,322,182,327,227,335,243,364,225,360,174,354,227,359,238,397,237,395,206,381,257,383,263,431,256,420,238,406,269,407,276
U,364,368,315,331,292,282,302,230,345,214,307,226,294,167,292,133,293,102,340,219,326,154,317,116,313,81,373,227,368,172,355,212,348,247,406,243,399,198,382,216,370,242
E,409,379,369,354,347,309,371,272,408,257,346,258,343,205,350,232,357,260,378,250,377,187,381,215,383,244,408,252,411,194,408,218,406,247,436,264,435,224,427,232,421,253
J,385,376,328,361,278,321,255,277,270,243,309,265,295,228,297,261,303,295,340,257,325,226,326,271,330,308,373,252,359,208,354,245,355,282,406,251,403,203,396,172,389,145
N,451,305,407,279,385,229,406,184,433,153,380,199,367,161,373,190,384,218,414,192,403,137,402,176,409,199,449,197,445,170,438,218,439,234,484,207,476,188,468,218,467,230
F,453,358,405,335,366,303,335,274,320,242,402,236,370,204,343,208,326,222,425,220,405,168,384,137,365,112,451,218,448,166,440,130,431,101,476,228,490,186,499,155,506,128
E,396,378,355,348,334,300,357,262,398,248,340,248,338,197,339,225,344,254,372,241,373,180,371,209,372,239,404,246,410,184,402,207,399,238,433,260,435,219,422,226,414,247
N,447,296,395,263,372,208,396,158,427,124,373,172,357,127,361,157,371,192,409,166,398,102,394,142,400,172,447,173,442,139,434,192,435,217,487,188,476,160,467,194,467,211
W,370,429,327,408,301,370,320,330,352,298,291,278,261,215,250,176,243,139,330,264,319,188,317,140,314,98,365,273,374,210,375,167,374,129,398,299,390,257,376,273,365,296
T,419,321,377,286,357,233,367,188,381,156,385,200,367,167,357,186,362,198,414,206,396,174,384,221,396,227,444,216,424,192,410,238,423,243,474,230,452,210,437,240,446,249
L,464,361,410,343,361,309,317,280,280,279,377,237,366,181,363,148,362,119,410,231,407,196,415,246,417,270,446,232,446,197,446,242,443,266,479,241,481,208,472,238,465,260
U,373,368,325,330,304,279,317,229,357,213,322,227,313,168,313,135,316,104,354,222,344,157,337,120,334,86,386,229,386,176,371,210,361,244,417,245,416,200,399,214,384,239
X,369,332,320,290,291,248,270,217,260,192,346,172,331,112,297,107,272,122,364,185,287,175,280,214,300,228,371,208,289,219,293,252,314,255,371,235,304,250,307,274,327,276
U,370,368,322,330,299,281,315,231,357,215,312,226,304,166,304,133,307,102,346,220,335,155,328,116,326,81,379,227,380,176,367,211,359,245,412,243,410,199,394,215,381,240
O,394,286,353,248,327,198,313,157,318,121,372,149,377,98,348,92,328,103,389,148,396,87,358,80,331,95,405,153,411,92,369,86,341,101,416,163,410,112,378,102,352,110
C,470,358,404,332,357,295,320,274,287,253,388,211,364,159,330,145,299,146,403,206,376,136,330,128,294,141,416,207,393,136,346,126,310,136,425,214,402,160,366,142,334,141
M,443,347,389,313,371,257,404,216,434,187,371,227,358,181,367,217,377,249,406,215,394,161,398,207,405,240,441,215,436,158,432,203,433,235,477,223,472,183,462,209,457,233
J,430,398,365,376,311,324,291,269,315,232,349,258,343,216,346,260,351,302,389,251,382,217,381,275,382,320,429,248,424,197,415,241,410,284,467,251,468,194,464,159,458,127
C,479,378,418,352,370,315,335,296,303,275,401,238,378,185,342,172,312,174,417,235,391,165,344,157,309,172,430,238,407,170,359,162,324,173,441,248,415,200,380,185,350,186
O,425,283,387,239,367,193,354,159,354,126,419,148,420,101,390,94,369,101,434,151,436,92,395,87,368,100,447,159,448,101,404,95,374,108,454,171,445,122,411,112,384,118
V,365,393,326,364,300,317,322,279,360,257,318,235,295,169,283,127,277,89,360,235,367,156,373,107,382,65,398,255,401,218,379,268,365,306,430,287,424,265,399,298,382,325
P,459,123,390,152,334,201,301,255,271,300,306,165,253,240,220,289,191,333,355,158,330,281,324,346,320,393,412,163,396,278,402,258,407,226,462,176,442,263,444,249,445,218
D,437,377,379,346,336,303,304,276,293,244,391,221,375,163,366,129,361,101,409,221,359,169,318,184,300,207,421,229,371,183,324,198,303,221,423,245,381,210,339,211,314,224
U,394,416,349,373,330,330,338,282,380,262,343,261,338,200,339,167,344,133,377,259,369,191,367,155,366,116,410,271,411,211,398,254,389,292,442,293,440,247,422,267,409,294
H,526,323,494,272,441,242,385,245,340,250,444,177,364,175,317,176,278,174,451,207,356,204,306,203,267,198,458,244,371,263,387,279,412,279,462,285,389,299,402,308,428,304
M,421,347,371,312,356,260,389,224,419,200,361,232,347,190,352,222,361,252,392,224,382,174,382,215,388,245,424,225,420,171,413,211,414,242,457,235,453,195,441,217,436,240
A,455,326,403,313,361,278,344,234,357,203,383,235,383,200,387,234,390,257,413,234,412,198,414,243,413,262,442,237,442,205,440,250,437,269,472,245,470,224,465,255,460,270
P,426,73,376,115,337,165,316,206,291,237,305,130,268,201,246,247,226,286,345,116,341,222,354,276,364,312,394,111,400,211,405,193,405,163,438,113,435,191,435,177,431,150
I,375,339,321,319,280,275,257,229,249,190,302,236,289,195,299,224,308,249,332,228,320,187,325,223,332,251,362,224,355,177,352,203,351,229,393,224,390,184,384,162,378,142
O,392,303,354,260,330,212,316,173,321,136,377,165,382,113,353,105,333,115,394,166,402,103,363,95,336,109,409,173,417,109,374,101,345,116,419,184,411,131,378,121,351,129
Z,379,348,339,313,314,280,306,240,335,215,329,211,322,154,322,121,324,93,359,214,360,171,355,214,349,241,389,225,393,186,379,224,372,253,415,246,419,211,402,233,392,253
X,344,322,312,297,287,252,291,209,318,189,313,186,317,142,310,124,305,121,346,195,342,172,325,219,326,229,377,213,367,210,346,249,348,249,404,237,392,237,372,262,371,263
T,448,316,398,300,364,245,369,186,386,151,375,204,365,164,370,199,378,212,413,208,410,173,407,228,406,225,447,215,446,191,437,242,436,240,481,221,475,205,467,240,469,246
N,457,306,410,283,386,233,403,185,428,153,380,202,369,160,376,187,386,216,414,197,405,142,406,179,411,201,448,201,446,174,442,220,442,234,484,210,478,188,472,218,472,230
J,386,386,328,371,277,329,254,285,259,249,307,273,292,233,296,266,301,302,339,264,325,232,327,278,331,317,373,258,359,212,355,249,355,286,407,257,403,208,396,177,388,149
C,469,343,412,324,367,294,333,275,304,256,390,220,368,173,337,162,311,164,405,213,381,153,341,146,310,159,420,213,399,153,356,145,324,155,434,220,412,175,379,161,350,162
J,383,412,328,390,282,344,264,299,275,264,319,291,307,252,304,286,304,320,351,285,337,253,333,300,333,339,385,284,374,237,362,273,356,309,418,286,420,237,417,206,411,178
K,447,399,399,369,370,321,362,272,357,235,384,274,363,224,351,194,343,167,416,273,415,210,418,171,422,139,447,285,448,253,436,292,427,323,477,306,470,285,456,313,444,339
A,440,313,386,295,348,256,333,210,345,177,370,218,371,181,376,213,378,237,400,219,398,179,400,223,400,245,429,223,429,188,425,233,423,255,458,231,458,208,450,238,445,255
Q,424,185,367,220,320,259,299,305,280,347,252,202,220,272,209,319,207,358,281,184,271,286,305,282,315,260,320,178,321,276,346,264,345,239,362,179,361,258,376,252,374,229
Q,417,192,356,234,310,273,288,316,265,357,242,203,210,273,200,323,199,363,273,182,253,282,292,292,307,275,316,176,306,274,335,276,340,252,361,177,354,259,368,262,370,238
Z,370,350,330,315,305,281,295,241,323,215,321,212,315,157,315,123,318,95,350,216,350,171,344,216,338,243,379,227,382,186,367,225,360,254,405,248,407,212,388,233,379,255
O,414,297,364,256,330,205,306,166,301,128,382,142,374,85,338,81,315,94,399,142,390,70,344,70,316,90,413,150,402,79,352,78,321,96,420,164,397,109,359,101,331,110
E,428,390,389,357,374,307,401,271,441,262,379,262,382,210,381,239,383,267,411,257,417,196,412,225,411,253,442,262,452,203,441,226,436,255,470,277,474,238,460,245,451,264
L,465,345,415,336,366,307,325,279,291,276,378,245,367,195,363,165,360,136,409,241,403,214,410,259,411,275,441,241,437,216,439,258,437,274,473,247,471,223,466,254,462,270
A,442,345,390,330,349,292,332,246,349,216,373,250,372,215,376,251,379,274,404,249,401,213,402,259,403,278,434,253,432,220,428,266,426,285,464,262,462,240,454,271,448,286
F,406,376,354,354,312,319,279,286,264,249,351,250,318,215,289,217,269,228,376,232,355,177,334,143,314,115,406,230,403,177,395,138,387,107,434,242,451,197,466,165,479,137
D,472,394,413,344,369,278,334,233,326,184,435,204,428,131,419,90,417,55,459,204,436,122,384,120,350,138,476,211,449,131,385,133,345,154,483,226,447,164,396,152,359,160
Y,325,339,279,312,241,262,217,220,191,193,275,212,268,174,264,215,263,250,309,210,303,179,291,226,287,261,344,216,345,176,325,212,312,242,376,228,405,187,424,163,440,136
D,434,432,374,396,335,356,303,332,279,305,399,271,380,212,372,176,370,145,417,280,351,232,307,260,291,287,422,298,357,253,314,279,300,306,416,323,363,287,322,293,301,310
V,357,370,319,339,295,291,313,249,351,230,313,213,298,150,293,109,293,73,351,212,348,137,349,92,353,54,387,231,386,191,366,239,353,277,419,262,411,237,388,267,372,294
B,433,386,387,356,364,302,382,256,416,256,371,257,363,207,365,176,369,147,398,249,391,193,390,157,390,123,425,253,421,201,418,166,416,136,454,267,449,226,444,198,440,173
R,372,443,331,404,312,347,327,297,358,263,325,285,326,223,338,186,353,151,357,285,341,210,331,170,326,135,393,297,384,252,367,300,358,339,427,320,409,289,387,321,375,350
Z,373,400,335,362,311,323,306,281,338,259,333,245,331,183,330,146,334,114,368,251,371,205,358,252,351,281,400,267,408,226,387,266,375,297,427,293,435,257,413,278,398,300
F,436,351,387,332,345,302,309,279,282,253,370,228,333,202,302,215,288,234,389,212,359,159,340,125,328,92,416,209,406,154,403,116,403,84,445,220,448,176,455,145,461,116
M,426,343,378,309,363,258,395,223,424,199,367,231,353,189,356,221,364,250,397,223,386,174,384,214,391,243,429,224,423,171,415,210,416,240,461,233,454,194,442,217,438,239
Z,370,349,330,314,307,280,296,241,324,217,322,212,316,156,316,122,319,94,351,216,351,171,344,215,338,242,380,227,382,186,368,224,361,254,406,249,408,212,389,233,379,254
F,433,349,385,330,343,301,307,277,280,252,369,228,332,203,302,216,288,234,387,212,357,162,339,127,328,95,414,210,404,155,403,118,402,87,442,220,445,176,451,145,457,116
M,426,346,377,312,362,261,394,224,422,199,366,233,353,190,358,223,367,252,397,225,388,175,387,215,393,245,429,227,426,172,419,212,419,242,461,236,457,197,445,220,439,242
L,503,362,451,347,404,310,366,278,331,272,420,248,410,194,407,161,404,131,454,246,455,213,460,260,458,280,487,249,490,222,489,266,483,284,519,258,523,232,516,263,508,280
G,449,353,392,308,357,268,324,250,288,234,415,197,356,171,313,166,279,169,438,211,352,218,353,253,374,263,449,240,364,261,372,287,393,286,450,275,382,296,388,313,408,311
A,422,314,360,297,314,255,296,202,305,162,337,207,329,164,334,199,340,226,370,205,361,159,363,207,367,234,402,208,395,166,392,216,394,245,437,216,431,185,421,219,417,243
P,477,142,411,162,352,206,312,251,271,283,319,170,261,234,225,273,192,307,362,171,325,280,314,340,305,384,412,179,392,281,406,265,415,237,459,193,435,273,444,260,449,233
X,355,313,325,290,297,246,304,204,332,182,317,183,317,141,312,123,312,117,350,191,348,166,334,215,335,222,380,208,377,199,356,241,356,242,409,230,403,223,383,250,380,253
X,339,323,300,293,276,249,274,211,298,195,321,179,330,125,311,112,293,125,356,188,328,175,311,218,318,229,384,208,345,220,328,253,337,254,405,235,364,252,350,275,359,274
E,409,367,362,328,339,279,366,240,411,228,362,224,362,170,357,201,361,236,396,222,403,155,391,185,390,222,429,232,442,166,422,193,413,226,460,255,452,218,431,237,422,262
P,472,134,405,156,348,196,309,237,266,267,312,158,253,220,214,261,179,295,357,157,317,266,305,330,295,377,409,166,379,270,393,256,405,227,456,182,429,261,435,250,440,222
Y,324,331,278,304,240,256,215,215,190,189,272,207,266,170,262,209,262,244,306,205,301,175,289,219,286,254,342,211,342,172,322,207,309,237,374,222,402,182,420,157,436,130
E,403,378,362,347,343,298,367,258,408,246,345,249,344,195,346,226,350,255,377,242,379,179,377,210,378,238,409,246,415,183,407,209,403,239,439,259,440,218,426,227,417,248
Y,340,333,293,306,256,258,230,218,202,194,291,213,286,168,284,207,284,242,324,213,321,175,311,218,308,251,358,218,363,173,349,199,339,224,390,228,417,184,435,157,450,131
B,377,402,331,373,307,326,318,280,347,260,318,277,311,228,315,199,322,172,345,270,339,214,339,181,340,149,370,273,366,223,363,191,362,163,398,285,394,246,391,220,387,196
Q,451,198,391,228,339,265,316,312,292,354,284,206,236,269,232,318,236,358,317,192,293,287,327,293,338,275,358,191,344,286,371,281,374,255,398,199,385,276,401,273,403,250
M,432,352,383,310,372,254,407,219,439,194,378,226,368,177,370,213,376,246,412,220,405,164,401,208,404,241,447,224,446,165,434,208,432,240,481,235,479,191,463,216,456,239
C,470,342,413,324,367,293,332,274,301,255,388,219,365,172,335,160,308,161,403,212,378,151,339,146,308,161,418,212,398,152,356,144,325,154,434,219,415,174,383,158,354,156
R,367,424,327,384,310,329,324,280,354,247,325,270,326,210,338,174,354,140,357,270,342,198,332,159,328,126,390,283,381,236,363,282,353,320,422,306,404,273,382,305,369,333
I,370,335,316,319,273,277,251,231,244,192,295,239,281,198,291,226,301,250,324,230,312,188,317,224,325,253,354,224,346,177,341,205,341,233,385,222,381,183,376,160,370,140
F,417,349,368,330,325,300,288,278,261,253,351,225,313,202,283,215,269,233,369,209,338,158,321,123,311,89,394,207,386,152,387,114,388,82,421,217,427,173,436,141,444,113
R,367,424,326,384,309,330,322,282,351,250,326,272,326,214,339,178,356,145,356,271,339,198,328,158,324,123,390,283,380,237,362,284,352,323,421,306,404,275,381,305,366,334
W,366,444,324,422,300,382,327,346,365,320,301,292,277,228,269,187,264,151,341,280,335,202,336,154,336,112,375,291,389,227,395,186,398,148,406,319,404,277,392,294,381,317
E,407,383,368,349,352,299,379,262,420,252,357,251,359,198,359,228,361,257,390,246,395,183,391,213,391,241,421,252,432,190,422,214,417,244,451,267,454,226,440,232,431,252
Z,370,348,328,313,303,280,293,240,323,215,320,211,314,155,313,122,315,93,349,215,348,171,342,215,336,242,378,226,380,185,366,223,358,253,403,247,405,212,386,233,376,254
N,456,305,410,280,387,231,405,183,430,151,379,198,368,159,375,187,384,216,413,193,404,140,405,178,410,200,448,197,446,171,442,217,441,232,483,206,478,186,472,216,470,228
Z,397,369,363,338,341,303,336,268,362,244,356,232,351,175,352,141,356,112,386,238,390,197,384,240,378,266,415,251,422,214,408,252,398,278,440,272,447,240,429,261,417,281
X,342,318,295,283,266,240,251,207,267,194,323,171,326,112,297,105,272,119,355,181,302,170,287,211,298,228,376,201,312,216,304,251,318,257,389,228,333,247,327,271,340,275
Z,374,398,334,359,310,320,303,280,335,256,333,242,330,180,330,143,335,111,367,249,370,202,358,249,349,278,399,265,406,222,386,262,373,294,425,292,432,254,409,275,395,297
G,482,374,435,322,401,281,364,263,327,246,465,213,403,181,358,175,323,179,486,235,396,229,396,265,417,275,493,268,403,276,410,302,432,303,490,305,417,315,420,331,440,328
H,517,334,481,284,432,255,381,259,343,269,433,189,354,188,307,189,269,187,448,222,352,217,299,218,258,217,459,262,370,274,383,288,408,290,464,303,391,313,401,321,426,318
T,419,332,369,301,339,242,348,186,364,143,352,201,333,156,334,167,342,193,392,203,385,163,378,222,378,249,432,215,425,183,410,239,406,263,471,234,462,203,445,239,437,258
Z,388,356,351,323,329,288,322,251,350,228,345,219,341,164,342,131,346,103,375,225,377,183,370,227,363,252,404,237,410,198,394,236,385,264,428,259,434,226,415,247,404,267
G,457,366,407,330,372,288,345,261,315,238,425,215,377,186,338,180,307,181,450,220,376,216,371,256,388,269,466,240,391,252,393,283,413,287,471,269,411,289,411,311,427,311
Z,386,362,349,327,326,295,318,257,346,234,341,224,336,168,336,136,339,108,371,230,373,188,368,232,362,258,400,242,406,203,392,241,384,270,425,264,431,231,414,251,404,271
A,457,332,405,320,363,283,345,237,361,208,386,242,385,207,390,242,394,264,417,240,414,205,417,251,417,269,446,243,445,212,443,258,441,276,476,251,473,231,468,262,464,277
U,370,482,308,433,277,377,283,314,337,288,299,281,286,205,286,162,289,118,342,278,327,189,318,141,313,91,384,292,379,215,360,276,351,326,426,320,418,260,394,290,378,326
E,407,381,368,347,351,297,378,259,420,249,357,249,359,195,359,224,361,254,390,244,396,180,391,209,390,238,421,250,432,188,422,210,416,240,450,265,454,223,441,228,431,248
S,404,379,363,346,330,295,343,246,389,226,340,236,334,187,342,236,351,257,379,238,378,179,374,236,376,252,416,251,418,217,404,270,400,280,452,272,446,251,432,285,427,294
Q,411,141,356,182,313,225,302,276,293,325,249,156,221,242,216,297,213,342,286,135,276,245,313,239,322,210,334,128,335,235,359,223,357,192,381,127,378,213,390,206,387,178
O,407,314,367,272,344,223,330,183,336,148,390,174,397,123,368,114,347,125,407,175,416,112,379,103,352,117,422,181,431,119,389,111,359,125,433,192,427,141,394,131,368,138
S,408,380,369,345,336,296,350,248,395,226,344,235,338,188,347,238,354,257,383,236,382,177,379,236,381,251,421,249,422,218,409,272,406,278,458,269,452,251,438,285,433,292
W,354,417,313,390,292,343,324,304,361,276,287,257,260,189,251,146,247,108,329,246,321,165,322,115,323,74,366,257,378,192,383,146,389,104,400,286,386,258,365,284,351,312
O,387,281,346,245,322,200,308,163,310,129,368,154,369,110,342,102,321,109,382,152,385,97,350,90,324,102,395,155,397,99,357,94,330,108,403,162,395,116,362,109,337,118
L,513,383,461,368,415,332,377,300,342,293,431,269,422,214,419,182,418,152,465,267,467,234,472,282,470,302,499,271,503,243,501,288,495,305,532,281,535,255,529,286,520,303
A,454,340,397,323,355,285,338,238,348,204,379,245,375,206,380,239,385,263,410,244,404,202,407,248,409,269,440,246,436,209,433,255,434,278,471,254,467,229,460,260,456,278
M,425,343,376,308,362,257,393,221,421,197,366,231,352,189,355,220,363,249,396,223,384,174,382,212,388,242,427,224,421,171,413,209,413,238,459,232,453,193,440,214,435,236
P,454,131,396,157,344,199,312,238,277,267,307,165,259,229,229,268,200,301,348,158,322,261,318,318,315,358,397,162,383,260,395,248,402,222,442,172,425,247,432,238,434,214
B,415,394,371,364,349,314,365,270,397,263,356,271,351,223,354,195,360,170,384,264,379,211,380,178,380,148,410,269,407,219,404,187,402,160,437,281,434,243,431,217,428,194
T,441,322,388,301,356,245,362,190,380,151,368,206,352,162,358,179,369,203,404,207,403,168,397,219,394,242,439,216,439,183,427,235,420,257,475,230,472,200,458,234,450,252
U,382,383,338,340,319,290,335,238,380,221,332,230,327,165,329,129,334,96,367,225,360,156,356,117,355,79,401,235,403,179,390,219,381,255,434,255,433,208,418,228,406,256
H,523,327,492,273,436,242,378,247,336,257,437,180,351,177,303,179,264,179,446,217,345,209,293,209,253,207,453,261,365,268,380,278,404,278,455,306,385,307,398,314,423,312
I,345,350,297,330,261,286,247,241,244,203,287,251,278,215,284,241,292,270,317,246,305,207,306,241,313,273,348,246,340,203,331,229,327,256,381,249,386,209,385,184,383,162
X,352,325,321,300,297,254,305,211,333,189,318,194,323,151,320,132,319,122,352,204,352,176,337,224,337,232,381,221,379,212,358,252,358,251,410,243,403,237,383,262,380,265
X,338,318,295,286,267,244,256,210,274,196,324,176,329,120,302,109,278,119,356,185,307,175,292,215,305,229,377,206,316,217,306,251,320,257,388,233,334,250,324,274,336,278
T,419,327,370,299,340,239,349,183,365,140,352,196,333,151,333,167,343,195,391,198,384,161,378,219,379,244,430,211,424,181,410,237,407,260,469,229,461,201,443,237,435,254
I,372,332,318,318,275,276,252,232,245,192,297,239,283,200,293,224,303,248,326,230,313,188,318,220,325,249,355,223,346,177,341,202,341,229,385,221,379,183,373,160,368,141
P,455,134,399,155,350,191,317,226,284,251,321,159,273,214,243,250,216,280,359,157,331,251,328,305,327,342,405,163,386,252,398,240,406,214,446,174,426,242,432,232,436,208
W,376,434,333,411,310,373,335,335,370,308,304,285,276,221,266,182,261,146,343,272,332,196,331,150,330,109,377,281,386,219,389,178,391,140,409,310,404,265,392,279,381,303
F,408,369,356,347,312,313,278,280,261,242,351,238,316,203,287,208,268,222,375,221,352,166,328,133,307,106,405,219,400,163,390,125,381,93,434,230,448,184,458,150,466,120
L,489,350,437,338,390,310,348,283,313,278,400,245,387,196,381,165,378,136,432,241,427,212,435,258,437,276,466,242,463,216,464,260,462,277,498,250,497,224,492,256,487,273
I,372,336,317,317,275,272,253,224,244,185,298,233,286,191,297,219,307,245,329,226,320,184,324,219,330,248,360,221,355,174,350,199,348,225,392,221,389,181,384,158,379,139
P,456,120,393,148,338,196,308,247,283,289,307,173,254,249,221,296,193,337,355,166,330,285,323,348,318,394,409,170,397,283,405,263,410,230,458,181,442,266,446,250,448,220
K,447,403,399,372,370,324,363,276,358,239,384,279,363,229,351,199,343,171,416,277,415,214,417,176,422,144,447,289,449,258,437,297,428,328,476,310,470,290,456,319,444,346
U,390,378,344,339,323,287,339,236,381,223,341,233,335,175,336,143,339,113,375,229,366,165,360,129,358,96,406,238,407,183,392,219,383,254,437,255,434,211,417,227,403,252
P,483,138,418,159,357,202,317,246,278,279,322,169,263,234,225,274,191,307,364,169,326,276,315,336,307,379,415,177,392,279,407,264,417,236,462,192,438,271,447,259,452,233
W,364,448,321,427,295,387,319,351,356,324,294,295,269,230,260,190,255,153,334,283,328,204,328,155,328,113,370,294,381,228,387,186,391,148,402,323,398,281,385,296,373,319
S,390,349,347,317,318,268,331,221,372,204,333,218,324,176,328,221,336,236,367,219,363,169,355,219,361,228,400,231,396,202,381,250,384,255,433,249,420,231,406,262,409,269
K,446,405,396,375,366,326,356,277,348,239,380,279,358,229,345,199,336,171,412,277,410,214,412,175,416,143,443,289,445,258,433,298,425,330,473,308,466,289,452,319,441,346
Y,324,337,278,310,241,262,216,220,189,193,272,211,266,173,262,213,263,248,306,210,301,179,289,226,285,261,342,216,343,176,323,211,309,242,375,227,403,186,422,161,438,135
S,384,353,339,321,309,265,326,216,369,205,332,216,323,176,324,222,332,235,366,219,361,170,351,221,358,230,399,232,392,202,376,253,381,259,433,251,414,235,401,268,406,273
Z,393,365,355,329,334,295,325,257,354,236,350,225,346,169,347,137,351,109,379,231,381,189,376,233,371,259,408,243,414,204,399,242,391,271,433,266,439,232,420,253,410,272
D,416,413,365,377,328,330,301,298,282,262,367,274,358,220,350,188,345,160,385,271,364,214,330,214,307,227,398,274,374,219,329,225,301,242,406,281,379,235,341,232,315,245
B,442,370,399,337,379,289,398,247,431,238,383,247,379,199,383,171,390,146,412,241,409,188,410,156,411,126,438,246,437,197,435,165,433,139,466,258,465,220,462,194,458,171
Q,411,181,356,225,313,262,295,304,277,344,238,204,209,270,202,316,203,352,265,183,256,280,293,284,307,265,303,174,303,268,332,266,335,244,346,173,345,249,361,250,362,229
U,392,402,349,364,332,319,343,275,380,258,347,262,342,205,344,175,348,144,378,259,372,196,368,162,368,127,409,269,410,214,397,251,389,284,439,288,437,245,421,263,409,287
J,360,409,306,388,265,347,248,306,255,274,301,295,287,256,278,279,272,309,330,289,312,252,303,292,301,329,361,286,347,240,333,271,326,305,393,287,393,241,387,211,380,187
X,346,330,297,294,268,254,253,223,265,205,322,183,324,125,295,116,269,130,353,191,297,190,285,229,298,245,374,212,307,230,301,264,316,270,386,240,327,259,320,283,333,288
Z,369,343,329,308,306,275,295,236,323,211,321,209,315,152,315,119,319,90,350,212,350,169,345,212,339,239,379,223,382,182,368,219,360,249,404,244,407,209,388,229,378,250
L,451,361,398,345,346,311,303,281,266,279,360,237,350,183,346,150,345,120,393,231,387,197,395,248,399,269,428,231,427,198,427,243,426,265,464,239,463,207,454,238,448,260
J,382,376,324,361,274,320,253,275,267,241,306,264,292,226,294,257,299,292,337,256,324,224,323,269,326,307,370,250,358,205,353,242,352,279,404,250,401,202,395,171,388,144
O,414,300,365,256,331,207,308,169,301,131,383,144,375,87,340,82,315,94,400,145,391,72,344,70,315,89,414,152,403,80,352,79,320,99,420,165,397,110,359,104,331,114
C,488,365,428,341,382,307,346,289,314,268,410,229,390,180,360,167,332,166,427,223,405,160,365,151,332,163,443,224,424,160,382,150,348,158,457,232,436,184,403,167,373,165
J,427,390,362,368,308,317,288,262,309,223,347,254,340,209,343,250,346,291,385,247,377,210,375,264,375,309,424,243,418,192,409,234,404,276,461,245,462,190,458,154,452,123
I,363,345,310,327,270,281,250,235,243,195,295,242,283,202,291,230,300,256,325,235,313,192,316,227,323,256,356,231,349,182,342,208,338,236,387,231,384,190,379,165,374,143
O,395,306,355,263,330,211,316,171,320,135,378,163,385,111,355,104,334,115,395,164,404,100,365,92,337,107,411,171,418,106,374,99,344,114,421,181,414,128,380,117,353,126
Q,373,126,330,161,295,194,282,232,272,264,240,133,216,192,213,237,214,274,265,115,258,190,290,199,302,186,302,108,303,182,325,183,328,165,341,108,339,166,350,169,351,152
A,439,326,389,315,347,279,328,235,336,200,365,233,361,202,369,240,375,263,395,230,391,198,395,246,399,265,425,233,424,205,422,252,421,270,455,240,453,222,447,255,443,270
J,385,378,329,362,279,322,258,279,271,244,311,266,296,230,299,262,303,297,341,257,327,228,328,273,331,311,374,252,361,208,355,244,354,280,407,252,403,204,396,174,389,147
G,468,361,416,325,382,285,355,259,326,238,433,211,387,186,348,180,317,182,460,217,386,218,384,256,402,267,477,238,404,252,406,281,426,282,482,267,424,285,422,304,436,303
O,453,291,402,245,370,202,344,171,331,141,432,133,400,83,362,90,339,110,448,137,407,76,362,89,341,113,458,149,423,89,372,97,346,119,455,169,424,122,384,118,357,128
D,429,413,375,374,337,322,308,290,290,254,401,261,384,203,374,170,368,142,417,261,375,205,333,212,309,230,424,267,382,213,334,222,308,241,421,278,385,233,346,227,318,237
I,378,349,323,324,283,273,264,223,265,181,313,232,303,189,310,220,317,247,345,226,335,182,337,221,342,251,377,224,372,173,365,203,362,232,410,227,407,182,402,155,398,131
M,424,349,374,314,359,261,393,223,422,198,364,235,352,190,358,223,366,253,396,227,386,174,386,215,391,247,429,228,425,173,417,213,417,245,462,237,459,195,446,217,439,239
Q,425,187,366,224,319,264,298,312,279,355,253,205,219,272,206,318,202,357,282,188,267,288,302,289,313,268,322,182,317,279,343,271,344,247,364,183,359,262,374,258,374,235
V,351,364,311,333,285,286,303,243,342,223,303,210,287,145,282,104,281,68,341,208,336,130,336,85,340,46,378,227,376,185,355,234,344,272,410,257,400,230,378,261,363,289
F,408,394,353,367,306,328,269,295,248,257,347,247,309,208,275,215,254,232,375,229,350,168,324,131,301,100,407,230,403,167,392,125,381,88,439,245,456,194,469,157,477,123
Q,408,167,354,203,313,239,302,286,290,331,252,168,220,249,212,301,208,344,289,146,276,251,312,253,323,229,336,139,334,242,356,236,355,208,383,139,377,221,387,218,385,192
D,437,394,378,354,341,318,314,298,293,275,406,237,399,180,399,142,404,111,427,251,367,211,320,235,303,259,433,275,374,237,329,257,311,280,428,305,377,276,337,280,314,293
R,366,410,327,371,307,318,318,270,351,240,326,262,327,207,340,171,355,138,357,262,340,192,330,155,325,122,389,275,381,226,362,272,350,310,420,298,402,267,379,297,363,324
J,398,385,340,367,291,322,272,274,291,242,325,266,317,229,319,265,321,300,359,259,349,229,347,276,348,314,394,256,385,212,378,250,375,287,428,257,428,208,423,178,417,150
A,441,342,390,328,348,292,330,246,346,216,370,249,370,215,375,250,378,273,401,248,399,212,400,258,400,276,430,251,430,220,426,265,424,283,460,259,458,238,452,269,447,285
O,398,297,357,255,331,205,317,164,323,127,378,156,384,104,355,97,334,107,396,156,404,94,366,85,339,99,411,162,419,100,376,93,347,108,421,173,416,121,382,110,356,119
L,456,347,406,340,354,314,309,289,274,289,360,248,345,199,337,167,330,139,391,243,380,219,393,266,396,278,423,241,414,217,420,261,421,275,457,244,450,221,447,255,445,271
V,353,381,314,350,286,304,304,264,342,243,302,226,278,161,266,119,259,82,344,225,347,144,352,95,359,55,382,246,378,207,356,255,346,291,415,278,405,250,380,281,365,308
D,437,382,380,353,340,312,308,286,292,253,389,228,372,171,364,137,361,107,408,228,360,178,319,194,301,217,421,237,373,192,327,207,305,230,424,254,382,219,340,220,313,232
W,370,426,327,404,302,366,324,327,358,296,293,277,263,215,251,176,244,140,332,263,319,187,317,140,316,98,366,271,375,210,378,167,378,129,399,299,394,256,381,271,369,295
V,381,383,346,350,328,304,353,266,390,248,346,229,340,164,340,123,342,88,383,230,386,155,389,110,396,71,418,251,423,212,403,258,390,293,446,282,445,257,423,286,407,312
Q,390,143,335,181,295,214,282,255,272,294,231,138,204,218,200,271,199,312,268,115,257,217,295,224,310,205,315,109,316,212,341,206,344,179,364,110,357,192,370,190,372,166
B,400,406,354,376,331,327,350,286,382,282,338,279,334,230,337,199,343,171,365,273,358,219,359,184,360,152,390,277,387,229,384,197,382,170,419,289,415,251,412,225,408,202
R,364,420,324,382,305,326,317,277,349,247,327,268,328,210,341,173,357,139,357,268,342,196,331,158,325,126,390,281,381,232,360,279,348,318,422,305,402,273,378,305,362,333
Y,331,333,285,307,247,259,221,219,194,194,277,213,271,172,269,210,270,244,310,211,306,176,296,221,295,256,345,216,347,173,330,203,319,231,377,225,404,183,422,157,437,130
I,366,343,313,326,272,281,251,236,247,196,296,243,283,204,292,231,302,256,326,235,315,193,318,228,324,257,357,230,350,183,343,210,340,238,388,231,385,190,380,165,375,144
N,453,305,408,278,385,227,406,183,432,152,380,196,367,158,373,187,384,216,414,190,404,135,402,173,408,194,449,195,446,169,439,216,439,230,484,206,476,185,468,215,468,227
I,374,347,321,326,281,278,262,231,259,190,307,240,297,199,305,227,312,253,338,234,329,191,331,227,335,258,369,231,366,182,357,209,353,237,401,232,400,191,396,166,393,145
R,372,421,332,379,315,324,329,276,360,245,335,268,337,211,350,176,367,143,366,268,352,198,343,161,341,129,398,282,390,232,369,277,357,315,429,305,411,273,389,303,375,331
E,413,384,372,361,349,317,373,281,409,266,349,265,346,208,352,237,358,266,381,256,379,191,383,219,385,247,411,259,413,198,411,221,409,250,439,270,438,229,431,238,425,260
X,342,321,295,286,265,244,251,212,265,198,322,174,325,117,297,109,272,123,355,183,301,174,285,215,297,232,376,204,312,218,303,253,317,259,389,231,334,250,325,274,337,278
U,389,378,344,340,324,289,339,239,381,225,342,236,336,177,338,144,343,113,375,232,366,166,361,130,359,97,406,241,408,183,395,219,386,255,437,258,436,213,419,228,405,253
K,430,382,384,355,358,308,353,262,348,228,374,266,355,218,345,190,339,164,405,265,404,206,406,170,411,140,434,277,434,248,420,284,411,312,461,297,453,279,438,305,425,328
D,469,395,409,345,364,280,329,236,321,188,433,202,426,134,419,94,416,60,456,203,428,124,377,125,343,143,473,211,439,138,378,142,340,163,478,226,440,167,389,157,352,165
Z,377,349,339,319,314,286,305,250,329,222,326,215,320,159,320,125,323,97,357,218,358,177,351,220,344,247,387,229,389,192,374,231,366,259,413,249,416,216,397,237,386,258
O,414,310,365,266,332,217,311,179,308,141,381,156,375,101,342,98,321,111,398,157,392,87,348,86,320,106,413,164,406,96,357,95,326,113,420,177,402,124,364,116,336,126
S,393,342,349,313,318,259,334,210,376,195,335,210,325,169,328,213,337,228,369,211,363,161,356,211,364,220,401,222,396,192,382,241,386,245,435,240,420,223,407,255,410,261
I,367,359,320,333,288,285,278,239,282,201,316,253,312,214,316,243,320,273,346,252,341,211,338,247,341,279,377,254,375,211,364,237,359,264,409,260,419,220,422,195,423,172
R,367,419,327,380,310,327,323,280,351,249,326,268,328,211,342,177,358,144,358,269,341,197,331,157,327,122,391,282,381,236,362,281,351,318,423,305,405,275,382,304,366,331
R,366,413,326,376,307,322,317,274,346,243,327,264,328,208,339,172,353,139,357,264,342,194,331,157,326,125,389,277,381,228,360,273,348,310,421,300,401,269,378,300,363,327
G,460,366,410,330,376,288,350,261,319,239,429,214,382,186,342,179,311,181,455,220,380,215,375,255,392,268,470,241,397,249,397,281,416,284,476,271,418,286,414,305,429,305
X,350,321,304,284,276,240,261,207,276,189,335,174,340,118,312,110,286,121,364,184,310,169,293,209,304,226,383,204,318,214,309,247,323,254,394,230,338,246,329,269,341,274
J,395,374,332,357,279,311,257,262,269,224,312,248,299,206,302,240,307,278,347,239,333,203,334,255,338,298,384,234,371,183,364,223,362,264,421,235,419,182,413,148,404,118
S,414,384,373,349,341,296,356,245,404,225,349,238,342,186,352,237,360,260,389,239,389,174,386,231,388,248,427,252,430,217,417,272,413,281,465,272,461,249,446,284,441,294
Q,443,192,379,230,329,265,308,313,288,359,270,199,229,269,219,320,216,364,305,179,281,282,318,289,333,272,350,174,338,277,366,274,370,248,395,178,383,262,397,261,398,236
Z,392,371,357,339,337,304,330,269,356,246,351,232,347,176,349,142,354,114,381,239,384,197,378,241,372,267,411,252,417,215,402,252,392,280,436,275,442,242,423,262,411,282
S,390,354,346,324,315,273,329,226,370,209,329,221,321,179,325,223,334,239,364,221,359,171,354,222,358,232,397,232,393,205,379,254,381,258,431,250,417,235,405,267,407,272
R,367,425,327,385,310,330,323,282,351,250,326,273,327,215,340,179,357,145,357,273,341,200,331,160,328,124,390,286,382,236,362,282,350,319,422,308,404,276,381,306,365,335
J,382,373,326,359,276,319,254,277,269,244,307,264,293,227,295,259,299,292,338,255,323,225,324,270,327,307,370,250,356,208,351,244,352,281,403,249,400,202,393,172,386,145
D,460,391,397,358,355,326,326,310,300,295,416,233,396,164,388,121,386,84,440,246,365,210,315,240,295,268,447,272,377,240,328,264,306,290,444,305,387,278,343,284,316,298
X,369,337,326,291,297,245,275,214,264,190,349,172,331,115,298,108,274,120,365,185,285,180,281,216,300,229,370,209,288,219,293,250,314,253,369,237,303,250,306,273,325,276
S,390,358,349,328,319,278,332,230,374,214,333,226,326,183,331,227,340,244,367,227,364,175,358,227,363,240,401,239,399,208,384,257,385,265,434,258,422,238,408,270,409,278
W,348,397,310,371,287,325,319,289,357,263,288,246,263,181,255,139,252,102,328,235,321,157,322,108,324,68,364,246,376,182,381,138,386,99,396,275,384,240,366,265,353,293
X,345,328,299,292,270,250,257,216,274,202,325,179,328,121,300,113,275,126,357,188,305,181,291,222,302,238,379,209,317,225,309,260,323,266,393,236,338,257,330,281,342,284
D,488,400,431,375,384,339,346,317,324,290,420,244,397,180,387,145,386,114,440,244,386,198,345,223,330,252,456,256,402,216,360,240,346,268,467,275,422,241,382,247,361,264
G,455,369,403,336,367,296,338,270,305,250,416,215,366,188,325,182,293,184,442,220,364,220,362,263,381,276,458,242,380,258,385,291,406,293,464,273,403,295,404,317,420,317
N,416,265,370,238,347,191,363,148,389,121,355,162,342,125,343,150,352,179,385,158,376,109,370,143,376,165,417,164,411,136,403,181,405,200,451,176,441,151,432,180,433,194
U,381,457,330,412,313,364,327,311,372,292,326,286,318,219,320,184,325,147,363,283,352,208,347,167,346,126,399,296,400,232,388,283,380,323,435,321,432,270,415,298,404,329
G,455,367,404,329,369,288,343,261,313,239,424,215,376,186,336,180,305,181,450,220,375,215,368,255,386,269,464,241,388,249,389,282,408,286,469,270,408,288,406,310,422,312
L,493,368,440,355,391,327,348,299,312,294,403,260,390,208,385,176,381,146,436,256,430,226,438,273,440,290,470,257,466,230,468,274,466,290,503,264,502,237,496,269,491,286
Q,450,197,388,228,339,265,319,314,298,357,278,201,233,269,221,320,219,365,312,183,289,284,327,285,339,264,355,181,343,280,371,271,373,244,399,186,387,267,402,261,402,235
K,443,411,395,378,366,330,360,280,359,241,383,280,363,228,351,196,342,168,416,279,419,214,423,175,430,142,448,293,453,262,439,303,428,336,477,316,473,297,457,327,443,352
H,524,334,488,282,440,252,390,256,352,266,445,186,364,184,317,184,278,182,458,219,363,213,308,213,265,212,469,259,381,272,395,287,420,289,473,301,402,311,413,319,438,316
I,347,342,299,321,264,277,249,233,238,198,288,243,277,205,283,231,290,261,317,238,307,199,308,233,313,264,348,237,343,195,334,222,331,250,381,240,385,200,383,175,379,153
Z,389,356,350,321,328,289,316,250,345,227,342,219,338,163,338,131,341,102,372,223,373,181,368,225,362,250,401,234,406,195,392,234,383,262,425,256,430,223,412,244,402,264
Z,377,351,337,318,313,286,302,248,329,223,326,215,320,158,319,125,322,96,356,219,356,176,351,221,345,248,386,230,388,190,374,229,367,258,412,250,414,215,396,237,387,258
S,393,359,347,328,318,269,336,218,379,207,340,222,331,178,332,224,341,238,375,223,369,172,360,224,367,234,408,236,401,206,384,257,389,262,442,256,423,239,410,272,416,277
Y,343,336,296,309,258,261,232,220,203,196,292,215,288,170,286,209,286,245,325,214,323,178,313,222,310,255,359,219,365,174,350,202,340,228,391,229,418,187,437,160,453,133
N,430,271,386,242,366,197,386,157,415,132,368,168,357,131,360,154,368,184,400,165,392,110,389,142,392,169,432,171,428,144,421,187,422,208,466,184,458,160,450,186,450,201
P,471,124,405,147,349,186,311,227,269,258,317,149,258,214,221,255,186,290,361,148,321,256,311,320,304,367,412,156,386,259,400,247,410,218,458,171,434,249,440,240,444,213
H,510,340,476,291,426,261,375,267,338,280,428,200,349,198,303,199,265,196,440,232,346,227,294,227,253,225,450,271,364,284,379,298,405,299,455,312,386,322,398,330,423,326
N,458,305,410,281,385,231,405,184,433,154,379,202,369,162,376,190,387,218,413,195,404,141,405,178,411,200,448,199,446,172,442,218,442,234,483,209,478,188,472,217,471,229
N,432,313,391,281,375,233,398,195,426,170,379,205,371,167,372,190,377,221,410,202,406,146,400,176,402,205,442,210,440,183,429,226,428,248,474,225,467,200,457,227,454,243
P,471,146,407,165,348,205,310,248,272,280,316,173,258,239,224,278,191,311,360,171,322,279,312,338,304,381,411,179,386,279,399,266,409,239,457,193,433,269,440,259,446,234
Q,446,202,381,236,329,272,305,321,283,367,269,208,227,277,213,325,209,368,304,189,283,294,319,292,331,269,349,185,339,287,365,276,367,247,395,188,382,272,395,266,395,239
I,365,345,312,327,270,282,247,236,242,196,294,241,281,201,292,230,302,256,324,233,311,191,317,227,326,256,355,228,348,180,342,206,340,233,387,228,382,186,377,162,372,140
F,437,352,388,334,345,303,310,280,283,255,369,229,333,205,304,218,291,238,387,214,358,161,340,125,329,92,414,212,405,157,405,120,404,88,443,223,448,179,456,147,462,118
X,356,322,324,298,297,249,305,204,334,184,329,192,337,147,330,130,326,124,359,203,356,173,337,222,341,231,387,221,379,208,357,250,364,252,413,243,402,236,382,261,386,263
Q,398,139,339,177,298,216,288,266,278,312,238,145,209,232,203,288,199,333,277,124,264,234,303,234,315,209,326,118,324,224,348,214,347,183,374,118,369,201,380,195,379,168
I,396,351,341,331,299,285,276,237,270,196,319,246,309,202,321,232,329,258,351,239,341,196,348,232,354,261,383,235,376,186,375,210,374,236,415,235,411,194,405,171,398,152
I,406,351,350,322,309,268,290,214,292,169,338,224,330,179,338,214,345,242,372,219,364,173,367,216,372,247,407,219,404,166,398,198,394,228,442,223,442,177,438,149,433,124
U,368,365,321,326,301,276,316,226,358,213,316,220,309,159,310,125,314,93,351,215,340,149,334,110,332,76,383,224,384,170,371,208,362,243,416,242,414,197,397,214,383,240
C,470,342,413,323,367,292,332,274,302,255,387,218,365,171,335,159,308,160,404,211,379,150,339,145,309,160,420,212,399,151,357,144,326,154,435,219,414,175,381,160,353,159
N,449,304,404,277,381,227,401,183,428,153,377,198,363,161,370,188,381,217,411,191,400,136,399,170,406,194,446,196,443,169,437,215,437,233,481,207,474,186,467,215,466,228
E,402,382,357,359,330,319,347,280,384,263,335,262,328,209,332,239,338,268,366,253,363,192,362,225,365,255,397,255,399,196,391,223,389,254,427,267,426,227,412,238,404,261
H,541,339,508,284,458,251,405,253,365,261,466,188,383,181,336,179,298,176,477,223,377,211,325,209,285,206,484,265,393,271,406,284,432,286,487,308,412,310,422,318,448,317
B,414,405,369,372,349,324,368,282,399,273,347,286,341,236,345,206,351,178,374,277,367,224,366,191,366,159,401,280,396,231,391,200,388,174,430,289,426,252,420,226,415,204
W,372,437,328,415,302,375,323,336,358,306,296,285,265,220,254,179,247,142,335,271,324,192,321,143,319,100,370,281,379,215,381,171,381,132,404,308,398,264,384,278,372,300
E,414,383,370,358,346,313,368,274,405,257,344,266,340,214,346,243,353,271,376,256,372,195,375,226,379,254,407,256,407,197,404,223,403,253,437,265,435,226,424,236,418,257
W,368,434,324,412,298,374,317,332,349,298,289,279,258,216,245,176,238,139,328,265,316,187,313,138,311,96,363,274,371,211,372,167,371,128,396,302,390,260,375,273,361,295
C,474,345,412,324,366,294,329,277,298,256,392,214,371,166,340,153,312,153,408,208,383,146,342,138,310,150,423,207,401,145,358,136,325,146,437,214,414,166,380,149,351,147
F,424,379,375,357,333,322,296,298,269,271,360,246,322,220,291,233,276,253,380,231,353,175,336,138,325,103,407,230,403,172,405,132,408,99,435,244,446,199,458,167,470,137
T,429,324,380,294,352,243,363,203,387,184,370,203,362,160,358,180,361,201,402,200,395,158,390,202,393,220,434,205,429,165,419,208,422,228,469,215,461,179,449,206,449,224
N,428,272,384,243,364,196,384,155,413,129,367,169,355,131,358,156,366,185,398,165,390,111,386,141,391,166,431,171,427,143,419,186,419,209,464,183,456,158,447,185,446,201
Z,365,380,323,343,297,306,285,267,314,239,316,228,311,167,310,130,314,99,349,234,349,188,338,237,330,266,381,249,384,207,364,249,354,280,409,274,413,235,390,257,377,280
H,524,339,490,288,441,258,389,263,352,275,443,197,363,195,318,195,280,194,456,230,361,224,309,225,268,224,466,270,378,281,392,294,417,294,470,311,400,318,411,326,436,322
N,453,305,407,279,385,229,404,184,430,152,379,199,367,161,373,189,383,218,414,194,406,140,405,179,411,201,449,199,448,174,441,220,441,235,484,209,478,189,472,218,472,229
N,457,308,412,284,389,233,406,186,431,154,380,203,369,162,377,189,387,218,415,197,406,144,408,182,413,203,449,202,447,175,444,220,444,235,484,211,478,189,473,218,473,231
E,422,375,381,346,358,305,376,267,411,249,364,256,360,208,363,228,369,257,393,250,394,192,391,213,392,241,422,255,429,201,418,218,413,245,449,269,447,235,432,244,423,264
S,384,355,339,323,310,267,326,218,368,208,334,219,324,177,325,222,334,237,368,221,362,170,353,221,360,232,400,235,392,205,376,254,380,260,434,255,415,238,401,270,406,276
M,444,347,389,313,371,257,406,215,436,187,373,226,359,179,368,215,378,247,407,215,397,161,401,207,407,239,442,216,438,158,434,203,434,236,477,224,474,182,463,209,457,233
W,369,429,322,398,300,363,332,323,371,303,306,277,280,206,272,168,270,133,346,265,338,184,339,139,339,98,377,275,389,215,396,173,399,131,407,313,405,260,391,270,377,295
P,481,131,415,153,356,196,319,244,283,277,323,166,262,235,225,274,190,308,368,165,329,278,317,338,306,383,420,173,395,280,408,262,417,232,467,189,441,268,449,254,455,228
Y,347,338,300,313,262,266,235,226,206,203,293,219,288,175,286,214,286,250,326,218,323,181,313,225,311,260,360,222,364,176,349,205,339,233,392,231,418,189,436,162,452,135
B,396,403,349,375,326,322,345,278,376,274,332,276,325,226,327,196,331,167,359,268,350,214,349,179,348,145,385,272,380,222,376,189,374,160,414,283,410,244,406,218,403,193
P,472,135,404,155,345,197,306,244,267,276,312,164,252,230,215,272,180,307,357,162,320,272,311,337,303,384,410,171,387,277,399,265,409,238,457,188,435,270,441,261,443,234
L,476,346,424,337,374,309,332,283,298,281,385,247,372,196,366,165,361,136,417,242,410,213,420,259,421,276,450,241,444,214,448,258,446,275,482,246,478,221,475,253,471,270
R,364,414,325,376,305,323,316,276,347,246,326,264,328,208,339,172,353,140,356,265,342,193,331,155,326,122,389,278,379,231,358,276,346,313,420,302,399,271,376,302,361,330
W,363,428,316,406,289,369,311,327,345,295,282,277,249,212,236,172,227,135,322,263,308,184,304,136,301,93,357,271,364,208,364,164,361,125,390,301,380,253,365,269,352,295
W,365,445,321,423,296,384,320,347,354,320,292,295,262,230,252,190,246,153,331,282,321,203,321,155,321,113,365,292,377,229,381,186,384,147,397,321,390,278,376,296,364,321
B,429,366,382,336,359,285,377,242,409,233,360,243,353,192,356,161,361,134,388,235,382,179,382,144,382,112,416,238,412,186,407,153,404,125,446,248,442,209,437,182,432,158
H,537,344,505,288,453,253,398,258,358,272,458,192,374,184,326,183,287,180,469,229,369,216,316,213,275,210,478,273,386,277,401,289,428,291,482,315,407,315,418,322,445,321
N,430,271,385,243,366,196,387,154,415,128,369,166,357,130,358,154,367,184,401,164,393,110,388,140,393,165,433,171,430,143,421,186,421,207,466,184,458,159,449,186,447,201
K,448,432,400,397,374,344,370,294,370,255,395,296,377,245,367,214,361,185,428,296,432,231,438,192,446,161,459,310,461,277,443,317,430,349,488,332,479,312,462,341,447,368
M,425,342,376,307,362,258,393,224,421,200,367,231,353,190,356,222,364,250,397,223,386,174,383,214,390,243,428,223,423,170,413,209,414,239,459,231,453,193,439,215,434,237
A,421,320,361,302,314,260,294,208,308,169,340,209,332,168,334,207,340,235,373,208,362,164,363,215,370,241,405,211,397,170,393,223,395,251,441,220,432,192,421,228,418,251
T,432,318,378,288,352,235,359,184,370,148,360,199,350,153,354,173,360,201,398,197,395,152,393,201,391,228,432,204,432,164,421,212,416,239,469,217,465,183,452,212,445,232
K,449,400,401,370,372,322,364,273,360,237,384,275,364,225,352,195,344,168,416,273,416,211,418,172,422,140,448,285,450,254,437,292,428,323,478,306,472,286,457,314,445,340
C,475,354,415,333,370,299,335,280,303,261,397,219,376,170,344,158,316,161,412,213,389,150,347,143,315,157,427,213,406,151,362,143,328,153,440,220,417,171,382,156,352,158
B,428,364,381,333,358,285,376,242,407,231,359,242,352,190,355,159,361,132,388,234,382,177,382,142,382,110,416,237,411,185,407,151,404,124,446,247,442,207,436,180,431,157
Y,346,334,300,310,261,266,232,228,203,207,291,217,284,174,283,213,284,248,324,215,319,179,310,222,309,256,358,218,360,172,346,200,338,225,391,226,417,183,435,156,450,129
T,419,329,368,302,337,242,345,185,360,141,350,197,331,150,331,168,340,197,390,200,382,162,376,221,377,245,430,212,421,182,407,239,403,261,468,229,456,202,439,240,431,258
Y,344,340,299,315,260,267,233,227,205,202,291,219,284,177,282,214,283,249,323,217,318,183,309,226,309,261,358,222,359,178,344,207,335,235,390,231,415,189,433,162,447,135
F,436,348,389,329,346,300,310,278,284,251,372,227,336,203,306,215,292,233,390,212,360,161,342,127,330,94,417,211,407,156,406,119,405,88,445,221,448,177,454,145,460,117
E,390,364,349,336,328,287,352,249,391,238,330,239,329,190,333,222,338,250,362,232,363,173,363,207,364,233,394,235,399,179,392,207,388,236,422,248,422,209,410,222,403,243
B,429,365,382,334,359,285,375,242,407,233,359,243,352,192,354,162,358,135,388,234,381,179,379,145,378,113,415,237,410,186,405,153,401,126,445,247,440,208,435,181,429,158
F,424,393,375,367,335,334,300,309,279,279,364,256,325,230,296,244,285,266,384,241,358,183,345,145,339,109,412,241,412,182,418,141,424,107,438,256,454,212,470,180,484,151
G,455,366,401,329,364,286,337,258,305,234,419,209,369,181,328,172,297,172,445,216,365,214,362,254,381,268,459,238,377,250,380,283,401,288,462,269,397,288,397,311,414,314
S,400,378,360,345,327,295,339,247,384,227,337,235,331,189,340,238,348,258,375,237,374,178,371,236,373,252,412,250,414,219,400,271,398,280,448,270,442,252,428,285,425,292
W,365,451,322,431,297,391,322,355,358,327,296,300,271,235,263,195,258,158,336,288,330,209,330,160,331,118,371,299,383,234,389,192,392,153,403,327,399,285,386,302,374,326
Q,440,201,372,236,321,272,298,322,278,367,256,204,218,281,208,332,206,374,292,185,272,295,310,295,322,272,339,181,327,288,355,280,358,251,386,185,372,272,387,268,388,243
Y,334,334,289,308,252,261,226,221,199,195,283,213,278,171,276,209,277,244,316,212,312,177,303,221,301,255,351,217,354,173,338,201,328,227,382,227,410,185,428,159,444,133
E,405,363,364,331,346,279,372,240,412,230,348,234,347,182,349,208,352,237,380,227,381,166,379,192,380,221,411,231,418,172,410,193,406,222,441,243,442,203,429,210,421,230
J,384,376,327,361,277,321,256,276,272,241,310,265,296,228,298,261,302,295,340,256,326,226,327,271,330,309,373,251,359,208,354,245,354,283,406,251,403,203,397,173,389,146
V,345,361,306,332,279,285,295,242,334,222,296,208,281,144,274,103,272,67,335,207,329,129,329,84,332,46,371,224,368,184,347,233,336,271,404,254,392,229,369,262,355,290
A,457,330,405,318,363,283,346,238,361,208,385,241,385,206,390,240,392,262,416,240,415,204,417,249,416,267,446,243,446,210,444,255,440,274,475,250,474,230,469,262,464,276
X,358,327,309,287,278,247,259,218,255,196,331,172,320,117,288,109,264,122,354,184,279,183,273,220,292,232,364,208,285,223,288,254,308,255,367,236,300,251,302,274,321,276
H,536,340,504,286,454,256,400,262,361,275,456,195,373,190,326,190,287,187,467,231,369,220,316,218,275,215,476,273,386,280,400,292,426,293,480,315,406,319,417,326,442,323
T,423,324,378,288,354,236,365,191,384,159,377,202,363,164,356,186,361,205,407,203,395,167,386,214,394,224,438,211,426,181,414,227,423,237,472,224,457,197,444,227,451,241
N,461,344,412,311,391,252,419,204,452,171,391,216,379,172,382,202,392,237,429,211,421,145,416,182,421,213,467,219,466,188,455,240,453,263,506,234,499,211,488,246,486,260
R,368,421,328,381,311,327,323,279,352,249,327,269,329,212,343,178,360,146,358,270,343,196,333,157,328,121,392,283,382,234,363,280,352,317,424,305,405,274,382,305,369,333
F,419,392,371,367,330,333,293,311,270,284,360,257,322,232,293,247,281,268,380,243,353,185,338,148,331,113,407,244,405,183,410,144,414,109,435,260,450,214,465,181,479,151
P,475,147,404,170,348,209,311,248,271,280,309,164,254,222,214,263,179,298,352,160,317,266,307,330,298,376,404,167,381,272,395,259,406,231,450,182,426,262,433,253,438,226
T,445,344,394,320,361,265,364,210,377,168,367,221,352,177,358,193,371,218,407,223,408,183,404,238,401,262,446,233,448,203,436,257,427,278,484,247,483,220,470,255,460,273
H,513,343,475,294,426,264,376,269,340,281,427,200,347,199,302,200,263,197,441,232,347,230,293,230,251,228,453,271,366,288,380,301,405,302,459,312,388,324,397,332,422,329
J,381,379,323,363,274,323,253,279,267,245,306,266,292,229,294,262,297,296,337,257,323,227,323,272,326,310,370,252,357,209,352,247,351,284,404,252,401,204,395,173,387,147
P,473,145,410,159,350,198,314,245,281,280,320,172,260,242,225,281,192,315,364,173,327,282,316,340,306,384,414,182,389,283,401,265,409,237,460,197,434,273,441,260,446,234
A,417,314,356,295,310,253,293,201,302,160,334,203,326,160,331,198,337,226,368,201,359,158,361,206,366,233,401,205,394,164,390,215,391,245,437,215,429,185,419,221,415,245
U,360,412,317,370,297,323,301,279,337,255,315,260,309,201,308,167,312,134,346,260,340,191,334,153,332,115,377,271,379,211,359,247,347,283,407,292,405,244,384,257,368,281
D,437,381,381,351,340,310,308,284,293,253,393,224,376,168,368,134,366,105,412,225,360,176,321,192,305,214,424,233,373,189,328,205,307,228,427,250,383,215,342,216,316,229
M,422,342,373,307,358,257,390,221,418,197,363,230,349,189,351,220,360,249,393,222,382,173,380,212,387,242,424,223,419,169,410,208,411,238,456,231,449,192,435,214,431,236
H,541,339,513,284,463,250,409,252,368,260,469,188,386,180,339,178,301,174,478,223,381,210,328,207,288,204,484,265,394,268,407,282,431,285,485,307,412,308,423,316,447,315
G,465,363,413,328,378,288,351,261,321,238,430,213,383,186,343,180,312,181,457,218,383,217,377,257,395,269,473,239,400,251,400,283,420,285,479,269,421,286,418,306,434,307
N,461,336,415,311,391,260,412,213,439,182,387,228,377,192,385,222,395,251,421,222,412,168,414,205,420,227,456,226,455,199,451,247,449,264,491,236,487,217,481,248,479,260
O,400,311,365,250,352,200,345,161,354,126,420,166,426,119,399,108,375,111,435,169,442,112,405,99,374,107,446,177,453,117,409,105,376,114,451,186,450,132,414,117,382,121
K,443,409,395,377,366,329,359,279,358,241,381,278,361,227,349,195,341,167,414,277,416,212,421,173,429,140,446,291,451,260,437,301,427,334,476,313,471,295,456,324,442,349
B,426,391,380,362,355,316,369,272,402,260,360,273,352,228,353,200,357,174,386,265,379,214,377,182,376,153,411,267,407,219,402,189,398,162,439,277,434,241,430,215,425,193
K,448,399,400,369,371,321,363,273,358,236,384,275,363,226,351,196,342,169,416,274,414,211,416,173,421,142,447,286,449,253,436,292,428,323,476,306,470,286,456,314,445,340
L,482,370,429,353,379,318,335,288,297,287,392,243,383,186,380,152,379,122,427,237,426,201,434,252,434,274,463,238,465,203,466,247,461,270,497,247,501,214,494,244,485,265
D,441,401,383,377,337,341,305,317,281,288,372,273,350,225,337,196,329,171,388,268,339,227,310,251,304,278,400,270,349,234,316,262,309,291,406,279,362,251,328,261,313,281
M,460,338,404,310,380,256,409,214,440,186,383,226,372,178,385,213,395,243,418,213,409,157,417,204,423,235,453,211,449,156,450,201,450,233,488,217,487,175,478,202,471,226
O,402,308,363,266,338,218,323,178,330,141,383,172,388,121,360,113,340,124,401,172,410,110,372,100,345,114,416,178,424,116,382,107,352,121,427,188,420,139,387,127,361,133
D,434,418,386,384,350,335,322,303,308,266,389,279,381,218,374,182,371,151,407,278,387,215,349,220,326,238,423,283,402,222,356,231,329,251,434,292,409,243,370,240,343,252
T,418,323,370,286,351,228,368,181,387,147,371,198,365,155,360,167,361,190,403,203,403,160,389,204,384,234,435,214,433,177,414,223,407,252,466,232,461,200,442,226,433,246
R,365,418,325,377,306,323,317,275,348,244,325,266,326,210,339,174,356,141,356,267,341,195,330,156,326,121,389,280,380,229,359,275,348,313,420,303,400,271,376,301,363,329
Q,382,157,331,185,294,213,276,248,261,278,250,149,213,201,202,243,200,277,280,136,262,214,291,226,304,212,318,134,310,209,328,211,332,190,357,138,349,194,358,197,361,179
H,518,334,485,283,438,254,387,259,346,267,436,188,356,187,310,188,272,186,449,221,353,216,301,217,261,215,459,262,372,273,385,287,410,287,463,303,392,312,402,320,427,316
G,475,368,431,313,397,270,359,250,323,233,461,201,400,166,354,160,318,165,480,227,385,222,385,259,406,268,484,263,391,269,398,296,422,295,478,303,401,308,403,323,422,321
J,388,385,330,369,279,328,257,283,269,249,309,271,295,233,298,264,302,299,341,262,327,231,327,277,330,317,375,257,362,212,356,249,355,286,409,257,406,208,399,177,391,150
X,352,324,306,285,277,242,263,208,279,191,336,177,342,122,314,114,288,124,365,187,312,173,296,211,307,229,384,207,320,216,312,249,325,256,396,232,340,248,332,271,344,276
P,431,68,381,109,341,162,319,206,292,238,308,129,270,201,248,246,227,285,347,117,342,223,354,277,363,315,396,113,400,212,406,192,405,162,441,115,437,191,437,176,433,150
N,456,307,410,282,385,232,403,184,430,153,380,201,369,161,376,189,386,218,414,195,405,139,406,178,411,200,449,199,446,173,442,219,441,234,484,208,478,188,472,218,473,229
A,442,342,391,329,349,290,332,244,349,215,374,248,372,214,376,250,380,272,404,247,401,212,402,258,402,276,433,251,432,219,428,265,426,283,463,259,461,238,454,270,449,285
J,410,416,352,395,305,349,289,300,310,269,340,294,334,255,337,291,340,327,375,288,369,256,366,304,365,342,409,285,405,240,397,276,392,313,442,287,444,239,441,208,437,181
E,401,373,359,344,339,296,361,256,401,243,343,245,340,192,342,221,347,250,375,238,377,174,374,204,375,233,407,242,413,180,404,204,400,234,436,255,438,213,424,221,416,242
N,457,304,412,281,388,233,406,187,431,156,385,199,372,161,378,188,388,217,418,193,408,138,408,177,414,200,452,198,450,171,444,218,444,233,487,209,481,188,474,219,473,230
K,441,407,396,376,366,328,353,279,344,240,375,279,353,228,342,197,334,169,409,277,407,213,409,173,414,140,441,290,442,259,429,300,420,332,471,312,465,290,452,319,441,345
M,426,342,377,308,363,259,395,223,423,198,367,232,354,188,358,219,366,248,397,223,387,173,386,212,392,242,428,224,423,170,415,207,416,237,460,232,454,193,442,214,437,236
F,439,353,388,335,340,310,303,286,281,254,363,231,326,202,299,217,286,237,385,214,351,160,330,124,315,90,416,211,402,157,396,120,392,87,451,222,451,177,455,145,459,116
C,473,365,410,339,365,303,330,281,300,257,393,224,371,175,338,163,309,164,409,218,384,153,341,147,308,163,424,218,404,153,358,146,325,159,438,226,418,173,383,158,353,161
O,395,305,354,260,330,210,317,170,323,135,380,161,388,109,357,102,336,114,397,163,408,100,368,92,342,108,411,171,421,108,376,100,347,114,421,183,414,132,381,120,356,126
Y,320,294,274,277,235,241,206,207,173,195,269,193,267,158,271,193,273,226,301,190,303,163,298,206,295,239,333,191,339,151,330,184,322,213,362,196,386,158,406,135,423,112
U,374,371,326,332,304,282,318,231,361,218,322,229,313,170,313,138,315,107,355,223,344,159,337,121,334,87,386,232,385,178,371,214,362,248,417,248,414,203,398,218,383,243
Q,416,184,362,226,318,265,297,306,274,342,241,205,212,274,203,320,203,355,268,185,254,283,290,288,304,270,307,179,303,275,330,269,333,246,349,180,346,258,361,255,361,233
W,368,447,324,425,298,386,322,351,361,325,300,296,275,231,266,190,260,154,340,285,333,206,333,158,333,116,375,295,387,233,391,190,395,151,406,326,400,282,385,299,373,324
F,436,337,389,318,350,288,319,261,303,230,384,223,352,193,325,198,310,211,405,207,383,159,361,130,341,107,430,204,424,154,414,121,404,94,454,211,464,169,471,139,476,112
Z,367,382,324,345,297,308,286,268,316,241,318,231,313,169,312,132,315,100,351,236,352,189,341,237,334,267,383,251,386,208,367,249,358,280,411,275,416,235,394,257,381,281
M,446,349,391,313,373,258,408,217,440,189,375,228,363,182,373,217,382,249,409,219,399,164,405,209,411,242,444,220,441,161,438,204,437,238,480,228,476,186,467,211,461,235
L,440,352,386,335,334,302,290,273,252,271,349,227,337,173,332,140,330,111,381,220,374,187,381,239,387,261,417,220,412,187,412,234,413,256,452,228,449,195,439,226,435,247
D,438,387,380,355,339,314,307,288,290,256,393,228,375,172,368,138,364,108,413,229,361,181,320,195,301,217,425,238,373,194,327,209,304,231,427,256,382,221,340,222,313,234
I,373,339,318,320,275,275,253,228,244,188,297,235,285,194,296,223,306,249,328,227,318,186,323,222,330,251,360,223,353,174,349,201,348,228,391,223,388,183,383,160,377,140
A,438,308,385,290,346,253,331,208,342,176,369,216,368,179,373,211,376,235,398,216,395,177,398,220,399,242,426,219,425,184,423,227,421,250,455,227,454,203,447,232,442,249
O,397,296,358,254,333,204,318,164,323,127,380,157,385,107,356,100,336,111,397,157,407,96,368,88,341,102,413,164,420,102,376,94,346,108,422,174,414,123,380,112,354,119
P,454,114,388,146,328,198,293,252,261,295,299,171,242,257,209,308,180,352,351,162,323,289,316,357,311,408,408,166,390,286,395,268,401,235,460,179,438,270,441,255,444,226
R,368,426,328,385,310,331,323,283,351,252,326,271,327,213,340,178,356,144,357,271,341,199,332,160,328,124,391,284,382,237,362,283,349,321,423,308,406,276,383,306,368,334
W,330,372,290,352,262,307,284,262,319,230,252,224,222,162,211,121,203,85,291,210,280,134,278,85,277,45,327,217,333,153,336,110,339,72,362,241,345,211,331,239,322,270
C,476,350,413,325,365,291,328,273,295,253,396,210,371,159,335,146,304,148,410,205,384,138,339,129,304,140,422,208,397,141,351,130,315,138,429,219,401,172,365,155,334,150
P,479,140,410,161,351,203,311,246,269,276,315,164,255,230,219,271,184,306,359,163,320,274,310,338,303,386,411,173,389,278,404,262,413,234,459,188,434,271,442,260,446,233
S,408,375,367,343,335,292,350,243,396,223,344,235,339,185,347,234,356,254,383,235,383,173,379,231,382,247,420,248,424,214,409,267,406,276,457,268,452,250,438,283,434,291
Z,370,345,329,311,305,278,295,238,324,214,321,209,316,153,315,120,318,92,350,213,350,169,343,213,338,240,378,224,381,183,367,222,360,251,404,245,406,209,388,230,379,251
E,399,372,354,351,326,307,346,268,383,252,330,251,322,197,326,222,335,252,360,241,355,179,356,205,360,234,390,243,390,183,386,204,385,235,420,254,418,213,407,221,402,244
