A,473,292,418,280,374,250,352,208,363,176,390,205,381,170,390,201,398,224,421,201,410,162,417,205,422,225,451,200,442,166,445,210,448,231,483,204,476,180,473,210,472,225
A,444,271,388,255,346,218,328,172,342,141,367,178,366,138,371,170,374,194,398,177,394,135,396,179,397,200,426,179,424,142,423,186,422,206,456,185,456,160,450,190,446,206
A,287,332,232,313,187,259,174,209,185,168,227,200,211,159,204,202,210,235,258,199,241,153,229,208,237,239,293,206,276,163,262,219,269,248,331,220,308,189,294,226,299,249
A,354,329,291,304,237,255,216,201,234,157,274,192,260,149,259,191,266,223,309,190,295,141,291,198,299,228,347,196,334,149,326,208,331,239,388,209,369,175,356,215,357,240
A,385,302,314,278,255,231,234,172,252,128,291,169,277,121,278,165,287,198,329,165,314,112,313,170,322,202,367,168,355,120,351,180,356,213,410,179,395,143,383,183,383,209
A,380,313,317,291,264,247,241,195,256,152,296,189,283,143,283,185,291,217,331,186,317,135,315,188,323,218,367,189,355,142,350,198,354,229,407,199,392,165,379,203,378,229
A,369,318,308,300,254,259,231,209,246,169,284,203,269,161,273,202,282,230,317,198,302,153,303,204,313,230,351,200,339,159,336,212,342,240,389,209,373,179,364,217,365,240
A,364,326,305,309,254,273,230,226,244,186,280,220,264,179,269,216,278,244,311,214,295,168,299,217,308,243,344,214,331,172,331,223,336,251,381,221,367,190,358,224,358,247
A,365,319,307,303,256,266,232,220,245,182,282,212,266,173,270,209,279,237,313,206,297,163,300,210,309,238,346,208,333,168,332,218,338,246,383,215,368,186,360,221,361,244
A,387,313,332,287,288,242,273,194,293,158,324,191,315,153,311,192,315,218,355,192,347,150,338,198,343,224,387,199,379,160,367,207,370,233,423,212,409,181,396,213,397,236
A,396,320,341,297,294,255,275,207,292,169,323,203,312,163,314,201,321,230,356,201,345,156,344,206,351,233,389,206,381,164,375,215,378,242,426,217,414,187,402,221,400,242
A,403,320,343,298,302,253,287,204,281,166,326,205,315,165,319,202,327,229,358,203,347,159,348,207,355,232,391,207,382,167,378,217,382,242,427,216,415,186,405,221,404,243
A,408,319,348,295,306,250,292,200,288,160,329,202,319,161,324,195,331,224,362,200,353,155,353,203,358,230,395,205,388,165,383,214,385,241,431,215,421,185,411,219,407,242
A,412,320,351,300,306,255,290,202,294,162,331,206,322,162,327,200,333,227,364,204,354,158,355,207,360,232,396,208,389,166,386,217,388,243,432,217,425,185,415,220,412,242
A,420,314,357,297,312,253,295,200,296,160,332,206,326,160,333,196,340,223,366,203,358,156,361,205,365,229,398,206,393,163,391,213,392,238,433,212,429,181,421,215,418,236
A,420,316,358,298,312,257,295,205,301,165,336,208,328,165,333,201,340,229,369,206,359,161,363,209,368,238,401,209,393,166,392,216,394,247,436,217,428,185,420,220,416,246
A,422,314,360,297,314,255,296,202,305,162,337,207,329,164,334,199,340,226,370,205,361,159,363,207,367,234,402,208,395,166,392,216,394,245,437,216,431,185,421,219,417,243
A,424,308,362,290,316,249,298,196,307,157,339,202,330,160,337,194,344,220,372,200,363,156,365,202,370,230,404,203,397,161,395,211,396,241,439,210,432,180,424,214,419,240
A,429,298,367,275,326,233,312,180,324,143,354,191,350,146,352,179,354,208,387,191,381,146,379,190,379,219,418,196,413,154,407,199,405,230,451,205,447,176,437,206,431,230
A,409,307,351,281,312,235,301,183,314,146,342,192,338,150,337,183,340,211,374,194,370,149,365,193,367,223,406,201,402,158,393,205,391,236,439,213,434,183,420,214,413,239
A,425,306,364,288,319,250,300,201,306,162,341,204,329,162,336,193,344,220,373,200,361,156,365,199,371,228,405,202,395,161,395,208,398,239,440,209,431,179,424,212,421,238
A,391,330,337,300,301,246,296,192,315,153,339,199,338,158,331,197,331,226,372,205,371,160,359,211,358,240,405,217,405,176,387,228,381,257,439,236,435,204,414,237,405,261
A,384,340,331,305,294,247,291,192,313,154,338,201,337,159,328,200,326,232,372,208,371,163,355,216,353,247,406,222,405,179,383,232,376,264,440,244,433,210,409,244,399,269
A,391,342,338,307,302,250,298,195,321,157,346,204,344,162,335,203,334,235,380,211,378,167,362,218,361,249,413,226,411,183,390,235,383,267,446,248,439,215,416,248,404,273
A,396,346,342,317,301,262,291,209,308,169,343,210,334,169,326,212,329,244,377,214,367,171,354,226,357,256,410,227,402,184,384,239,382,270,446,246,432,214,411,249,405,274
A,406,343,349,318,304,270,290,217,304,175,336,217,327,175,328,215,332,245,370,218,362,174,358,226,362,256,405,226,398,184,388,238,387,270,442,241,431,210,415,246,409,272
A,425,337,363,317,318,272,301,218,311,176,343,221,336,177,341,218,347,247,377,220,369,174,370,226,375,253,411,225,405,183,401,236,402,265,447,235,441,205,430,241,426,265
A,418,334,358,312,311,267,294,213,305,172,335,215,328,173,334,214,341,243,370,214,363,170,364,222,369,250,405,220,400,179,395,233,395,263,442,231,435,202,424,239,417,263
A,417,328,356,307,310,263,293,210,303,169,336,212,327,169,331,208,338,237,369,210,360,166,362,215,368,244,404,215,396,174,392,225,393,256,440,225,432,195,420,231,416,256
A,413,322,353,301,306,258,287,207,297,165,328,207,319,166,326,204,333,232,362,205,353,161,356,210,361,239,397,209,390,169,386,221,387,252,433,220,425,191,415,226,410,251
A,414,313,350,295,304,252,286,200,295,160,329,206,319,163,324,199,331,226,362,204,351,158,354,205,359,233,396,206,387,165,385,214,386,244,431,215,424,185,414,219,410,244
A,415,315,352,295,306,253,287,201,297,160,332,205,322,161,328,197,334,226,365,203,354,156,356,204,361,232,398,206,390,163,387,214,388,245,434,214,426,184,417,219,412,244
A,416,310,354,291,309,249,291,197,299,156,334,201,325,158,329,193,335,222,366,199,356,154,359,201,363,228,399,203,392,161,388,210,389,239,435,211,427,181,417,215,413,239
A,415,312,354,293,307,250,289,198,300,159,332,202,323,159,330,197,337,225,366,200,357,156,360,204,364,233,400,204,392,163,390,214,391,245,436,214,428,185,418,219,414,244
A,417,314,356,295,310,253,293,201,302,160,334,203,326,160,331,198,337,226,368,201,359,158,361,206,366,233,401,205,394,164,390,215,391,245,437,215,429,185,419,221,415,245
A,416,314,355,293,309,250,291,199,301,159,333,203,324,161,330,197,338,225,367,201,358,156,360,204,365,233,402,205,394,164,390,214,391,245,438,215,430,186,419,220,414,245
A,417,313,357,293,312,250,294,199,304,159,336,202,327,160,333,197,341,226,370,200,360,157,362,205,368,234,404,205,396,164,393,215,394,245,440,215,431,186,421,221,416,245
A,421,311,359,293,314,250,297,198,305,158,339,203,330,160,334,197,341,224,372,201,361,156,363,204,368,230,404,204,397,162,394,213,395,241,440,212,432,183,423,218,420,241
A,423,313,361,296,315,254,297,201,304,161,338,207,330,163,336,199,342,227,371,205,363,159,365,206,369,233,404,207,398,165,396,216,396,245,440,215,434,185,425,220,421,243
A,427,316,364,298,318,256,300,203,309,162,342,210,334,166,340,201,346,228,375,208,365,161,368,208,372,234,408,210,401,168,399,217,399,246,443,218,437,188,428,222,424,245
A,426,312,364,294,319,252,301,201,310,162,342,206,334,164,341,199,348,227,375,203,367,159,370,206,374,234,409,206,402,166,400,216,400,245,443,215,437,187,429,222,425,245
A,442,323,382,303,340,263,323,214,332,176,363,220,355,179,360,210,367,237,395,218,386,175,388,219,392,246,426,222,420,182,417,229,417,258,460,230,454,201,445,233,441,256
A,439,313,379,296,336,257,317,208,325,171,358,215,349,173,355,206,363,231,389,212,379,169,383,213,388,239,420,214,412,175,411,221,413,248,453,221,446,193,439,224,437,247
A,442,315,381,299,338,261,319,213,325,176,358,219,349,178,356,208,364,234,390,216,379,174,384,216,389,243,420,217,412,179,413,224,415,254,453,223,447,196,441,227,438,251
A,433,309,373,294,329,257,309,209,315,171,349,214,339,174,346,205,353,230,380,210,368,168,373,211,378,235,410,211,402,173,402,218,404,244,444,217,436,190,430,222,427,243
A,429,305,369,291,325,254,304,205,311,167,346,211,336,170,342,201,351,227,377,207,365,164,369,207,375,233,407,208,398,169,398,214,400,242,440,214,432,186,425,218,423,241
A,423,304,363,288,319,251,299,203,307,166,341,207,330,167,336,198,344,224,372,204,360,162,364,204,370,229,403,205,393,167,393,212,396,240,436,211,427,183,421,215,419,238
A,422,307,363,290,320,252,302,204,309,167,341,208,332,168,337,199,345,225,372,206,362,163,365,206,371,232,404,208,395,169,394,215,396,243,437,215,430,187,421,219,418,241
A,420,308,362,291,319,253,301,204,310,167,341,209,333,169,338,202,345,228,373,206,363,164,365,208,370,235,404,209,396,170,393,216,395,244,437,217,429,190,420,222,417,245
A,404,317,350,292,311,244,301,192,317,156,341,198,338,159,338,197,341,225,374,201,371,159,365,207,366,234,406,210,404,172,393,222,389,250,439,225,434,198,419,232,412,254
A,404,320,349,298,307,252,294,202,308,164,337,203,332,164,330,203,333,231,369,205,363,165,357,215,359,241,402,212,396,173,385,224,383,252,436,227,426,199,411,233,406,256
A,412,324,355,304,309,265,291,216,305,178,337,216,328,177,329,212,335,240,368,214,357,172,357,216,362,245,400,217,390,177,385,224,386,255,434,226,424,197,412,229,407,254
A,421,328,364,308,318,269,301,220,317,185,345,221,338,183,339,219,344,245,377,220,368,179,367,225,372,251,409,224,400,184,395,233,396,262,443,234,433,206,421,238,417,262
A,415,324,359,304,314,264,297,215,311,178,341,217,332,177,334,213,339,241,372,215,361,173,361,219,367,247,404,219,395,178,390,227,391,257,438,229,428,200,416,233,411,257
A,415,319,359,300,313,261,294,212,309,176,340,213,330,174,332,209,338,236,371,211,359,169,359,215,364,241,402,214,393,175,388,223,389,252,436,223,426,196,414,228,410,252
A,415,315,358,296,312,258,292,209,307,173,336,211,327,171,330,205,336,232,368,209,358,167,359,213,364,239,400,212,391,172,388,220,389,249,435,220,424,192,414,225,411,249
A,413,311,356,294,310,256,290,207,304,171,334,207,324,168,327,204,334,230,365,205,354,164,355,211,361,235,397,208,388,170,385,218,387,246,432,216,421,189,411,223,408,246
A,413,311,356,294,310,256,290,208,302,170,333,207,323,168,327,204,334,231,364,204,352,164,355,210,362,236,396,207,386,169,384,218,386,246,430,216,420,188,410,222,406,245
A,423,312,363,294,315,254,295,203,309,165,342,206,333,164,336,201,341,228,375,204,363,159,364,207,369,234,407,207,397,165,394,215,395,244,442,214,433,185,423,220,419,244
A,425,314,363,294,313,250,293,195,308,154,340,196,329,152,333,193,341,223,375,194,363,147,364,200,371,229,410,198,401,154,396,210,398,241,448,207,437,177,426,216,422,242
A,413,318,352,297,302,253,283,200,299,160,329,198,319,157,323,199,330,228,364,196,353,152,354,206,361,234,400,201,390,159,385,214,387,245,438,213,426,183,414,221,410,247
A,407,318,348,297,299,254,279,202,295,163,327,200,317,159,319,199,326,229,361,198,349,154,349,204,355,233,396,203,385,161,380,215,381,246,432,214,421,185,408,222,402,247
A,406,319,347,297,298,255,279,203,295,163,326,200,316,161,318,201,325,229,360,199,348,156,348,208,355,236,395,203,384,163,379,217,381,247,432,215,419,186,407,223,403,248
A,410,316,350,297,301,254,283,202,298,163,330,201,321,160,322,201,329,230,364,200,352,157,352,207,359,235,398,205,388,164,383,217,385,247,434,215,424,186,411,222,407,247
A,421,320,361,302,314,260,294,208,308,169,340,209,332,168,334,207,340,235,373,208,362,164,363,215,370,241,405,211,397,170,393,223,395,251,441,220,432,192,421,228,418,251
A,424,320,365,302,319,262,299,211,313,173,344,213,336,172,341,209,347,236,376,212,367,168,369,217,374,242,408,215,401,175,398,225,399,253,443,224,436,196,427,230,423,253
A,414,320,357,303,314,264,296,216,311,180,337,217,330,178,335,215,340,241,369,216,362,176,364,223,366,247,401,220,395,183,392,231,392,258,434,229,427,202,419,236,415,258
A,414,320,357,303,314,263,297,215,310,179,341,217,333,179,334,216,340,242,371,216,361,175,361,222,368,247,402,220,394,182,389,230,393,257,435,228,426,201,416,235,414,257
A,419,320,361,302,317,263,299,214,313,178,343,218,335,178,338,213,343,239,373,216,363,174,365,220,370,245,404,219,396,180,393,228,395,255,437,227,429,199,420,232,417,253
A,423,320,367,303,324,264,307,215,321,180,348,218,341,180,344,216,350,241,379,217,371,176,372,223,376,248,409,220,404,183,400,231,400,257,442,229,436,202,427,235,423,257
A,385,326,331,308,290,270,275,224,289,191,318,225,309,190,310,225,315,250,347,225,337,187,336,231,341,255,376,229,367,193,362,239,364,266,408,239,398,212,387,243,384,266
A,389,326,336,308,294,269,278,224,292,190,321,224,313,188,314,223,319,248,350,224,341,185,340,229,345,253,380,228,372,192,367,239,368,265,412,238,403,213,392,245,388,266
A,408,326,353,306,313,263,299,215,313,180,340,219,334,181,336,218,341,243,371,219,364,180,363,228,367,251,402,225,397,188,390,237,390,263,436,236,429,209,417,243,412,264
A,423,327,371,303,331,258,318,209,338,176,362,212,358,174,357,213,359,241,394,215,390,174,385,224,386,251,425,223,423,186,412,236,409,264,458,237,453,209,439,243,432,265
A,448,332,393,314,350,272,332,223,347,188,374,225,370,184,374,225,377,252,406,225,401,181,401,233,403,258,438,230,435,190,430,242,427,268,472,240,469,212,458,248,451,269
A,452,331,395,315,351,275,334,225,348,190,371,228,371,189,377,225,381,252,404,227,401,184,405,234,405,261,435,230,435,192,433,242,430,269,468,238,468,212,461,247,454,268
A,466,327,409,315,366,277,349,227,362,192,384,229,385,191,391,227,396,255,417,228,415,185,419,235,421,261,448,231,448,193,447,243,445,268,481,238,480,214,476,248,470,266
A,471,343,416,330,371,290,353,240,365,203,389,240,391,201,399,241,403,269,423,238,422,195,427,249,427,275,455,240,456,203,455,256,452,281,488,248,489,223,484,260,477,280
A,470,348,415,337,371,295,354,245,367,209,390,244,391,205,398,248,401,275,425,242,424,201,426,256,426,281,457,246,459,209,456,264,452,287,491,254,491,231,485,269,478,287
A,467,346,412,333,367,292,349,243,362,206,387,240,387,202,394,244,397,272,421,239,419,198,422,252,422,278,453,242,454,207,452,261,449,286,487,251,487,228,481,266,474,285
A,462,350,404,336,356,296,334,249,341,210,379,249,372,210,380,251,388,278,413,245,404,204,410,257,415,281,445,248,440,210,440,263,440,286,480,255,476,229,469,266,464,286
A,462,348,403,334,357,294,336,245,344,207,379,247,374,207,382,248,389,275,412,244,406,203,411,256,415,278,445,246,441,209,441,262,441,284,479,253,476,228,470,265,466,284
A,461,346,404,332,358,292,337,243,345,205,380,245,374,205,383,246,389,272,413,242,406,200,411,253,414,275,445,244,441,207,440,259,440,281,479,251,476,226,469,263,464,281
A,462,343,405,330,358,290,338,241,347,204,380,244,375,204,384,244,390,270,413,241,406,199,412,250,415,272,445,243,442,206,441,257,440,279,479,250,476,225,470,261,465,279
A,460,343,401,331,355,293,333,245,341,208,375,246,370,206,378,245,385,272,408,242,401,201,407,253,410,275,440,243,435,207,436,259,437,281,474,249,470,226,465,262,462,280
A,460,343,402,331,356,292,335,244,344,207,378,246,372,207,380,246,387,272,410,242,403,201,408,252,412,274,442,244,438,207,438,258,437,279,475,251,473,227,466,262,462,280
A,461,346,404,334,358,295,337,247,348,211,380,249,374,210,382,248,389,274,412,246,405,205,411,255,415,278,444,248,440,212,440,262,440,285,477,255,474,230,468,265,464,284
A,462,348,404,334,359,296,339,247,348,211,381,250,377,212,385,250,390,275,413,247,407,206,412,256,414,278,445,249,441,213,441,263,441,286,478,256,474,232,469,266,466,284
A,461,342,404,328,358,290,338,240,349,205,381,246,377,206,384,242,389,266,413,244,407,202,411,250,413,271,444,246,441,208,440,257,439,279,476,252,475,228,469,262,464,279
A,459,340,401,323,357,285,339,237,350,202,381,243,378,204,384,238,388,262,413,242,407,201,410,247,412,269,444,245,440,208,438,255,438,277,475,252,472,227,466,259,462,277
A,457,340,399,325,357,286,339,237,350,203,380,244,377,204,382,238,386,263,412,243,406,201,409,247,411,269,442,245,439,208,437,255,436,279,474,253,472,228,464,260,460,278
A,457,340,398,322,357,284,339,237,350,203,381,244,377,204,382,238,386,262,412,243,406,202,409,247,411,270,442,246,438,208,436,254,436,278,474,253,472,228,464,259,459,278
A,456,341,399,323,357,286,339,238,351,204,381,245,378,205,383,239,387,263,412,244,407,203,409,248,412,269,442,247,439,210,437,257,437,279,474,255,471,230,464,261,461,279
A,456,340,399,324,357,285,339,237,350,202,380,244,377,204,382,239,386,263,411,243,406,202,409,248,411,270,442,246,439,208,436,255,435,278,473,254,471,228,463,260,458,279
A,455,337,398,319,356,282,339,235,350,201,380,243,376,203,382,237,386,261,411,241,405,200,408,246,411,268,441,244,437,206,435,252,435,276,473,251,469,225,462,256,457,275
A,457,337,399,320,357,283,339,236,350,202,381,243,377,204,383,238,387,262,412,242,405,200,409,246,411,268,441,245,437,207,435,252,435,276,473,252,470,226,462,258,458,276
A,455,338,400,322,357,284,339,236,349,202,380,244,376,204,382,238,386,262,410,242,405,201,408,246,410,267,440,244,436,207,435,253,434,275,471,251,468,227,461,258,457,276
A,455,339,398,321,357,284,339,237,350,204,381,244,377,205,381,238,386,262,412,243,405,202,407,247,411,270,441,246,437,209,434,254,435,278,473,253,469,228,461,259,458,277
A,454,340,397,323,355,285,338,238,348,204,379,245,375,206,380,239,385,263,410,244,404,202,407,248,409,269,440,246,436,209,433,255,434,278,471,254,467,229,460,260,456,278
A,454,340,396,324,355,286,339,238,350,204,379,245,376,206,381,240,385,265,410,244,405,202,407,248,410,271,440,247,436,209,434,255,434,279,471,254,467,230,460,261,456,280
A,454,340,397,323,355,285,337,237,348,203,379,244,375,205,380,239,385,263,410,243,404,202,407,247,409,270,439,246,436,209,434,256,433,279,471,253,467,229,460,261,456,279
A,454,336,397,319,356,282,338,235,349,201,379,243,374,203,380,236,386,260,410,241,403,201,407,245,410,267,440,243,435,206,433,251,434,274,471,251,467,226,460,256,456,274
A,454,333,395,317,354,279,337,232,347,198,378,240,374,200,379,235,384,258,409,238,402,197,405,242,409,265,438,241,434,204,432,250,432,273,470,248,466,223,459,255,456,272
A,453,334,396,317,354,281,336,234,347,200,377,240,373,201,378,235,383,259,408,239,401,198,404,242,407,265,438,241,433,204,431,249,431,273,469,248,465,223,458,254,454,273
A,453,334,396,318,354,281,336,234,347,200,377,241,374,202,378,235,383,259,408,239,402,198,405,244,409,266,437,242,433,204,431,250,432,274,469,249,465,224,457,255,454,273
A,454,335,397,319,355,282,337,235,347,201,378,242,374,202,379,235,384,259,409,240,402,199,405,244,408,265,438,242,434,204,432,250,432,273,470,249,466,224,459,256,455,273
A,453,335,396,318,355,281,337,235,348,201,378,242,374,203,379,235,384,259,409,240,403,199,406,243,408,266,438,243,434,205,432,250,432,274,470,250,466,225,459,256,455,273
A,452,336,396,318,354,282,337,235,347,201,378,241,374,203,379,236,384,259,409,240,402,199,405,244,408,266,438,242,434,206,432,252,432,274,470,250,466,226,458,257,455,274
A,453,336,398,319,356,282,337,235,347,201,377,242,373,202,379,236,384,260,408,240,402,199,405,244,408,266,438,242,434,206,433,251,433,274,470,249,467,225,459,256,455,274
A,452,337,394,319,354,282,337,235,347,201,376,242,373,203,378,236,383,260,407,240,402,200,405,245,408,267,437,243,434,206,431,252,432,275,469,250,465,226,458,257,455,274
A,452,337,395,320,353,283,335,236,346,202,376,243,372,204,378,236,383,260,407,242,401,201,404,246,407,267,437,244,433,207,431,253,431,276,468,251,465,226,458,257,454,276
A,451,335,395,320,353,283,335,238,346,204,376,243,371,204,376,237,381,260,407,241,400,201,403,245,405,267,437,244,431,207,430,253,430,276,468,251,463,227,457,258,454,276
A,452,335,396,318,354,281,335,235,345,200,376,241,371,202,377,234,382,258,406,239,400,199,404,244,406,266,436,241,431,205,430,251,430,275,467,248,463,224,457,255,453,274
A,452,333,395,316,353,280,335,234,347,200,376,241,371,201,377,234,382,258,407,239,400,199,403,243,406,265,436,241,431,204,430,249,430,273,468,249,464,223,457,253,453,273
A,453,335,396,318,354,281,336,234,346,200,376,241,372,202,378,235,383,259,407,239,401,199,405,244,408,265,436,241,432,204,431,249,431,273,468,248,464,223,457,254,453,273
A,453,330,398,313,356,278,337,233,349,200,378,239,374,201,381,232,385,255,409,237,402,196,406,239,408,261,438,239,434,203,433,247,432,270,469,246,466,222,459,252,454,270
A,449,328,392,312,350,277,332,232,343,199,373,237,368,199,373,231,379,254,403,235,396,195,400,239,403,261,432,237,427,201,426,245,427,268,463,243,459,219,453,249,449,267
A,450,330,393,313,351,278,332,232,342,199,372,238,368,200,374,231,379,255,403,236,395,195,400,239,403,261,432,238,427,201,426,245,426,269,464,244,459,220,453,250,449,268
A,452,324,398,310,357,276,339,232,350,201,379,237,373,200,379,230,385,253,409,235,400,197,404,238,408,260,438,237,431,202,430,244,431,267,468,244,463,220,456,249,452,267
A,450,316,394,299,353,265,334,222,344,190,374,227,368,190,374,221,380,243,404,225,395,186,400,228,404,250,433,226,426,190,426,232,427,256,464,232,459,207,453,237,449,255
A,447,310,391,297,348,264,329,221,338,189,368,226,363,188,371,218,377,242,398,223,391,183,398,225,401,248,426,224,420,188,423,231,424,254,456,229,453,206,449,235,446,252
A,445,311,389,297,347,263,327,220,336,188,367,226,363,187,371,219,376,242,396,222,389,183,396,225,399,247,424,223,419,187,421,230,422,253,454,228,451,204,447,233,443,250
A,441,308,386,294,344,261,322,217,333,185,363,223,359,185,367,215,372,238,392,220,386,181,393,223,395,246,421,221,416,185,418,228,418,252,450,226,448,202,443,232,439,250
A,437,306,383,291,341,258,320,215,329,183,360,221,356,183,364,213,370,236,389,218,382,179,390,220,393,242,417,219,413,183,415,225,415,248,446,224,444,200,440,228,436,246
A,439,310,386,294,345,259,328,214,337,182,366,220,364,183,371,215,375,238,396,219,392,181,397,224,398,246,424,221,422,187,422,231,421,254,453,228,452,206,447,236,442,253
A,442,314,389,298,350,257,336,210,348,178,374,218,374,181,378,216,380,239,404,219,403,180,403,225,402,246,432,224,432,189,428,235,425,256,461,232,461,210,453,240,447,256
A,441,315,389,298,349,258,334,210,347,178,372,219,374,181,377,215,379,238,403,219,402,181,402,226,401,246,431,224,432,188,428,233,424,254,460,233,461,210,453,240,447,256
A,440,313,386,295,348,256,333,210,345,177,370,218,371,181,376,213,378,237,400,219,398,179,400,223,400,245,429,223,429,188,425,233,423,255,458,231,458,208,450,238,445,255
A,439,312,386,294,347,256,332,209,344,177,370,218,370,180,374,213,377,236,400,218,397,179,399,222,400,244,429,222,428,187,424,231,422,253,458,231,458,207,450,237,445,254
A,439,309,387,293,347,255,332,209,344,177,370,217,370,180,375,213,377,236,399,217,397,178,399,222,399,242,427,220,427,186,424,230,422,251,456,228,456,206,449,235,443,252
A,438,308,385,290,346,253,331,208,342,176,369,216,368,179,373,211,376,235,398,216,395,177,398,220,399,242,426,219,425,184,423,227,421,250,455,227,454,203,447,232,442,249
A,437,308,385,293,345,256,330,210,341,178,368,217,366,181,371,214,375,236,397,217,393,178,395,221,396,242,424,220,423,186,420,229,419,250,453,227,452,205,445,235,440,251
A,437,308,384,293,344,256,328,210,339,179,366,217,365,181,370,213,373,235,396,216,393,179,395,222,396,244,424,220,422,186,421,230,419,252,453,228,452,205,446,235,441,252
A,436,308,384,292,345,255,329,210,339,178,366,216,365,180,369,212,373,234,395,216,392,178,394,222,395,241,423,219,422,185,420,229,419,250,452,226,451,204,445,233,441,249
A,436,306,384,292,344,255,328,210,338,178,365,216,364,180,369,212,372,234,394,215,391,178,394,221,394,241,423,219,421,185,419,229,417,250,451,226,450,204,444,233,439,250
A,430,311,378,297,338,259,322,214,333,181,358,219,356,183,362,216,365,239,388,218,384,181,386,225,387,245,416,222,414,188,412,233,411,254,445,230,443,206,437,237,433,253
A,427,314,375,300,334,263,318,217,328,185,355,222,352,186,357,219,361,241,384,221,379,183,382,227,384,247,413,224,410,190,408,235,407,256,443,231,440,209,433,240,430,257
A,431,314,378,299,337,262,321,217,332,185,359,223,356,187,362,220,366,243,388,222,383,184,387,228,388,248,416,224,414,191,412,235,411,256,446,232,444,210,438,240,433,256
A,441,313,386,302,344,271,323,229,332,198,362,233,356,197,364,225,371,247,391,230,382,191,390,231,394,254,419,229,411,194,415,235,416,258,448,233,443,211,440,239,438,257
A,439,320,386,304,347,267,333,220,344,188,370,227,368,191,373,224,376,248,399,227,397,189,399,233,400,255,428,230,427,196,424,241,422,264,457,239,456,216,448,246,443,263
A,437,320,384,303,346,263,333,217,345,184,370,224,370,189,374,223,376,245,400,225,399,187,398,233,399,252,429,230,429,196,424,241,422,262,459,239,458,217,450,247,445,263
A,439,321,388,305,349,265,336,217,349,185,374,225,374,189,376,225,379,247,404,226,402,189,401,235,402,254,432,231,432,198,427,244,425,264,461,241,461,219,452,250,447,265
A,437,323,386,305,349,262,338,214,353,183,374,222,378,188,379,224,380,247,405,225,407,189,404,235,402,255,434,232,437,199,429,246,425,266,463,243,464,222,454,253,447,268
A,435,325,384,307,348,262,338,214,352,183,373,223,378,188,379,225,379,249,404,226,407,190,403,237,401,257,432,233,437,201,428,248,423,267,461,245,463,225,453,256,446,271
A,435,324,385,310,346,269,332,223,344,190,368,226,369,192,374,229,376,253,398,227,398,191,398,239,397,259,427,231,430,201,424,248,420,267,456,241,457,222,450,255,444,269
A,436,324,387,314,345,275,329,230,338,197,364,232,363,198,370,235,373,258,394,230,392,195,394,243,395,263,423,233,424,203,421,251,418,269,453,240,453,222,447,255,442,269
A,439,326,389,315,347,279,328,235,336,200,365,233,361,202,369,240,375,263,395,230,391,198,395,246,399,265,425,233,424,205,422,252,421,270,455,240,453,222,447,255,443,270
A,442,326,393,316,351,277,331,233,341,199,368,231,366,200,373,238,378,261,400,229,395,197,399,246,402,265,430,233,428,204,426,253,425,271,461,240,458,222,452,257,448,272
A,443,324,393,314,351,276,333,233,342,199,369,231,365,198,374,236,379,260,399,228,395,194,400,243,402,263,429,231,428,201,426,249,425,269,460,238,458,219,453,253,447,269
A,444,325,394,314,352,277,333,233,342,199,370,232,367,199,374,237,379,259,401,230,396,196,400,244,401,262,430,232,429,204,427,252,426,270,461,240,458,220,453,254,449,269
A,443,324,393,312,350,275,332,231,342,197,370,231,366,199,374,238,379,260,400,229,396,195,400,245,402,264,430,231,428,203,427,251,426,271,460,239,458,219,453,253,448,269
A,440,330,388,322,345,290,324,250,328,217,363,242,354,210,362,244,370,268,392,238,383,203,388,249,394,270,422,238,415,207,415,254,417,274,453,244,447,222,442,255,439,273
A,441,328,389,322,346,294,324,256,329,223,362,246,353,214,361,248,370,270,390,240,380,206,387,251,393,269,419,239,412,209,413,254,417,271,450,243,443,225,439,257,439,271
A,450,321,399,313,356,281,337,238,348,208,379,236,376,201,380,237,383,259,409,235,404,201,406,246,408,264,437,237,434,206,432,250,432,270,466,243,462,223,456,255,453,271
A,455,326,403,313,361,278,344,234,357,203,383,235,383,200,387,234,390,257,413,234,412,198,414,243,413,262,442,237,442,205,440,250,437,269,472,245,470,224,465,255,460,270
A,456,326,404,315,362,278,344,233,359,203,385,236,383,201,388,236,391,258,415,235,412,199,414,244,414,262,444,238,443,206,440,251,438,269,473,245,472,226,465,257,461,272
A,457,329,405,317,362,280,344,235,359,205,384,238,384,203,389,238,392,260,415,237,413,201,416,246,415,265,444,239,444,207,442,253,439,272,473,247,472,226,467,258,462,274
A,456,330,403,317,361,282,342,236,359,207,384,240,383,205,388,240,390,262,415,239,412,202,414,248,415,266,444,242,444,210,441,255,439,273,474,250,473,229,467,261,462,276
A,455,331,404,319,362,283,344,238,359,207,384,240,382,206,388,240,391,263,415,239,412,204,414,249,414,268,444,242,443,210,441,255,438,274,473,250,471,229,466,261,462,276
A,457,330,406,320,363,284,344,239,360,208,387,240,385,206,389,242,393,263,417,238,414,204,415,250,416,268,445,242,444,211,441,257,439,274,474,250,472,230,466,262,462,277
A,457,332,405,320,363,283,345,237,361,208,386,242,385,207,390,242,394,264,417,240,414,205,417,251,417,269,446,243,445,212,443,258,441,276,476,251,473,231,468,262,464,277
A,457,330,405,318,363,283,346,238,361,208,385,241,385,206,390,240,392,262,416,240,415,204,417,249,416,267,446,243,446,210,444,255,440,274,475,250,474,230,469,262,464,276
A,460,331,407,321,364,285,346,239,360,210,386,243,386,207,392,242,394,264,417,242,415,205,418,251,417,270,446,244,446,211,444,257,441,276,475,250,474,230,470,262,464,277
A,464,334,413,325,369,289,351,243,365,214,391,246,393,210,398,247,400,269,422,244,422,209,425,255,424,274,451,247,452,216,452,262,448,280,479,253,480,234,476,266,472,280
A,464,337,414,327,370,291,350,246,364,215,391,247,392,212,399,248,401,270,421,246,421,210,425,257,424,274,450,248,452,218,451,263,447,281,479,255,479,235,476,267,471,281
A,457,336,406,324,364,287,347,240,363,212,387,245,389,209,394,245,395,267,418,246,418,210,420,256,418,273,446,249,449,219,447,265,443,282,475,257,476,237,471,268,466,283
A,446,339,396,321,358,281,344,233,362,204,383,240,387,207,390,242,390,264,414,242,417,207,415,253,413,272,443,249,448,218,441,264,436,282,472,260,474,239,465,271,459,285
A,442,339,394,321,357,274,347,222,371,200,388,234,397,199,394,237,390,259,420,240,427,205,419,252,414,270,448,249,456,218,444,263,436,281,475,262,479,241,468,273,459,288
A,445,340,394,324,355,277,345,227,365,199,383,237,390,201,390,241,388,263,415,241,420,203,415,252,411,270,444,248,451,215,441,263,434,281,473,259,476,240,466,273,458,287
A,445,339,394,326,352,284,338,234,355,205,377,241,381,206,384,244,385,266,409,242,411,205,410,254,407,271,439,247,442,215,437,263,431,281,469,256,469,236,462,270,456,284
A,448,342,396,327,354,287,338,240,354,209,378,245,380,210,384,247,386,270,410,245,410,207,410,255,409,275,439,249,441,217,437,264,433,283,469,258,470,237,462,270,456,285
A,446,343,395,328,353,288,338,240,355,210,378,245,380,210,384,247,386,270,409,246,409,209,409,257,408,275,439,250,441,219,436,266,432,284,469,260,469,239,461,272,456,286
A,445,344,393,328,352,287,336,240,354,211,377,246,378,210,382,247,383,270,409,247,408,210,408,257,407,276,438,251,439,219,435,266,431,285,468,261,468,239,461,271,455,286
A,443,344,392,328,350,288,334,242,350,212,375,247,375,211,379,249,382,271,406,247,405,210,405,257,405,276,436,251,436,219,432,266,429,284,466,260,465,239,458,270,453,285
A,444,344,392,328,351,290,334,243,352,213,377,248,377,213,380,250,381,272,408,248,406,212,405,259,405,276,437,252,437,220,432,265,428,283,467,261,466,239,458,270,452,286
A,447,345,395,331,353,291,335,243,353,214,377,248,377,213,382,250,384,272,408,248,406,212,408,260,407,278,438,252,438,220,434,268,431,285,469,261,468,240,461,273,456,287
A,447,345,395,330,354,292,337,245,354,215,377,249,378,214,382,250,384,272,408,249,408,212,408,259,407,278,438,253,439,221,435,267,431,286,468,262,468,241,461,273,455,289
A,447,345,397,331,355,292,337,246,353,216,378,251,377,215,383,251,386,274,409,250,406,213,408,259,408,278,439,253,438,221,435,267,432,285,468,262,467,241,460,273,455,288
A,448,346,396,331,355,292,338,244,356,216,379,250,379,215,384,253,386,274,411,249,408,214,409,262,410,278,440,254,440,221,436,268,433,286,470,262,469,242,462,274,456,289
A,446,344,394,329,353,290,336,244,354,215,378,249,377,215,381,251,383,273,409,249,406,213,407,260,408,279,438,253,438,220,434,266,432,285,468,261,468,239,460,271,455,287
A,444,345,392,329,351,291,335,245,352,216,376,250,376,216,380,252,383,275,407,250,405,214,406,261,407,279,437,254,437,222,432,268,431,286,467,263,465,242,457,273,453,287
A,444,345,392,331,351,292,334,245,351,216,375,250,374,215,379,251,381,274,406,249,403,213,404,260,405,280,435,253,435,221,431,267,428,287,465,262,464,240,457,272,452,288
A,443,344,391,329,350,291,333,244,350,215,375,250,373,214,378,251,381,273,406,250,402,213,403,260,404,278,436,253,434,220,430,267,428,286,466,261,464,240,456,272,451,288
A,443,343,391,330,350,291,333,244,350,215,374,250,374,215,378,252,380,273,405,250,403,214,403,260,403,277,434,253,434,221,429,267,427,284,464,261,463,241,456,272,450,287
A,443,343,392,329,351,291,334,244,351,216,376,249,374,214,379,250,382,272,407,249,404,213,404,259,405,277,436,253,435,220,431,266,428,284,466,261,464,240,456,272,450,287
A,445,342,394,327,352,289,334,243,350,213,375,247,374,212,378,248,381,270,406,246,403,210,404,256,404,275,435,250,434,218,430,263,428,281,465,259,464,238,456,269,451,284
A,444,341,393,326,351,289,333,242,351,213,375,247,374,212,379,248,381,269,406,246,403,210,404,255,404,273,435,249,434,218,431,264,428,282,464,258,463,237,456,268,450,284
A,445,340,394,326,352,288,334,241,351,212,375,246,374,212,379,248,382,269,406,245,403,211,405,257,406,274,435,249,434,218,431,263,429,281,465,257,463,236,456,267,453,282
A,444,341,392,328,351,290,334,243,350,214,374,247,373,214,378,249,381,271,405,247,402,212,403,258,404,275,434,250,433,218,429,264,427,282,464,258,462,238,454,269,449,285
A,442,342,391,329,349,290,332,244,349,215,374,248,372,214,376,250,380,272,404,247,401,212,402,258,402,276,433,251,432,219,428,265,426,283,463,259,461,238,454,270,449,285
A,442,345,390,330,349,292,332,246,349,216,373,250,372,215,376,251,379,274,404,249,401,213,402,259,403,278,434,253,432,220,428,266,426,285,464,262,462,240,454,271,448,286
A,440,344,389,330,348,292,330,246,347,217,372,250,371,216,375,252,377,273,403,249,400,214,400,260,401,277,432,253,431,221,427,267,425,284,462,261,460,240,453,272,448,287
A,440,345,388,331,346,293,329,246,346,216,371,250,370,216,373,253,376,274,402,250,398,214,398,261,399,278,431,253,430,222,425,268,424,286,461,261,459,241,452,273,448,287
A,440,344,388,330,346,291,328,244,347,216,370,249,369,215,373,252,376,274,401,249,398,214,398,260,399,278,431,252,429,221,425,267,423,285,460,260,458,240,451,272,447,287
A,441,342,389,329,347,290,330,244,346,215,371,249,369,214,374,251,376,272,402,248,398,212,399,259,400,277,431,251,429,218,425,265,423,284,461,259,458,238,451,270,447,286
A,440,342,389,328,348,290,330,245,346,215,372,249,369,215,374,251,377,273,402,248,398,213,400,259,401,278,431,251,429,219,426,265,425,283,461,259,459,238,452,270,448,285
A,440,341,389,329,347,291,330,244,347,215,371,248,369,214,374,251,378,271,401,247,398,212,399,259,401,275,430,251,429,219,425,266,424,283,460,258,458,238,451,271,447,285
A,441,342,390,328,348,292,330,246,346,216,370,249,370,215,375,250,378,273,401,248,399,212,400,258,400,276,430,251,430,220,426,265,424,283,460,259,458,238,452,269,447,285
A,440,344,389,329,348,293,330,248,347,218,371,251,369,216,373,251,377,273,402,250,398,214,399,260,401,279,431,253,429,221,425,266,424,285,461,262,458,240,450,271,446,287
A,439,343,388,331,346,294,330,248,346,219,370,250,368,217,373,253,377,275,400,250,397,215,398,261,400,278,429,253,428,222,424,268,423,286,459,261,457,242,449,273,444,288
B,396,403,349,375,326,322,345,278,376,274,332,276,325,226,327,196,331,167,359,268,350,214,349,179,348,145,385,272,380,222,376,189,374,160,414,283,410,244,406,218,403,193
B,398,406,351,380,327,330,344,286,375,284,338,280,334,231,337,201,342,174,365,273,359,220,360,185,361,153,390,277,387,229,385,197,383,170,419,289,415,252,412,226,410,204
B,400,406,354,376,331,327,350,286,382,282,338,279,334,230,337,199,343,171,365,273,358,219,359,184,360,152,390,277,387,229,384,197,382,170,419,289,415,251,412,225,408,202
B,410,412,366,379,344,329,361,285,394,274,347,284,342,234,345,204,350,176,374,277,368,222,368,187,367,154,401,281,397,230,394,197,391,168,430,293,425,253,421,227,417,203
B,409,414,366,379,345,329,364,286,395,276,348,286,342,236,346,206,352,177,375,278,369,223,369,188,369,155,401,282,398,231,395,198,393,169,430,294,426,254,422,228,418,204
B,407,409,363,375,344,325,365,284,397,275,345,282,341,232,346,202,352,175,373,276,368,222,368,188,368,155,400,280,397,231,394,199,392,172,430,292,426,255,422,229,417,206
B,414,405,369,372,349,324,368,282,399,273,347,286,341,236,345,206,351,178,374,277,367,224,366,191,366,159,401,280,396,231,391,200,388,174,430,289,426,252,420,226,415,204
B,421,405,374,375,352,327,368,284,401,279,353,287,345,241,348,214,353,189,379,280,370,232,369,201,368,173,404,283,398,239,393,210,390,187,433,291,428,257,422,234,417,214
B,413,409,367,378,346,327,364,284,397,282,348,288,341,241,345,213,351,188,373,281,366,232,366,200,366,171,399,284,394,240,390,210,387,186,428,293,424,258,419,234,414,214
B,410,417,366,385,346,337,365,296,395,286,347,294,342,243,346,213,352,186,374,287,368,232,368,198,368,167,401,290,396,241,393,209,390,182,430,301,426,263,422,237,418,215
B,409,424,365,390,346,341,364,299,395,292,346,297,342,247,346,217,352,190,374,290,368,237,368,203,369,171,401,294,396,245,393,213,391,186,430,306,426,268,422,242,418,220
B,413,432,368,401,348,350,367,310,397,306,350,307,345,257,350,226,356,198,376,300,370,245,371,211,371,178,402,304,398,254,395,222,393,194,432,315,427,276,423,250,419,226
B,415,431,370,400,350,348,369,307,401,304,349,305,344,255,348,224,354,197,376,297,370,243,370,209,370,176,403,301,399,252,395,220,392,192,433,312,428,274,423,249,419,225
B,417,429,371,399,351,347,370,307,401,305,351,304,346,255,350,225,356,198,378,297,371,244,372,210,372,178,405,300,400,253,396,221,394,193,434,311,429,274,425,248,421,225
B,415,432,367,401,345,354,351,307,364,275,355,303,348,256,351,227,357,200,381,297,375,244,374,212,374,180,406,301,402,251,398,220,396,193,434,313,429,274,425,248,420,224
B,417,432,372,401,351,352,360,305,387,280,357,306,351,257,355,227,361,199,384,299,378,244,378,210,378,178,409,301,405,251,402,219,399,192,437,311,433,272,429,247,425,223
B,417,433,371,402,349,352,361,305,389,281,356,306,351,258,355,228,361,200,383,299,378,245,378,212,378,180,408,303,405,253,401,221,398,195,436,313,432,276,428,250,424,227
B,417,435,372,402,350,354,361,307,389,282,357,309,350,259,354,229,361,201,384,302,378,246,378,213,378,181,409,305,405,253,401,222,398,195,437,315,432,277,428,250,423,227
B,419,432,373,401,351,352,362,305,391,283,356,306,350,256,355,226,361,198,383,299,377,243,378,210,378,178,409,302,405,251,402,219,399,192,437,312,433,274,429,248,424,224
B,419,431,373,399,351,352,361,305,389,281,356,305,350,256,353,226,359,198,383,298,377,243,377,210,377,178,409,301,405,251,401,219,398,192,437,311,433,273,429,247,424,224
B,412,408,365,377,341,332,351,287,380,264,344,286,336,237,340,208,346,181,371,278,363,225,362,193,361,161,397,281,391,232,385,202,381,176,426,291,420,254,414,229,408,206
B,403,403,356,371,333,324,346,280,376,256,339,277,333,226,337,195,344,167,367,269,361,213,361,179,360,146,394,273,389,221,384,189,380,161,423,284,418,245,413,218,407,193
B,392,408,350,369,335,316,357,275,389,256,347,269,351,216,361,185,374,157,377,266,382,206,388,171,394,138,404,274,409,219,411,186,412,156,432,291,436,250,437,222,436,196
B,387,414,343,378,325,326,342,280,376,258,336,275,337,221,346,189,358,160,367,271,368,210,374,174,379,139,395,279,397,223,398,188,400,158,424,295,424,252,424,223,422,196
B,399,423,352,388,330,334,345,285,379,260,341,282,337,226,343,192,352,160,372,275,369,212,372,173,375,136,401,280,400,222,398,185,398,153,431,295,429,252,426,222,423,194
B,377,402,331,373,307,326,318,280,347,260,318,277,311,228,315,199,322,172,345,270,339,214,339,181,340,149,370,273,366,223,363,191,362,163,398,285,394,246,391,220,387,196
B,379,403,332,375,309,327,320,283,346,264,322,279,315,230,319,201,325,173,348,272,342,217,342,182,343,149,373,276,369,225,365,192,364,164,401,287,397,248,393,222,389,197
B,391,404,345,376,323,326,336,282,364,267,334,281,328,232,332,202,339,173,361,274,356,219,356,184,357,151,387,278,383,228,379,195,377,168,415,290,411,251,407,224,403,201
B,424,431,375,401,350,348,365,301,395,277,360,291,356,237,360,203,368,170,391,284,386,222,387,182,388,144,421,289,417,232,415,195,413,162,452,304,449,259,445,229,441,200
B,427,473,370,443,339,380,353,323,387,297,352,310,345,246,350,209,359,174,387,302,379,232,380,188,381,147,421,309,415,244,411,203,408,166,457,325,451,275,446,241,441,210
B,409,469,346,438,312,370,324,306,360,281,327,294,320,226,326,186,335,149,364,285,357,208,359,162,361,119,400,292,395,221,392,178,391,140,440,308,434,254,431,219,428,186
B,390,384,329,353,292,291,303,231,339,200,305,216,296,150,301,109,309,73,341,206,332,130,331,82,333,39,377,211,370,141,366,97,364,59,415,227,409,172,404,137,400,105
B,418,399,353,363,313,297,316,234,354,202,330,220,315,152,316,110,323,70,365,210,351,131,350,82,351,34,400,215,388,141,383,94,381,53,438,233,426,175,419,136,414,100
B,405,411,347,373,318,309,339,254,378,241,332,246,327,184,333,146,342,110,366,237,360,168,363,124,366,82,399,243,394,179,392,138,392,102,434,260,428,210,424,177,421,146
B,404,399,356,368,329,316,344,269,381,256,336,260,330,206,334,174,341,143,365,252,358,192,359,155,359,118,393,257,388,201,385,167,382,136,424,271,419,228,415,199,410,173
B,404,402,358,372,334,321,348,277,380,262,342,268,337,215,342,183,350,153,370,261,365,202,366,166,368,130,398,266,394,212,392,178,390,148,427,280,423,238,420,211,416,185
B,422,412,375,380,354,331,370,289,400,276,358,291,353,243,357,213,364,185,385,283,379,228,379,194,379,160,412,286,407,234,404,201,401,171,440,297,436,257,431,230,426,205
B,421,393,375,363,351,318,365,275,396,261,357,276,351,228,355,198,361,171,384,267,377,213,377,180,377,148,410,270,405,219,401,187,398,160,438,281,433,242,429,216,424,192
B,420,389,376,359,354,313,368,271,397,259,358,272,353,225,357,196,363,169,385,264,379,211,379,178,379,146,410,267,406,217,402,185,399,158,438,277,434,239,429,214,425,190
B,424,394,378,365,353,318,367,274,400,262,358,279,350,232,351,203,354,176,385,270,378,217,376,185,373,154,410,271,406,222,400,191,396,165,437,280,432,243,427,218,422,195
B,424,393,379,365,354,318,367,273,399,264,359,277,351,230,352,202,356,176,385,268,378,216,376,184,375,154,411,270,406,221,401,190,397,164,438,280,433,243,428,218,423,196
B,426,391,380,362,355,316,369,272,402,260,360,273,352,228,353,200,357,174,386,265,379,214,377,182,376,153,411,267,407,219,402,189,398,162,439,277,434,241,430,215,425,193
B,430,388,384,360,359,314,372,269,404,257,362,272,354,226,356,198,360,172,389,264,381,212,381,180,379,150,414,265,410,217,405,186,401,160,441,275,437,239,433,214,428,191
B,427,384,382,357,356,311,369,267,402,256,361,271,352,224,353,196,357,170,387,262,379,210,378,178,376,148,413,264,408,216,403,184,398,158,440,273,436,237,431,211,425,188
B,425,383,379,357,354,312,367,268,400,255,359,268,351,221,353,194,357,168,386,260,379,208,378,177,377,146,412,263,408,214,403,183,399,157,439,272,435,236,430,210,424,187
B,405,396,361,365,344,313,363,271,395,265,356,268,354,221,360,193,368,168,384,264,383,211,386,178,389,147,410,270,411,221,410,189,411,162,436,284,436,246,435,220,433,197
B,399,395,355,361,338,308,358,264,389,260,351,265,350,216,356,188,364,162,379,261,379,206,383,173,387,143,404,267,406,217,407,184,408,157,431,281,431,242,430,216,430,192
B,405,393,361,360,341,308,360,264,393,259,353,264,351,216,357,187,366,161,382,259,381,205,385,172,389,141,408,265,409,215,409,182,409,156,435,278,435,241,434,215,432,192
B,413,394,369,364,346,313,363,268,395,260,354,271,347,223,349,194,354,167,381,263,376,210,375,177,375,146,407,267,404,217,401,185,398,158,435,279,431,241,427,215,423,191
B,412,392,369,361,346,312,363,267,396,257,353,270,347,221,350,193,355,166,381,264,376,209,376,176,376,145,407,267,404,217,400,184,397,157,435,278,431,240,427,214,423,190
B,414,395,370,364,348,314,365,270,398,260,356,272,351,224,354,195,359,169,384,266,380,212,380,179,380,148,410,269,408,219,405,187,402,160,437,281,434,243,431,217,428,193
B,414,396,370,364,349,314,366,269,399,261,357,273,352,224,355,195,360,168,385,266,380,211,381,178,381,147,411,270,408,219,405,187,403,160,438,282,435,243,432,217,428,193
B,415,394,371,363,349,314,365,269,398,258,356,272,350,224,353,195,358,169,384,266,379,212,379,179,379,148,410,269,408,219,404,187,401,159,437,280,435,242,431,216,428,192
B,415,394,371,364,349,314,365,270,397,263,356,271,351,223,354,195,360,170,384,264,379,211,380,178,380,148,410,269,407,219,404,187,402,160,437,281,434,243,431,217,428,194
B,415,392,371,362,349,312,365,268,398,260,356,270,351,222,354,194,359,169,383,263,379,210,379,177,379,147,409,267,407,217,404,185,402,159,436,279,434,241,431,215,428,192
B,416,391,372,360,350,312,366,268,398,258,358,271,352,223,355,194,359,168,385,264,380,211,380,178,379,147,411,268,408,219,404,187,401,159,438,280,435,242,431,216,427,192
B,421,392,378,361,356,312,370,269,402,261,363,271,357,224,359,196,364,170,390,264,385,212,385,179,384,149,415,268,413,219,409,187,406,161,443,280,439,242,436,216,432,193
B,422,390,379,360,357,314,372,271,404,260,362,270,356,223,358,195,363,170,389,264,384,211,384,179,384,150,415,267,412,219,408,187,406,161,442,278,439,241,435,216,431,193
B,422,386,379,356,357,309,372,266,403,256,362,268,356,220,358,192,362,166,389,261,384,208,384,175,383,145,415,264,412,215,408,183,405,156,442,275,439,238,435,212,431,189
B,433,381,388,349,367,301,384,258,416,249,373,259,368,210,371,182,376,156,401,253,397,199,397,166,397,135,427,256,425,207,422,175,419,149,455,268,452,231,449,205,445,182
B,435,378,392,344,371,298,388,256,421,246,376,257,371,208,375,180,381,154,404,251,401,197,402,165,402,134,430,255,429,205,426,173,424,147,458,267,456,229,452,203,448,180
B,442,375,398,341,379,294,397,252,430,242,383,252,379,204,383,175,390,150,411,246,408,193,410,160,410,130,437,250,437,201,434,170,431,143,465,262,464,225,460,199,456,176
B,442,370,399,337,379,289,398,247,431,238,383,247,379,199,383,171,390,146,412,241,409,188,410,156,411,126,438,246,437,197,435,165,433,139,466,258,465,220,462,194,458,171
B,438,374,394,343,373,292,389,248,421,239,381,249,376,199,379,171,386,145,409,243,405,188,406,154,407,123,435,248,433,197,431,164,429,137,462,260,460,222,458,195,455,171
B,433,378,389,347,369,295,388,251,422,245,379,253,375,204,379,176,385,150,407,246,404,192,405,159,407,128,433,251,433,201,431,168,430,140,460,264,459,226,457,200,455,176
B,432,381,389,348,369,297,388,254,420,246,379,255,375,206,379,177,386,151,407,249,404,195,406,162,407,130,432,254,432,204,431,172,430,144,459,267,458,229,456,202,454,178
B,433,383,390,350,370,300,387,256,420,248,378,256,374,207,378,179,384,152,406,250,403,196,404,163,406,132,432,255,431,205,430,172,429,145,460,268,458,230,456,203,453,179
B,434,384,391,352,371,300,389,256,422,250,380,259,376,209,380,180,386,154,408,253,405,198,407,164,409,133,434,258,433,207,432,174,432,146,461,270,460,232,458,205,456,182
B,437,381,393,348,374,299,391,255,424,245,381,255,376,206,380,177,386,151,409,249,406,194,407,161,408,129,435,254,435,203,433,170,431,142,463,266,462,228,460,201,456,177
B,437,379,393,346,373,298,390,255,425,244,380,255,376,206,380,177,386,151,409,249,406,195,407,162,408,130,435,253,435,204,433,172,432,145,463,266,461,228,458,201,455,177
B,437,379,393,346,374,296,392,253,424,244,380,253,376,205,379,176,385,150,408,247,405,193,406,160,407,129,434,251,434,202,431,170,430,143,462,264,460,226,457,199,454,175
B,436,378,391,345,371,297,388,253,420,243,378,255,373,206,377,177,383,150,406,249,403,194,404,161,405,129,433,253,431,202,429,170,428,143,460,264,458,225,455,199,452,175
B,435,379,391,346,371,297,388,254,420,245,378,253,373,204,377,176,383,149,406,247,403,193,404,160,404,129,432,252,431,202,429,170,427,143,460,265,459,227,456,200,453,176
B,435,378,390,345,369,296,386,253,419,243,375,254,371,204,375,175,381,149,404,248,400,193,402,160,402,128,430,252,429,202,426,169,424,142,459,264,457,226,454,199,450,175
B,437,379,391,347,371,297,390,253,422,245,377,253,373,204,377,175,383,149,406,247,403,192,404,158,404,127,433,252,432,201,429,168,426,141,461,264,459,226,456,199,453,175
B,438,379,394,346,374,297,391,253,423,244,380,253,375,203,380,174,386,148,408,247,405,192,407,159,407,127,435,252,434,201,432,168,430,141,463,264,462,226,459,199,455,175
B,450,374,406,341,387,290,407,250,440,241,390,249,387,198,392,168,398,141,419,242,417,186,418,150,419,118,447,246,445,195,443,161,441,133,475,259,475,220,472,193,467,169
B,454,376,409,340,392,288,415,246,447,238,397,245,396,192,403,162,411,134,428,239,429,181,432,145,435,112,457,245,459,191,458,157,457,128,486,260,487,220,485,192,483,167
B,459,379,415,341,397,290,419,247,455,237,403,244,402,191,408,161,416,133,434,239,434,181,437,145,439,111,463,246,465,191,464,156,464,126,492,261,493,220,491,191,489,166
B,443,384,396,351,373,299,388,251,424,241,378,255,372,203,374,172,379,144,408,247,401,189,401,154,400,122,436,250,432,197,428,163,425,135,466,262,463,222,458,194,453,169
B,447,387,399,355,375,301,392,252,427,243,382,257,375,206,377,176,381,148,411,249,405,192,404,156,403,124,438,252,435,199,431,165,427,136,468,263,465,223,461,195,456,170
B,449,386,402,352,379,300,396,253,430,244,385,254,379,203,382,173,387,145,414,247,409,191,409,155,409,122,442,252,439,199,435,165,433,136,472,264,469,224,466,196,462,171
B,438,384,395,349,376,298,395,255,429,243,383,251,381,198,386,167,393,139,413,247,412,188,415,152,417,117,442,253,443,199,442,164,441,133,470,268,471,227,469,198,466,171
B,440,378,393,345,372,295,391,251,423,238,378,251,373,200,377,169,383,141,408,244,404,187,405,151,405,118,436,248,434,195,432,160,430,131,465,260,462,220,459,192,456,166
B,442,380,393,350,367,299,380,251,413,239,373,257,362,208,362,178,365,151,400,247,390,193,387,159,384,127,427,248,420,198,413,165,408,138,455,257,449,218,444,192,438,168
B,448,380,400,350,375,300,388,252,421,241,379,256,370,205,371,175,375,148,407,247,399,192,397,157,395,124,434,250,429,198,423,165,418,138,463,260,458,221,453,194,448,169
B,446,378,400,345,379,296,396,252,428,240,380,253,375,201,379,170,386,143,410,246,406,188,407,153,407,121,438,250,435,197,432,163,429,135,468,261,465,221,461,194,456,169
B,445,383,399,351,378,301,397,257,432,243,384,252,379,199,383,168,388,139,414,246,411,187,411,150,411,115,443,252,442,197,440,161,438,130,473,266,471,224,468,195,465,168
B,446,387,400,355,376,304,394,257,428,247,385,255,379,203,382,171,388,142,415,248,410,189,411,153,412,118,444,253,442,198,439,162,438,131,473,267,470,225,467,196,463,171
B,446,386,400,353,378,300,395,254,428,243,388,253,383,202,386,171,392,143,417,246,413,189,414,153,415,118,445,251,443,197,440,163,438,133,473,265,470,224,467,196,464,170
B,445,380,399,347,378,298,396,254,429,241,380,255,376,203,380,172,386,145,410,248,406,191,407,156,407,123,438,251,436,199,433,165,430,137,468,263,466,223,462,196,457,171
B,439,382,393,348,372,301,393,260,426,248,376,256,373,204,377,173,384,146,405,250,402,193,404,158,405,125,433,255,431,203,429,170,427,141,463,267,461,227,457,199,452,175
B,448,378,400,348,376,297,393,251,428,244,378,255,370,204,372,173,377,146,406,246,399,191,398,157,397,125,434,248,429,199,425,166,421,139,464,258,459,220,455,193,450,169
B,444,381,398,350,377,299,396,256,428,250,381,256,376,203,379,172,386,144,410,249,405,191,406,155,407,122,438,253,435,201,432,166,431,137,468,264,466,224,462,196,459,172
B,427,383,381,350,362,299,384,259,418,252,370,253,368,201,373,170,381,142,399,248,398,190,401,153,403,119,427,254,427,200,427,165,426,134,456,268,455,226,453,198,451,172
B,425,384,379,352,360,300,381,260,412,256,365,257,362,206,367,175,374,148,394,251,390,195,393,159,395,127,421,255,419,204,418,169,417,140,450,267,448,228,445,200,442,176
B,437,381,391,351,368,300,386,258,417,253,370,258,361,208,362,177,366,149,397,250,389,195,387,160,385,127,425,252,418,202,414,168,410,139,454,262,448,223,443,196,438,171
B,443,381,397,351,375,300,397,258,430,252,375,259,370,206,373,174,379,145,405,250,399,193,400,156,399,122,433,254,430,201,426,166,423,136,463,265,461,225,456,197,450,172
B,444,376,399,348,378,299,402,259,433,249,375,257,371,204,373,170,377,140,406,248,401,189,400,151,399,116,434,251,432,197,428,162,424,131,464,262,462,221,457,192,452,167
B,440,377,395,349,373,301,395,260,427,250,370,259,365,206,367,173,371,142,400,250,395,191,394,153,392,118,429,252,426,198,421,163,417,132,459,263,457,222,452,193,446,168
B,440,379,395,352,372,303,394,261,428,251,369,259,363,206,365,173,369,142,399,250,393,191,392,153,391,117,428,253,424,199,420,163,415,132,458,264,455,223,450,194,445,169
B,433,386,387,356,364,302,382,256,416,256,371,257,363,207,365,176,369,147,398,249,391,193,390,157,390,123,425,253,421,201,418,166,416,136,454,267,449,226,444,198,440,173
B,430,389,384,359,359,304,378,259,410,258,366,261,359,212,360,181,365,153,393,253,385,198,385,162,385,128,420,256,415,204,412,169,409,139,449,268,443,229,438,201,435,176
B,433,387,387,358,363,306,382,261,414,257,367,262,360,212,362,182,366,154,395,253,388,197,388,162,387,129,422,256,418,204,414,170,411,141,451,267,447,227,442,201,439,177
B,437,390,390,358,367,307,383,262,417,254,371,260,367,208,371,178,378,150,401,253,397,197,398,162,399,129,430,258,427,206,425,172,422,143,460,270,457,231,454,204,450,179
B,443,392,397,360,375,310,395,269,427,257,377,265,373,213,377,181,384,151,407,258,402,200,403,164,404,130,435,263,432,209,429,175,426,146,466,275,463,234,459,206,454,181
B,441,392,395,360,371,311,391,268,424,255,375,265,371,212,376,181,382,152,406,258,402,199,404,164,405,131,434,262,432,208,429,174,426,145,464,275,462,233,458,205,453,180
B,436,392,389,358,367,307,386,263,421,256,369,260,366,208,370,178,377,151,400,253,396,197,398,162,398,130,429,258,426,207,423,172,421,144,459,271,456,231,452,204,447,179
B,437,388,390,355,368,305,386,262,418,250,372,259,366,207,369,177,375,149,401,252,396,195,396,160,396,127,429,256,426,203,422,169,419,141,459,267,456,228,451,201,446,176
B,435,385,389,352,367,299,385,254,419,248,372,255,366,203,370,173,377,146,401,248,396,191,397,156,398,124,429,252,426,199,423,166,420,137,458,264,455,225,451,197,447,173
B,437,384,391,351,370,300,388,256,421,248,376,256,370,204,375,175,381,148,405,249,400,193,402,159,403,127,432,253,430,201,427,168,426,140,461,265,459,226,455,199,451,174
B,438,380,393,347,371,295,389,250,423,245,375,250,371,199,375,170,381,143,404,244,400,188,401,153,402,122,432,248,430,197,427,163,425,135,462,260,459,221,455,194,451,170
B,434,377,388,344,368,292,386,249,418,241,370,250,364,198,369,168,376,141,399,243,394,186,396,151,397,119,427,246,424,194,421,160,419,132,457,258,454,218,450,191,445,166
B,432,376,386,343,364,291,382,247,416,241,367,247,361,196,364,167,370,140,396,239,391,184,391,150,391,118,424,243,421,192,417,159,415,131,454,254,450,215,446,189,441,165
B,430,376,384,344,362,292,380,247,413,241,365,247,359,196,362,166,368,138,394,239,388,184,389,148,389,116,422,243,418,192,415,158,412,130,452,254,448,215,444,188,439,164
B,429,375,383,343,361,292,379,249,412,241,363,247,357,196,360,166,366,139,392,240,387,184,387,149,387,117,421,243,417,192,413,158,410,131,450,255,447,216,442,189,437,165
B,430,374,383,345,360,293,378,247,412,240,364,248,357,197,360,167,366,140,393,240,387,184,386,150,386,117,421,243,417,192,413,159,410,131,450,254,446,215,441,189,436,165
B,431,377,384,345,362,293,380,249,412,241,365,248,359,197,363,166,369,139,395,241,389,184,390,149,390,117,423,245,419,193,415,159,413,131,453,256,449,216,444,189,440,165
B,434,378,387,347,364,295,383,251,416,242,368,250,362,199,365,168,371,141,397,242,392,186,392,151,393,119,425,246,422,194,418,161,416,132,455,258,451,218,447,191,443,167
B,432,383,386,352,363,299,381,252,415,245,368,252,362,201,366,171,372,144,397,245,392,189,392,154,392,122,425,250,422,197,419,163,416,135,455,262,451,222,447,194,443,170
B,431,380,384,349,363,296,382,253,415,245,366,251,360,201,364,171,371,145,395,244,390,188,390,153,392,121,424,248,420,196,417,162,415,133,453,260,450,221,445,194,441,169
B,430,382,384,351,362,298,379,253,413,246,367,253,361,202,364,172,370,145,396,246,391,190,391,154,392,122,423,250,421,198,418,164,416,134,453,263,450,223,446,195,442,170
B,428,380,382,348,360,297,378,252,410,244,364,250,358,199,361,169,367,142,393,243,387,187,388,152,389,120,421,247,417,195,414,161,412,132,451,260,447,219,442,192,438,167
B,432,379,386,348,364,296,382,252,415,245,368,252,362,202,365,172,371,145,397,245,391,189,391,154,392,121,424,248,421,196,418,162,416,133,453,259,450,220,446,193,441,169
B,432,378,385,346,363,296,380,251,414,243,366,251,360,200,364,170,370,143,395,243,390,187,390,153,391,120,423,246,419,195,416,161,413,132,452,258,448,219,444,191,440,167
B,431,377,384,346,361,295,379,250,412,241,367,249,360,198,364,168,369,141,395,242,389,186,390,152,390,119,423,246,419,194,415,161,412,132,452,257,448,218,443,191,438,166
B,431,373,384,343,362,292,379,247,410,240,366,247,359,197,361,167,367,140,395,239,388,184,388,150,387,118,422,243,418,192,414,159,411,131,451,254,447,215,442,188,437,164
B,431,371,385,342,361,291,378,247,411,238,363,248,356,198,359,168,364,141,391,240,385,185,384,151,384,119,419,243,414,192,410,159,407,131,449,253,444,215,439,188,434,165
B,430,370,384,341,360,291,375,245,409,237,362,246,355,195,358,166,362,139,391,238,384,182,383,148,382,117,418,241,413,190,409,157,405,129,448,251,444,213,439,186,434,162
B,430,371,383,340,359,292,374,247,407,237,361,246,353,196,356,166,361,139,390,239,383,183,382,149,381,116,417,242,412,191,408,158,404,130,447,252,442,213,437,186,432,163
B,430,372,383,341,360,291,376,247,408,238,362,246,355,195,358,166,362,139,391,238,384,183,384,149,383,118,419,241,414,190,410,158,406,130,448,253,444,214,439,187,434,163
B,432,370,385,341,361,291,378,246,410,238,364,246,356,196,359,166,365,139,393,238,385,183,385,149,385,117,420,241,415,191,411,157,408,129,450,252,446,214,441,187,436,163
B,432,373,385,343,361,294,377,249,410,239,364,247,357,197,360,167,365,140,393,240,386,185,386,151,385,119,420,243,415,193,411,160,408,133,450,254,445,215,440,189,434,165
B,431,370,384,341,361,291,377,246,410,237,363,247,356,197,358,167,363,141,391,239,385,184,385,150,384,119,419,242,414,192,410,159,407,132,448,252,444,214,439,188,433,164
B,431,369,384,339,361,289,377,245,408,237,362,247,355,197,358,167,363,139,391,239,384,184,384,149,383,117,419,242,414,191,409,158,405,130,448,252,444,213,438,186,433,162
B,431,369,384,338,361,289,377,245,407,235,361,246,354,195,356,165,361,138,389,237,382,183,382,148,380,117,417,240,412,189,407,156,403,129,447,250,442,211,437,185,431,162
B,428,367,381,337,358,287,375,242,408,236,358,243,351,194,353,164,358,138,387,235,380,181,378,147,377,116,415,238,410,188,405,156,401,128,445,248,440,210,434,184,429,161
B,429,365,382,334,359,285,375,242,407,233,359,243,352,192,354,162,358,135,388,234,381,179,379,145,378,113,415,237,410,186,405,153,401,126,445,247,440,208,435,181,429,158
B,427,364,380,335,356,286,373,242,406,234,357,242,349,192,351,163,356,136,385,234,378,179,377,145,376,114,413,237,408,186,403,154,399,126,443,247,438,209,432,182,426,159
B,427,363,380,334,356,285,372,240,403,232,358,243,349,192,351,162,356,136,386,234,378,179,377,144,375,113,413,237,407,186,402,153,398,125,443,247,438,208,432,181,426,157
B,427,364,379,335,355,287,370,242,402,233,356,242,348,192,350,162,355,136,385,234,377,179,376,145,374,114,412,236,406,186,401,153,397,126,442,247,437,208,431,182,425,159
B,426,365,379,336,354,287,368,242,401,234,354,242,346,193,349,163,353,136,382,233,375,180,374,146,372,114,410,236,404,186,400,154,396,127,440,246,435,208,429,182,423,158
B,425,364,378,336,354,286,370,240,401,233,355,243,346,192,348,163,353,136,383,234,375,179,374,145,373,113,411,236,405,186,399,153,395,126,441,246,435,208,429,181,424,158
B,425,363,378,333,354,285,369,241,402,234,355,241,347,192,349,163,353,136,383,233,375,179,374,145,372,114,411,236,405,186,400,153,396,126,440,246,436,208,430,182,424,158
B,429,365,383,332,363,283,382,241,414,232,364,240,360,188,364,158,371,130,394,233,390,176,391,141,392,108,422,237,419,185,416,152,414,124,452,249,449,209,445,182,440,158
B,428,365,382,333,361,283,379,239,413,231,364,236,359,186,363,156,369,129,393,230,389,174,390,139,390,107,421,234,419,182,416,149,413,120,450,247,448,208,444,180,439,156
B,430,365,384,332,363,281,382,238,416,232,364,236,360,185,364,155,371,129,394,229,390,173,391,139,391,107,422,234,420,183,416,149,414,121,452,247,449,208,445,181,440,156
B,430,365,384,333,363,282,381,239,413,231,365,239,360,188,364,157,370,130,394,232,389,176,390,141,391,108,422,236,419,184,415,151,413,122,451,248,448,208,444,181,438,156
B,430,366,384,333,363,284,382,242,414,232,364,240,359,189,363,158,369,131,393,233,389,177,390,142,390,110,421,237,418,185,415,152,412,124,451,248,448,209,443,182,438,158
B,430,365,383,335,361,285,380,242,412,235,363,240,358,189,362,159,368,132,393,232,388,176,388,142,388,109,421,237,418,185,414,152,411,123,451,249,447,210,443,183,438,159
B,429,366,382,335,360,286,379,242,410,233,364,241,358,190,361,160,367,132,393,233,387,177,387,142,387,110,420,237,416,185,412,151,409,123,450,249,446,209,441,181,436,157
B,429,366,382,334,360,285,378,242,412,233,363,240,358,190,361,160,367,132,392,233,387,178,388,143,388,110,420,237,417,186,413,153,410,125,449,249,446,211,441,183,436,159
B,427,367,381,335,359,286,377,243,410,233,362,241,356,190,360,160,365,133,391,234,386,178,386,144,386,112,419,238,415,187,412,153,409,125,448,250,445,210,440,183,435,159
B,428,367,383,334,361,285,379,242,411,233,362,240,356,189,360,159,365,132,390,233,385,178,386,143,385,111,419,236,415,185,411,152,408,124,448,248,445,210,440,183,435,159
B,429,366,383,334,361,285,379,242,411,234,363,241,358,189,362,159,368,132,393,234,387,177,388,142,389,110,420,238,417,186,414,153,411,125,450,249,448,210,443,183,438,159
B,429,364,383,334,360,284,378,241,410,234,363,237,357,187,360,158,367,131,392,231,386,176,386,141,386,109,420,235,416,185,412,151,409,123,450,247,446,209,441,182,436,157
B,429,364,383,332,362,283,379,240,411,230,363,239,358,188,361,158,367,131,392,232,387,176,388,141,387,109,420,236,416,184,412,151,409,123,450,248,446,208,441,181,435,157
B,429,364,383,332,361,284,378,241,411,232,363,239,357,189,360,159,366,132,391,232,386,176,387,142,386,110,419,235,415,184,412,152,409,124,449,247,445,208,440,182,435,158
B,430,365,383,334,361,283,377,238,410,232,363,241,356,190,359,159,365,132,392,233,386,177,386,142,385,110,419,236,415,185,411,151,408,122,449,248,445,208,440,180,434,156
B,428,365,382,333,361,283,379,240,411,232,363,241,357,190,360,160,366,132,392,234,387,177,387,142,387,110,420,237,416,185,412,152,408,124,449,249,446,209,441,182,435,157
B,428,366,382,334,359,285,376,242,410,233,360,239,355,189,359,160,364,133,389,232,384,177,385,143,385,111,418,236,414,185,410,152,407,124,448,247,444,209,439,182,434,158
B,427,365,380,333,359,283,377,241,408,231,361,241,354,190,358,160,363,132,390,233,384,177,384,142,384,109,417,237,413,185,409,151,406,122,447,249,443,209,438,181,432,156
B,427,364,381,332,360,285,378,242,410,231,360,239,355,189,358,159,364,132,389,232,384,177,385,142,385,110,418,236,414,185,410,152,407,124,447,247,444,209,439,181,434,157
B,428,365,382,334,359,284,376,239,408,232,362,241,355,190,358,160,364,133,391,233,385,177,385,142,384,110,418,237,414,185,410,152,407,124,448,248,444,209,440,181,435,157
B,428,364,382,332,360,283,378,239,409,230,361,241,355,190,358,159,364,132,390,233,384,177,384,142,384,110,418,236,413,185,409,151,406,123,447,247,443,208,438,180,433,156
B,429,363,382,333,360,283,377,240,409,231,360,241,353,190,356,159,362,132,389,233,383,177,383,141,382,108,417,236,412,185,408,151,405,124,447,246,443,208,438,181,432,157
B,427,363,381,332,358,282,375,238,409,232,360,236,354,186,357,157,362,131,389,229,383,174,383,140,382,108,417,233,412,182,408,149,405,122,447,245,442,206,437,180,432,156
B,428,362,382,332,359,282,377,238,409,230,360,238,353,187,357,157,363,129,389,230,383,174,383,139,383,107,417,234,412,183,408,150,405,122,447,245,443,206,437,179,432,155
B,427,362,380,332,358,283,375,239,406,229,359,238,352,187,355,157,360,129,388,230,381,174,381,140,381,107,415,234,411,183,406,149,402,121,445,245,441,206,435,178,430,153
B,427,363,380,332,357,284,374,240,406,230,358,241,351,190,355,160,360,132,387,232,381,177,381,142,380,109,415,235,410,184,406,150,403,122,444,246,440,207,435,180,429,156
B,427,365,380,334,358,285,376,241,408,231,359,242,353,191,356,160,361,132,388,234,382,178,382,143,381,110,415,237,411,185,407,152,403,124,445,248,441,208,436,181,430,157
B,427,363,381,333,359,284,376,241,407,231,359,240,353,189,356,159,362,132,388,232,382,176,383,142,382,110,416,236,412,185,408,152,404,124,446,247,442,208,437,181,432,157
B,426,364,379,334,356,285,373,241,405,230,358,240,351,190,353,159,359,131,387,232,380,176,380,141,379,108,414,235,410,184,406,150,402,122,444,246,440,206,434,179,429,155
B,426,365,380,334,357,285,373,241,407,231,358,240,351,190,355,160,360,133,387,232,381,178,381,143,380,110,415,235,411,185,407,152,404,124,445,246,440,208,435,181,429,157
B,425,362,379,331,356,283,373,240,405,231,357,238,350,187,354,158,359,131,386,231,380,175,379,140,379,108,414,234,409,183,405,150,401,122,444,246,440,207,434,180,429,156
B,429,362,381,331,359,282,377,240,410,231,359,239,352,188,356,158,361,131,388,232,382,176,382,141,381,108,416,235,411,184,407,150,403,123,446,245,441,207,436,180,431,156
B,425,361,379,331,357,282,374,240,405,231,357,239,350,188,353,158,359,131,385,231,379,176,379,141,379,109,413,235,408,183,404,150,400,122,443,245,439,207,433,180,428,156
B,428,362,382,332,359,283,376,240,407,231,359,239,352,188,355,158,361,131,388,232,382,176,382,141,381,109,416,235,411,184,407,150,404,123,446,245,442,207,437,180,432,156
B,429,364,382,334,359,285,376,241,407,231,360,241,353,189,356,158,362,131,388,233,382,176,383,141,382,109,416,236,412,184,408,151,404,123,446,247,442,207,437,180,432,156
B,428,364,381,333,358,285,376,242,407,231,359,242,352,190,355,159,361,132,388,234,382,177,382,142,382,110,416,237,411,185,407,151,404,124,446,247,442,207,436,180,431,157
B,425,364,379,333,357,284,375,241,407,233,357,240,350,189,353,160,358,133,385,232,379,177,378,142,378,110,413,235,409,184,404,151,400,123,443,247,439,208,434,181,428,156
B,428,365,381,335,358,286,375,242,406,233,359,242,353,191,356,160,361,133,388,234,382,177,382,142,382,110,416,237,412,185,407,152,404,123,446,248,442,209,437,181,431,157
B,428,368,381,336,358,287,375,243,409,234,359,243,353,192,356,162,361,135,388,235,382,179,382,144,381,112,416,238,412,187,408,154,403,126,446,250,443,210,437,183,432,159
B,428,369,381,340,358,289,376,244,407,235,360,245,353,194,356,163,361,136,389,237,382,181,382,146,381,113,417,240,412,188,407,155,403,126,446,251,442,212,437,185,432,161
B,430,368,383,337,360,288,378,246,410,235,361,243,355,192,358,161,364,134,391,236,384,179,384,144,384,112,419,239,414,187,410,154,406,126,449,249,445,211,440,184,434,160
B,429,366,383,335,361,287,378,246,410,234,362,243,355,192,359,162,364,134,390,236,385,179,385,145,385,112,418,239,414,188,410,155,407,127,448,250,444,211,439,184,434,160
B,429,364,383,334,359,286,376,243,409,233,361,241,354,191,358,161,364,133,390,234,384,178,384,144,384,111,418,237,414,187,410,154,406,126,448,248,444,209,439,182,433,158
B,431,364,385,334,363,284,381,241,414,233,361,242,355,191,359,161,365,134,391,234,385,178,385,143,385,111,419,237,415,186,411,153,408,125,449,247,445,209,440,182,435,158
B,429,365,383,335,360,287,378,244,409,232,360,244,354,192,357,162,363,134,389,236,383,179,383,144,383,112,417,239,413,187,409,153,405,125,447,250,443,210,438,182,433,158
B,429,367,383,337,359,287,376,243,410,235,360,243,354,192,357,162,363,135,389,235,383,179,383,145,383,113,417,239,413,187,409,154,405,126,447,249,443,210,438,183,433,159
B,429,366,383,337,360,287,377,243,410,234,360,242,354,191,357,161,362,134,389,234,383,178,383,143,383,111,417,238,413,186,409,152,406,124,447,249,443,209,438,182,433,158
B,429,366,382,336,359,285,377,242,409,233,360,243,353,192,356,161,361,134,388,235,382,179,382,144,382,112,416,238,412,186,407,153,404,125,446,248,442,209,437,182,432,158
B,427,366,380,337,357,287,374,243,405,235,359,244,351,193,354,164,360,137,387,236,380,180,380,145,379,113,414,239,410,188,406,155,402,126,444,249,440,211,435,184,429,160
B,427,366,380,337,357,286,374,243,407,236,359,243,352,192,355,162,360,135,387,235,381,179,381,145,380,113,415,239,410,188,406,155,402,127,444,249,440,210,435,183,430,159
B,431,364,384,335,360,287,378,244,409,232,362,243,356,192,359,161,364,133,391,236,385,180,385,145,385,113,419,238,414,188,410,155,406,127,448,249,444,209,439,183,433,159
B,431,366,384,336,361,286,378,241,411,231,362,242,355,191,359,161,364,133,391,234,385,179,385,144,385,112,418,237,414,186,410,153,406,126,447,248,444,209,438,182,433,158
B,430,364,384,334,361,284,378,240,410,231,362,242,355,190,358,160,363,133,390,234,384,177,383,142,383,110,418,236,414,185,409,151,405,122,448,247,444,207,438,180,432,156
B,432,364,385,335,361,285,379,242,412,231,363,241,356,190,360,160,365,133,392,233,386,178,386,143,386,112,419,236,414,185,410,152,407,125,448,246,444,207,439,180,434,157
B,430,364,385,334,364,285,381,243,411,231,363,241,356,191,360,160,366,132,391,233,385,178,384,143,384,109,419,236,414,185,410,152,407,124,449,247,444,208,439,181,434,157
B,430,365,383,336,360,287,377,244,408,232,362,243,355,192,358,161,364,133,391,235,384,179,384,144,384,112,418,238,413,187,409,154,406,127,447,248,443,210,438,183,432,159
C,511,311,454,288,410,257,373,238,341,216,435,182,413,136,384,125,357,124,451,176,428,116,389,109,358,123,468,175,449,115,407,107,375,117,484,182,464,135,431,122,403,124
C,508,325,449,298,406,260,373,240,343,219,451,187,425,139,389,128,358,131,462,183,431,122,385,116,353,129,468,187,438,126,391,121,359,133,467,197,437,151,401,140,373,142
C,508,327,450,298,406,260,373,240,343,218,452,185,426,138,390,127,359,130,463,181,431,120,386,113,354,126,469,186,437,125,391,119,358,131,468,195,436,150,400,139,370,140
C,510,328,448,300,404,265,371,244,340,221,439,191,417,146,386,135,358,134,453,186,429,126,387,119,354,131,466,187,443,125,399,120,367,132,474,194,451,143,416,134,387,140
C,506,319,450,299,403,269,363,249,328,226,425,193,400,148,372,137,345,135,442,186,416,129,378,123,347,134,460,184,438,127,399,118,368,128,479,190,457,144,426,130,398,132
C,502,329,442,303,396,269,361,249,328,229,430,195,406,150,374,138,346,137,445,190,419,129,377,121,344,132,459,191,436,128,392,120,360,129,469,198,444,149,409,137,380,140
C,500,335,439,307,394,271,359,250,329,230,431,196,408,148,375,136,345,137,445,191,419,129,376,121,342,133,457,193,433,130,388,123,355,134,464,201,439,153,403,142,373,146
C,491,337,432,312,387,279,350,257,319,234,416,201,394,154,365,142,337,140,433,195,409,136,370,127,336,138,450,195,431,134,389,124,355,133,466,202,445,154,413,138,384,137
C,497,334,439,312,392,279,353,257,320,234,418,202,394,155,365,142,337,140,436,195,410,137,372,128,339,138,454,195,434,135,394,124,360,133,473,202,451,156,420,139,391,139
C,502,331,444,309,399,278,360,257,327,232,423,201,399,155,369,142,341,140,439,194,415,135,376,126,344,138,457,194,437,133,397,122,365,131,475,200,455,151,423,136,394,137
C,503,334,443,312,397,281,358,259,324,235,420,203,396,158,369,143,342,138,439,196,413,141,378,130,346,136,458,196,438,137,401,124,368,130,480,203,459,157,429,139,400,137
C,501,333,443,312,397,281,358,259,323,235,421,202,397,153,367,140,339,138,439,196,415,136,377,127,344,138,459,197,439,135,399,124,366,132,480,204,459,156,427,139,399,139
C,503,332,445,311,398,280,358,258,325,233,421,201,397,153,368,140,340,139,440,195,415,136,378,127,345,136,460,195,439,134,400,122,368,130,481,201,459,153,428,137,399,138
C,502,331,444,311,398,280,358,259,324,235,419,202,395,154,366,141,337,141,437,195,412,137,375,128,342,137,457,195,436,135,398,123,366,131,479,201,459,153,428,137,399,137
C,504,328,446,307,398,276,358,256,325,230,419,199,395,150,366,137,338,137,439,192,414,133,377,124,344,135,459,192,438,131,400,120,367,128,481,199,460,151,428,135,399,135
C,506,330,448,309,402,277,362,256,328,231,423,199,399,151,370,138,342,138,442,193,417,135,381,126,348,135,462,193,441,133,404,122,371,129,485,201,464,154,433,137,404,137
C,508,326,449,306,403,277,364,255,331,230,423,199,399,151,371,138,344,136,442,192,417,135,381,125,350,134,462,191,441,132,404,120,373,128,485,197,463,150,433,133,404,133
C,511,322,454,302,406,272,367,252,334,227,426,194,402,146,373,134,346,135,445,188,419,131,384,123,352,133,465,188,442,130,405,119,373,127,488,195,466,148,435,132,406,132
C,504,321,446,304,398,275,359,255,327,231,418,196,394,149,366,137,339,137,437,189,410,136,377,126,346,133,457,189,433,132,398,121,368,127,481,195,458,149,427,132,399,130
C,469,330,409,311,361,281,320,262,286,240,384,199,358,152,327,141,299,141,402,192,375,133,335,126,303,138,421,192,398,132,357,122,323,131,441,199,418,152,386,137,357,136
C,457,337,393,317,342,285,300,265,263,244,369,200,342,152,309,140,278,140,386,192,356,130,312,123,277,137,404,191,378,126,332,118,297,130,421,197,395,148,359,133,328,136
C,462,345,392,318,339,281,296,260,258,236,373,193,344,140,307,126,273,126,392,185,358,117,310,108,271,123,410,185,381,115,331,105,291,117,426,194,396,141,356,124,320,123
C,469,348,400,321,346,282,301,260,262,234,378,192,349,136,310,123,276,124,399,184,367,113,317,104,277,119,419,185,392,112,339,102,298,113,438,196,408,140,366,123,331,124
C,469,355,401,327,346,289,303,266,265,241,381,202,354,147,317,132,283,132,400,194,369,123,320,113,281,127,418,194,391,122,339,112,299,124,435,202,406,147,366,130,331,131
C,458,353,390,327,339,291,299,269,261,247,369,207,343,156,308,143,276,142,387,199,357,132,310,124,274,138,404,199,377,130,328,123,290,135,419,205,392,151,353,137,319,141
C,460,350,394,320,346,283,311,261,279,237,387,203,361,154,325,141,292,143,401,197,372,132,325,124,290,137,411,199,382,133,335,126,300,137,415,207,385,156,345,144,313,146
C,458,353,394,323,348,285,313,264,283,240,390,208,365,159,329,146,297,147,402,203,374,138,328,131,293,144,410,205,383,139,336,132,302,144,413,212,384,162,346,150,316,152
C,458,350,393,319,348,281,315,261,284,238,392,204,366,156,330,144,298,146,404,200,374,137,328,129,293,143,412,203,382,138,335,131,301,142,412,212,381,162,343,149,312,149
C,460,350,397,319,351,280,317,260,287,237,396,203,369,153,333,141,301,143,409,198,377,134,330,127,296,142,416,201,386,136,338,130,304,142,417,211,385,160,347,148,317,149
C,462,350,398,320,352,284,318,263,288,239,394,205,368,157,333,145,301,147,406,199,377,137,331,129,297,143,414,202,385,139,338,132,305,143,415,210,385,161,347,149,316,150
C,471,346,406,320,355,290,317,278,283,261,390,207,359,161,324,150,293,153,402,202,367,140,322,134,289,149,411,205,377,142,331,136,297,148,413,215,379,168,341,157,310,158
C,476,336,412,317,361,290,323,280,290,264,389,203,361,153,324,141,292,144,401,198,370,132,325,125,291,138,411,202,381,136,335,127,301,136,416,213,386,167,350,152,319,147
C,474,335,411,315,361,289,324,278,292,260,388,202,361,152,324,141,294,144,401,198,371,131,326,125,293,137,411,201,383,134,337,126,304,136,417,212,388,166,354,151,325,147
C,479,330,414,313,364,288,326,277,295,260,388,201,362,151,326,139,296,142,401,196,371,130,327,124,294,138,412,198,383,134,337,126,304,136,419,208,391,163,356,149,327,147
C,479,331,416,314,365,288,328,279,296,262,389,202,363,151,328,140,300,143,403,198,374,131,329,125,296,138,415,200,386,134,340,127,307,137,423,208,394,163,359,150,330,149
C,478,333,415,316,365,289,327,278,295,262,389,205,363,155,328,143,299,147,402,200,374,134,330,128,297,141,415,202,388,137,343,129,309,139,424,211,397,166,362,153,333,151
C,480,329,417,313,367,288,330,276,297,260,388,205,362,155,328,144,300,147,403,200,375,134,331,128,299,142,417,201,391,136,345,129,312,140,428,209,401,164,366,151,337,150
C,478,332,416,317,366,291,328,279,296,263,387,207,362,158,328,147,300,150,402,201,374,137,330,131,297,144,415,203,388,138,343,132,310,143,427,211,398,165,362,153,333,154
C,479,332,416,316,366,291,328,280,294,263,385,209,359,161,326,150,298,152,400,202,371,139,328,133,296,147,414,202,388,140,344,133,310,144,427,210,400,166,365,153,335,152
C,478,329,415,314,365,290,327,279,295,261,384,208,359,159,326,147,298,149,399,201,372,138,329,131,296,144,413,201,388,138,343,131,310,142,426,209,399,165,364,152,334,152
C,478,327,415,312,365,288,327,276,294,258,383,208,358,159,326,147,298,147,399,200,372,137,329,130,297,143,414,199,389,136,345,129,312,141,428,206,402,161,366,148,336,149
C,477,327,416,313,366,288,328,277,296,261,386,207,360,158,327,147,298,149,401,200,372,137,329,131,296,145,416,200,388,138,343,132,309,143,428,208,399,165,363,152,333,152
C,477,328,415,313,366,290,329,280,297,263,385,209,360,160,327,148,300,149,400,202,373,139,331,133,299,146,416,202,390,140,346,134,313,144,430,209,404,166,369,154,339,154
C,478,328,416,313,367,290,329,280,296,262,385,210,359,161,327,149,299,149,401,203,373,139,331,132,299,144,417,203,390,140,346,133,313,143,432,211,404,167,369,154,338,153
C,485,339,426,321,375,295,335,282,301,263,394,213,368,161,336,147,307,146,413,208,387,141,345,133,311,145,433,210,409,145,366,136,332,145,453,221,429,177,395,159,365,154
C,485,336,422,313,371,282,333,267,301,247,400,199,375,148,342,134,313,133,415,194,389,128,345,118,310,128,430,195,405,129,360,118,325,126,441,204,415,156,380,140,350,137
C,484,332,418,310,368,281,330,265,297,246,396,198,371,146,338,132,309,133,412,191,385,125,341,115,306,128,427,192,403,126,356,116,321,125,439,200,413,152,377,136,345,135
C,476,338,412,316,362,286,324,272,290,252,390,203,367,150,332,136,302,137,406,197,381,128,337,118,302,129,422,199,398,130,352,118,316,126,434,208,408,159,371,142,340,139
C,474,345,408,322,357,289,318,273,283,253,386,205,362,153,328,138,297,137,403,199,376,130,332,119,296,128,417,201,393,131,346,119,310,126,427,210,401,159,365,144,333,142
C,477,346,410,322,358,290,320,274,286,253,390,205,363,153,328,139,296,140,406,200,378,131,331,120,295,132,421,201,395,132,346,121,309,130,431,211,403,160,365,145,332,144
C,476,352,410,328,359,295,320,278,286,259,389,210,364,158,328,144,298,145,405,204,378,136,332,126,296,138,419,207,394,138,346,127,310,136,429,217,402,167,365,152,334,150
C,474,358,408,332,358,298,319,281,284,261,391,215,366,160,328,147,296,149,406,210,380,138,332,128,296,139,420,213,395,141,345,130,308,138,428,224,400,172,361,156,329,155
C,474,352,410,328,360,294,321,276,287,257,389,210,364,157,329,144,298,146,405,205,378,136,332,127,297,138,418,207,393,138,346,127,311,136,428,216,402,167,366,151,334,149
C,476,349,412,325,362,292,324,275,291,256,393,207,368,155,334,142,303,143,408,202,382,134,337,124,302,135,422,205,398,136,351,125,315,133,431,214,404,164,368,149,337,147
C,477,350,413,327,362,293,324,277,291,258,394,210,370,158,335,143,304,144,409,205,384,137,338,126,302,137,423,207,399,139,351,127,315,135,433,217,405,168,369,152,337,150
C,477,348,412,325,362,292,325,276,291,256,391,209,367,158,333,145,303,146,407,204,381,137,337,127,301,138,421,205,397,139,351,128,315,136,432,214,405,165,369,150,337,148
C,479,349,414,325,365,292,328,274,294,255,397,208,373,156,338,142,308,144,413,204,386,135,341,125,306,138,427,206,402,138,354,127,318,137,436,215,409,166,373,150,342,149
C,478,349,414,325,365,292,328,275,295,255,396,208,372,156,338,143,308,144,412,203,386,136,342,126,306,137,426,205,402,138,356,127,320,135,436,215,410,165,374,149,343,148
C,476,352,412,328,362,295,325,278,291,258,395,211,371,158,336,145,305,147,411,206,384,138,339,128,304,140,424,209,399,141,352,130,316,140,434,219,406,170,370,154,339,153
C,477,351,412,327,362,294,325,277,293,257,393,211,369,159,334,145,304,147,410,206,383,138,338,128,302,141,424,208,400,140,353,129,317,138,435,217,408,167,371,151,340,151
C,476,351,412,328,363,295,326,277,292,258,391,212,367,160,333,147,303,149,407,207,381,139,336,129,301,141,422,208,398,140,351,129,316,138,434,215,408,166,372,150,340,148
C,477,354,413,330,363,296,325,279,293,259,394,213,370,161,336,147,305,148,409,208,384,140,339,130,303,141,423,210,401,142,353,131,317,139,434,220,408,170,372,155,341,154
C,478,353,413,329,363,295,326,278,293,258,395,211,369,160,335,147,305,148,411,206,383,140,339,129,303,140,426,208,400,141,353,130,317,138,437,217,408,167,371,151,339,148
C,477,352,413,328,365,295,328,277,294,257,396,212,371,161,337,147,306,149,412,207,385,140,340,130,304,142,426,209,401,141,354,131,318,140,436,218,408,169,372,153,340,152
C,478,351,413,327,364,295,327,277,295,256,395,211,370,161,336,148,306,149,411,205,384,139,340,129,304,140,425,207,401,140,355,129,319,137,435,216,408,167,372,152,340,150
C,479,350,414,325,365,292,328,275,294,255,398,210,373,160,339,147,308,147,414,205,386,139,341,130,306,142,427,207,402,141,356,131,319,140,437,216,410,167,373,151,341,150
C,476,350,413,325,365,291,328,273,295,253,396,210,371,159,335,146,304,148,410,205,384,138,339,129,304,140,422,208,397,141,351,130,315,138,429,219,401,172,365,155,334,150
C,473,347,410,318,362,278,324,256,290,238,407,196,380,137,339,124,304,127,421,195,387,120,336,114,301,128,429,204,396,134,346,125,311,133,431,223,401,177,365,158,334,148
C,478,348,411,319,363,279,326,258,292,240,409,198,381,135,338,124,303,129,423,200,388,120,335,116,299,133,433,212,399,142,347,133,311,140,434,234,404,188,368,169,338,158
C,477,362,412,333,362,297,324,278,290,258,396,216,368,159,330,145,297,146,410,213,379,140,332,132,295,145,420,221,390,150,342,139,305,146,424,237,396,190,360,170,328,161
C,469,362,406,337,357,301,321,281,288,258,388,220,362,170,326,157,295,158,404,215,376,148,330,139,295,150,416,218,390,151,343,141,308,150,424,228,396,179,360,165,329,165
C,472,367,407,340,360,302,325,280,293,258,391,226,367,176,331,163,301,166,407,221,382,154,335,146,301,162,420,222,399,155,351,146,316,158,430,229,407,178,369,164,339,166
C,471,365,409,339,364,302,330,280,300,257,392,223,370,174,337,162,307,163,408,217,384,152,340,145,307,161,423,218,404,153,358,145,323,158,437,225,418,173,383,158,352,160
C,473,365,411,339,366,302,332,279,302,254,396,224,373,175,340,163,312,164,411,217,386,153,343,146,310,161,426,217,405,152,360,144,326,157,440,223,419,170,384,154,353,157
C,473,365,410,339,365,303,330,281,300,257,393,224,371,175,338,163,309,164,409,218,384,153,341,147,308,163,424,218,404,153,358,146,325,159,438,226,418,173,383,158,353,161
C,473,365,412,339,368,302,333,280,302,258,399,224,376,174,342,162,313,164,414,218,389,152,345,146,312,162,429,219,407,153,361,145,326,157,441,226,419,175,384,159,353,160
C,480,366,416,339,370,305,335,285,305,263,399,226,378,175,346,163,317,163,415,220,391,154,348,146,315,162,429,221,411,155,366,146,332,158,443,229,425,178,390,161,360,161
C,478,364,416,339,370,307,334,288,302,266,398,227,377,176,346,163,317,161,414,221,391,156,349,147,316,160,428,221,410,156,365,145,331,155,441,228,422,177,388,159,358,158
C,479,363,415,338,368,305,332,287,300,266,396,222,374,172,343,159,313,159,413,217,389,152,347,143,312,157,429,218,408,152,364,142,328,151,442,226,419,176,385,159,354,157
C,479,369,414,343,367,308,331,290,299,270,396,228,376,176,344,162,315,162,413,222,390,155,348,145,314,160,428,223,409,156,363,145,329,155,441,230,420,179,385,161,354,159
C,476,367,413,343,366,309,330,290,298,270,394,228,374,177,342,163,313,163,411,222,388,156,345,147,311,160,426,222,407,156,362,146,327,155,439,230,419,181,385,163,353,162
C,476,368,414,342,367,308,331,290,299,270,397,227,375,175,342,161,314,162,414,222,390,154,347,146,315,161,430,223,410,156,364,145,329,156,444,232,421,182,386,164,356,162
C,477,363,414,340,367,307,331,288,300,268,394,224,374,173,341,161,312,162,411,219,389,152,346,144,312,159,427,220,409,154,363,144,329,154,441,229,421,178,386,162,355,161
C,478,363,414,338,367,304,331,286,299,266,397,223,375,172,342,159,313,159,414,217,389,151,346,143,312,157,429,218,408,152,362,142,327,152,442,227,419,176,384,159,353,158
C,477,363,413,338,367,304,332,286,299,267,396,223,374,173,341,160,312,161,413,217,389,152,346,144,313,158,429,219,409,153,363,143,328,153,442,227,420,177,385,160,354,159
C,476,362,414,338,367,304,331,286,300,266,396,223,375,172,342,159,313,160,413,217,389,152,346,144,313,157,428,218,407,153,362,143,327,153,441,226,418,176,383,159,353,158
C,480,365,418,340,371,305,335,287,304,267,399,225,378,174,347,161,318,161,415,220,392,154,350,146,317,160,431,221,411,155,367,145,332,156,445,230,424,180,389,163,359,162
C,485,365,422,340,377,307,342,288,310,267,406,227,385,177,353,164,324,164,422,222,399,156,357,148,323,162,438,223,417,158,372,148,337,158,451,231,429,183,394,166,363,163
C,488,365,428,341,382,307,346,289,314,268,410,229,390,180,360,167,332,166,427,223,405,160,365,151,332,163,443,224,424,160,382,150,348,158,457,232,436,184,403,167,373,165
C,485,365,426,340,382,308,345,290,313,269,409,229,388,182,358,168,331,167,425,224,403,162,364,153,332,164,441,225,423,162,382,152,349,160,456,232,437,184,406,167,377,164
C,477,357,418,336,373,304,336,285,304,265,398,225,376,177,347,163,319,161,413,218,390,157,351,148,319,159,428,218,409,156,368,145,335,154,443,225,423,177,391,160,361,158
C,479,355,418,332,373,299,337,281,305,261,403,219,380,170,348,159,319,159,418,213,393,151,350,143,317,157,433,214,410,151,366,143,332,153,445,222,421,172,386,157,356,157
C,475,354,415,333,370,299,335,280,303,261,397,219,376,170,344,158,316,161,412,213,389,150,347,143,315,157,427,213,406,151,362,143,328,153,440,220,417,171,382,156,352,158
C,476,354,414,331,369,300,334,281,302,260,394,221,373,173,343,161,315,160,409,214,386,153,346,145,315,157,424,214,404,153,363,143,331,153,438,220,418,170,386,154,357,153
C,476,351,414,329,369,298,333,280,302,259,397,218,375,170,344,158,316,159,411,212,387,150,346,143,315,157,426,211,404,150,360,141,328,153,438,218,415,169,380,154,350,154
C,473,351,411,328,365,297,330,281,300,260,392,218,372,170,341,158,313,159,408,212,385,151,345,143,314,156,422,212,402,151,359,142,327,152,435,219,414,170,381,154,351,154
C,471,348,411,328,365,296,330,277,299,258,391,216,369,169,338,158,310,158,406,210,382,149,341,142,309,155,420,210,399,149,356,141,323,151,434,217,411,168,377,153,348,154
C,473,348,410,326,365,294,331,276,299,258,393,215,371,167,339,156,311,157,408,209,383,148,342,140,310,154,422,209,400,148,356,140,323,150,434,216,411,167,375,152,345,153
C,471,349,410,327,364,296,329,278,297,258,387,217,366,170,337,158,310,158,403,210,380,149,341,142,310,155,418,210,398,149,356,140,324,150,432,217,411,168,378,153,350,152
C,469,349,409,328,363,297,327,278,295,260,388,217,366,170,336,159,308,160,403,211,379,150,339,144,309,157,418,211,395,150,353,143,321,154,431,217,407,168,373,154,344,155
C,474,346,412,326,366,294,331,276,299,258,392,215,371,167,340,155,312,156,408,208,383,147,343,140,311,154,422,208,400,147,357,139,324,149,435,215,412,167,378,152,348,151
C,472,345,411,323,365,293,328,276,296,257,391,212,369,164,338,152,310,152,406,206,382,144,342,137,310,149,422,207,400,145,357,136,324,146,436,213,413,164,379,148,350,148
C,474,345,412,324,366,294,329,277,298,256,392,214,371,166,340,153,312,153,408,208,383,146,342,138,310,150,423,207,401,145,358,136,325,146,437,214,414,166,380,149,351,147
C,477,343,414,322,368,291,333,273,301,255,395,209,374,160,342,149,314,150,411,204,387,141,346,134,314,147,427,204,404,142,360,134,326,144,440,211,417,162,383,146,353,146
C,479,346,416,324,370,292,334,274,303,256,396,211,374,163,344,150,316,151,412,206,388,143,348,135,317,148,428,206,407,144,364,136,331,146,443,214,421,165,388,149,359,149
C,478,346,416,325,370,294,334,277,303,257,396,213,374,164,343,152,315,153,412,207,387,146,347,138,315,151,427,208,404,147,361,138,328,148,441,215,418,166,384,151,355,151
C,480,345,414,324,370,293,335,276,303,256,395,213,373,165,343,153,315,153,411,207,386,145,345,136,313,150,426,207,404,146,361,137,327,147,440,215,417,167,383,151,353,150
C,475,345,414,324,369,294,332,277,301,256,395,214,373,165,342,153,314,153,410,208,385,146,345,138,313,151,426,208,403,146,361,138,328,147,440,215,416,167,383,152,353,152
C,476,344,415,325,368,294,333,277,303,256,394,213,372,165,342,154,315,154,410,207,385,146,346,139,315,152,425,207,403,146,360,138,328,149,439,214,416,166,383,152,355,152
C,475,342,416,323,370,292,335,274,305,254,396,211,375,163,344,152,316,153,411,205,387,144,346,137,315,150,425,205,403,145,361,137,328,148,439,211,417,163,383,149,354,149
C,472,343,413,323,368,291,332,274,302,255,393,212,371,164,341,153,313,153,408,206,383,146,344,138,313,150,423,206,400,146,358,138,326,147,437,213,414,165,381,150,353,150
C,471,342,412,323,366,292,330,275,299,256,391,214,370,167,339,156,312,156,406,208,382,148,343,141,312,153,421,207,399,148,357,140,325,150,434,213,412,166,379,151,350,151
C,471,342,412,323,367,292,331,275,299,256,391,212,369,166,339,155,311,156,406,207,381,147,342,140,311,153,421,207,398,148,357,140,324,150,435,214,411,166,378,152,349,152
C,470,342,410,323,365,291,330,274,300,255,390,212,368,165,339,154,312,154,405,206,381,147,342,140,310,152,420,207,399,147,357,140,324,150,435,214,413,166,381,152,352,152
C,472,343,413,324,367,293,331,275,301,256,392,214,369,167,340,156,312,157,407,207,382,149,343,141,312,153,422,207,399,148,358,139,327,149,436,213,414,166,381,151,352,150
C,473,341,413,322,367,290,331,273,301,254,392,212,370,165,341,153,314,154,407,206,383,146,344,139,313,151,423,206,400,146,358,138,326,147,436,212,413,165,381,150,352,149
C,473,340,414,320,368,290,332,273,301,254,394,211,372,163,342,152,315,153,409,205,384,145,344,138,314,151,424,205,401,145,359,138,328,147,438,211,416,164,383,149,355,149
C,480,338,421,318,374,286,335,269,302,249,400,204,376,155,345,142,316,144,417,198,391,137,351,128,317,141,434,198,413,137,371,127,336,137,450,206,430,160,398,144,369,143
C,486,340,423,317,375,284,337,265,304,244,404,200,382,149,349,136,319,137,421,194,396,129,354,121,318,134,438,195,416,130,372,120,336,129,454,203,431,154,397,136,365,134
C,488,344,424,319,376,286,337,268,303,245,405,201,382,149,349,135,319,134,423,195,398,128,355,118,320,131,440,195,420,128,375,116,339,126,456,204,435,153,400,135,368,133
C,483,348,418,323,370,290,330,270,296,248,398,205,375,152,342,138,312,137,415,198,389,132,346,122,311,134,431,198,410,131,365,119,329,129,446,206,426,154,391,136,359,135
C,480,354,415,327,366,291,329,270,295,248,398,207,375,154,341,139,310,139,415,200,389,131,344,122,308,136,431,201,409,131,362,119,326,129,445,208,422,156,386,136,353,134
C,478,357,410,330,361,292,323,271,289,250,394,208,370,155,335,140,304,139,411,202,384,132,336,122,300,136,426,202,403,132,354,120,316,130,438,210,415,155,377,137,345,137
C,473,359,406,331,357,293,321,273,287,252,389,208,366,155,332,140,301,140,405,202,380,132,333,122,297,136,420,203,398,133,350,122,313,132,432,212,410,157,373,138,341,137
C,470,358,404,332,357,295,320,274,287,253,388,211,364,159,330,145,299,146,403,206,376,136,330,128,294,141,416,207,393,136,346,126,310,136,425,214,402,160,366,142,334,141
C,478,354,411,328,364,293,329,273,296,250,395,210,372,159,337,146,307,148,410,205,384,137,339,129,305,144,423,206,399,138,351,130,316,142,432,213,407,161,370,145,339,146
C,494,355,429,330,381,294,345,273,312,251,411,210,388,159,354,145,324,145,428,204,403,136,358,127,323,141,443,206,422,138,375,128,338,137,457,214,433,163,397,146,365,143
C,514,370,452,339,407,301,370,279,337,253,439,219,419,164,387,149,357,148,458,215,437,146,395,135,359,146,476,219,459,150,416,137,380,144,495,231,477,179,444,159,413,154
C,498,376,441,344,400,305,362,279,331,250,438,223,425,167,396,147,367,142,457,221,445,153,407,135,371,140,476,225,467,157,429,136,392,138,495,237,484,184,455,160,425,151
C,485,411,426,368,387,317,353,288,325,257,442,240,434,178,400,154,367,148,459,240,453,161,406,139,365,143,473,247,471,168,423,143,383,143,482,262,472,201,438,172,405,162
C,465,419,403,380,357,332,317,302,282,270,404,243,390,179,359,157,326,149,425,241,412,163,370,143,329,147,445,247,439,169,396,145,355,145,464,261,453,200,421,170,387,158
C,459,406,394,377,345,335,302,309,263,281,379,242,357,183,327,163,294,159,401,239,379,170,340,152,300,157,424,244,407,172,366,152,326,153,449,258,432,201,400,174,366,164
C,458,389,396,360,350,323,310,299,275,273,381,239,360,185,331,167,300,164,400,234,379,167,340,153,303,161,418,235,402,167,362,151,325,156,437,244,421,189,389,167,357,161
C,462,384,399,350,357,307,324,283,294,259,401,228,383,173,347,156,315,155,415,224,397,151,350,139,314,149,426,228,410,155,363,140,327,147,431,238,413,182,377,161,346,158
C,470,382,409,352,365,311,332,287,301,263,401,233,383,181,352,164,323,161,417,228,399,161,357,148,321,156,432,230,418,162,374,147,338,153,444,239,427,185,394,165,362,161
C,469,379,407,349,363,311,329,288,299,264,399,233,382,180,351,164,322,160,414,228,396,161,354,148,319,157,428,230,414,161,369,147,335,154,440,238,423,183,389,163,358,162
C,469,381,408,353,364,315,330,293,299,272,398,238,378,186,346,171,317,170,413,234,393,167,350,156,316,166,427,236,410,168,366,155,332,163,438,244,419,191,385,173,354,172
C,479,378,418,352,370,315,335,296,303,275,401,238,378,185,342,172,312,174,417,235,391,165,344,157,309,172,430,238,407,170,359,162,324,173,441,248,415,200,380,185,350,186
C,477,369,418,346,371,311,336,290,305,268,398,233,375,184,342,172,313,173,414,228,390,162,347,154,313,166,428,230,407,165,362,155,328,164,441,239,418,191,383,176,353,174
C,487,362,425,338,378,304,343,284,312,261,408,226,385,175,351,162,322,163,425,221,400,153,355,146,322,159,440,223,417,157,370,148,336,158,452,233,428,183,392,168,361,168
C,489,352,431,329,384,296,348,277,318,255,411,220,390,169,357,157,330,157,426,214,404,148,362,141,330,154,442,215,421,151,378,142,344,152,457,223,436,177,402,161,371,159
C,481,345,422,324,377,292,343,274,312,255,401,217,380,169,350,158,323,159,417,211,394,149,354,143,323,156,433,212,414,150,372,141,340,151,448,220,428,174,395,158,367,156
C,477,339,418,320,373,291,339,273,308,253,397,215,375,169,344,157,317,159,411,209,387,149,347,142,315,154,426,209,405,148,363,140,331,148,440,216,418,171,385,156,356,154
C,477,343,418,322,373,291,338,273,308,254,397,217,375,170,344,158,317,159,412,210,388,149,347,142,315,155,427,210,406,149,364,140,331,150,441,217,419,171,386,156,357,155
C,476,346,417,324,372,293,337,276,306,257,396,218,374,170,344,159,317,160,412,211,387,151,346,144,315,158,427,212,406,151,364,143,331,153,441,219,419,173,386,157,357,157
C,478,342,419,323,373,293,337,274,306,254,396,217,374,169,342,158,315,160,412,211,388,149,347,142,315,155,427,212,406,151,362,143,329,152,442,219,418,175,383,161,354,160
C,478,345,418,324,373,293,338,275,307,256,397,218,375,170,344,159,317,160,412,212,388,150,348,143,317,157,428,212,407,151,364,142,332,152,442,220,420,174,386,159,357,158
C,475,343,416,323,371,293,336,275,305,253,395,217,372,169,340,158,312,160,411,211,385,149,343,142,311,156,426,212,403,151,359,143,325,153,440,219,417,174,383,160,353,159
C,473,345,414,326,369,295,334,277,303,258,391,220,368,174,338,163,311,164,406,213,381,153,340,146,309,159,421,212,400,151,358,144,325,153,435,219,414,174,380,160,351,160
C,476,344,416,324,370,293,335,275,304,256,394,219,371,172,340,161,313,162,409,212,384,151,344,144,312,158,424,212,403,151,360,143,327,153,439,219,415,174,382,159,352,159
C,477,342,417,323,370,293,335,275,304,255,393,217,370,171,339,159,311,161,409,211,383,149,342,143,311,157,424,211,401,150,358,142,326,152,438,218,414,173,380,159,350,159
C,473,341,415,322,369,292,333,274,303,254,392,216,370,169,338,158,311,160,407,210,382,148,341,142,310,156,422,210,400,150,356,142,324,152,436,218,414,174,380,159,351,159
C,474,342,414,323,369,293,334,274,303,254,392,217,370,170,338,159,311,160,407,210,383,149,342,142,311,155,422,210,401,149,358,141,325,150,436,217,414,172,380,158,350,158
C,471,345,413,325,367,294,332,276,301,257,390,219,368,172,337,160,310,161,405,213,381,151,340,145,309,159,420,213,400,152,357,144,324,154,435,220,414,174,381,159,353,159
C,472,343,414,325,368,294,332,276,302,255,390,218,369,169,337,158,309,159,406,212,382,149,340,143,309,158,421,212,400,151,355,144,322,155,435,220,413,175,378,160,349,160
C,469,345,414,325,367,294,332,276,301,255,390,219,368,170,337,159,310,160,405,213,382,150,341,144,310,159,420,214,400,152,357,144,325,154,436,222,415,176,382,160,352,159
C,472,344,414,326,368,295,333,277,303,257,389,218,368,169,337,158,310,160,405,212,382,149,341,145,310,161,421,213,401,152,357,145,325,156,436,221,416,176,383,162,354,162
C,472,345,413,325,367,295,332,277,302,257,389,220,367,173,336,161,309,162,405,214,380,152,340,147,309,161,420,214,400,153,357,145,325,155,435,221,416,175,383,161,354,161
C,471,344,414,325,367,293,333,274,302,256,389,217,367,170,337,159,310,160,405,211,381,150,340,146,309,162,421,211,401,151,358,144,326,155,436,219,417,173,384,158,356,158
C,470,343,412,324,367,293,332,275,300,256,388,218,366,170,335,159,308,159,404,211,378,151,337,146,306,161,419,211,397,151,355,145,323,156,434,218,414,172,381,157,353,157
C,470,341,413,323,367,292,332,274,301,256,388,217,366,169,335,158,308,159,404,210,380,149,339,145,308,160,420,211,399,150,356,144,324,155,436,219,415,174,383,159,355,159
C,471,341,415,322,368,291,332,273,301,254,388,217,365,169,336,158,309,158,404,211,381,150,341,144,310,158,421,212,401,151,360,143,327,152,437,220,418,175,387,159,359,157
C,470,342,413,324,367,293,332,274,301,255,388,219,365,172,335,160,308,161,403,212,378,151,339,146,308,161,418,212,398,152,356,144,325,154,434,219,415,174,383,158,354,156
C,470,342,413,323,367,292,332,274,302,255,387,218,365,171,335,159,308,160,404,211,379,150,339,145,309,160,420,212,399,151,357,144,326,154,435,219,414,175,381,160,353,159
C,471,345,415,326,369,294,333,276,303,256,390,219,369,170,338,159,312,160,405,213,382,150,341,145,311,160,421,213,401,151,358,144,326,155,436,221,416,175,383,160,355,161
C,471,343,412,324,366,293,332,275,301,255,388,219,365,173,334,162,307,162,403,212,377,152,337,146,306,160,418,212,396,152,354,144,322,154,432,218,410,173,378,159,349,159
C,470,342,412,323,367,291,333,273,302,254,390,217,368,171,337,160,310,161,405,211,380,150,340,144,309,157,420,211,398,150,356,142,324,151,434,217,410,172,377,158,348,158
C,471,340,414,322,369,292,334,273,304,253,391,217,368,171,338,160,311,161,406,210,382,150,342,143,311,156,421,210,400,149,358,141,326,151,435,217,413,172,380,158,351,159
C,471,342,413,323,368,292,333,273,302,255,389,218,367,172,337,161,310,161,404,211,380,152,340,146,309,159,419,211,399,151,358,143,326,153,433,217,413,173,382,158,353,157
C,469,343,412,324,367,294,333,275,304,256,390,220,368,173,337,162,311,164,405,213,381,153,341,146,310,159,420,213,399,153,356,145,324,155,434,220,412,175,379,161,350,162
C,471,344,413,325,368,294,334,275,304,256,390,220,368,174,337,163,310,164,405,213,381,153,341,146,310,160,421,213,400,153,357,144,325,154,435,220,413,176,379,162,351,162
C,471,343,414,326,368,294,334,275,304,255,390,220,369,173,338,162,312,162,405,213,381,152,340,147,309,160,420,213,399,152,357,145,324,155,434,220,413,175,380,161,351,162
C,471,343,413,324,368,294,333,276,303,256,390,219,367,173,337,162,311,164,405,212,380,154,340,147,310,159,420,212,398,153,357,145,325,154,434,219,412,174,379,161,350,161
C,471,343,413,324,367,294,332,275,303,256,389,220,367,174,336,162,310,162,404,214,380,153,339,147,309,160,419,213,399,153,357,145,325,154,434,220,414,175,383,160,354,160
C,468,342,411,324,366,293,332,274,301,254,388,218,366,172,336,161,309,162,403,211,379,151,339,145,308,159,418,211,397,151,354,143,322,153,432,218,411,173,378,159,349,158
C,469,344,412,325,368,294,333,276,302,257,389,220,368,174,337,163,311,165,404,213,381,154,341,148,311,161,419,213,399,153,358,145,326,156,434,220,413,176,380,162,351,162
C,471,339,413,322,368,291,333,273,303,253,389,216,367,171,336,161,310,162,405,209,379,151,340,144,309,157,420,209,398,151,356,143,324,152,434,216,411,173,378,159,349,159
C,471,338,413,321,367,290,333,273,303,252,389,215,367,169,337,159,310,160,405,209,380,149,340,143,309,156,420,209,398,150,356,143,323,152,434,216,411,172,378,159,350,159
C,471,337,413,319,367,288,333,270,303,252,389,214,366,170,337,159,311,160,404,207,379,149,341,143,311,156,420,207,398,149,358,141,326,151,435,213,412,171,380,156,352,156
C,472,339,414,321,369,290,334,271,303,252,392,216,369,171,339,160,312,161,406,209,381,151,341,145,310,157,421,209,399,150,357,143,325,152,435,215,412,171,378,157,349,157
C,471,337,413,319,368,289,334,271,304,252,390,215,368,170,337,159,311,160,405,209,380,149,341,143,310,156,420,208,399,150,357,142,325,151,435,215,413,172,381,158,352,157
C,471,338,414,320,368,289,334,271,304,253,391,216,369,170,338,160,312,161,406,209,381,150,342,144,311,157,421,208,399,149,357,142,325,152,434,215,411,171,378,157,350,157
C,470,339,414,321,368,290,333,271,302,253,390,215,368,170,338,159,311,160,405,208,380,150,341,143,310,155,420,208,398,149,357,141,325,151,435,215,413,171,380,157,351,157
C,471,341,413,322,368,291,334,273,304,254,390,217,368,172,338,161,312,162,405,211,380,153,341,146,310,158,420,211,399,152,358,144,326,154,434,218,413,174,381,159,353,158
C,470,339,411,320,367,290,332,272,302,253,389,216,367,170,337,159,310,160,404,209,379,150,339,144,308,157,418,208,397,150,355,142,323,152,432,215,411,171,379,157,350,157
C,470,340,413,321,368,290,333,272,303,251,390,216,368,171,338,160,311,161,405,209,380,150,341,143,310,156,420,209,398,150,356,141,324,151,434,216,411,173,378,158,348,157
C,470,337,412,319,367,288,333,270,303,251,389,213,367,168,336,158,310,160,404,207,380,148,340,142,310,155,420,207,398,148,356,141,324,151,434,214,411,170,378,157,349,158
C,470,336,413,318,368,288,334,270,303,251,389,213,366,168,337,157,310,159,404,206,379,149,340,142,310,155,419,206,397,148,357,140,325,150,433,213,412,170,380,156,352,156
C,468,335,411,318,367,288,332,270,302,250,389,214,367,168,336,157,310,159,404,207,379,148,339,142,309,155,418,207,396,148,355,141,323,150,433,213,410,169,378,155,350,155
C,469,336,410,319,366,289,332,271,303,251,388,214,366,169,335,158,308,160,403,207,378,149,339,142,308,155,418,207,396,148,355,140,323,150,431,214,409,170,376,156,348,156
C,468,339,411,320,366,290,332,272,301,253,388,216,366,171,335,160,309,161,403,210,379,151,339,145,309,158,418,209,397,151,355,143,324,153,432,216,410,172,378,158,350,158
C,467,337,411,319,365,288,331,270,301,251,387,215,365,170,335,160,308,161,402,208,376,150,337,144,307,157,417,207,394,149,354,141,323,151,430,213,408,169,376,155,348,155
C,469,336,412,319,367,289,332,271,303,251,387,215,365,170,336,159,310,160,402,208,378,149,339,143,309,156,417,208,396,150,356,142,324,151,433,215,412,172,381,158,353,157
C,467,336,411,320,366,289,331,270,302,251,387,214,364,169,334,159,308,161,401,207,376,149,337,143,307,156,416,207,395,148,354,140,323,150,431,214,409,170,376,156,348,157
C,468,337,411,319,366,288,332,269,301,251,388,214,365,169,336,159,309,159,403,207,377,150,338,144,308,157,418,207,395,149,354,142,323,152,432,213,410,169,378,155,351,156
C,468,335,412,317,366,287,332,269,302,249,387,213,365,168,335,158,309,159,403,206,378,148,339,142,309,155,418,206,397,148,356,140,324,150,433,212,411,169,379,155,351,156
C,467,333,411,316,366,286,333,267,303,249,388,211,366,165,336,155,310,157,403,204,378,145,339,140,309,154,418,204,395,146,354,139,322,150,432,211,410,167,378,154,350,155
C,468,335,412,318,366,288,332,270,301,252,388,214,366,169,335,158,309,160,403,207,377,149,338,143,308,157,417,207,395,148,354,141,323,151,431,213,409,170,377,156,349,157
C,468,334,412,318,366,287,332,269,302,250,387,212,364,168,335,158,309,159,401,205,376,148,337,142,307,156,416,204,394,147,353,140,322,151,431,211,409,167,377,154,349,156
C,467,334,411,316,366,286,332,268,301,250,387,213,364,168,335,158,309,159,402,206,376,149,338,143,308,155,416,206,394,148,354,140,323,149,430,212,408,169,376,155,348,155
D,441,401,383,377,337,341,305,317,281,288,372,273,350,225,337,196,329,171,388,268,339,227,310,251,304,278,400,270,349,234,316,262,309,291,406,279,362,251,328,261,313,281
D,448,398,389,374,343,338,309,315,285,286,377,267,354,218,341,189,334,162,393,263,344,221,315,246,308,273,405,266,354,229,320,258,312,288,412,275,367,247,331,259,315,281
D,458,397,400,375,353,341,317,319,291,291,386,266,362,214,347,185,340,158,402,263,353,216,318,238,306,264,414,268,366,226,326,248,311,275,421,281,378,250,341,258,322,276
D,464,390,405,371,357,338,321,316,295,287,387,261,362,211,346,182,338,156,402,257,352,214,317,234,304,258,414,261,365,223,325,243,309,267,422,273,378,246,340,253,319,271
D,464,392,408,370,359,336,323,313,296,284,388,263,363,213,350,183,341,156,403,259,357,216,323,229,307,249,414,262,368,221,327,238,306,261,421,273,381,240,344,243,322,259
D,461,395,405,373,356,338,319,315,293,286,385,264,361,213,348,183,340,156,401,260,353,216,319,231,303,254,413,264,366,224,325,241,305,265,422,275,380,245,343,248,319,263
D,434,432,374,396,335,356,303,332,279,305,399,271,380,212,372,176,370,145,417,280,351,232,307,260,291,287,422,298,357,253,314,279,300,306,416,323,363,287,322,293,301,310
D,430,432,368,389,331,349,302,325,278,305,402,268,391,207,390,168,394,135,421,281,353,239,305,264,284,289,425,305,359,266,312,287,292,312,416,335,361,305,319,310,294,324
D,437,394,378,354,341,318,314,298,293,275,406,237,399,180,399,142,404,111,427,251,367,211,320,235,303,259,433,275,374,237,329,257,311,280,428,305,377,276,337,280,314,293
D,437,382,379,344,342,309,315,288,293,265,407,230,399,172,399,133,402,102,428,242,367,203,322,228,305,253,434,265,374,228,330,249,314,273,430,293,378,265,339,270,317,284
D,439,365,381,332,343,297,316,277,297,256,408,218,398,159,396,122,398,92,429,227,369,187,324,213,307,239,434,247,376,210,333,233,317,259,429,271,380,246,342,252,321,266
D,439,367,382,334,344,300,317,280,297,259,405,219,395,161,392,124,394,94,426,229,368,189,324,215,308,240,434,250,378,212,334,233,316,257,430,277,382,249,343,255,320,269
D,441,380,385,347,345,309,319,286,299,264,406,228,377,175,364,141,358,113,427,238,369,194,327,222,313,248,435,258,380,219,337,242,321,267,431,286,382,259,343,266,322,281
D,441,383,385,350,346,312,320,289,300,265,409,232,381,178,368,143,362,114,430,241,373,196,329,221,311,247,439,261,385,220,340,241,322,266,435,288,387,261,347,265,325,278
D,430,401,377,367,340,328,312,303,293,274,398,244,397,184,400,148,408,119,421,255,372,208,327,234,311,260,434,275,385,232,341,254,323,281,436,303,391,271,350,277,327,293
D,429,402,373,370,334,334,305,312,282,288,388,249,377,189,376,154,381,125,410,257,355,214,312,242,297,269,421,275,368,235,325,260,308,288,423,299,375,270,336,279,314,296
D,427,409,373,377,333,340,301,317,277,290,387,253,363,195,348,159,340,129,407,261,350,214,308,243,292,271,417,277,362,237,319,263,303,290,416,302,369,272,330,281,308,298
D,419,418,365,384,326,343,295,319,273,294,390,260,362,203,348,167,340,138,408,268,350,220,305,246,287,274,416,286,361,242,315,266,296,293,413,311,366,279,325,285,303,301
D,418,425,364,385,328,341,299,313,278,284,392,265,363,210,349,174,342,145,412,272,356,221,313,243,297,270,420,288,366,240,321,260,303,287,414,312,366,274,327,280,306,298
D,420,421,369,383,333,336,305,306,285,275,393,264,369,210,357,175,351,147,414,269,366,217,323,235,305,259,424,284,379,234,333,251,311,275,422,307,380,270,340,273,316,288
D,419,412,367,377,330,329,302,297,283,261,373,271,361,216,351,184,344,156,390,269,362,212,324,218,302,237,401,272,373,217,329,224,303,242,408,280,378,236,341,233,316,243
D,418,412,368,377,329,329,302,297,284,261,371,272,359,216,350,185,344,157,388,270,362,213,325,218,303,235,401,273,374,218,329,225,302,242,408,281,379,237,341,233,315,243
D,417,411,367,376,329,329,301,298,283,263,370,273,359,218,350,188,344,160,386,270,362,214,326,218,305,234,398,274,373,218,329,224,303,242,405,281,377,237,340,233,315,244
D,416,413,365,377,328,330,301,298,282,262,367,274,358,220,350,188,345,160,385,271,364,214,330,214,307,227,398,274,374,219,329,225,301,242,406,281,379,235,341,232,315,245
D,415,409,363,375,327,329,300,298,282,263,365,271,355,218,349,186,346,158,382,269,361,213,327,215,306,229,396,272,373,217,329,225,303,244,406,279,381,233,344,230,319,242
D,414,408,365,376,328,330,300,298,281,262,366,273,356,217,349,186,346,158,382,270,360,213,326,216,306,232,396,272,371,216,327,224,301,245,405,279,378,232,342,229,317,243
D,413,409,365,377,328,330,300,298,281,263,365,273,356,216,349,184,346,156,382,270,360,214,326,218,305,235,396,273,372,216,328,224,302,244,406,280,379,232,342,229,316,242
D,413,410,364,378,327,330,300,298,281,264,364,274,355,218,349,185,346,156,382,272,360,213,325,217,303,235,396,274,373,216,329,223,303,243,406,281,380,232,343,228,317,241
D,415,411,365,378,327,331,299,299,281,263,365,274,355,218,349,185,346,157,382,271,360,213,326,217,305,233,395,273,371,215,327,223,301,244,404,280,378,232,340,229,315,243
D,415,410,365,377,328,331,299,299,280,264,365,274,355,218,349,185,346,157,381,271,358,214,324,218,304,234,395,273,369,215,326,225,301,247,404,279,377,231,339,230,315,244
D,420,414,369,383,330,337,302,305,285,270,366,279,359,222,354,188,353,159,383,276,361,218,326,224,305,241,398,278,373,221,329,231,304,252,409,285,383,237,346,233,321,246
D,422,409,372,377,334,332,305,302,287,267,367,276,359,220,355,187,354,158,384,273,363,216,330,218,309,233,399,275,374,218,331,228,306,250,411,281,385,234,347,231,322,245
D,425,408,375,377,337,332,309,302,293,267,371,276,363,218,359,185,357,155,389,273,368,215,333,220,312,239,404,275,382,218,339,227,314,248,416,282,392,235,356,231,330,243
D,431,430,383,399,346,347,317,314,300,278,385,285,376,224,368,186,365,155,403,284,377,223,340,230,318,250,419,289,392,232,347,241,321,262,431,299,404,252,364,248,337,260
D,429,445,381,415,344,362,315,328,297,293,387,296,378,233,372,195,370,162,406,296,377,236,336,247,313,269,422,303,390,249,343,262,317,284,432,317,404,272,364,269,336,283
D,430,450,383,419,347,366,319,333,303,297,391,299,384,235,377,198,376,166,411,299,380,240,339,253,319,276,426,308,394,254,349,268,326,291,437,323,408,279,369,276,344,289
D,434,449,385,420,348,367,321,332,305,298,392,301,383,238,377,201,376,170,411,301,381,241,341,254,321,277,426,307,396,255,351,268,328,291,438,321,409,279,370,278,345,292
D,434,450,385,419,349,366,321,332,305,296,392,301,385,239,379,202,376,170,412,301,384,242,343,253,321,275,427,307,398,254,351,267,326,289,437,320,409,277,368,276,341,290
D,432,442,385,413,348,361,322,327,307,292,391,296,382,235,376,198,374,167,409,296,382,236,344,245,324,266,425,303,396,249,352,261,330,284,436,317,411,272,372,269,347,281
D,430,424,381,390,346,342,318,310,303,273,383,284,376,224,370,187,368,156,401,283,379,222,343,229,321,249,417,287,395,230,351,239,325,260,431,297,407,250,369,246,342,257
D,427,416,380,382,343,335,315,304,301,268,382,277,374,217,366,181,363,151,400,276,379,215,340,221,317,241,416,280,394,222,349,231,323,252,428,290,402,242,364,238,337,251
D,431,415,381,382,345,335,317,303,303,267,382,277,374,218,368,183,365,152,400,276,378,215,342,222,322,242,416,280,394,223,351,233,327,254,429,289,406,243,368,239,341,250
D,430,412,381,379,345,332,317,301,302,265,384,273,376,214,368,179,365,148,402,273,380,210,342,218,320,239,417,277,395,218,350,229,325,251,429,287,404,238,365,236,338,250
D,431,416,383,384,346,336,319,303,305,267,385,277,377,218,370,183,368,152,403,276,380,215,344,223,324,243,419,280,395,224,351,234,327,254,431,290,407,243,369,239,342,250
D,433,416,383,381,346,334,319,302,306,265,386,276,378,217,372,181,368,150,405,276,383,214,346,220,323,239,420,280,398,222,353,231,327,252,432,290,407,243,368,240,340,252
D,433,418,385,384,349,337,321,304,307,267,386,280,379,219,373,183,371,152,404,279,385,216,348,221,325,239,421,283,401,224,356,233,330,254,433,293,410,246,371,241,344,253
D,434,418,386,384,350,335,322,303,308,266,389,279,381,218,374,182,371,151,407,278,387,215,349,220,326,238,423,283,402,222,356,231,329,251,434,292,409,243,370,240,343,252
D,433,413,384,380,347,333,319,301,306,264,383,276,375,217,369,181,366,150,402,274,381,213,344,220,322,241,418,278,397,219,352,229,326,251,431,287,408,239,369,235,342,247
D,430,410,380,378,343,331,316,299,302,264,381,273,373,215,367,180,364,150,399,271,376,211,340,219,319,239,415,275,393,219,348,229,323,250,428,285,405,239,367,234,340,245
D,440,420,392,385,356,335,328,301,313,264,397,280,392,222,387,187,385,156,414,279,393,220,357,224,334,239,430,284,406,228,363,237,338,258,442,294,419,248,382,243,355,254
D,423,451,365,398,338,345,311,309,286,280,421,283,398,218,388,183,382,151,433,289,372,221,327,233,306,254,429,303,369,240,327,251,308,273,409,322,360,271,323,263,298,270
D,429,448,372,396,344,340,317,303,293,273,424,277,403,214,395,179,390,148,437,281,378,217,333,228,312,249,434,294,375,235,332,248,312,270,418,312,368,263,330,257,304,266
D,430,441,374,391,345,335,318,298,295,267,423,272,403,209,395,174,391,144,436,276,378,212,334,224,313,245,435,288,375,229,333,243,314,266,420,306,369,258,331,253,306,262
D,429,437,371,386,343,332,317,296,292,268,422,268,401,207,393,173,388,143,436,273,377,210,333,221,311,241,434,287,375,228,332,240,311,262,418,306,368,259,330,251,304,258
D,432,434,373,383,342,328,315,291,290,263,423,265,401,203,393,169,390,138,436,269,375,206,331,218,311,240,434,282,372,223,329,237,310,260,416,300,365,252,327,246,303,256
D,434,423,380,376,347,322,317,287,293,256,425,256,403,195,394,162,388,133,436,259,377,200,334,212,314,232,433,270,373,214,332,229,313,251,417,286,368,241,330,236,306,244
D,433,419,378,374,346,319,317,283,294,252,424,256,403,196,394,161,389,132,436,258,378,199,334,208,314,226,435,268,376,211,332,223,313,245,420,283,370,237,331,232,307,242
D,433,414,380,369,344,317,316,283,298,249,417,255,396,197,385,165,378,137,431,257,378,199,338,209,319,226,433,265,381,209,338,222,317,243,422,278,378,232,338,226,311,234
D,427,412,373,372,336,321,306,288,289,253,401,259,383,201,373,168,366,140,416,260,373,203,330,211,308,230,423,267,379,212,332,221,307,241,420,279,383,234,344,228,317,238
D,429,413,375,374,337,322,308,290,290,254,401,261,384,203,374,170,368,142,417,261,375,205,333,212,309,230,424,267,382,213,334,222,308,241,421,278,385,233,346,227,318,237
D,427,415,373,374,337,323,309,292,290,256,400,262,382,203,373,170,367,142,416,262,373,206,330,212,307,230,423,269,379,213,332,223,308,243,420,280,382,234,343,228,317,238
D,419,433,364,394,329,344,299,312,279,279,400,269,377,206,368,170,366,140,417,275,361,214,314,232,296,258,423,289,370,231,321,247,300,270,415,311,375,263,334,259,309,270
D,419,418,367,379,332,333,302,303,280,271,400,259,380,193,371,156,370,125,418,267,363,208,317,229,301,253,424,284,372,228,326,246,310,270,418,307,378,262,338,262,316,276
D,460,391,397,358,355,326,326,310,300,295,416,233,396,164,388,121,386,84,440,246,365,210,315,240,295,268,447,272,377,240,328,264,306,290,444,305,387,278,343,284,316,298
D,464,391,399,358,357,324,326,306,304,289,418,231,399,164,391,121,388,86,441,244,368,210,320,239,301,265,448,270,379,239,331,262,311,287,445,302,388,276,345,282,318,296
D,455,397,394,365,353,334,321,317,300,295,409,236,391,171,383,131,380,98,430,247,363,205,317,234,300,262,438,269,375,230,330,254,310,281,436,298,385,269,344,277,318,294
D,450,392,390,363,347,330,314,314,288,293,403,237,380,174,369,137,365,105,422,246,354,202,308,230,292,258,432,267,369,224,322,248,304,275,431,294,383,258,342,265,319,282
D,453,392,394,364,351,331,317,314,290,295,405,236,382,173,372,136,367,105,425,244,356,200,310,230,294,259,435,264,370,221,324,247,307,274,434,291,385,255,344,263,321,280
D,454,392,395,365,353,332,320,315,293,295,407,237,384,176,372,139,367,109,426,245,357,202,311,231,296,259,434,264,370,222,324,248,308,276,433,291,384,255,344,264,323,282
D,454,388,395,362,353,328,319,310,294,287,408,234,385,173,372,137,366,107,427,241,360,197,314,226,298,254,436,259,373,218,326,243,309,270,436,285,385,251,345,260,324,278
D,455,390,397,364,355,332,323,315,299,292,408,236,386,176,373,141,369,112,427,243,361,199,316,228,301,256,436,261,374,219,328,244,311,272,435,286,386,252,347,261,326,279
D,460,390,402,364,357,330,322,313,297,289,410,237,384,177,372,142,366,112,428,243,361,200,317,228,301,256,437,262,375,220,329,244,312,270,436,287,388,250,348,258,326,275
D,462,391,405,365,360,331,324,313,299,289,415,237,387,178,374,144,369,115,432,244,363,199,320,228,307,256,439,261,375,219,331,244,316,270,438,287,389,249,350,257,329,275
D,463,389,406,363,362,329,326,311,301,286,413,235,387,178,376,144,371,114,431,239,365,196,321,223,307,252,440,256,377,215,333,240,319,267,440,282,392,247,351,254,330,272
D,462,390,405,364,361,330,326,310,300,285,410,238,385,182,374,149,368,121,428,242,362,199,321,226,307,253,438,258,375,217,333,242,318,268,439,283,392,247,352,253,331,270
D,461,391,405,367,361,332,326,311,300,286,411,240,385,183,374,150,369,122,428,243,361,199,320,225,306,251,437,257,373,216,330,240,315,266,437,280,388,247,348,254,327,270
D,463,392,406,366,363,330,327,311,300,285,412,240,385,183,374,150,369,122,430,243,363,198,321,225,308,252,439,258,375,216,333,240,318,267,439,282,390,246,350,252,329,270
D,462,392,406,367,363,332,327,312,302,286,411,241,384,184,373,151,368,123,428,244,362,200,321,226,308,254,437,259,374,218,332,243,318,270,437,283,390,247,351,254,330,272
D,462,390,406,366,362,331,327,312,300,289,412,238,384,181,372,148,366,119,430,242,363,199,320,228,307,256,440,258,376,217,333,243,319,270,440,284,391,249,351,258,331,277
D,467,397,403,368,359,336,325,319,301,298,417,240,392,177,380,138,374,106,435,249,361,206,316,239,303,268,442,269,373,230,328,258,313,287,438,298,384,265,343,274,321,293
D,465,395,403,365,360,332,326,315,299,295,420,237,394,175,381,137,374,106,439,247,364,204,318,236,303,265,446,268,377,227,331,253,315,282,442,296,390,262,348,270,327,288
D,466,390,405,362,362,329,330,311,304,290,421,234,394,171,382,134,376,103,439,243,366,199,321,230,307,259,446,262,378,221,333,248,317,276,443,289,391,256,351,265,330,282
D,464,393,404,365,361,330,328,311,300,292,417,237,392,175,380,138,374,108,436,244,365,201,321,231,306,259,443,263,377,223,333,248,317,275,440,289,387,259,347,266,325,283
D,469,389,409,362,365,328,331,309,304,289,421,234,395,172,384,135,379,105,440,241,367,198,324,229,310,258,447,260,380,220,336,247,321,274,445,287,393,253,353,262,332,279
D,464,392,405,365,363,331,331,313,304,293,418,238,393,176,381,140,376,110,437,245,367,201,324,231,310,259,445,265,380,223,336,248,319,276,443,291,392,258,351,265,328,282
D,468,392,408,365,366,331,334,312,308,291,421,236,396,175,384,139,379,109,440,244,369,201,325,231,311,259,448,263,381,222,337,248,321,276,446,288,392,255,352,265,333,283
D,465,393,405,365,364,331,331,312,304,291,418,237,393,177,381,142,376,112,436,245,367,202,323,232,309,260,444,264,378,224,335,250,319,277,441,290,390,257,350,265,329,282
D,465,388,407,361,365,327,332,309,307,287,421,234,396,174,384,139,379,109,440,242,371,199,327,228,312,256,447,261,383,221,339,246,323,272,445,287,393,254,354,262,333,278
D,466,391,407,363,366,327,334,308,309,287,421,235,395,177,383,143,379,114,439,241,372,196,329,225,314,254,447,260,384,217,340,242,324,269,444,286,394,251,356,259,335,276
D,461,390,405,365,363,329,330,309,308,287,416,236,391,178,379,143,374,115,434,242,366,196,324,226,311,256,442,259,378,216,337,242,322,271,440,283,390,248,351,256,331,274
D,466,393,409,366,365,329,331,310,308,287,421,238,394,180,382,147,377,118,439,244,369,198,326,227,313,257,447,262,382,218,339,243,324,271,446,288,396,249,356,256,336,274
D,464,399,406,370,365,334,333,314,311,291,421,242,394,186,382,152,378,123,439,247,369,202,328,232,315,261,447,265,383,221,341,247,326,275,445,290,395,255,355,262,335,279
D,459,408,404,379,361,343,326,321,306,294,416,253,389,199,378,167,373,139,432,256,367,209,327,234,313,262,439,270,380,226,338,249,323,276,437,292,390,257,352,262,331,277
D,464,404,408,376,366,338,331,316,307,288,419,251,393,197,384,165,380,137,436,253,373,205,332,230,319,259,445,266,385,221,341,243,323,269,444,288,396,251,357,255,334,269
D,460,404,404,375,362,338,328,315,306,287,415,252,391,201,380,170,376,142,431,252,368,207,329,229,315,256,438,262,379,222,335,242,317,267,435,280,386,249,347,254,324,270
D,464,404,406,376,363,338,330,316,307,288,414,253,391,200,380,169,374,142,430,253,371,207,331,226,316,251,439,264,382,221,337,239,317,262,439,283,392,249,351,251,326,265
D,461,407,405,378,363,339,329,317,306,289,413,255,389,204,379,173,374,145,430,256,371,210,330,230,314,254,439,267,383,224,337,242,317,265,439,286,392,251,351,253,325,266
D,496,512,426,474,378,431,339,408,316,374,447,314,417,238,401,192,395,154,478,326,412,258,353,288,330,325,496,351,437,288,371,312,343,346,500,387,451,336,392,339,356,358
D,469,395,409,345,364,280,329,236,321,188,433,202,426,134,419,94,416,60,456,203,428,124,377,125,343,143,473,211,439,138,378,142,340,163,478,226,440,167,389,157,352,165
D,472,394,413,344,369,278,334,233,326,184,435,204,428,131,419,90,417,55,459,204,436,122,384,120,350,138,476,211,449,131,385,133,345,154,483,226,447,164,396,152,359,160
D,464,394,406,345,362,280,328,235,320,187,427,206,422,134,415,94,413,60,450,206,427,127,377,125,344,141,467,212,439,136,377,138,336,159,476,227,442,166,391,153,352,160
D,448,449,387,404,344,343,307,304,288,263,426,250,408,173,397,128,393,92,449,256,392,177,332,194,304,224,459,272,406,199,343,212,313,240,455,297,408,239,357,234,326,248
D,468,407,406,376,360,335,321,311,298,279,411,240,397,168,397,128,402,94,432,243,370,189,321,213,302,240,445,257,384,207,334,231,316,260,449,280,399,239,353,247,329,268
D,471,401,409,374,360,335,320,312,296,281,406,238,385,171,380,133,380,99,427,239,366,189,320,212,302,241,442,250,382,205,334,229,316,259,449,271,400,234,356,242,332,262
D,472,393,411,367,363,330,324,308,299,278,405,231,383,165,377,128,377,95,427,232,369,184,323,209,305,238,443,245,386,201,338,226,320,256,453,267,404,231,361,238,337,257
D,477,392,416,367,368,331,328,309,304,279,405,235,380,170,374,133,373,101,426,234,368,188,326,211,309,239,441,245,385,203,340,228,323,258,451,265,404,231,362,241,338,262
D,478,395,419,370,371,333,331,311,308,281,409,237,386,172,379,134,378,101,430,236,374,188,330,211,313,241,445,247,389,203,342,228,325,258,452,266,405,233,363,243,342,264
D,482,397,423,372,375,334,337,312,313,283,415,237,391,173,383,136,382,104,435,238,378,190,335,215,319,243,450,250,394,206,349,231,332,260,458,270,412,236,370,245,348,266
D,488,399,427,374,378,336,340,315,317,286,418,242,393,177,384,140,383,108,439,242,383,194,340,218,325,246,455,254,400,210,355,234,339,263,464,274,417,239,375,248,353,268
D,488,400,431,375,384,339,346,317,324,290,420,244,397,180,387,145,386,114,440,244,386,198,345,223,330,252,456,256,402,216,360,240,346,268,467,275,422,241,382,247,361,264
D,490,419,434,391,388,352,353,328,338,297,433,261,407,202,390,168,379,139,453,262,401,211,359,234,343,264,467,273,418,226,372,248,354,277,474,293,433,257,391,262,369,280
D,488,422,432,392,391,351,358,324,344,292,437,266,420,207,407,173,401,143,458,267,415,212,373,232,354,260,473,277,432,227,385,246,363,271,482,296,444,257,402,259,378,274
D,487,415,433,384,391,339,358,313,350,280,438,260,424,200,412,164,406,134,458,260,420,204,379,217,359,240,473,269,434,220,387,233,363,257,481,287,445,248,404,247,377,260
D,472,417,418,383,379,334,349,302,343,267,428,262,423,202,416,167,415,137,448,264,420,203,378,210,355,229,465,273,433,218,385,226,358,246,475,288,444,244,402,239,374,248
D,463,415,409,381,370,334,339,302,333,267,428,258,420,197,414,161,412,132,447,260,413,201,370,208,347,226,461,269,424,215,374,223,346,243,465,285,431,243,388,238,358,248
D,460,424,408,392,367,342,336,310,318,277,429,257,417,194,412,156,413,125,449,260,403,200,356,217,336,244,461,273,415,218,365,231,341,255,464,294,423,249,380,247,355,259
D,459,421,405,386,366,339,333,309,317,275,428,255,418,191,414,153,415,121,448,259,402,200,354,216,333,242,460,273,414,218,363,232,340,256,462,293,422,250,378,250,352,264
D,460,418,406,382,366,337,333,306,320,272,429,251,417,188,412,151,413,120,449,255,401,196,355,212,335,238,460,268,413,214,364,227,342,252,461,289,420,246,378,244,353,257
D,457,414,402,377,363,332,331,302,318,268,424,247,413,187,408,151,408,121,444,251,396,194,352,211,334,236,456,263,409,210,362,225,341,249,458,282,417,242,374,240,349,252
D,461,411,405,376,365,330,333,301,320,268,427,245,416,184,409,147,409,117,446,249,396,191,351,207,333,232,457,260,408,208,360,222,340,247,459,278,417,237,375,236,350,249
D,457,413,402,376,363,331,331,300,320,264,424,248,413,188,408,152,408,122,444,251,398,194,353,209,334,232,456,262,411,210,362,224,340,247,459,281,418,240,376,239,351,252
D,453,409,397,372,357,327,324,298,311,264,417,244,404,185,398,150,396,119,437,247,391,190,347,206,328,231,448,259,404,207,356,221,332,244,450,278,410,238,368,236,341,248
D,455,407,399,372,358,326,327,297,313,264,417,242,407,184,401,149,400,119,437,245,391,190,348,205,329,228,450,256,404,206,356,219,333,242,453,274,412,235,369,234,342,246
D,451,399,395,365,354,319,323,291,308,258,412,237,400,180,394,145,392,116,431,239,386,185,343,196,322,218,443,249,398,199,350,210,325,232,445,266,406,227,364,224,336,236
D,450,394,394,360,354,316,323,286,310,252,411,235,402,177,395,143,393,113,430,237,385,183,343,194,323,215,442,246,397,196,349,207,325,229,445,263,405,224,363,222,335,233
D,450,396,397,362,358,319,326,291,313,257,414,238,404,179,397,145,394,116,433,240,388,187,347,197,327,216,445,249,399,201,352,212,327,232,448,265,408,228,367,227,339,238
D,450,399,395,365,355,321,325,293,311,259,411,240,400,183,394,148,393,118,430,241,386,189,345,200,324,221,443,250,399,203,351,214,327,235,446,267,406,229,365,228,336,238
D,450,397,394,366,352,324,319,297,306,263,408,240,393,182,385,147,381,118,427,241,378,189,338,202,319,224,439,249,390,203,343,217,319,239,442,265,400,230,358,231,331,244
D,454,401,397,367,355,324,322,297,308,263,411,241,396,182,388,148,384,118,430,243,382,188,339,203,320,227,442,252,394,202,347,216,324,240,446,268,404,230,362,230,334,244
D,451,401,394,368,354,326,323,298,309,266,407,244,392,188,385,153,383,124,427,244,381,193,340,207,322,230,440,253,395,206,348,220,326,243,444,270,403,234,361,234,334,246
D,452,395,395,363,353,320,321,293,309,259,407,237,392,181,383,147,379,118,427,238,380,186,339,201,320,223,440,247,393,201,345,215,323,238,445,265,403,228,362,228,336,242
D,454,396,397,365,357,323,326,297,310,264,408,240,392,184,384,150,381,121,428,241,382,188,341,204,322,228,441,250,396,202,349,216,327,240,446,267,406,229,364,229,337,242
D,451,395,394,365,353,322,322,295,306,263,404,240,389,183,380,149,376,119,424,240,379,187,338,202,318,225,437,248,393,201,345,215,321,238,442,264,402,228,360,228,332,241
D,452,396,393,363,352,321,319,294,302,261,402,239,387,184,379,150,376,119,423,239,376,189,337,203,318,225,437,248,391,202,345,216,322,240,442,265,400,229,358,229,330,241
D,453,397,395,364,354,322,323,295,308,261,406,240,392,183,384,147,381,118,426,241,380,187,339,202,321,226,439,248,393,201,348,216,326,240,444,263,404,228,362,228,335,242
D,451,397,396,366,355,324,322,297,309,264,408,240,392,184,383,149,381,121,427,241,381,190,341,204,323,225,440,250,393,204,346,219,324,242,444,266,403,230,362,231,335,244
D,454,397,397,363,356,321,324,294,310,260,409,240,394,182,387,147,384,118,429,240,380,187,341,203,324,226,441,248,394,200,348,215,327,240,445,264,404,227,362,227,335,241
D,452,398,396,365,355,323,323,295,308,261,410,239,395,182,387,147,384,119,429,240,381,188,340,202,322,224,441,249,393,203,346,217,325,240,445,266,403,230,362,230,335,243
D,454,402,396,367,354,324,322,296,310,262,412,243,397,185,390,149,387,120,431,244,383,190,341,206,324,230,443,253,396,204,349,220,329,244,445,269,405,231,363,231,337,245
D,453,404,395,371,354,328,321,301,304,268,410,244,394,188,387,153,385,124,430,246,380,195,339,209,320,232,443,256,393,209,346,222,323,244,445,273,402,236,360,236,332,247
D,454,405,397,372,356,330,323,302,307,268,411,247,396,188,389,153,387,124,431,248,384,195,341,210,322,233,443,257,396,209,349,224,326,247,446,274,405,237,362,237,336,250
D,454,404,395,370,354,327,320,300,306,266,412,244,397,185,389,150,387,121,431,246,381,192,339,208,322,232,442,255,393,206,347,222,326,246,445,272,402,235,359,236,333,249
D,452,404,397,371,355,328,322,299,309,266,412,246,398,187,390,153,388,124,431,247,381,193,340,210,323,234,443,257,395,208,348,223,327,247,446,274,404,236,362,236,337,250
D,442,404,387,370,347,328,315,300,300,267,406,245,388,188,380,154,376,124,425,247,374,195,332,211,313,236,435,258,388,210,340,224,317,247,436,277,394,238,352,238,325,250
D,440,399,383,367,343,324,311,296,296,263,399,241,384,184,376,149,373,119,418,242,368,189,326,209,309,234,430,252,381,204,334,221,313,245,431,270,388,233,346,234,322,248
D,434,395,377,361,337,320,305,293,290,260,394,236,376,180,368,146,365,116,414,238,362,188,320,205,302,229,425,249,375,202,327,217,305,240,426,268,382,230,340,230,314,242
D,437,395,377,361,337,321,305,296,291,262,394,237,377,181,369,146,366,117,414,238,361,189,319,206,300,230,425,248,374,203,328,220,306,243,427,267,383,231,341,231,315,243
D,433,392,375,360,335,319,304,293,289,261,391,235,374,180,366,146,363,116,410,236,359,186,318,202,300,226,421,246,372,200,325,216,303,238,423,263,380,228,337,229,310,240
D,436,391,376,359,335,319,303,293,289,260,391,235,374,178,367,144,364,114,412,236,362,185,319,201,299,226,423,245,375,199,327,215,304,239,425,263,382,227,340,228,314,241
D,436,392,380,361,339,319,307,292,291,260,393,233,375,177,368,142,366,113,412,234,360,184,320,201,302,225,424,244,374,199,328,214,307,238,426,262,382,227,340,228,314,241
D,432,395,374,362,333,319,301,292,285,259,393,236,373,178,364,142,361,112,411,237,357,184,314,204,297,230,421,247,369,199,322,217,301,242,421,266,376,226,335,228,310,243
D,426,395,369,362,328,321,293,294,279,262,387,236,367,178,358,143,353,112,405,237,351,184,308,204,290,230,415,246,364,199,314,216,291,241,414,264,369,227,328,230,302,244
D,433,393,373,361,332,318,299,292,284,259,389,233,370,176,362,141,358,111,409,235,354,184,311,201,294,225,420,246,368,198,320,215,298,238,422,264,376,227,333,228,306,240
D,429,393,371,361,328,321,295,296,279,264,386,234,366,178,357,144,354,114,405,235,350,185,307,205,290,232,415,246,364,200,316,217,294,242,415,266,371,230,329,231,304,245
D,429,395,371,362,330,321,297,294,282,261,388,236,368,178,359,143,355,113,407,237,353,186,309,205,291,232,417,248,366,200,318,218,296,243,418,267,374,229,331,231,306,245
D,431,391,370,359,328,319,294,293,281,260,385,234,366,177,357,141,353,111,405,235,352,184,309,202,291,227,416,245,366,198,318,215,296,240,416,264,372,227,329,229,303,242
D,433,389,372,357,331,317,297,291,285,258,387,233,368,177,359,142,355,111,407,234,353,183,311,201,295,226,418,243,366,197,320,214,299,239,418,261,373,225,331,227,305,241
D,433,391,376,359,335,318,302,291,286,257,388,234,371,177,362,143,359,112,407,234,358,183,315,200,297,224,419,244,371,197,323,212,300,236,422,262,379,225,337,225,310,238
D,438,392,379,360,338,320,305,293,291,260,392,235,374,179,366,144,362,114,412,235,362,185,321,202,303,227,424,245,376,199,329,216,307,240,426,263,383,227,341,229,315,242
D,439,390,380,359,339,318,306,292,293,258,393,232,376,176,367,141,365,111,413,233,361,182,320,200,303,225,425,242,375,196,328,213,307,237,428,260,383,225,340,227,314,240
D,439,390,380,357,339,316,307,290,294,256,393,232,377,176,369,140,366,111,414,233,364,183,322,199,303,222,426,242,378,197,330,212,308,236,430,260,386,225,344,225,317,237
D,439,390,381,360,341,318,308,290,294,256,394,233,377,177,368,141,365,112,413,234,363,183,321,200,303,223,426,243,377,196,330,212,308,235,428,260,384,225,341,226,315,238
D,442,388,383,357,341,315,309,288,295,254,395,230,378,174,369,139,366,109,415,230,366,179,324,197,306,222,427,239,380,194,333,210,311,234,431,256,388,221,346,222,320,235
D,440,385,382,355,342,315,308,286,296,252,392,231,376,174,367,139,364,109,412,230,364,180,323,196,304,220,424,238,377,193,330,209,307,232,427,255,385,220,343,222,315,235
D,441,386,380,353,339,312,306,287,293,252,392,229,375,173,367,138,363,108,413,229,363,179,321,197,303,221,425,238,377,193,329,209,308,233,429,255,385,220,343,221,317,234
D,443,385,382,353,341,312,309,286,295,252,393,228,377,172,368,137,365,107,414,229,364,178,322,195,305,220,426,238,378,192,331,208,310,232,430,255,388,219,345,220,319,233
D,437,382,380,353,340,312,308,286,292,253,389,228,372,171,364,137,361,107,408,228,360,178,319,194,301,217,421,237,373,192,327,207,305,230,424,254,382,219,340,220,313,232
D,441,384,382,353,341,312,309,286,294,252,393,228,376,172,368,138,365,108,412,228,360,180,320,196,304,219,425,236,373,193,328,209,308,233,428,252,383,219,341,221,316,234
D,440,385,382,355,340,312,308,285,294,251,394,228,377,171,368,136,365,107,413,229,362,178,320,193,302,215,425,238,375,192,327,206,304,229,428,256,385,219,342,219,315,231
D,438,387,380,355,339,314,307,288,290,256,393,228,375,172,368,138,364,108,413,229,361,181,320,195,301,217,425,238,373,194,327,209,304,231,427,256,382,221,340,222,313,234
D,437,386,380,357,340,315,308,289,291,257,394,229,376,173,367,139,364,110,413,230,362,180,320,196,302,219,425,240,374,195,327,211,304,234,428,258,384,223,341,223,314,235
D,441,388,383,357,342,315,310,288,295,256,395,231,379,174,372,138,369,109,414,231,364,180,325,196,308,219,427,239,377,193,331,209,310,234,430,255,386,220,343,222,317,235
D,438,386,380,356,338,313,305,287,289,256,391,229,372,173,364,138,361,108,411,230,361,180,320,196,302,220,424,240,375,194,327,209,305,232,427,258,383,222,340,222,313,234
D,441,383,382,352,340,310,309,284,293,252,393,226,377,169,369,134,365,105,412,227,362,176,321,192,304,216,425,236,375,190,329,205,308,229,428,252,386,216,344,217,317,230
D,438,381,379,351,338,310,306,285,290,254,389,227,373,170,365,135,361,106,409,227,359,176,318,192,301,216,421,235,372,190,325,206,303,229,425,251,383,216,340,217,313,231
D,437,381,381,351,340,310,308,284,293,253,393,224,376,168,368,134,366,105,412,225,360,176,321,192,305,214,424,233,373,189,328,205,307,228,427,250,383,215,342,216,316,229
D,436,383,379,353,339,311,307,284,292,253,391,226,373,170,365,136,362,107,410,227,361,178,320,193,303,215,423,236,373,191,326,206,304,229,426,253,383,219,340,219,313,232
D,437,384,379,353,338,311,307,284,291,252,390,226,373,170,366,136,364,106,411,227,360,179,320,194,303,216,424,236,374,192,328,207,306,229,428,253,384,218,342,219,315,230
D,438,386,378,354,337,313,306,287,291,254,390,229,372,173,365,138,362,108,410,229,359,180,319,196,301,220,423,239,374,194,327,209,305,231,427,256,384,221,341,221,313,232
D,436,385,378,353,338,312,305,286,290,255,392,227,373,172,364,139,361,109,412,228,361,178,320,195,303,218,423,238,375,193,328,208,306,231,424,257,381,221,339,222,312,234
D,440,384,381,353,340,311,308,285,292,252,393,227,376,170,368,135,364,106,413,228,363,177,321,194,304,218,426,237,376,191,329,206,307,229,429,254,387,218,344,218,317,230
D,437,382,379,351,337,310,305,284,288,252,388,225,370,170,362,136,359,106,408,225,357,177,318,193,301,216,421,234,371,190,326,205,305,228,425,252,381,217,339,218,312,230
D,436,378,378,348,337,306,305,280,290,249,387,222,371,166,363,133,360,104,407,222,358,173,318,189,300,213,420,231,372,187,325,202,303,226,423,248,382,213,340,214,313,226
D,433,378,375,346,334,306,302,281,288,249,386,221,369,167,361,133,358,103,407,222,357,174,316,189,298,211,419,231,370,187,324,201,301,223,423,248,379,213,337,214,310,225
D,437,377,379,346,336,303,304,276,293,244,391,221,375,163,366,129,361,101,409,221,359,169,318,184,300,207,421,229,371,183,324,198,303,221,423,245,381,210,339,211,314,224
D,438,380,378,349,336,308,304,281,291,249,389,223,372,167,364,133,361,104,409,223,360,174,319,190,301,212,422,232,373,188,327,202,305,225,426,250,382,215,339,215,313,226
D,434,382,377,351,334,309,302,283,290,250,389,226,373,167,364,132,360,104,407,226,357,175,316,189,298,212,419,235,370,188,322,202,300,225,422,251,380,215,338,216,312,230
D,433,384,375,352,335,311,303,285,287,254,388,227,371,169,363,135,360,105,407,226,356,175,315,193,299,218,419,235,370,189,323,204,302,228,421,252,378,216,336,217,309,230
D,434,384,374,352,333,310,301,284,285,252,386,226,368,169,360,135,357,105,407,227,355,177,314,193,296,216,420,236,370,190,323,205,301,227,423,254,379,218,337,217,310,228
D,435,382,375,351,332,309,300,283,284,251,386,224,367,167,360,132,356,102,406,225,354,174,313,190,295,215,418,234,369,188,322,204,300,227,421,252,378,216,335,217,309,230
D,430,379,372,348,330,308,298,282,282,250,383,222,364,166,356,131,352,101,403,223,353,173,311,189,292,211,416,232,367,187,319,201,295,223,419,250,374,215,332,215,305,226
D,433,377,372,345,329,304,296,279,282,247,384,220,365,165,357,131,353,101,404,220,352,172,311,188,293,212,416,229,366,185,320,200,297,223,418,248,375,212,333,213,306,225
D,429,372,370,343,329,303,297,278,281,248,380,217,361,161,352,127,349,97,400,217,349,167,308,184,290,207,412,227,363,181,315,196,292,219,415,246,372,209,330,210,303,223
D,430,373,372,342,330,300,298,275,283,244,385,216,368,159,359,126,355,97,404,217,353,167,312,182,294,204,416,227,365,181,318,195,296,217,419,244,376,208,334,209,308,221
D,427,374,369,345,327,303,295,276,282,245,381,219,363,163,354,129,350,100,401,219,351,170,310,187,291,212,414,229,365,184,318,199,295,222,417,249,375,212,333,211,306,223
D,432,376,372,346,329,305,297,279,282,247,381,222,364,166,356,132,353,102,401,221,350,174,309,188,291,210,414,229,363,185,318,200,296,222,417,244,372,211,330,212,304,224
D,428,372,369,342,327,302,295,276,283,244,380,218,363,160,353,125,349,96,399,218,351,167,310,181,291,203,412,226,362,181,315,195,292,218,415,242,373,207,331,206,303,219
D,426,370,369,342,327,300,293,273,280,240,380,217,361,161,351,126,347,97,400,217,352,166,310,180,290,203,412,226,364,181,316,195,292,217,415,244,374,207,332,207,304,220
D,430,374,372,345,331,304,299,278,284,247,382,220,365,166,357,132,354,103,401,220,350,171,311,187,295,210,413,229,363,185,318,201,297,224,416,247,373,211,332,212,306,225
D,431,371,371,341,329,301,297,276,283,246,380,218,364,161,355,128,351,99,399,219,350,168,309,183,292,205,411,227,362,181,315,196,293,218,415,243,374,207,332,207,306,220
E,393,348,351,323,327,282,345,243,379,225,331,233,325,186,328,207,337,235,359,226,357,168,354,191,358,220,388,230,393,174,381,194,378,222,417,244,409,215,395,229,388,250
E,401,358,357,333,333,291,351,252,386,236,340,244,334,195,337,218,344,247,369,237,366,180,364,205,367,234,398,241,401,185,391,205,387,233,426,254,419,224,404,236,396,255
E,414,367,371,341,347,300,366,261,402,245,354,251,350,203,352,225,358,254,383,245,382,188,380,212,381,241,412,249,416,195,406,214,402,241,439,263,434,232,420,242,414,262
E,418,374,377,347,354,304,373,266,408,250,359,255,355,207,359,227,366,255,388,249,389,191,386,212,388,241,417,254,424,199,413,215,408,241,445,268,442,237,426,246,416,265
E,422,375,381,346,358,305,376,267,411,249,364,256,360,208,363,228,369,257,393,250,394,192,391,213,392,241,422,255,429,201,418,218,413,245,449,269,447,235,432,244,423,264
E,423,378,382,351,358,309,375,270,412,253,364,259,360,211,363,233,369,262,393,253,394,194,392,218,392,247,423,258,430,202,419,222,414,250,451,273,448,238,434,247,425,267
E,423,375,382,348,359,307,378,270,414,254,364,257,361,210,363,231,368,260,394,251,396,194,392,216,393,243,423,256,430,203,420,221,415,248,451,272,449,239,435,247,426,265
E,433,374,392,347,371,301,394,262,431,247,373,250,372,196,376,217,380,246,405,244,407,180,407,203,408,233,437,249,444,191,436,208,430,236,465,265,464,232,450,238,439,257
E,415,371,372,341,349,290,373,248,417,233,356,230,356,173,361,205,364,240,392,225,397,155,396,187,395,219,426,233,438,169,428,195,419,226,456,253,458,216,442,227,429,249
E,399,366,356,335,330,286,354,244,401,230,339,220,340,165,344,199,348,234,376,214,381,145,380,179,380,214,412,223,425,156,416,183,407,215,446,244,445,212,429,228,416,250
E,407,363,362,332,337,286,364,244,407,228,342,225,342,170,349,204,355,238,378,218,380,151,383,186,384,220,414,225,421,161,414,191,408,225,446,245,440,216,426,236,417,262
E,412,360,367,332,342,283,369,239,413,224,346,225,346,169,351,201,356,236,381,218,383,150,385,182,386,217,416,224,423,160,416,189,411,222,449,243,442,212,429,233,422,259
E,414,361,370,333,346,283,371,239,413,222,349,227,347,172,354,200,360,233,384,220,385,153,387,179,389,212,418,226,425,163,418,187,414,219,450,244,444,213,431,231,422,257
E,415,362,371,333,348,283,375,240,416,224,351,226,352,171,358,203,364,237,387,220,389,153,391,186,393,220,421,226,429,163,422,191,417,224,453,245,446,214,434,233,427,258
E,414,362,369,330,345,281,372,239,415,222,354,225,354,168,357,196,363,230,389,219,392,151,390,181,392,216,423,227,432,162,421,188,415,221,455,246,448,213,432,231,422,257
E,409,367,362,328,339,279,366,240,411,228,362,224,362,170,357,201,361,236,396,222,403,155,391,185,390,222,429,232,442,166,422,193,413,226,460,255,452,218,431,237,422,262
E,408,375,362,335,338,283,363,242,409,229,363,226,363,173,357,204,361,240,397,225,406,156,390,187,387,224,430,236,444,168,421,195,412,230,460,260,452,220,430,239,421,266
E,412,370,368,337,345,287,370,243,413,227,352,230,351,174,355,199,361,233,386,224,389,157,388,182,388,217,420,232,430,167,420,187,413,218,452,251,449,217,432,228,419,250
E,422,359,378,330,355,281,379,238,420,220,356,225,354,168,361,195,368,228,390,218,391,150,394,176,397,208,425,224,432,161,426,181,421,212,457,242,454,208,440,221,430,245
E,423,361,380,331,357,282,382,238,425,221,355,228,355,170,364,201,370,235,390,220,391,152,396,181,398,213,425,225,430,162,426,185,421,216,457,243,453,209,442,223,432,247
E,427,360,384,331,361,282,388,237,429,220,358,226,357,169,367,199,374,231,393,218,393,151,399,179,402,212,427,222,433,161,430,184,425,215,459,239,456,207,445,223,437,247
E,429,363,385,334,363,282,389,237,429,222,359,231,360,175,370,204,376,237,394,222,395,154,402,180,404,211,429,226,434,164,432,185,427,216,461,242,457,209,447,224,437,249
E,417,356,371,327,348,278,372,236,411,219,347,229,346,173,356,199,359,231,380,221,377,153,385,178,389,208,414,224,417,163,416,181,412,210,447,240,443,208,433,217,423,238
E,406,363,363,336,338,291,357,249,398,232,339,238,334,185,341,207,347,239,371,230,368,166,371,187,375,216,403,235,408,174,403,191,398,219,435,251,432,217,419,230,409,253
E,397,364,355,338,331,297,349,257,385,236,332,243,327,194,334,219,342,251,363,235,360,175,362,199,366,230,394,239,399,182,392,202,389,231,424,255,417,225,405,242,397,265
E,398,361,356,335,331,293,348,252,383,232,333,240,327,188,333,211,340,242,363,232,360,170,361,193,365,223,395,236,398,178,390,198,387,227,425,252,419,219,405,234,397,257
E,402,362,360,338,336,295,354,254,389,235,336,243,331,192,337,214,345,244,367,235,363,174,366,197,370,227,398,238,401,180,394,200,392,229,428,253,421,223,408,236,400,258
E,405,363,364,339,340,295,358,254,395,235,340,243,336,192,341,217,347,247,371,235,369,174,370,198,374,228,403,239,407,181,400,203,396,232,432,254,426,223,413,239,406,263
E,403,368,362,342,338,299,356,258,395,241,341,245,337,197,343,224,349,254,372,238,370,178,371,204,374,233,403,243,408,185,401,207,397,236,434,259,428,228,415,243,408,265
E,406,367,364,341,341,298,361,258,398,240,342,246,339,194,345,221,352,251,374,238,373,176,374,204,377,234,406,243,410,183,403,207,399,237,436,259,429,227,416,243,408,265
E,406,371,364,345,340,301,360,261,397,244,343,249,340,198,344,224,351,255,374,242,373,179,374,204,376,235,405,247,411,187,403,210,399,240,435,263,430,231,418,246,411,269
E,404,370,362,345,338,301,357,261,396,243,341,248,337,198,342,225,349,256,372,240,370,180,371,206,375,237,403,245,408,187,401,210,397,239,433,260,427,230,415,245,409,267
E,406,369,364,343,340,299,360,259,397,242,344,248,339,197,344,222,351,253,375,241,373,179,373,204,376,235,406,246,411,186,403,208,399,237,436,262,430,230,417,244,409,266
E,405,370,363,344,340,301,359,261,397,244,343,248,339,198,344,225,350,256,374,242,373,180,373,207,376,237,405,247,410,188,402,210,399,240,435,263,429,231,416,245,409,268
E,405,369,362,345,337,301,356,260,394,242,341,249,336,198,341,223,348,253,371,241,369,180,370,204,373,234,403,245,407,187,400,209,397,238,433,261,428,230,415,245,408,268
E,407,367,364,342,339,299,358,258,394,240,343,246,338,196,342,222,350,253,373,238,371,177,371,203,375,234,404,243,409,184,401,207,398,236,434,258,428,227,415,242,409,265
E,403,366,361,342,335,299,353,258,389,240,339,246,334,196,337,217,344,247,369,238,367,178,366,200,369,230,400,243,404,185,396,205,393,234,430,259,425,228,412,242,405,263
E,404,366,361,341,337,298,356,258,394,240,342,245,336,194,340,220,347,250,372,238,370,177,369,202,373,232,403,243,407,184,399,205,395,234,433,258,426,226,413,241,406,264
E,402,368,360,344,335,301,353,259,391,241,339,248,333,198,339,222,346,253,369,240,367,179,367,202,370,233,400,245,405,186,397,207,394,235,430,261,424,230,411,244,403,268
E,400,368,358,343,333,301,349,261,385,242,335,247,331,198,335,221,342,252,366,240,364,180,364,204,367,235,398,244,402,186,394,207,391,236,429,259,423,228,410,243,404,265
E,402,370,358,345,334,302,352,262,389,244,338,249,333,200,338,227,346,258,368,241,367,181,366,207,369,238,399,246,404,188,395,212,392,241,430,262,423,230,410,246,404,268
E,401,367,357,342,331,299,349,260,385,241,335,246,328,197,332,221,340,250,364,238,361,179,359,202,363,231,394,240,398,184,389,202,387,230,423,253,424,214,409,221,400,243
E,403,371,359,345,333,303,350,262,386,245,338,249,331,199,335,218,342,245,368,242,365,184,364,204,368,232,397,245,402,190,394,204,392,232,427,257,429,218,415,222,406,243
E,404,372,360,346,335,302,352,263,390,245,339,250,333,199,335,224,341,252,369,242,367,183,364,208,367,237,399,245,403,188,394,208,392,236,429,257,430,217,415,224,407,245
E,407,378,363,353,338,306,359,267,397,252,342,256,337,205,339,231,346,260,373,247,371,187,368,212,370,242,403,250,407,192,397,214,396,244,432,262,432,223,418,230,412,251
E,405,376,362,352,335,309,353,268,394,252,340,254,335,203,338,229,345,258,371,246,369,186,367,211,370,239,401,249,405,193,397,213,395,242,431,262,431,221,418,230,410,253
E,406,381,362,354,338,310,358,272,397,256,342,257,336,207,338,230,346,259,373,249,371,190,368,213,371,243,403,253,407,196,398,215,395,245,432,266,433,227,418,234,410,256
E,406,380,363,355,337,312,354,272,393,256,341,257,335,206,340,231,347,260,372,249,370,188,369,214,372,242,403,252,406,194,398,216,396,245,432,265,431,223,418,232,410,255
E,407,382,364,358,338,315,356,276,394,259,341,260,334,209,338,235,346,264,371,252,369,190,368,217,372,246,402,255,405,196,397,219,396,248,432,267,431,225,418,235,412,259
E,405,376,361,352,336,309,356,269,394,252,338,255,330,204,334,228,343,257,368,246,365,185,362,210,366,240,399,248,400,190,391,213,391,243,428,260,425,221,412,231,406,252
E,406,379,361,355,334,314,352,274,391,257,338,259,330,208,333,232,343,262,368,249,363,188,362,213,366,242,398,251,399,191,391,213,390,243,428,261,424,222,411,231,405,254
E,412,383,368,359,341,317,360,278,399,262,346,265,338,214,342,239,351,268,376,256,371,195,371,220,375,249,406,258,406,199,399,221,399,251,435,269,432,229,420,237,414,259
E,413,374,370,348,349,301,372,263,410,251,346,254,342,203,347,226,355,255,376,245,374,185,376,208,380,236,407,246,408,189,403,210,404,239,437,257,434,220,425,228,421,248
E,409,379,369,354,347,309,371,272,408,257,346,258,343,205,350,232,357,260,378,250,377,187,381,215,383,244,408,252,411,194,408,218,406,247,436,264,435,224,427,232,421,253
E,413,384,372,361,349,317,373,281,409,266,349,265,346,208,352,237,358,266,381,256,379,191,383,219,385,247,411,259,413,198,411,221,409,250,439,270,438,229,431,238,425,260
E,414,383,372,360,349,316,370,278,406,262,348,264,344,208,352,234,358,264,379,255,376,191,381,217,384,245,409,257,410,198,409,218,408,247,437,268,436,226,429,233,423,254
E,415,384,373,361,350,317,370,280,406,263,349,266,343,210,350,233,357,262,379,257,376,192,380,216,384,244,409,259,410,200,409,218,408,246,438,270,437,228,430,234,424,255
E,418,383,375,360,352,317,374,280,409,264,352,266,347,209,355,237,362,266,384,256,380,192,385,219,388,247,414,258,415,198,413,219,412,248,442,268,441,226,433,233,427,254
E,414,381,371,359,345,314,367,276,404,260,345,262,340,210,347,237,355,267,376,252,371,191,376,217,380,246,405,253,405,195,404,218,404,248,434,263,430,223,424,233,421,254
E,406,366,361,347,331,301,350,261,389,248,332,247,325,196,331,222,338,252,362,237,356,177,360,203,364,234,392,237,390,181,389,203,389,234,422,246,417,207,410,217,408,239
E,399,372,354,351,326,307,346,268,383,252,330,251,322,197,326,222,335,252,360,241,355,179,356,205,360,234,390,243,390,183,386,204,385,235,420,254,418,213,407,221,402,244
E,398,383,355,357,328,316,348,278,387,261,333,259,328,209,332,240,338,269,365,251,363,189,362,221,364,250,397,254,399,194,391,221,389,251,426,268,425,225,411,235,403,259
E,401,382,358,358,329,319,347,279,387,262,332,264,327,213,332,246,339,274,365,254,362,193,362,227,364,255,396,255,398,195,391,224,388,254,426,265,425,225,411,238,403,261
E,402,382,357,359,330,319,347,280,384,263,335,262,328,209,332,239,338,268,366,253,363,192,362,225,365,255,397,255,399,196,391,223,389,254,427,267,426,227,412,238,404,261
E,404,378,360,353,335,312,358,274,398,260,337,260,332,207,336,238,342,267,369,251,367,190,366,223,369,252,401,253,402,194,395,221,394,251,431,264,428,224,416,235,410,256
E,407,379,364,356,338,315,359,276,398,259,338,262,334,209,339,242,345,270,370,252,366,190,368,226,372,254,402,253,402,193,397,223,395,253,432,263,430,223,417,236,410,259
E,408,380,365,356,339,314,359,275,396,258,341,263,335,209,340,240,346,268,373,253,369,190,370,222,373,251,404,254,404,194,398,221,397,251,433,265,431,224,419,235,412,256
E,410,381,367,357,342,315,364,277,402,260,342,263,337,211,342,241,347,269,374,253,370,192,372,225,374,253,405,254,405,196,400,222,398,252,434,265,432,226,420,236,413,258
E,411,382,368,358,343,314,363,276,401,259,341,264,338,212,343,242,348,270,373,254,369,192,372,224,375,253,404,254,404,195,401,221,400,252,434,264,432,225,421,235,415,256
E,413,381,369,357,344,311,367,271,405,256,341,264,338,210,343,239,348,267,373,253,370,191,373,222,376,251,405,253,404,194,401,220,400,250,435,263,432,224,422,234,416,254
E,414,383,370,358,346,313,368,274,405,257,344,266,340,214,346,243,353,271,376,256,372,195,375,226,379,254,407,256,407,197,404,223,403,253,437,265,435,226,424,236,418,257
E,413,376,369,353,344,306,366,266,405,251,340,260,336,207,341,236,348,264,372,249,367,188,370,217,374,245,403,249,402,189,398,214,398,244,433,258,430,219,418,230,412,252
E,416,377,373,353,348,307,369,267,408,251,344,261,339,209,347,240,352,267,375,250,370,189,374,220,378,247,407,249,406,192,403,218,402,246,437,258,434,220,424,231,417,251
E,417,376,374,353,350,303,373,264,410,250,346,258,343,209,349,237,356,265,377,247,373,189,378,220,383,247,409,247,408,192,407,218,407,246,439,255,436,219,429,232,425,251
E,414,371,372,348,347,300,368,261,406,245,341,254,338,205,346,237,352,264,372,243,368,184,374,218,378,244,404,242,403,187,402,216,403,244,434,251,431,214,423,227,420,247
E,406,366,364,344,337,297,357,257,394,241,332,251,326,200,334,229,342,256,363,239,356,178,361,209,366,236,394,238,391,180,389,205,390,235,424,246,419,209,410,220,406,240
E,406,363,364,340,338,295,358,255,397,239,332,248,327,199,338,231,345,257,363,236,357,178,365,210,370,237,395,235,393,179,393,206,393,235,425,242,421,205,413,218,409,239
E,398,359,358,337,331,290,351,250,387,234,325,242,320,193,330,224,337,251,356,231,350,172,356,205,361,232,387,229,385,174,385,202,385,231,417,238,413,202,405,215,400,236
E,390,364,349,336,328,287,352,249,391,238,330,239,329,190,333,222,338,250,362,232,363,173,363,207,364,233,394,235,399,179,392,207,388,236,422,248,422,209,410,222,403,243
E,388,365,350,330,337,280,365,244,405,238,346,234,352,182,350,208,351,237,378,231,388,172,381,197,378,226,407,239,421,183,408,201,401,229,434,254,439,217,425,221,415,240
E,388,374,350,338,338,284,368,247,410,241,350,237,358,182,355,211,354,241,384,236,397,173,388,201,383,231,414,244,432,184,417,204,409,234,442,262,449,222,433,226,421,246
E,394,384,355,348,341,295,371,259,416,255,355,247,361,194,357,225,358,256,388,245,401,182,391,213,387,243,419,253,437,192,421,215,413,246,447,271,453,230,436,237,426,257
E,395,384,356,350,341,298,370,261,413,252,353,247,358,193,356,225,357,256,387,244,397,181,390,212,387,242,419,252,434,191,420,214,413,245,448,269,452,228,436,237,426,259
E,395,388,357,353,339,303,365,265,408,257,351,253,355,198,354,231,355,262,385,249,392,186,386,219,384,248,416,256,430,195,417,219,409,250,445,273,451,230,435,237,423,258
E,396,385,356,351,337,301,364,263,407,255,348,250,352,198,351,232,353,261,382,246,390,184,384,218,382,248,415,253,427,191,414,218,408,249,444,269,447,227,431,238,421,260
E,399,384,360,354,340,302,365,263,409,254,342,252,344,200,350,235,353,262,376,245,378,181,381,218,382,247,409,249,415,188,411,217,407,246,440,261,440,222,430,233,423,254
E,414,383,374,354,352,301,380,262,421,249,344,254,348,202,359,238,362,264,379,243,379,180,387,217,389,245,413,243,417,183,417,215,414,245,445,253,445,215,438,229,431,249
E,424,379,385,349,367,302,393,263,431,250,356,252,361,198,373,233,375,259,391,242,392,175,401,213,403,241,425,242,428,183,430,210,427,238,455,253,455,214,451,223,444,241
E,428,383,391,353,372,305,399,265,439,251,361,254,368,203,380,239,383,265,398,244,400,181,410,220,410,247,432,244,437,188,438,219,434,248,463,255,464,217,458,231,451,251
E,425,385,388,353,372,300,401,261,444,252,369,250,376,196,382,233,383,261,406,242,411,178,414,216,413,244,439,246,448,188,444,217,437,247,469,260,472,222,463,233,454,252
E,396,387,355,353,337,302,364,265,408,257,351,248,354,194,351,226,353,256,384,245,393,181,384,213,382,244,415,253,430,190,415,215,408,246,444,270,450,227,433,236,422,258
E,390,384,349,348,329,300,353,263,398,254,343,247,347,194,344,227,346,257,377,244,385,180,377,214,375,244,409,252,422,187,408,213,401,246,439,269,443,224,425,231,414,252
E,393,385,351,351,331,301,358,262,403,254,344,248,347,193,344,225,347,256,378,244,386,179,378,210,376,241,410,250,423,187,409,211,403,242,440,267,445,224,428,230,417,251
E,392,383,350,348,331,299,357,261,401,253,344,248,345,193,341,222,344,252,376,243,384,179,375,208,373,239,408,250,421,187,406,210,399,241,437,266,442,224,424,229,414,250
E,393,385,353,349,333,301,357,263,402,255,347,248,349,195,346,227,349,257,380,245,388,182,379,213,377,243,412,252,425,190,410,214,403,245,441,270,446,227,428,232,417,252
E,394,385,352,351,333,301,358,263,402,255,347,249,349,197,345,227,348,257,380,246,387,183,378,212,376,243,411,253,424,192,409,214,402,244,440,270,446,228,428,233,416,254
E,401,375,359,343,340,293,366,255,407,246,350,245,350,193,348,220,352,250,381,241,386,179,379,206,379,237,411,246,422,185,409,207,404,238,440,261,443,220,427,226,418,246
E,398,372,355,341,336,289,362,250,403,240,345,242,344,191,343,218,347,248,376,237,380,176,373,203,374,233,407,241,415,181,402,203,399,233,435,255,437,215,421,221,412,241
E,383,366,339,335,318,287,340,249,380,237,329,239,327,187,326,214,331,243,360,233,363,172,357,199,358,229,390,237,398,177,387,197,383,227,418,251,420,210,406,214,397,234
E,371,362,327,331,305,282,328,243,370,232,316,232,313,181,311,209,316,238,347,226,350,165,342,193,343,224,377,231,386,170,371,192,368,223,406,245,407,205,389,211,380,232
E,364,363,321,333,297,287,315,247,356,233,307,233,303,182,301,210,306,240,338,227,340,166,332,194,333,225,369,231,376,169,362,191,359,222,398,245,399,203,381,207,372,227
E,366,362,322,332,298,286,318,245,361,233,308,233,306,183,304,212,310,241,340,226,343,165,335,194,335,225,371,230,379,169,364,192,361,224,401,244,401,202,383,208,374,229
E,369,364,325,334,302,286,326,245,368,236,312,237,308,183,309,214,315,244,344,230,345,168,339,198,340,228,374,235,381,173,369,196,366,226,404,249,405,206,389,211,380,232
E,372,363,329,333,306,287,327,247,370,235,314,235,311,183,310,211,314,241,346,229,348,167,341,196,342,226,377,233,385,173,371,195,367,225,407,247,407,206,390,211,381,231
E,374,367,330,337,308,290,330,250,371,237,317,239,313,186,313,215,318,245,348,233,350,170,344,199,345,229,379,237,387,176,373,198,370,229,409,251,409,209,392,216,382,237
E,379,366,335,337,313,289,334,249,375,236,322,237,319,184,318,211,322,241,353,231,356,169,350,195,350,225,384,235,393,174,380,195,376,225,414,249,415,209,399,214,389,234
E,379,369,336,338,313,290,336,250,378,238,323,240,321,187,321,217,326,247,355,233,358,171,352,201,353,232,386,238,394,176,382,199,378,230,416,251,417,210,402,216,392,236
E,382,372,339,341,318,293,342,254,383,241,325,243,323,189,323,218,327,248,357,237,361,174,355,203,355,233,388,242,397,181,385,203,381,233,418,256,419,214,403,221,395,242
E,382,376,339,344,319,294,344,254,387,244,326,244,326,191,326,221,330,251,359,238,363,176,358,205,358,235,391,243,400,184,388,205,383,235,421,257,422,217,406,224,397,245
E,390,380,348,349,327,299,353,259,395,249,335,249,336,196,337,227,341,257,368,244,373,181,368,212,368,241,400,248,409,188,398,211,393,241,430,262,432,221,417,229,409,249
E,392,379,350,347,330,297,356,258,398,248,338,247,339,194,338,223,341,251,371,242,376,179,370,208,370,237,402,247,412,186,400,209,396,239,432,262,435,220,420,228,411,249
E,395,378,353,345,335,296,362,258,403,248,342,248,343,194,343,222,346,252,375,243,380,181,375,209,375,238,406,248,416,190,405,211,400,240,435,263,439,222,425,228,415,248
E,397,378,357,344,339,293,366,255,408,245,346,246,348,193,346,222,349,251,378,241,384,179,378,208,378,237,410,246,419,185,409,208,405,238,439,260,442,219,428,226,420,247
E,398,376,358,342,340,291,368,255,408,245,346,246,348,193,348,223,350,252,379,241,384,179,380,210,379,238,410,246,419,185,409,210,404,241,439,261,442,220,428,227,419,246
E,399,377,359,343,342,291,368,253,408,243,346,245,348,191,349,220,351,249,379,240,383,177,381,206,380,235,410,245,419,183,411,206,406,236,440,259,443,217,431,222,422,242
E,401,378,362,346,344,293,371,255,412,246,349,247,351,194,352,225,354,254,382,242,387,180,383,211,384,240,413,247,422,187,413,212,409,242,443,261,445,219,433,228,426,249
E,401,381,361,346,345,294,373,256,415,248,351,247,354,196,354,225,356,253,384,243,390,182,386,211,386,240,416,249,426,191,416,213,411,242,445,264,450,224,437,230,427,250
E,400,383,362,347,349,293,378,257,419,249,357,247,363,195,359,220,359,250,390,244,400,183,392,208,389,239,421,252,436,192,423,210,416,240,449,269,455,228,441,231,430,249
E,395,385,356,347,341,292,370,255,414,251,356,248,361,196,358,225,359,254,388,247,399,185,391,211,388,241,419,255,435,196,421,213,413,242,447,273,454,230,439,232,427,249
E,394,385,355,347,341,294,370,259,412,251,355,246,360,193,356,220,356,250,387,245,398,184,389,210,386,240,418,254,434,194,420,211,412,241,445,272,453,230,437,231,425,249
E,394,386,354,351,337,300,364,263,407,254,347,252,350,198,348,228,350,258,380,248,388,187,380,216,379,246,411,255,425,193,411,214,405,245,440,271,444,229,428,233,418,252
E,400,386,360,354,343,303,369,264,410,253,342,255,343,202,348,234,352,263,376,249,378,185,379,218,380,246,409,252,415,191,409,217,406,247,439,265,439,225,429,233,422,253
E,407,378,366,351,345,296,370,254,409,240,336,250,337,198,347,229,352,258,370,239,367,176,375,210,378,238,404,239,406,180,405,207,403,237,435,249,434,211,426,223,420,243
E,417,378,379,349,360,294,387,254,427,243,347,249,353,199,365,235,367,261,382,239,384,176,392,216,393,243,417,239,422,181,422,212,417,240,448,248,448,213,441,226,434,244
E,414,375,376,347,358,298,382,259,420,244,349,248,352,200,364,232,368,260,383,239,383,179,393,213,395,241,416,241,421,184,423,211,419,239,445,253,446,215,441,227,435,246
E,408,382,369,352,349,302,375,263,416,250,347,255,348,204,357,238,360,264,381,247,382,183,388,219,388,245,414,250,420,191,417,221,413,248,444,262,446,221,437,234,430,254
E,410,382,371,352,353,302,379,264,420,252,351,253,352,201,359,235,362,263,385,245,386,181,389,217,390,244,418,248,424,188,420,218,416,246,448,261,450,221,440,232,431,253
E,409,385,368,353,350,300,377,261,417,250,348,254,349,201,356,236,359,264,382,246,383,182,386,218,388,245,415,248,421,189,416,218,413,247,446,261,448,219,437,230,429,251
E,412,383,372,352,353,301,381,263,422,254,351,253,352,200,358,234,362,263,385,245,387,182,389,217,390,245,418,248,425,190,420,217,415,246,448,261,450,222,439,231,431,251
E,410,385,371,354,352,302,379,264,420,253,352,255,353,204,360,237,363,265,386,248,388,185,391,219,391,247,419,251,425,191,421,219,417,248,449,264,450,223,440,234,433,254
E,408,383,368,352,350,300,376,262,416,251,350,253,351,201,357,233,359,262,383,246,385,183,388,215,388,243,416,249,421,189,417,216,414,246,446,262,447,221,437,231,430,251
E,409,380,368,350,349,300,375,262,415,250,350,252,351,201,356,233,359,261,383,244,384,183,387,215,388,242,415,247,420,189,417,214,414,243,445,260,446,220,438,229,431,249
E,409,383,369,351,350,301,374,262,415,250,349,254,350,202,357,235,360,263,384,247,385,184,388,217,388,244,416,250,422,191,418,216,414,245,446,263,448,222,437,229,429,250
E,411,384,372,354,353,301,379,262,420,251,353,255,353,203,361,236,364,264,386,248,388,185,391,218,392,245,419,251,424,192,421,218,418,247,449,264,449,224,440,233,433,253
E,409,382,369,351,350,301,376,262,417,252,348,252,349,202,356,236,359,263,382,245,383,184,386,217,387,244,415,247,420,190,417,216,413,244,445,260,446,220,437,230,429,251
E,409,384,370,355,351,303,377,264,417,252,350,256,351,204,356,236,359,264,384,248,385,185,387,217,388,244,416,251,421,190,417,217,414,246,446,264,447,225,437,236,429,256
E,408,381,367,350,348,300,374,263,415,251,348,253,350,202,358,235,361,263,382,245,383,184,388,217,389,245,414,248,419,190,417,216,414,246,444,261,445,222,437,233,430,254
E,411,381,371,351,353,301,379,262,419,250,353,254,354,201,360,234,364,262,387,246,389,182,390,216,391,244,419,250,426,190,420,217,416,247,449,263,451,222,440,233,432,254
E,413,384,373,354,355,304,380,266,421,255,356,255,358,204,362,236,365,263,389,248,392,186,393,218,393,246,421,252,429,192,423,219,419,248,451,265,453,224,443,234,435,256
E,412,384,373,353,354,303,381,265,422,254,353,255,356,205,363,238,365,267,388,248,390,187,393,221,393,249,420,252,427,193,423,220,419,250,450,264,451,225,442,234,434,254
E,414,383,374,352,355,302,381,264,422,254,355,254,357,203,363,237,366,265,389,247,391,186,394,220,395,247,421,250,427,192,423,220,420,248,451,263,453,223,443,233,436,254
E,414,379,374,347,356,297,382,260,423,249,357,253,358,202,365,234,368,262,390,246,391,185,395,217,397,245,422,249,427,190,425,216,421,245,452,261,452,222,444,231,438,250
E,415,379,375,348,357,297,384,259,425,248,357,250,359,199,364,230,366,258,390,243,393,181,394,213,395,241,423,247,430,187,424,213,420,242,453,260,454,219,444,229,436,249
E,414,382,374,350,356,300,382,263,423,251,357,253,358,202,363,235,367,263,390,247,393,184,394,217,395,245,422,250,429,191,423,218,420,247,452,264,454,223,443,233,435,254
E,414,380,375,350,358,298,384,261,425,250,358,252,359,200,363,232,366,260,391,244,393,182,393,214,395,242,423,248,430,188,424,213,420,243,452,261,454,222,443,232,434,252
E,413,382,374,351,355,300,380,262,420,250,354,253,356,201,362,235,365,263,388,246,390,184,393,218,394,245,420,249,427,190,422,219,419,248,450,262,451,222,441,233,435,254
E,414,382,374,351,356,300,383,261,425,251,356,252,358,199,361,232,365,261,390,245,392,182,392,215,393,244,422,249,429,189,422,215,418,245,452,262,453,222,441,231,433,252
E,410,382,371,348,356,296,383,259,424,251,359,250,362,197,363,228,366,256,392,245,397,182,395,212,395,240,424,250,434,189,425,213,421,242,453,264,457,224,445,231,436,251
E,406,382,367,346,352,293,380,257,422,250,360,246,365,192,363,222,364,252,393,242,402,179,396,208,394,238,424,249,437,188,426,211,420,241,453,266,459,223,445,228,437,247
E,409,378,368,343,353,290,382,252,423,244,361,244,364,191,363,219,365,248,394,239,402,177,396,204,394,233,425,246,438,186,427,206,421,235,454,262,460,220,445,224,435,244
E,410,382,371,346,355,294,384,256,425,249,361,249,365,195,365,224,367,253,394,244,401,180,398,209,397,238,426,249,437,189,428,212,423,242,456,265,460,223,447,231,438,252
E,409,383,369,348,354,295,383,258,425,250,360,249,363,196,362,225,364,255,393,245,400,181,394,211,393,241,424,251,436,189,424,213,419,244,454,266,457,225,442,233,433,253
E,411,381,372,348,356,295,384,258,424,248,363,247,365,192,365,221,366,250,396,242,402,178,398,206,396,235,427,248,438,188,428,210,422,239,456,264,461,223,447,228,437,248
E,408,385,368,351,352,298,380,261,422,254,358,252,362,199,361,230,363,259,391,247,398,185,393,216,393,245,423,253,434,191,423,216,418,247,452,268,456,227,442,234,432,254
E,407,383,368,349,352,299,379,262,420,252,357,251,359,198,359,228,361,257,390,246,395,183,391,213,391,241,421,252,432,190,422,214,417,244,451,267,454,226,440,232,431,252
E,408,383,368,349,351,296,379,258,422,251,357,249,361,197,360,228,363,257,391,244,397,181,392,212,392,242,423,249,433,189,423,213,418,243,452,263,455,222,441,231,433,252
E,407,381,368,347,351,297,378,259,420,249,357,249,359,195,359,224,361,254,390,244,396,180,391,209,390,238,421,250,432,188,422,210,416,240,450,265,454,223,441,228,431,248
E,405,376,365,343,348,292,375,255,416,245,352,245,354,193,356,222,357,251,385,240,389,178,388,208,387,237,417,245,426,185,418,209,413,239,446,259,449,218,438,224,430,243
E,405,377,366,344,350,290,377,253,418,244,353,245,355,192,356,221,358,251,386,240,391,177,388,206,388,235,418,245,426,184,418,207,414,237,447,259,450,218,437,225,429,245
E,403,378,362,347,343,298,367,258,408,246,345,249,344,195,346,226,350,255,377,242,379,179,377,210,378,238,409,246,415,183,407,209,403,239,439,259,440,218,426,227,417,248
E,407,378,365,347,344,298,368,258,410,246,346,250,346,197,350,230,354,258,380,242,382,177,380,212,381,239,412,244,419,183,411,211,407,240,443,257,444,216,431,226,423,247
E,400,381,359,350,338,301,363,262,405,250,343,253,342,200,344,231,348,260,376,246,377,182,376,214,377,243,408,249,414,187,406,212,403,243,438,263,439,220,427,228,420,250
E,401,377,359,348,339,299,364,260,405,248,343,249,341,196,341,224,346,254,375,241,377,179,373,206,374,236,407,245,414,184,404,207,401,238,437,259,438,220,424,228,416,249
E,400,380,359,350,338,302,363,263,406,251,342,250,342,198,343,228,347,258,375,243,377,181,375,211,376,241,407,247,414,185,406,210,402,241,437,261,438,220,426,228,417,251
E,398,379,357,351,335,302,357,263,399,250,340,250,339,198,340,229,345,257,373,243,374,180,372,211,373,240,405,247,411,185,402,210,399,240,435,260,436,218,424,226,416,247
E,403,379,362,348,341,299,365,259,407,246,345,248,344,195,346,226,350,255,378,241,380,177,377,208,377,237,410,245,418,183,408,208,403,239,440,258,442,216,428,225,419,246
E,400,376,358,346,337,298,363,259,404,247,342,248,341,197,343,227,347,256,375,241,377,179,374,210,375,240,406,245,413,184,405,208,401,239,436,258,438,218,425,225,417,245
E,400,378,359,347,339,298,364,259,406,247,344,249,342,197,345,226,349,255,376,243,378,180,376,209,377,238,408,247,415,185,407,208,403,239,438,261,440,218,428,225,419,246
E,401,379,360,349,340,299,365,260,407,248,346,249,345,195,345,224,349,254,378,242,381,178,377,207,378,237,410,247,417,184,408,207,404,238,440,261,442,218,428,226,420,247
E,397,378,356,348,335,301,358,262,400,249,340,249,338,197,339,227,344,256,373,242,375,180,371,210,373,239,405,246,412,184,402,208,399,239,435,260,436,217,423,225,415,247
E,399,381,358,350,338,301,362,262,404,252,343,250,344,199,344,230,347,259,376,243,379,181,375,212,376,242,407,248,415,185,405,210,401,241,438,261,439,221,424,229,416,251
E,396,378,355,348,334,300,357,262,398,248,340,248,338,197,339,225,344,254,372,241,373,180,371,209,372,239,404,246,410,184,402,207,399,238,433,260,435,219,422,226,414,247
E,399,378,357,350,335,302,357,262,398,249,341,250,339,196,340,227,344,256,373,243,376,179,371,209,372,238,405,247,412,185,401,209,398,239,435,260,436,219,422,226,414,247
E,401,376,358,346,337,298,360,258,402,247,342,248,341,195,341,224,346,253,375,240,378,177,373,207,373,237,406,244,414,182,403,207,399,238,436,257,438,216,423,225,416,247
E,400,374,358,345,338,295,362,256,404,244,343,245,341,192,341,220,345,249,375,238,377,175,372,203,373,233,406,242,413,181,403,203,399,234,436,256,437,215,422,222,414,244
E,401,373,359,344,339,296,361,256,401,243,343,245,340,192,342,221,347,250,375,238,377,174,374,204,375,233,407,242,413,180,404,204,400,234,436,255,438,213,424,221,416,242
E,403,374,360,344,340,296,364,257,403,244,345,247,342,194,343,221,348,250,377,240,378,177,375,204,376,233,408,244,414,183,405,204,402,234,437,257,439,216,426,223,418,244
E,402,377,361,346,342,295,366,256,408,246,347,247,347,193,348,223,352,253,380,241,383,177,379,206,379,235,411,246,420,184,410,206,405,236,441,261,444,219,430,223,421,243
E,401,375,361,343,342,295,366,257,406,244,345,246,344,194,345,221,348,250,377,240,380,178,376,206,377,235,409,244,417,182,407,205,403,236,438,258,440,217,426,224,416,245
E,406,376,365,344,346,294,372,255,413,244,351,247,350,193,352,224,357,253,383,240,387,177,383,207,384,236,415,244,423,184,413,208,409,238,445,257,447,216,433,225,425,246
E,428,390,389,357,374,307,401,271,441,262,379,262,382,210,381,239,383,267,411,257,417,196,412,225,411,253,442,262,452,203,441,226,436,255,470,277,474,238,460,245,451,264
E,417,378,377,345,360,294,388,257,429,249,365,249,366,198,365,224,367,253,397,243,401,183,396,210,397,239,428,248,437,188,427,210,423,240,457,263,460,223,446,229,438,248
E,416,376,376,344,359,293,385,255,425,246,363,248,364,196,364,224,366,253,394,242,398,182,394,210,395,239,425,247,434,186,424,209,420,239,454,260,457,221,442,228,433,248
E,408,370,368,338,351,287,377,249,417,240,355,242,354,191,354,217,357,246,386,235,389,175,385,202,386,231,417,240,424,180,415,202,412,231,446,254,449,214,435,219,427,238
E,408,368,367,335,350,285,376,247,416,237,354,241,354,189,354,216,357,245,386,235,388,173,385,201,386,230,416,240,424,178,415,200,412,230,446,253,448,212,435,217,426,237
E,410,367,370,335,352,284,377,246,417,236,355,240,354,188,356,217,360,245,387,233,389,172,385,200,387,229,417,237,424,177,415,199,412,229,447,251,448,211,435,216,427,236
E,410,368,370,336,352,285,377,247,417,238,356,239,356,188,356,214,359,243,387,233,390,172,386,198,388,228,418,238,426,178,417,198,413,228,448,252,450,211,436,216,427,237
E,409,366,368,334,352,283,377,246,415,235,356,240,354,188,355,214,358,243,387,234,389,172,385,198,386,226,417,239,425,178,415,198,412,227,446,252,449,211,435,215,426,234
E,411,361,371,331,353,280,379,241,419,232,354,234,354,183,357,213,361,241,386,226,388,166,386,195,388,224,417,230,423,172,416,196,413,226,447,242,448,205,437,213,429,231
E,412,361,371,329,354,277,380,239,419,229,354,234,354,183,357,212,361,240,386,228,388,167,386,195,388,224,417,231,424,172,416,195,413,225,447,243,447,205,435,212,428,231
E,409,362,369,330,352,280,377,241,417,231,353,236,353,185,354,212,358,241,384,229,386,169,384,196,386,224,415,233,422,174,414,195,411,224,445,246,447,206,434,212,427,232
E,407,360,366,328,348,278,373,240,413,229,351,233,350,182,351,207,354,236,382,226,384,166,381,192,383,221,413,230,419,171,411,192,409,222,443,243,445,203,432,210,424,229
E,406,362,365,331,348,279,373,240,413,231,350,235,349,184,349,209,352,237,381,228,382,168,380,194,382,223,412,232,418,173,410,194,408,223,441,245,443,206,431,212,424,230
E,406,362,364,330,346,278,372,238,412,229,348,235,348,183,350,209,353,238,380,228,382,167,380,194,381,222,412,232,418,172,410,195,407,225,441,244,443,204,430,212,422,232
E,405,362,363,331,346,278,372,238,412,230,349,234,348,183,348,207,351,236,380,227,381,167,379,191,380,220,411,231,417,172,409,191,406,220,441,243,443,204,430,208,422,227
E,405,363,364,331,346,279,372,240,412,230,348,234,347,182,349,208,352,237,380,227,381,166,379,192,380,221,411,231,418,172,410,193,406,222,441,243,442,203,429,210,421,230
E,407,360,365,328,346,277,371,237,412,227,347,232,346,181,349,209,354,237,379,224,380,164,378,191,380,220,410,227,416,169,408,191,406,220,440,239,441,200,429,207,422,226
E,405,359,363,327,344,276,370,238,411,228,348,232,347,182,347,208,351,236,379,225,380,165,378,192,380,221,410,228,414,170,407,192,406,222,440,241,441,200,430,206,424,225
E,405,359,364,326,345,275,370,236,409,226,346,231,344,180,346,209,350,236,377,225,378,164,376,194,378,222,408,228,414,168,406,191,403,220,438,240,439,200,426,207,418,226
E,405,356,364,324,345,274,370,235,410,224,346,230,345,179,347,205,351,232,378,223,378,162,377,187,379,215,409,226,414,167,407,187,405,216,438,238,440,198,428,204,420,224
F,412,390,363,375,316,350,274,333,244,311,334,273,289,256,263,273,251,293,356,253,323,201,306,166,295,135,387,249,379,196,381,159,382,126,419,259,430,216,443,184,454,157
F,412,389,362,373,315,346,272,328,242,305,335,267,291,248,263,266,253,287,356,248,324,195,309,158,299,125,386,244,381,189,383,150,384,117,417,256,430,211,443,179,454,150
F,424,397,372,373,331,338,295,312,274,281,357,260,321,228,294,243,284,266,377,245,351,185,337,146,329,110,405,245,404,184,408,142,412,107,433,260,445,213,458,179,469,149
F,429,402,378,376,336,340,301,313,282,281,366,263,330,231,302,245,293,268,387,248,362,188,348,150,340,114,414,248,415,187,419,147,424,112,442,264,458,218,472,184,485,153
F,433,401,382,376,339,343,302,318,283,286,369,266,332,234,304,248,293,269,391,250,365,191,350,153,342,117,420,251,420,191,425,150,430,116,449,266,467,220,483,187,499,157
F,434,401,384,376,339,346,301,321,283,289,368,267,330,235,304,251,294,274,393,251,364,193,348,155,338,120,425,251,422,194,425,153,427,119,457,267,475,223,491,190,505,160
F,436,399,385,376,338,347,299,323,282,289,366,267,328,234,303,249,294,271,392,250,361,191,345,154,334,118,426,250,420,192,422,152,423,118,460,266,476,221,491,188,503,158
F,439,398,387,378,339,351,300,325,289,289,366,270,330,235,307,248,299,271,393,252,363,194,346,156,333,120,428,250,422,193,420,154,419,122,463,263,479,220,491,188,503,159
F,435,399,384,380,335,353,294,328,281,293,362,271,325,237,300,251,292,274,389,253,358,194,340,156,327,119,423,251,416,194,415,154,413,121,458,265,473,221,486,188,497,159
F,432,400,382,378,334,349,294,324,278,290,363,269,324,235,299,250,288,272,389,251,358,192,340,152,329,116,422,251,417,190,417,150,416,114,458,266,474,220,488,187,500,156
F,419,403,370,376,327,343,290,318,267,289,358,266,319,235,291,251,279,274,380,252,354,191,339,151,329,114,410,254,410,191,414,148,418,111,439,272,457,225,473,190,487,159
F,420,403,371,375,329,341,293,316,272,286,361,265,322,234,293,250,281,273,382,250,357,189,342,150,334,113,410,253,413,189,418,147,423,110,438,271,456,224,473,189,488,159
F,422,397,374,371,333,335,298,311,277,282,365,259,326,232,296,247,285,268,384,245,359,186,345,148,338,112,412,247,413,185,419,144,425,109,438,264,455,218,472,185,488,155
F,426,396,378,370,338,334,303,308,282,278,368,258,330,230,301,244,290,265,389,243,363,184,349,146,342,110,416,245,418,184,425,143,431,107,443,261,460,216,477,183,492,154
F,426,395,377,368,336,333,301,309,279,279,368,258,329,229,300,245,289,266,388,243,361,185,347,147,340,111,415,245,416,184,422,143,428,107,441,262,458,216,474,183,489,153
F,426,393,378,367,337,332,303,307,282,278,368,256,330,228,301,243,289,265,388,241,363,183,349,145,342,109,416,243,417,182,423,141,429,106,442,260,458,214,474,181,489,152
F,424,393,375,367,335,334,300,309,279,279,364,256,325,230,296,244,285,266,384,241,358,183,345,145,339,109,412,241,412,182,418,141,424,107,438,256,454,212,470,180,484,151
F,425,392,377,366,336,332,302,307,281,276,366,255,329,228,300,243,289,264,387,240,361,182,348,144,342,109,414,241,416,181,422,141,428,107,442,257,458,212,473,180,488,151
F,425,391,376,366,335,331,300,306,278,277,366,254,327,228,298,243,287,264,386,239,360,181,346,144,340,109,413,240,413,180,419,140,424,105,440,256,456,212,473,179,488,150
F,423,393,375,368,334,334,298,311,276,282,364,258,325,231,297,246,286,267,384,243,357,185,344,147,337,112,411,245,411,184,416,144,422,110,439,261,455,215,471,182,485,153
F,425,395,376,369,335,335,299,311,278,282,365,259,326,231,298,247,286,269,385,245,358,186,345,148,338,112,413,246,412,184,417,144,423,110,440,262,456,216,472,183,486,153
F,419,392,371,367,330,333,293,311,270,284,360,257,322,232,293,247,281,268,380,243,353,185,338,148,331,113,407,244,405,183,410,144,414,109,435,260,450,214,465,181,479,151
F,419,391,371,367,329,333,293,310,270,282,360,257,320,232,291,247,280,268,380,241,352,185,338,147,330,111,407,242,406,182,410,143,415,109,435,257,449,212,464,180,478,151
F,414,389,366,366,323,333,287,310,263,281,353,255,313,231,284,246,272,267,372,239,345,183,330,145,322,110,399,239,397,180,402,140,406,106,426,254,441,209,457,176,470,147
F,417,389,369,366,327,333,292,310,269,281,355,255,317,230,287,244,276,266,375,240,347,182,334,145,328,110,403,240,400,181,405,141,410,107,431,254,445,210,460,178,473,149
F,418,387,370,363,328,330,292,306,268,278,358,253,319,227,290,242,279,263,377,238,350,181,336,143,330,108,405,239,403,179,407,140,412,105,433,254,447,208,461,176,475,146
F,423,385,373,361,330,326,292,303,265,277,360,252,322,222,291,236,275,256,380,237,354,181,337,143,327,108,407,237,402,176,404,136,407,102,435,252,449,206,464,173,478,143
F,425,382,376,359,333,324,295,299,269,273,362,248,324,220,293,233,278,253,382,233,354,177,336,140,325,104,409,233,404,173,406,133,410,99,437,248,450,202,464,169,477,139
F,424,379,375,357,333,322,296,298,269,271,360,246,322,220,291,233,276,253,380,231,353,175,336,138,325,103,407,230,403,172,405,132,408,99,435,244,446,199,458,167,470,137
F,428,379,378,355,335,322,299,298,272,271,365,246,326,220,295,233,279,252,384,231,356,175,339,138,330,103,411,231,406,173,408,133,411,99,438,245,449,200,461,167,472,137
F,423,376,375,354,333,320,296,296,269,269,360,245,322,219,291,232,276,250,379,229,351,174,333,137,323,103,406,228,401,170,403,131,406,97,433,242,443,197,455,164,466,135
F,425,374,375,352,333,319,296,294,269,268,360,244,321,217,290,231,275,250,379,228,351,173,335,136,325,101,407,227,401,169,403,129,406,96,434,240,443,195,454,163,465,134
F,425,371,375,350,332,317,296,292,269,266,360,241,322,216,290,229,275,248,379,226,350,170,334,133,324,98,406,225,399,168,402,128,404,94,435,238,442,193,453,160,462,132
F,423,372,374,350,332,318,296,294,268,267,359,243,321,217,290,230,274,249,378,227,350,173,333,136,324,101,405,226,399,168,401,129,404,96,433,239,441,193,451,161,461,132
F,425,369,376,348,333,316,297,291,269,265,359,239,320,215,289,228,275,248,378,223,349,168,333,132,324,97,406,222,399,165,401,126,403,93,434,235,441,190,452,157,461,129
F,423,366,373,345,330,312,294,289,267,263,358,238,320,212,288,226,273,244,377,222,348,168,330,132,320,98,403,220,397,163,399,124,402,91,430,233,438,188,448,155,457,126
F,420,359,371,339,328,307,292,284,264,259,354,233,317,209,286,222,271,240,372,216,343,164,326,128,316,94,399,214,392,158,394,120,396,87,427,226,434,182,444,150,453,121
F,422,357,373,336,330,305,294,282,266,256,357,230,318,206,287,218,273,236,375,214,346,161,329,125,318,91,402,211,395,155,395,117,397,85,429,222,436,178,445,146,454,118
F,421,354,372,335,329,303,293,279,265,253,354,228,317,204,286,217,272,235,372,211,343,158,325,122,315,88,400,209,392,153,393,115,395,81,428,221,434,177,443,144,451,116
F,421,355,371,336,328,304,291,282,264,257,354,229,315,206,285,219,270,237,372,213,342,160,325,124,315,90,399,211,391,155,392,117,394,83,427,222,433,177,442,146,451,117
F,417,355,367,335,323,303,286,281,258,257,349,228,310,205,280,219,265,238,367,212,336,160,319,124,309,91,393,209,385,154,386,116,387,83,421,221,427,176,436,144,445,115
F,419,350,369,332,325,301,289,277,261,250,351,225,313,202,282,214,268,234,369,208,339,155,322,119,311,85,396,206,388,151,388,113,390,80,424,216,429,172,438,140,446,111
F,421,350,370,331,327,300,291,276,264,249,353,224,315,201,285,214,271,233,371,208,340,156,323,120,312,86,397,205,389,151,390,112,391,80,425,215,430,170,439,138,448,111
F,418,351,369,332,326,302,289,280,262,253,351,227,312,204,282,217,268,235,369,211,338,159,321,124,312,91,395,208,386,153,387,115,389,83,423,219,428,174,437,142,445,114
F,422,350,371,331,328,300,292,277,265,252,354,226,317,203,287,216,273,234,372,209,342,157,326,122,316,89,399,207,391,153,392,115,394,83,426,217,432,174,441,143,450,115
F,417,349,368,330,325,300,288,278,261,253,351,225,313,202,283,215,269,233,369,209,338,158,321,123,311,89,394,207,386,152,387,114,388,82,421,217,427,173,436,141,444,113
F,420,347,370,329,327,298,291,275,264,249,352,224,314,202,284,214,270,232,370,207,340,155,323,119,313,86,397,204,389,150,390,112,391,80,424,214,429,170,438,139,446,111
F,414,347,365,329,322,300,286,278,259,252,347,225,310,203,280,216,266,234,364,209,335,157,318,123,308,90,390,206,382,151,382,114,384,82,417,216,423,171,431,139,439,111
F,416,349,368,330,326,301,289,279,263,252,351,227,313,203,282,216,268,234,368,210,339,159,322,124,313,91,394,208,386,153,387,115,388,83,421,218,426,174,435,142,443,114
F,415,347,366,329,322,299,284,277,258,251,346,224,308,201,278,215,264,234,364,207,334,157,316,122,305,89,390,205,382,150,382,112,383,80,417,216,423,171,431,139,438,109
F,416,347,366,329,322,300,286,277,257,251,347,225,309,203,279,216,264,234,364,209,334,158,316,123,305,90,390,206,381,151,380,113,380,81,418,216,422,171,429,139,435,110
F,421,346,372,328,329,298,292,276,266,249,355,223,315,200,285,213,271,231,372,207,340,155,322,119,310,86,399,204,388,148,387,110,387,77,426,215,428,169,435,137,442,108
F,430,356,381,337,337,308,300,286,274,260,363,232,322,206,292,220,278,240,381,216,349,163,329,128,317,95,408,213,397,156,394,117,393,84,436,224,438,179,444,147,450,118
F,437,360,386,341,342,310,306,288,279,262,367,235,329,210,299,223,284,242,386,219,356,165,337,129,325,95,414,217,404,160,402,121,402,88,443,229,447,183,454,150,461,120
F,437,363,387,343,344,312,307,290,280,264,369,236,332,212,302,225,287,245,389,220,359,166,340,130,328,96,417,219,408,162,406,124,406,91,446,231,451,185,459,152,465,122
F,437,365,387,345,344,313,306,291,279,266,371,239,333,213,302,227,287,246,389,223,358,170,339,135,326,100,416,221,406,163,404,125,404,91,444,232,449,187,457,154,464,124
F,435,362,386,343,342,313,304,290,277,264,367,238,328,212,299,225,284,244,385,222,355,169,336,134,323,99,412,220,402,162,400,124,399,90,441,231,445,186,453,153,460,123
F,435,361,386,341,343,311,307,288,280,261,367,236,331,212,300,224,285,242,386,220,356,166,337,130,325,96,415,218,405,162,403,124,402,91,444,230,448,185,455,152,461,122
F,438,362,389,342,346,310,309,287,282,261,371,237,335,211,305,224,290,242,390,221,360,168,341,132,328,99,417,220,407,162,405,124,404,92,446,231,449,185,456,153,463,123
F,437,352,388,334,345,303,310,280,283,255,369,229,333,205,304,218,291,238,387,214,358,161,340,125,329,92,414,212,405,157,405,120,404,88,443,223,448,179,456,147,462,118
F,436,351,387,332,345,302,309,279,282,253,370,228,333,202,302,215,288,234,389,212,359,159,340,125,328,92,416,209,406,154,403,116,403,84,445,220,448,176,455,145,461,116
F,436,349,386,331,343,301,307,278,280,253,368,228,331,203,302,216,288,235,386,213,356,160,338,125,326,92,413,211,403,156,401,118,401,86,441,222,446,177,453,145,458,115
F,436,354,387,334,345,305,308,282,283,257,371,234,333,206,303,218,289,236,389,218,360,165,341,130,328,97,416,215,405,159,402,122,401,90,444,225,446,180,453,149,460,121
F,438,352,390,332,347,303,311,280,285,254,374,231,336,205,306,218,292,235,392,215,362,163,343,128,331,95,419,213,408,157,406,120,406,88,447,223,450,179,457,147,463,119
F,437,352,389,332,346,302,310,280,285,255,373,229,336,205,307,218,292,236,391,214,362,162,344,127,332,94,417,212,408,157,407,120,407,88,445,223,450,178,457,146,464,118
F,433,350,385,330,342,300,307,278,282,251,368,229,333,203,304,216,290,234,387,214,357,162,338,127,326,94,414,212,404,157,402,120,401,88,442,223,446,178,452,146,457,117
F,435,349,387,329,343,300,306,278,281,253,370,228,332,204,304,217,289,235,387,213,357,163,339,129,327,96,413,210,403,157,401,120,401,88,441,220,445,177,451,145,458,117
F,435,348,386,329,343,300,306,278,281,252,370,227,332,204,302,216,288,234,387,212,356,160,338,126,327,93,414,209,404,155,403,118,403,86,441,220,445,176,451,144,457,115
F,431,348,382,330,340,299,304,276,278,251,365,228,330,204,300,217,286,235,383,213,354,162,336,127,324,95,410,211,401,157,400,121,400,90,439,222,442,178,448,147,453,118
F,433,349,385,330,343,301,307,277,280,252,369,228,332,203,302,216,288,234,387,212,357,162,339,127,328,95,414,210,404,155,403,118,402,87,442,220,445,176,451,145,457,116
F,435,344,386,325,344,296,309,273,283,246,369,223,334,199,304,212,290,229,388,207,358,156,340,122,328,90,416,206,406,152,405,115,404,84,445,217,447,172,453,141,458,113
F,434,343,385,325,343,295,308,272,282,246,368,224,332,201,303,213,288,230,386,209,357,158,338,124,326,92,413,207,404,153,402,117,402,86,441,217,444,174,451,143,456,114
F,433,344,385,325,342,297,306,274,281,247,369,226,331,201,302,213,288,230,386,210,356,159,338,125,327,93,412,206,401,153,399,116,399,85,439,216,441,173,447,142,454,115
F,434,341,386,323,343,294,307,272,282,247,369,223,333,199,304,211,290,229,387,208,357,157,339,123,328,91,413,205,403,152,401,115,401,84,440,215,443,171,449,140,455,112
F,433,337,385,320,343,292,307,270,282,244,367,221,331,196,303,208,289,226,385,206,355,156,337,122,325,92,412,203,401,152,400,116,399,86,441,213,442,170,448,139,453,112
F,433,343,385,325,343,296,307,274,281,248,368,225,333,201,303,214,289,231,386,210,356,159,338,125,327,93,413,208,402,154,400,118,399,86,441,218,443,174,449,142,454,114
F,436,348,389,329,346,300,310,278,284,251,372,227,336,203,306,215,292,233,390,212,360,161,342,127,330,94,417,211,407,156,406,119,405,88,445,221,448,177,454,145,460,117
F,432,348,383,331,339,305,300,283,274,256,362,230,324,205,297,217,282,234,381,213,348,162,329,128,315,95,410,210,397,157,394,121,392,89,441,220,442,175,448,144,454,115
F,438,353,387,336,340,309,302,286,278,257,363,233,326,205,298,219,284,238,385,216,351,163,331,127,317,93,415,213,400,158,396,121,392,89,448,223,449,178,454,146,458,118
F,440,357,388,340,342,315,303,292,279,261,363,236,325,209,298,223,285,242,385,219,350,166,329,130,313,95,417,216,401,162,395,125,390,93,451,226,451,182,455,150,459,122
F,444,355,392,337,345,311,308,287,285,256,367,233,330,204,303,218,289,237,390,216,355,161,335,124,320,89,422,213,407,157,401,120,396,87,457,223,457,178,462,146,466,117
F,440,356,388,338,341,312,304,289,280,258,362,235,326,206,298,220,285,239,384,218,350,164,329,128,315,93,416,215,400,159,395,123,391,91,450,225,450,179,454,148,459,119
F,439,353,388,335,340,310,303,286,281,254,363,231,326,202,299,217,286,237,385,214,351,160,330,124,315,90,416,211,402,157,396,120,392,87,451,222,451,177,455,145,459,116
F,439,354,386,336,339,310,302,287,279,256,361,233,324,205,296,219,283,238,383,216,349,162,328,126,314,91,414,213,399,158,394,121,390,89,449,223,448,177,453,145,457,116
F,439,350,387,332,341,305,304,281,280,250,363,228,327,199,298,212,285,232,385,211,352,156,331,119,316,84,417,207,402,151,397,113,392,81,452,218,452,173,456,141,461,112
F,437,354,385,336,337,310,299,287,277,256,360,232,323,204,296,219,283,238,382,215,348,161,327,126,313,91,413,212,399,157,393,120,389,87,448,223,448,177,453,145,457,116
F,438,352,386,333,340,306,303,281,280,250,362,229,327,200,299,213,285,233,384,212,351,157,330,121,315,87,416,209,401,153,396,115,392,83,451,218,451,173,455,141,460,113
F,436,354,384,335,337,309,299,285,276,255,360,232,324,203,296,217,283,236,382,216,348,162,327,126,313,91,413,213,398,158,393,120,389,87,447,223,446,177,451,145,455,116
F,434,353,382,335,335,308,299,284,275,253,357,232,321,204,294,216,280,235,379,216,345,161,324,125,310,92,410,213,396,158,391,121,386,89,444,223,444,178,448,146,451,118
F,436,354,384,336,338,309,300,286,276,256,361,232,324,204,296,218,283,238,382,216,347,163,326,128,310,94,412,213,397,158,392,122,387,89,446,224,446,179,449,147,453,118
F,435,356,383,337,336,311,299,287,278,256,361,234,325,206,297,219,283,238,383,218,349,163,329,127,316,92,414,215,400,159,395,122,391,90,448,225,448,180,452,148,457,119
F,437,354,385,336,338,310,300,286,276,256,362,233,325,205,297,218,283,237,383,216,349,162,329,126,315,93,414,214,399,158,394,121,390,88,448,224,448,179,452,147,457,118
F,437,355,386,337,339,312,301,289,278,257,360,233,324,206,296,219,282,239,382,217,348,163,328,128,314,94,414,214,399,159,393,122,390,90,448,224,447,179,451,148,455,119
F,437,352,386,333,341,306,304,282,281,252,364,230,327,202,299,215,286,234,386,213,352,159,332,122,318,88,417,210,403,155,398,118,395,86,451,221,452,176,456,144,460,116
F,433,354,382,336,335,309,298,285,274,255,358,232,321,204,293,217,279,236,380,215,346,161,326,125,311,91,411,212,396,156,391,119,387,86,445,222,445,177,449,146,453,117
F,435,352,383,334,337,306,301,283,277,254,359,230,323,202,295,216,282,236,381,214,347,160,327,125,313,92,412,212,398,157,393,120,389,89,446,223,446,178,450,145,453,116
F,434,353,382,335,336,308,300,285,275,255,357,232,321,203,294,217,281,236,379,216,345,162,325,126,310,93,410,213,395,158,390,122,386,90,444,224,443,179,447,147,451,118
F,434,355,382,336,337,309,301,286,277,257,359,234,325,205,298,218,284,238,381,218,349,165,329,129,314,96,412,216,399,162,393,125,389,94,446,227,446,182,450,150,454,121
F,427,351,376,334,330,308,292,285,267,255,354,231,316,203,288,217,273,235,374,214,340,160,318,125,302,92,404,212,389,157,384,120,379,87,438,223,438,178,441,145,444,115
F,432,358,381,341,335,314,296,291,272,260,359,236,322,208,294,221,280,239,380,220,346,166,326,131,311,97,411,217,396,162,391,125,387,92,444,228,442,182,446,151,451,122
F,431,355,380,338,334,313,294,291,270,260,357,234,320,207,292,220,277,238,378,217,344,164,323,129,308,95,408,214,393,161,389,124,386,92,441,225,441,180,445,149,450,120
F,429,351,377,334,331,307,295,283,269,256,354,231,319,203,291,217,278,236,375,215,342,163,322,127,309,94,406,213,392,159,387,122,383,90,439,223,439,178,442,146,445,116
F,433,351,381,333,336,305,301,282,276,253,359,232,324,205,297,216,284,234,380,216,348,163,328,128,314,96,410,213,396,160,391,125,387,94,444,223,443,179,447,148,450,120
F,427,347,376,329,331,302,295,279,268,250,353,227,318,200,291,212,277,231,374,211,342,159,322,124,307,91,405,209,390,155,385,119,381,87,438,218,437,174,441,142,444,113
F,428,346,377,329,332,302,296,278,271,250,353,227,319,200,292,212,279,230,375,211,342,159,322,125,308,93,405,208,391,155,386,119,382,89,438,218,438,174,441,143,445,114
F,431,343,380,325,335,297,299,273,274,244,358,222,322,194,295,207,281,225,380,205,347,152,327,117,314,84,411,203,397,148,392,112,388,81,445,213,444,168,448,137,452,109
F,429,347,379,329,332,304,295,281,274,250,358,229,322,202,294,214,280,232,378,212,345,160,325,126,311,93,409,209,395,156,390,119,386,87,441,219,441,175,445,144,448,115
F,430,344,379,326,334,298,298,274,273,246,358,224,322,196,294,208,281,226,379,207,346,154,326,119,312,86,409,204,395,150,391,114,387,82,443,214,442,169,446,138,450,110
F,423,350,372,331,327,306,291,283,264,254,349,230,314,203,286,216,273,235,370,214,337,162,317,128,304,95,401,212,386,158,381,122,377,91,434,221,432,177,435,145,438,117
F,423,357,373,341,327,313,288,288,263,258,351,237,315,208,286,219,271,236,372,221,339,168,319,133,304,99,402,217,386,162,381,126,377,93,435,226,433,181,437,150,441,122
F,422,365,370,337,330,298,303,260,295,221,373,238,350,197,326,194,308,203,397,226,385,171,365,139,345,116,425,226,414,173,396,140,378,113,452,235,461,186,464,151,465,120
F,420,363,367,337,329,299,302,262,292,224,372,237,347,199,322,196,305,207,396,224,383,169,364,136,346,110,424,224,416,170,405,133,394,103,451,233,464,186,472,152,477,121
F,419,372,367,346,327,308,299,271,287,232,369,241,343,202,316,202,297,213,394,228,378,172,358,138,339,110,424,228,418,173,408,136,397,105,453,240,467,193,478,160,485,129
F,416,372,364,346,324,308,296,271,285,232,367,241,340,201,313,201,296,213,393,228,377,172,358,137,340,109,422,229,418,174,408,137,397,106,451,240,465,194,475,161,482,131
F,411,374,360,348,320,312,290,276,277,238,362,243,336,205,307,207,288,220,387,230,370,174,351,140,334,110,416,231,411,176,404,138,396,105,445,243,460,197,472,164,481,134
F,406,375,356,351,315,314,284,280,269,243,357,246,327,210,297,213,278,225,381,231,360,175,341,140,324,111,411,231,407,175,402,136,395,103,440,244,460,198,476,165,487,135
F,404,376,353,352,311,315,280,280,264,243,350,246,320,208,292,211,274,225,375,231,355,176,335,142,317,113,405,231,401,177,394,139,385,107,434,244,454,199,468,166,479,136
F,407,376,356,350,314,314,283,279,267,241,355,245,326,208,297,210,278,223,380,231,360,175,340,140,323,111,409,231,405,175,399,137,391,105,439,243,456,197,470,164,481,134
F,404,372,354,348,312,312,280,278,263,241,352,242,322,205,293,208,274,221,377,227,356,172,336,137,318,108,406,227,402,172,394,134,386,102,436,239,452,194,465,160,476,130
F,405,370,354,345,313,309,282,275,266,237,354,240,325,203,295,205,276,218,379,224,359,169,339,135,321,106,408,224,405,168,397,130,388,99,437,235,453,189,466,156,475,127
F,399,374,349,350,308,315,275,281,258,244,349,246,319,211,290,213,270,226,374,230,353,176,333,142,314,115,403,229,399,175,391,137,382,106,432,240,446,196,457,163,465,134
F,403,374,353,349,311,312,279,279,262,242,354,242,323,205,293,209,274,222,378,227,358,172,337,137,317,108,407,226,403,171,394,133,384,101,435,238,451,192,463,159,471,129
F,399,381,349,358,307,321,274,287,257,250,348,251,317,216,287,219,267,231,373,235,352,180,330,145,310,116,402,234,398,179,389,141,379,109,430,245,445,201,457,167,465,138
F,398,380,347,356,305,318,272,285,255,248,348,247,317,210,287,214,267,228,372,231,352,175,331,140,311,111,402,231,397,175,388,137,379,104,430,243,445,197,457,163,465,133
F,392,385,342,360,300,324,267,291,249,255,342,253,310,216,280,220,261,234,367,237,346,182,324,147,304,118,396,237,391,182,381,144,370,112,424,249,438,203,449,170,456,139
F,395,383,344,356,302,318,271,284,252,249,345,247,314,210,285,214,266,228,371,232,351,176,329,140,309,111,400,232,395,175,385,137,375,105,428,244,443,198,454,164,462,133
F,396,378,347,353,305,317,272,285,255,249,347,246,316,209,287,214,268,227,372,231,352,176,331,141,311,113,401,230,396,175,386,137,376,106,429,242,443,196,454,163,461,133
F,400,375,349,351,307,315,276,281,256,245,348,243,316,205,288,209,270,224,374,228,358,171,335,137,313,111,402,227,399,172,387,135,374,106,429,239,442,192,451,159,457,130
F,402,374,351,349,310,313,279,279,263,242,354,242,321,205,291,208,272,223,380,226,366,169,343,136,320,111,408,225,405,169,392,133,379,104,433,236,445,189,452,156,458,128
F,403,376,352,350,311,315,279,282,265,246,355,244,323,207,293,211,274,225,380,228,367,172,345,138,323,112,408,227,406,172,394,135,382,105,433,239,445,192,453,159,459,130
F,404,372,352,347,310,311,279,278,265,240,354,241,322,204,292,207,274,222,380,226,366,169,343,136,322,111,408,225,405,169,393,132,381,103,433,236,444,188,451,155,456,126
F,403,371,352,345,310,310,278,277,263,239,353,238,321,201,292,204,274,220,379,223,365,167,342,134,321,109,407,223,404,167,393,130,381,101,432,234,443,187,450,153,455,124
F,403,372,352,350,309,315,276,282,259,245,346,243,314,207,285,209,267,222,371,227,347,172,325,138,307,110,401,225,399,169,394,129,388,95,430,238,449,192,466,160,479,131
F,405,370,354,347,312,313,279,280,262,243,350,241,318,205,288,208,270,221,375,225,351,170,330,136,311,108,405,224,402,167,397,127,391,94,434,236,453,191,470,158,484,130
F,406,368,354,345,311,311,279,277,263,240,349,239,318,202,288,204,269,218,375,223,352,167,331,134,312,105,405,221,401,164,395,125,389,92,435,233,453,187,469,155,482,126
F,408,369,356,347,313,313,280,280,263,243,352,242,320,205,290,208,271,222,377,225,355,170,333,136,313,108,407,224,403,168,397,129,390,96,436,236,454,191,470,158,483,129
F,407,370,355,347,312,313,279,280,265,242,352,241,319,204,290,207,272,222,377,225,355,169,333,136,314,107,407,224,402,168,396,129,388,96,436,235,453,189,469,157,481,128
F,407,371,355,349,313,314,281,281,265,245,353,244,321,209,291,211,272,224,378,227,356,172,335,139,315,111,407,226,404,171,397,133,389,100,436,237,454,193,469,160,481,132
F,405,373,354,351,311,316,277,283,262,247,349,244,317,208,288,211,271,225,374,228,353,173,331,139,312,111,404,227,400,172,393,133,386,101,433,238,451,193,466,160,479,132
F,406,376,354,354,312,319,279,286,264,249,351,250,318,215,289,217,269,228,376,232,355,177,334,143,314,115,406,230,403,177,395,138,387,107,434,242,451,197,466,165,479,137
F,410,372,359,349,316,315,283,281,269,244,354,242,322,205,292,209,274,222,380,226,358,170,336,137,316,108,410,225,406,170,399,131,391,99,438,237,456,192,471,159,483,130
F,405,371,353,349,311,315,279,282,264,245,348,244,316,209,288,212,269,225,373,227,351,172,330,139,310,112,403,226,399,171,392,134,385,102,432,237,449,193,463,160,474,131
F,398,371,347,349,305,315,272,282,255,246,343,243,309,208,280,211,261,224,368,226,345,172,323,138,302,110,397,225,392,170,384,132,375,100,425,236,442,191,455,158,465,128
F,403,371,352,348,308,312,275,280,258,243,348,240,313,205,283,209,264,223,373,223,351,167,328,133,308,106,402,222,398,166,390,127,381,94,430,234,447,189,460,155,471,125
F,399,374,347,351,304,316,271,284,255,247,344,243,310,208,280,212,261,226,369,227,347,171,324,137,303,110,399,226,394,169,387,131,378,99,427,238,444,192,456,158,466,127
F,401,376,349,353,306,317,272,285,255,247,346,243,310,208,280,212,259,225,371,225,348,168,325,133,304,105,401,223,397,167,389,127,380,94,430,236,446,190,459,156,468,125
F,410,391,355,365,308,325,271,290,253,250,350,244,312,205,278,211,256,227,377,226,353,164,327,126,303,96,410,226,406,164,396,121,385,84,441,242,459,192,472,154,482,121
F,408,394,353,367,306,328,269,295,248,257,347,247,309,208,275,215,254,232,375,229,350,168,324,131,301,100,407,230,403,167,392,125,381,88,439,245,456,194,469,157,477,123
F,410,387,355,361,308,322,272,287,250,248,348,239,311,199,278,206,256,223,376,221,352,160,326,122,303,92,409,221,405,159,395,117,384,81,441,236,458,186,471,148,481,115
F,413,390,359,364,313,325,277,290,257,251,354,245,316,205,284,211,263,227,381,227,357,166,331,128,308,99,414,227,410,166,400,124,390,88,445,242,462,192,475,156,484,122
F,407,383,353,358,308,322,272,288,253,250,348,242,311,204,280,210,260,226,374,225,350,166,325,130,302,100,405,224,401,163,392,122,382,88,436,237,453,189,465,153,473,120
F,408,377,355,354,310,319,274,286,256,248,347,241,311,204,280,210,261,225,373,224,348,167,324,132,302,103,404,222,398,165,389,125,378,92,434,235,449,186,460,151,468,120
F,410,375,357,352,312,317,278,284,261,246,352,240,316,205,285,209,266,223,377,223,354,165,329,131,307,103,408,221,403,164,393,124,383,91,437,233,452,186,464,152,472,121
F,405,370,353,348,309,315,275,283,257,245,346,239,312,205,282,209,262,223,371,222,347,167,324,134,302,107,401,220,396,164,387,125,377,93,431,231,445,185,455,151,462,120
F,408,369,356,347,312,313,278,280,261,242,351,238,316,203,287,208,268,222,375,221,352,166,328,133,307,106,405,219,400,163,390,125,381,93,434,230,448,184,458,150,466,120
F,404,368,351,346,308,313,274,280,257,243,345,240,311,205,282,209,263,223,370,222,346,168,322,135,300,107,399,220,393,164,385,126,375,94,428,230,442,184,452,150,458,120
F,409,367,358,345,314,312,279,279,263,241,351,237,317,202,287,206,268,220,376,220,353,165,328,132,307,104,406,217,400,162,391,124,381,92,434,228,448,182,458,148,466,118
F,405,367,351,345,308,312,275,280,258,243,347,240,313,205,284,209,266,223,371,222,347,168,323,135,302,108,400,219,394,164,385,127,376,95,428,229,442,183,452,150,459,120
F,403,369,351,347,308,314,275,282,258,245,346,242,312,209,283,212,264,224,370,224,346,170,323,138,303,112,399,221,393,167,384,130,374,99,427,231,440,186,450,153,456,124
F,402,370,352,350,309,318,275,287,259,250,345,245,312,213,282,217,264,230,369,228,346,175,323,144,302,117,397,225,391,173,382,136,372,105,425,235,437,191,446,159,453,130
F,411,369,362,346,322,314,290,283,275,248,360,245,325,213,296,218,280,232,383,228,362,176,340,144,320,118,410,226,406,173,396,136,387,107,434,236,447,192,457,159,464,131
F,431,366,380,341,340,308,308,277,293,243,379,240,345,207,316,212,299,227,402,224,382,170,359,138,339,111,429,222,426,168,417,131,407,101,454,234,468,190,478,157,486,129
F,443,369,394,344,355,309,324,279,307,246,394,240,361,207,332,213,315,228,417,225,398,171,376,139,357,113,444,224,442,171,433,133,425,103,468,237,482,194,492,162,500,134
F,450,368,403,344,364,311,332,281,318,248,402,242,369,210,341,215,323,228,425,226,406,175,385,143,365,117,452,226,450,174,441,138,433,108,477,238,491,197,501,165,508,137
F,453,364,404,340,366,306,335,276,319,244,403,238,371,204,343,210,327,225,426,223,408,170,387,137,367,112,453,222,451,169,443,132,434,102,478,235,493,192,503,160,510,132
F,453,362,406,339,367,306,336,277,321,245,404,239,372,207,344,211,327,225,426,223,407,172,386,140,367,116,453,221,450,170,442,134,433,105,478,232,492,191,501,160,507,132
F,453,358,405,335,366,303,335,274,320,242,402,236,370,204,343,208,326,222,425,220,405,168,384,137,365,112,451,218,448,166,440,130,431,101,476,228,490,186,499,155,506,128
F,455,355,407,333,369,300,338,271,323,239,405,234,373,201,346,206,329,220,427,218,408,166,387,135,368,110,454,216,451,164,443,128,434,99,479,227,493,184,502,153,508,126
F,453,353,404,331,366,299,335,270,319,238,401,232,370,199,342,203,325,218,424,216,404,166,382,134,363,109,451,215,446,163,438,128,430,99,476,225,488,182,497,151,504,124
F,450,351,402,328,364,296,333,268,317,236,399,230,367,198,339,203,324,218,421,215,401,163,379,132,360,107,448,213,444,161,435,125,426,97,473,223,485,180,494,149,501,122
F,452,349,404,327,365,295,333,266,318,235,401,228,369,196,341,201,325,214,423,212,402,162,380,131,361,107,449,210,444,159,436,124,426,96,474,220,486,177,494,146,500,119
F,448,351,400,329,360,298,329,270,315,238,397,232,364,201,336,205,319,217,419,216,398,166,376,135,357,111,445,214,439,164,431,129,423,100,469,223,481,181,490,151,496,124
F,449,346,401,325,362,294,330,266,316,234,397,226,366,195,339,200,323,214,419,211,399,161,377,131,358,107,445,209,441,158,432,123,424,94,470,219,483,177,491,146,497,118
F,449,345,401,324,362,294,330,266,317,233,397,228,365,197,338,201,321,213,419,212,398,163,376,132,357,108,445,210,440,159,431,124,422,96,469,219,481,177,489,146,495,119
F,445,344,397,323,358,291,327,263,313,232,392,226,359,194,333,199,318,214,415,210,394,161,371,131,351,108,441,208,436,158,427,124,417,96,465,219,476,176,484,145,489,118
F,447,343,399,323,359,292,328,264,314,233,395,226,362,196,335,201,319,214,416,209,396,160,374,130,355,107,442,207,437,156,429,122,420,93,467,216,479,174,487,144,493,117
F,443,344,395,323,357,292,325,264,310,233,391,226,359,195,332,201,316,215,413,211,391,162,369,131,349,108,439,209,433,158,424,124,414,96,463,219,474,176,482,146,487,119
F,447,343,398,323,359,292,327,264,313,231,394,226,362,194,334,198,319,212,416,209,395,160,373,129,353,105,442,206,436,156,428,121,418,93,466,215,477,172,485,141,491,114
F,443,343,395,322,356,292,324,264,309,232,391,225,359,193,332,198,316,212,412,209,391,159,369,129,349,106,438,206,432,155,423,120,414,93,462,215,474,172,481,141,487,114
F,444,342,394,321,355,291,324,262,308,230,390,224,357,192,330,197,315,213,412,207,390,158,368,127,348,104,438,204,432,153,423,118,413,89,463,213,473,170,481,139,486,112
F,437,344,389,324,350,293,318,266,304,234,386,227,353,199,325,204,309,217,406,210,385,162,362,133,342,111,432,207,426,158,417,124,407,97,456,216,466,175,473,145,479,119
F,436,342,387,322,348,291,317,263,302,232,383,226,351,195,324,199,308,212,404,210,383,161,361,131,340,108,430,207,424,158,415,124,405,96,454,217,464,175,471,144,476,116
F,436,341,389,321,350,291,318,263,303,232,384,225,352,195,325,200,309,214,405,209,384,161,361,132,341,108,431,206,425,156,415,122,405,95,454,214,465,172,472,142,477,115
F,438,337,389,318,350,288,318,261,304,230,385,222,353,193,325,196,309,209,406,206,384,158,362,129,341,105,431,203,425,153,416,119,406,92,454,211,465,169,472,138,478,111
F,436,337,389,318,350,288,319,261,303,230,384,223,352,193,325,198,310,211,405,207,383,159,361,130,341,107,430,204,424,154,414,121,404,94,454,211,464,169,471,139,476,112
F,441,336,392,317,354,288,322,260,305,229,387,223,355,193,328,197,312,210,408,206,386,158,364,128,343,105,433,202,428,153,418,118,408,90,456,211,467,168,474,137,479,110
F,437,336,389,317,350,288,318,261,303,229,384,222,352,193,325,197,309,211,405,205,383,158,360,129,340,106,430,201,424,153,414,119,404,93,453,210,463,168,470,137,475,111
F,436,336,387,317,348,287,317,260,302,228,383,222,349,192,323,197,309,212,404,205,381,157,359,128,338,105,429,201,423,152,412,118,402,90,452,209,462,168,468,137,473,111
F,439,336,390,317,351,288,320,261,303,230,385,222,352,192,325,198,310,212,406,206,383,157,361,128,341,105,430,201,424,152,414,118,404,91,454,209,464,167,471,136,476,110
F,435,337,387,319,347,289,317,261,301,229,380,223,347,193,321,198,308,213,401,206,379,159,357,130,337,106,426,202,420,154,410,121,400,94,450,210,459,168,466,138,471,112
F,438,338,389,319,350,290,318,263,302,231,384,224,351,194,324,199,309,213,404,207,382,159,360,130,340,107,429,203,422,154,413,120,403,93,452,210,462,168,470,138,476,111
F,435,337,385,318,346,288,316,260,301,228,380,223,347,193,322,198,307,212,401,207,379,160,357,131,336,108,426,204,421,155,411,121,400,94,449,212,459,170,466,139,471,112
F,437,337,388,317,349,289,317,262,302,230,383,223,350,193,323,198,307,212,404,206,382,159,360,130,339,106,428,203,423,153,413,119,403,92,451,210,462,169,469,138,474,111
F,433,337,385,318,345,290,314,263,299,231,378,225,346,194,321,200,306,215,399,209,378,161,355,132,335,109,424,206,418,157,409,122,399,95,447,214,457,171,464,140,468,114
F,435,338,385,320,346,291,314,264,300,232,381,226,349,198,322,202,306,214,401,209,378,162,356,133,336,111,425,205,419,157,409,123,400,97,449,212,458,171,465,141,470,114
F,435,335,386,316,347,288,315,261,300,229,382,222,349,192,322,198,307,212,402,205,381,158,358,129,338,105,427,201,421,152,411,118,401,92,450,208,460,166,467,135,472,109
F,436,336,387,319,348,290,317,263,302,231,381,225,349,195,323,200,308,213,402,208,380,161,357,132,338,109,426,204,420,155,411,122,401,95,449,211,459,169,466,139,472,113
F,435,338,386,319,347,290,315,264,301,232,381,225,349,196,323,201,307,214,401,208,380,161,357,132,337,110,426,205,420,156,410,123,401,96,449,212,458,170,465,140,470,114
F,438,336,388,317,349,288,318,260,301,229,382,222,349,192,323,198,309,212,403,206,381,158,358,128,338,105,428,202,422,153,412,118,402,91,451,209,461,167,468,136,473,109
F,434,336,386,318,347,291,315,264,299,232,381,225,348,195,322,200,306,213,400,208,379,160,356,132,336,108,425,203,419,155,410,121,400,94,447,210,457,169,465,138,470,112
G,492,351,430,303,389,254,358,227,320,205,455,172,395,136,348,128,311,129,485,185,391,181,389,226,411,238,501,215,405,230,411,266,436,267,504,253,429,270,430,293,450,293
G,484,357,420,307,380,259,348,232,311,210,446,178,385,143,338,135,301,136,475,192,381,192,380,235,402,247,490,222,394,239,400,273,425,274,493,261,417,278,419,301,440,301
G,478,363,417,315,378,268,346,241,309,218,444,187,382,151,335,142,298,142,473,200,380,196,376,241,397,255,488,230,395,245,398,280,422,282,491,268,417,284,417,307,437,308
G,480,372,418,322,380,274,347,249,311,226,444,194,384,158,338,150,303,150,474,208,383,205,379,249,401,263,489,239,396,254,399,289,423,291,492,278,416,296,418,319,439,320
G,479,373,417,323,379,276,348,251,312,228,443,197,384,162,338,154,302,155,473,211,381,209,379,251,401,263,487,241,395,257,400,289,424,290,490,279,416,296,418,318,438,317
G,479,373,421,324,385,278,354,253,318,232,449,201,389,164,344,157,309,158,476,216,388,211,384,253,405,266,489,247,398,261,402,294,425,295,490,285,415,303,418,324,437,323
G,459,380,402,328,369,282,343,256,314,231,437,214,379,180,337,169,304,167,461,229,375,227,373,265,394,277,470,258,383,271,388,301,410,303,469,293,398,309,402,330,421,331
G,451,380,396,333,363,289,336,263,306,239,426,221,373,187,332,175,300,171,451,234,368,231,366,269,385,281,461,261,377,277,382,306,404,307,461,294,393,313,396,333,415,333
G,457,379,403,336,369,295,340,272,309,252,428,220,376,184,335,172,303,169,454,232,370,230,367,271,386,284,467,259,381,275,384,307,406,309,468,293,398,311,400,332,419,333
G,469,362,415,326,379,284,348,263,313,246,431,204,380,172,340,163,308,161,461,214,383,214,378,257,397,269,479,240,400,260,401,292,421,293,486,274,423,295,421,316,437,315
G,466,362,414,325,379,285,348,263,314,245,433,205,383,174,343,163,312,160,461,214,384,213,380,256,400,268,478,239,401,257,403,290,423,290,484,273,423,294,419,314,433,314
G,463,363,411,327,376,287,344,265,311,248,429,207,381,174,341,163,309,161,458,216,382,215,378,257,397,270,476,240,397,258,399,292,419,293,482,274,418,296,417,318,434,319
G,464,365,411,328,376,286,347,263,313,246,429,207,381,175,342,163,311,160,457,216,381,213,376,257,395,270,475,241,397,258,399,291,419,293,481,274,418,294,415,316,430,317
G,464,361,413,323,378,282,348,258,315,238,435,204,387,170,347,160,316,159,463,213,384,208,375,249,392,263,479,239,400,245,396,276,416,282,484,273,422,282,411,300,422,303
G,466,366,413,327,378,286,348,262,315,243,433,208,384,175,344,164,313,162,461,217,382,213,374,254,391,268,477,243,397,251,395,283,417,287,482,277,418,288,410,307,424,310
G,465,367,412,329,376,290,347,267,313,248,429,209,379,178,339,168,307,166,457,218,377,215,372,257,390,271,473,243,394,254,395,286,416,290,479,277,416,288,411,309,425,312
G,473,373,417,328,380,287,347,266,310,250,442,210,380,184,337,176,303,176,464,225,373,224,374,262,396,272,474,253,383,266,390,296,412,296,473,289,402,303,406,322,425,321
G,481,380,424,331,387,288,354,267,317,249,451,214,390,185,346,179,312,179,473,230,381,228,383,265,405,275,483,259,392,273,400,301,424,301,481,296,410,310,414,329,433,328
G,482,374,435,322,401,281,364,263,327,246,465,213,403,181,358,175,323,179,486,235,396,229,396,265,417,275,493,268,403,276,410,302,432,303,490,305,417,315,420,331,440,328
G,480,365,435,313,402,272,365,253,329,236,467,206,405,172,360,166,325,170,486,229,397,219,395,256,415,267,492,263,402,268,407,294,430,294,486,300,412,308,414,323,433,321
G,479,369,432,317,400,274,364,254,328,236,466,210,404,173,359,167,325,170,485,232,397,220,395,257,414,269,490,264,401,268,406,297,429,298,485,299,412,307,415,325,435,323
G,480,366,434,315,402,272,366,252,331,234,465,205,405,170,360,164,325,167,485,227,397,219,395,256,414,268,491,260,403,266,408,294,430,295,487,296,415,305,417,322,436,320
G,477,361,429,309,398,267,363,247,327,231,462,201,403,169,358,163,324,165,484,223,396,216,394,252,414,264,491,255,401,261,405,288,427,290,486,292,413,300,415,316,434,315
G,475,356,426,306,396,263,363,242,327,224,460,198,403,164,358,157,323,159,482,217,396,211,393,248,413,259,490,248,402,258,407,286,428,287,486,284,415,296,417,313,436,312
G,474,354,427,305,395,262,363,240,327,222,459,195,399,162,355,154,320,155,480,215,394,208,394,245,415,256,488,247,401,255,407,283,429,284,484,282,413,294,417,312,437,310
G,472,353,424,304,393,261,361,240,326,221,456,195,399,162,355,155,320,156,479,214,393,207,392,244,412,255,486,244,398,253,404,281,426,282,483,280,411,292,414,310,434,309
G,472,350,422,300,390,258,357,238,321,219,453,192,393,159,350,152,316,153,475,211,389,204,389,241,409,252,483,242,396,251,402,278,424,279,479,277,408,289,412,306,431,305
G,472,350,422,300,391,258,359,238,324,219,454,192,397,160,353,152,318,152,477,211,393,203,390,240,409,252,486,242,399,249,402,277,424,280,482,278,412,289,413,306,433,306
G,470,350,420,301,389,259,358,238,324,219,453,192,394,160,351,153,317,154,476,210,390,206,389,242,410,253,484,241,398,252,403,279,424,280,481,276,411,289,414,307,433,306
G,471,351,421,301,390,259,357,239,322,220,453,192,394,161,350,153,315,154,475,211,390,206,388,242,408,253,484,242,396,252,401,279,422,280,481,279,410,289,412,306,431,306
G,471,353,422,303,391,260,357,240,321,222,453,194,395,162,351,155,317,155,476,213,390,207,388,244,408,255,484,244,396,253,401,281,423,282,481,280,410,292,413,309,432,309
G,471,350,421,301,389,258,357,238,322,221,451,193,395,161,351,154,317,154,474,211,389,206,386,242,405,254,483,241,395,251,400,278,421,280,480,276,410,290,412,308,432,307
G,471,352,421,304,390,261,359,239,325,220,454,195,396,161,352,154,318,155,476,213,392,206,389,243,408,255,483,243,398,253,402,281,423,283,480,279,411,292,413,310,432,309
G,470,354,420,305,389,261,357,240,321,222,452,195,394,163,351,156,316,157,475,214,389,208,388,245,407,257,484,245,396,254,401,282,423,284,481,282,409,293,412,311,432,310
G,472,353,421,304,390,261,357,240,321,222,452,195,393,163,350,155,315,156,473,213,388,207,386,244,405,256,481,243,394,252,399,280,421,282,478,279,408,292,411,310,431,309
G,470,350,420,302,389,259,356,238,322,220,450,193,394,161,351,153,317,154,473,211,389,205,386,242,405,253,482,241,395,251,400,279,421,280,480,277,409,290,412,308,431,307
G,482,362,434,311,405,269,377,246,345,226,472,207,416,173,374,165,342,165,493,225,411,214,407,250,425,263,501,255,416,261,419,288,440,291,496,289,427,298,428,317,445,318
G,482,360,432,311,404,268,375,246,343,225,467,204,414,171,372,162,339,162,489,221,409,214,405,250,424,263,497,250,414,260,417,288,437,290,493,284,426,298,428,317,446,317
G,474,362,424,314,391,271,359,251,325,234,452,206,394,175,352,167,318,168,473,223,391,217,389,254,408,266,482,252,398,262,402,290,424,292,480,287,412,301,415,319,434,319
G,461,360,406,314,372,273,339,254,304,238,431,205,371,177,328,170,294,172,453,221,369,221,370,256,391,267,462,250,378,263,384,290,406,291,461,285,395,301,400,319,419,318
G,457,358,402,313,366,273,333,254,298,236,424,203,365,175,322,171,289,173,446,218,361,220,363,255,383,265,456,247,371,264,379,290,400,290,456,282,389,299,394,317,413,316
G,452,355,397,310,361,269,327,251,291,236,418,200,358,173,315,168,281,170,441,217,355,218,355,254,375,264,451,246,365,263,372,288,394,288,451,282,384,299,388,315,407,314
G,453,356,396,312,360,271,326,252,291,234,418,199,357,173,314,168,281,169,440,214,355,217,356,253,375,264,450,243,365,261,372,289,394,289,449,279,382,298,388,317,407,316
G,449,353,392,308,357,268,324,250,288,234,415,197,356,171,313,166,279,169,438,211,352,218,353,253,374,263,449,240,364,261,372,287,393,286,450,275,382,296,388,313,408,311
G,452,353,395,309,359,268,327,250,292,233,417,195,357,170,314,164,281,165,440,210,354,214,355,250,376,261,451,239,366,257,373,285,395,285,452,276,385,293,389,312,408,311
G,464,361,411,313,379,270,348,248,315,227,443,201,387,170,343,164,311,166,465,218,379,213,377,249,397,262,473,247,387,258,394,286,416,288,470,282,402,297,406,316,424,317
G,467,363,418,313,388,270,356,248,324,227,453,204,398,170,354,163,320,165,475,224,389,216,385,252,404,265,483,255,395,261,397,288,419,291,479,292,407,301,408,318,428,318
G,468,366,419,315,389,271,360,248,327,227,456,205,401,170,357,163,323,164,478,224,393,216,388,253,407,267,485,255,398,263,400,292,421,295,480,291,409,302,411,321,429,321
G,468,371,419,319,389,275,360,251,328,230,458,210,401,173,356,165,322,167,480,230,395,218,389,256,408,270,487,261,399,265,400,295,422,299,482,296,410,306,411,324,430,325
G,467,371,417,320,387,276,357,253,325,233,454,210,397,173,354,166,320,169,477,228,392,220,388,257,407,271,485,259,397,267,401,295,423,297,481,295,408,307,410,325,429,324
G,466,369,415,319,384,276,353,255,318,236,449,209,392,174,347,168,314,171,471,227,386,221,382,257,402,270,479,258,392,268,396,295,417,298,476,294,405,307,407,324,426,324
G,465,366,415,316,383,273,352,252,318,233,448,206,391,173,347,166,313,169,471,225,385,220,381,257,401,269,479,257,391,266,394,294,416,296,475,293,404,304,406,322,424,321
G,467,364,417,314,386,271,356,249,324,229,451,204,395,170,352,162,318,165,474,221,388,216,384,254,403,266,482,251,394,263,398,291,419,293,478,287,408,302,410,320,429,319
G,467,361,416,311,385,268,355,247,322,227,450,201,394,168,350,162,316,163,473,219,389,214,387,250,406,262,481,250,394,260,399,288,421,290,477,286,407,300,409,318,428,317
G,465,361,415,312,384,269,355,247,321,228,448,203,391,167,348,160,314,164,471,220,386,215,383,252,402,265,480,250,393,261,396,289,417,291,477,285,406,300,408,318,427,317
G,467,365,417,317,383,275,352,252,319,232,448,205,389,169,345,163,311,165,471,223,384,215,381,254,400,267,478,254,391,264,397,293,419,294,475,289,404,304,407,323,427,321
G,465,366,414,316,382,273,351,251,317,233,447,205,390,171,346,164,312,165,470,224,383,218,380,256,399,268,478,255,390,265,394,293,416,295,474,291,403,304,407,323,427,322
G,466,369,414,318,381,275,349,253,315,233,446,208,387,172,342,165,308,167,467,225,380,219,378,256,398,269,475,256,386,266,392,295,414,296,471,291,400,305,404,323,424,322
G,465,367,413,317,381,273,348,252,314,233,444,205,387,171,342,164,308,166,466,224,380,218,378,255,398,267,474,254,386,265,391,293,413,294,471,291,400,304,404,322,423,322
G,465,369,414,319,381,275,348,254,314,234,446,208,386,173,342,166,307,169,467,226,379,220,377,257,396,270,474,256,385,265,390,294,412,296,470,292,399,305,402,323,421,322
G,464,366,411,317,379,274,348,252,314,232,442,206,384,172,340,165,306,168,465,223,379,219,376,256,396,269,473,252,386,265,390,293,412,294,470,287,400,303,403,322,422,321
G,464,366,412,317,379,274,347,253,313,234,442,206,385,173,340,166,307,169,465,224,380,219,378,256,398,268,474,255,386,266,392,294,414,295,471,291,400,305,404,323,423,322
G,462,364,411,314,379,271,348,251,314,233,441,204,384,171,341,165,308,168,465,222,379,218,376,254,396,267,475,253,386,265,390,292,412,293,473,290,401,303,404,320,423,319
G,465,367,414,318,382,275,349,253,315,233,445,207,386,173,342,166,307,169,466,226,379,220,378,257,399,269,474,256,386,265,392,294,414,295,471,292,400,305,404,324,424,323
G,465,368,412,319,380,276,348,255,314,234,445,209,387,173,343,167,309,170,467,227,381,220,376,257,396,270,475,258,387,265,390,294,411,297,471,294,400,305,402,323,421,323
G,469,370,420,319,387,276,354,255,320,235,452,208,392,172,347,166,313,169,473,229,383,222,382,260,402,272,479,261,390,269,396,298,419,299,475,297,402,308,406,326,426,325
G,477,367,432,312,399,269,360,249,322,234,462,202,402,168,355,162,318,166,481,228,386,222,384,260,404,269,486,264,391,270,397,297,421,296,480,303,402,308,403,324,423,322
G,475,368,431,313,397,270,359,250,323,233,461,201,400,166,354,160,318,165,480,227,385,222,385,259,406,268,484,263,391,269,398,296,422,295,478,303,401,308,403,323,422,321
G,462,366,406,320,371,275,343,250,311,227,438,203,383,168,340,158,308,156,461,216,375,211,371,249,390,263,470,243,383,255,387,285,408,287,466,276,399,291,401,311,419,312
G,456,363,398,322,362,279,334,252,302,230,421,205,369,174,328,166,296,166,445,214,363,209,360,248,379,261,456,237,371,246,374,278,395,283,456,268,388,286,390,307,408,309
G,457,364,400,324,363,282,336,255,303,233,421,205,368,177,327,168,295,168,446,214,363,212,361,251,381,263,457,237,372,248,377,280,398,284,458,268,389,286,391,307,409,308
G,457,363,400,324,363,282,336,256,303,233,420,206,368,177,327,169,295,168,446,214,364,211,362,250,382,262,458,237,375,248,379,280,401,283,460,268,394,287,395,308,414,309
G,459,365,403,326,366,284,338,256,306,233,423,207,371,179,331,170,300,168,448,215,366,213,364,253,384,265,461,237,378,251,382,283,403,286,463,269,397,290,399,312,418,312
G,458,365,403,326,366,284,338,258,306,234,422,208,371,179,331,171,299,170,448,216,368,213,364,253,384,265,462,239,379,251,382,283,403,286,466,271,399,289,400,312,418,313
G,458,365,401,326,364,285,336,258,305,235,420,208,369,179,329,170,297,169,446,215,366,215,364,253,384,266,460,238,377,253,381,284,402,287,462,270,397,290,399,312,418,312
G,455,366,401,329,364,286,337,258,305,234,419,209,369,181,328,172,297,172,445,216,365,214,362,254,381,268,459,238,377,250,380,283,401,288,462,269,397,288,397,311,414,314
G,452,367,396,331,359,289,332,261,301,237,413,213,364,185,323,177,291,178,437,218,360,214,357,255,376,268,451,236,372,249,376,282,397,286,455,265,392,286,394,309,411,310
G,451,368,396,332,359,290,332,261,300,238,413,214,362,188,321,180,289,179,437,219,358,215,355,257,374,270,450,238,370,248,373,282,394,286,455,266,390,285,391,308,409,310
G,450,368,395,333,358,291,332,263,300,240,413,215,362,189,321,182,290,182,437,219,359,215,355,256,374,269,450,238,370,248,373,282,394,286,454,265,390,285,391,307,409,309
G,450,366,393,331,356,290,330,263,299,240,409,214,360,188,319,180,288,181,434,218,357,214,354,255,373,267,448,236,369,248,372,281,393,285,453,264,389,283,391,306,409,307
G,451,366,396,332,357,293,329,267,298,245,407,214,358,188,318,181,286,182,432,218,355,219,354,259,373,271,447,237,370,253,375,285,395,288,454,266,392,288,394,310,411,311
G,452,368,398,335,360,296,332,271,299,251,407,214,358,189,319,182,287,182,434,218,357,223,358,263,377,275,451,239,375,259,381,291,401,292,459,270,399,294,400,316,415,317
G,455,369,403,336,367,296,338,270,305,250,416,215,366,188,325,182,293,184,442,220,364,220,362,263,381,276,458,242,380,258,385,291,406,293,464,273,403,295,404,317,420,317
G,461,370,410,334,376,295,349,269,316,249,426,217,378,188,337,183,305,186,452,223,376,219,371,259,389,272,468,244,391,256,393,288,413,292,474,275,411,294,409,316,424,317
G,461,369,410,333,376,293,350,266,318,245,428,217,380,187,339,181,307,183,454,222,380,216,374,257,392,271,469,242,394,253,396,286,416,290,475,272,414,293,414,316,431,317
G,460,369,411,333,378,293,352,265,321,242,430,217,384,188,344,181,313,183,456,222,382,218,377,258,395,271,472,243,397,254,398,286,418,289,477,273,418,291,415,312,430,314
G,461,369,412,332,380,291,355,264,324,242,432,216,386,188,346,180,314,181,458,221,386,214,378,256,395,270,474,242,400,251,399,284,418,288,479,271,418,289,416,311,431,311
G,461,371,411,335,379,294,354,266,323,244,432,218,386,190,346,183,315,185,458,224,384,219,378,260,395,273,474,245,400,256,401,288,421,291,479,274,420,294,419,315,435,315
G,460,369,410,332,378,291,353,264,322,242,431,216,385,188,345,181,314,183,457,222,384,216,377,257,394,270,473,243,399,251,398,284,417,287,479,272,419,288,415,308,429,308
G,460,367,410,331,378,290,351,263,320,240,430,216,384,186,343,179,311,181,456,221,382,215,376,255,394,268,472,242,397,250,397,282,416,286,477,273,416,288,413,309,428,311
G,460,368,411,331,377,290,351,262,321,240,430,215,384,186,343,179,311,181,457,220,382,214,376,256,393,269,472,241,398,250,398,283,418,286,476,271,418,288,415,309,431,310
G,460,366,410,330,376,288,350,261,319,239,429,214,382,186,342,179,311,181,455,220,380,215,375,255,392,268,470,241,397,249,397,281,416,284,476,271,418,286,414,305,429,305
G,456,363,407,328,374,287,347,261,317,237,427,212,380,184,339,177,308,179,454,218,381,213,374,254,391,267,470,239,395,248,394,280,414,284,475,269,415,285,412,305,428,306
G,458,367,408,331,375,290,348,262,317,239,427,216,381,187,341,180,310,181,453,222,380,216,373,257,390,270,468,242,395,251,395,284,414,288,473,271,414,289,413,310,428,311
G,458,366,408,330,373,289,347,261,316,238,426,214,379,186,339,179,307,180,452,220,378,214,372,255,389,267,468,241,393,250,394,282,413,285,473,270,412,287,411,307,427,308
G,460,368,410,331,375,290,348,262,317,238,429,216,381,186,341,180,309,182,454,221,379,214,374,256,392,269,469,242,393,251,395,284,416,287,474,271,412,288,411,310,427,311
G,458,368,408,331,373,290,347,262,316,238,428,215,380,188,340,181,308,182,453,221,379,215,374,256,392,268,469,241,394,250,396,282,416,285,474,271,415,286,414,307,431,308
G,458,369,407,332,374,290,348,263,318,242,428,216,381,188,341,182,311,183,454,223,379,220,374,260,392,272,469,244,395,255,395,287,414,290,475,275,415,292,413,312,428,313
G,455,367,406,331,372,290,346,263,316,239,427,216,380,187,339,180,307,181,452,221,379,216,372,257,389,270,467,241,391,250,391,283,410,287,472,270,409,288,408,309,424,312
G,457,364,407,328,372,286,345,259,315,236,425,213,378,185,337,178,306,180,451,219,377,212,369,253,386,267,466,239,392,246,391,279,411,284,472,269,412,284,410,305,425,306
G,457,366,407,330,372,288,345,261,315,238,425,215,377,186,338,180,307,181,450,220,376,216,371,256,388,269,466,240,391,252,393,283,413,287,471,269,411,289,411,311,427,311
G,456,367,405,331,371,290,344,261,314,238,423,214,376,187,336,180,306,182,449,219,374,217,370,257,388,270,464,240,390,252,391,283,411,287,470,269,411,289,409,310,424,311
G,454,365,404,330,370,288,344,260,314,237,422,214,377,185,336,179,305,182,448,219,376,214,369,256,386,269,464,239,391,249,391,282,411,286,470,269,411,287,409,309,424,310
G,456,366,405,330,371,288,344,260,313,236,425,214,378,185,338,179,305,180,451,219,376,214,371,255,389,267,466,240,392,249,394,281,414,283,471,269,412,285,412,306,428,306
G,456,368,405,331,370,289,343,261,312,238,425,214,376,186,336,180,305,182,450,220,374,215,368,256,386,270,465,241,388,251,389,284,409,287,469,270,408,289,407,311,424,312
G,454,367,403,330,369,289,342,261,312,238,423,214,375,186,335,180,302,181,449,220,374,214,368,255,387,268,465,241,388,250,390,283,410,285,469,271,408,288,407,309,424,310
G,455,367,404,329,369,288,343,261,313,239,424,215,376,186,336,180,305,181,450,220,375,215,368,255,386,269,464,241,388,249,389,282,408,286,469,270,408,288,406,310,422,312
G,454,364,403,328,369,287,342,260,312,237,422,213,375,184,334,178,302,180,448,218,375,212,367,253,384,267,464,238,389,247,389,280,409,284,470,268,409,286,407,308,424,309
G,455,364,404,328,369,287,342,259,312,236,422,213,375,184,334,178,303,181,448,218,374,213,368,254,385,267,464,239,390,249,391,281,411,284,469,269,409,286,408,307,424,307
G,455,363,405,327,371,286,343,259,313,236,423,213,377,184,336,178,305,179,449,218,375,213,370,253,388,266,465,238,389,248,391,280,411,284,470,267,409,286,409,308,426,308
G,455,365,404,328,370,287,344,259,313,236,424,213,378,185,338,178,306,179,450,218,375,214,370,255,388,268,465,238,390,248,391,281,411,284,471,267,410,285,409,307,426,308
G,455,366,405,329,371,288,344,260,314,237,425,215,378,185,338,179,307,181,451,220,376,215,369,256,386,270,465,240,390,249,390,282,409,287,470,269,410,287,408,309,425,311
G,455,365,405,329,371,287,344,259,314,235,422,214,377,185,337,179,305,181,449,219,376,214,370,254,387,267,465,239,391,248,392,281,411,284,472,269,412,284,410,304,424,306
G,455,367,404,330,370,288,344,260,314,237,422,214,377,185,337,179,306,181,449,219,375,215,371,255,388,268,465,240,390,251,392,283,412,286,470,270,409,289,408,311,424,311
G,456,368,405,332,371,290,345,262,315,238,424,215,378,186,338,180,308,182,450,221,376,217,371,257,389,270,466,242,391,253,393,285,413,288,472,272,412,290,410,311,426,311
G,457,367,407,331,372,289,346,260,316,236,425,215,378,186,338,180,308,182,451,221,378,215,371,256,388,269,467,241,393,251,393,284,412,287,472,271,413,287,411,308,427,309
G,456,365,404,328,370,287,343,259,313,236,424,213,377,184,337,177,306,179,450,218,375,214,369,255,388,268,466,239,390,249,391,282,411,285,471,268,410,287,409,308,426,310
G,457,365,406,327,371,286,345,258,316,235,426,213,379,184,339,177,308,180,452,218,377,214,372,255,390,267,467,239,391,249,393,282,414,284,473,268,412,285,411,307,428,307
G,456,364,405,326,371,285,345,257,315,233,426,211,379,183,339,177,307,179,452,217,377,212,373,253,392,264,468,238,392,247,393,279,414,282,473,267,412,283,410,304,426,304
G,457,365,405,329,371,287,345,259,315,236,424,213,379,184,339,178,309,180,451,219,377,215,371,255,390,267,467,240,392,250,393,282,412,285,472,269,412,287,410,308,426,309
G,457,365,406,329,372,287,346,259,316,235,424,213,378,184,338,178,307,180,451,218,378,212,371,253,389,265,467,239,393,248,394,281,414,283,472,268,412,284,411,305,427,305
G,456,366,405,329,371,287,345,260,315,237,424,215,378,186,338,180,308,181,450,220,377,215,371,256,389,269,466,241,391,250,392,282,412,286,472,270,412,287,411,308,428,309
G,455,366,404,329,371,288,346,261,316,238,425,216,379,187,340,181,309,182,452,221,378,217,372,257,391,270,467,242,392,251,393,283,413,286,472,271,412,288,410,310,426,311
G,456,366,405,330,371,288,344,260,314,237,423,215,377,186,338,180,306,182,450,220,377,215,371,257,389,269,466,240,392,250,392,283,412,286,471,269,411,287,410,309,426,309
G,457,369,405,331,372,289,346,262,316,238,424,217,379,189,340,182,310,184,451,222,378,217,373,258,391,269,467,242,392,251,392,284,412,287,472,271,411,289,409,310,425,311
G,456,366,405,330,371,289,346,261,317,238,425,216,380,187,340,181,308,183,451,222,378,217,371,257,388,271,466,241,391,251,391,284,410,288,472,270,410,288,408,310,424,312
G,457,369,406,332,372,291,346,262,316,239,428,218,380,189,340,182,309,184,453,224,377,219,372,259,390,272,467,244,391,254,392,286,412,290,471,274,410,291,408,313,423,315
G,456,370,406,333,372,291,345,264,315,240,426,219,380,190,340,184,308,185,451,225,378,219,373,260,390,272,466,245,392,255,394,288,414,290,471,273,411,294,411,316,428,317
G,458,371,407,334,373,292,346,264,316,240,428,219,380,191,340,185,308,186,454,225,379,220,373,261,392,273,469,246,393,256,394,288,415,291,474,276,413,293,412,314,429,315
G,456,367,406,330,373,290,347,262,317,239,426,216,380,189,340,183,309,184,453,222,379,218,373,259,391,270,469,243,393,252,393,284,413,287,474,272,413,288,410,309,426,310
G,457,367,406,330,372,290,346,262,317,239,426,217,380,189,340,182,309,183,452,223,378,218,373,259,390,271,467,243,393,252,393,285,413,288,471,272,412,289,410,310,426,311
G,456,364,407,327,373,288,347,260,318,237,426,215,381,187,341,181,310,182,452,221,380,215,372,256,390,268,468,241,395,247,393,280,413,284,474,270,415,283,410,304,425,306
G,457,365,407,328,373,288,346,260,316,235,427,214,381,186,340,179,308,180,452,219,379,215,374,256,391,268,468,239,392,249,394,281,414,284,472,268,411,286,410,308,427,309
G,458,365,407,329,372,287,346,260,316,238,425,215,379,186,339,180,308,181,451,221,378,217,373,256,390,269,466,241,393,251,394,282,413,285,472,270,413,287,412,308,428,309
G,459,366,407,329,373,288,347,260,318,236,427,215,381,187,341,180,310,181,453,220,378,217,375,257,394,267,469,241,394,251,396,282,417,284,474,270,414,288,413,308,429,308
G,459,367,409,330,375,289,349,261,319,237,427,215,381,188,342,181,310,181,453,220,380,217,376,258,394,268,469,240,395,251,397,283,417,285,474,269,414,287,414,308,430,308
G,459,365,408,329,375,287,348,260,319,236,428,215,382,187,342,180,311,181,453,221,381,215,374,255,392,267,468,240,395,249,395,281,414,284,473,269,413,285,411,306,427,307
G,456,367,405,331,372,289,346,261,316,238,425,216,379,188,340,182,310,183,451,221,377,218,372,258,390,270,467,242,393,253,394,285,413,288,472,272,412,289,410,309,425,311
G,455,368,405,332,371,290,345,262,315,239,424,216,378,188,338,182,307,184,451,221,377,217,371,259,388,272,467,242,392,252,393,285,413,289,473,271,412,290,411,312,428,313
G,455,367,404,331,370,290,344,263,314,240,424,216,377,188,337,182,306,184,449,221,375,217,370,258,387,271,465,241,390,253,391,286,411,289,470,271,410,289,410,311,426,312
G,458,368,405,331,370,291,343,263,313,241,425,216,376,189,336,183,305,185,450,222,375,218,369,259,388,271,465,242,389,253,390,285,411,289,470,272,409,290,407,312,424,313
G,458,369,406,332,372,292,346,265,315,241,426,216,379,189,339,183,309,186,453,222,377,220,372,261,390,271,468,243,393,256,395,287,415,289,473,274,413,292,411,312,426,312
G,457,369,406,332,372,292,345,265,315,242,425,217,379,189,339,183,309,185,451,222,376,221,372,261,390,272,466,243,392,255,393,287,413,290,472,272,412,291,411,313,427,314
G,455,367,405,330,370,291,343,263,313,240,425,216,378,188,337,182,305,184,451,221,375,218,371,258,389,270,466,242,390,252,391,284,411,287,470,271,409,289,407,309,423,311
G,455,368,402,332,368,291,341,264,310,242,422,217,374,189,335,184,304,186,447,223,372,220,368,261,386,273,462,243,386,255,388,287,408,290,466,272,406,291,405,313,421,314
G,454,366,403,329,368,289,340,262,309,239,422,215,373,189,333,183,301,184,447,221,372,218,367,258,386,269,462,241,386,250,388,283,408,286,467,270,407,285,405,306,421,308
G,455,363,402,328,367,287,340,260,310,238,420,213,373,186,333,180,302,182,446,218,371,216,367,256,386,268,461,238,385,250,386,282,406,285,466,267,404,285,404,307,420,309
G,453,363,401,328,365,287,338,260,307,238,418,213,370,187,331,181,300,182,443,218,368,215,365,256,383,267,458,237,383,250,385,282,406,284,463,265,404,285,404,307,420,307
G,453,362,401,326,366,287,340,260,309,238,419,212,371,185,332,180,301,182,445,218,369,217,366,257,386,267,460,239,384,250,386,282,407,284,465,269,405,286,404,307,420,308
G,457,366,405,329,369,288,342,260,312,238,425,215,375,188,336,182,305,184,449,220,373,217,369,257,388,269,463,240,386,251,389,283,410,286,466,269,405,288,406,310,423,310
G,453,363,401,325,367,286,340,260,310,237,421,213,374,187,334,180,302,181,446,218,372,215,367,255,384,267,462,238,386,247,387,279,406,283,466,267,405,283,402,304,417,305
G,452,362,401,325,366,285,339,259,309,236,419,213,372,186,332,179,301,180,445,218,371,214,366,254,383,266,460,237,385,248,386,280,406,283,464,266,404,284,402,305,418,306
G,455,363,403,327,367,287,341,260,310,237,420,213,373,185,333,179,302,181,445,219,370,216,366,255,385,267,460,239,384,249,386,281,407,284,464,268,404,287,403,308,419,310
G,455,365,403,329,367,288,340,260,309,238,421,213,372,187,332,181,300,183,446,218,369,217,366,258,385,270,460,238,383,251,386,284,407,288,464,268,403,289,403,312,419,314
G,459,368,407,331,371,291,344,264,313,241,425,214,376,187,336,182,304,183,452,220,375,219,370,260,388,271,468,242,391,254,392,286,412,289,473,273,412,291,408,312,423,313
G,459,365,405,328,371,289,345,262,314,240,424,214,377,186,337,180,305,183,451,219,375,217,372,258,391,269,467,239,391,252,394,284,415,286,473,269,412,289,411,311,427,311
G,464,366,412,330,377,289,350,263,319,242,431,214,382,187,341,181,309,183,457,221,381,219,376,259,395,271,473,242,396,254,397,286,417,289,477,273,416,290,414,311,429,312
G,469,367,415,330,381,289,354,262,324,240,435,213,387,185,347,179,316,181,461,219,385,219,382,257,400,269,477,241,401,254,403,284,423,286,482,272,422,290,419,310,434,311
G,468,364,415,326,380,285,353,259,322,236,434,211,386,184,346,178,314,179,460,216,384,215,380,255,399,266,475,237,400,249,403,281,423,283,480,267,420,286,420,307,437,307
G,464,362,412,325,378,284,351,259,321,237,430,211,384,183,344,178,313,180,456,217,381,217,378,256,396,268,471,237,397,251,400,282,419,284,477,266,418,286,418,307,433,308
G,467,363,414,326,379,286,352,259,321,236,433,211,384,185,343,178,311,179,458,217,382,216,379,255,399,265,474,238,397,250,401,280,422,282,478,268,417,286,417,306,434,305
G,464,363,413,328,378,287,351,260,320,237,429,212,383,185,344,179,313,181,455,217,382,217,379,256,398,267,471,237,397,252,401,283,421,285,477,266,418,288,418,309,434,310
G,464,364,412,328,378,288,351,261,321,239,430,213,384,186,344,180,313,182,456,219,382,218,378,256,396,269,472,240,398,253,400,283,420,286,478,269,419,289,417,310,433,311
G,465,363,413,328,378,288,351,261,321,238,430,213,383,186,343,180,312,181,457,218,383,217,377,257,395,269,473,239,400,251,400,283,420,285,479,269,421,286,418,306,434,307
G,467,366,413,328,379,288,352,261,322,239,431,213,383,185,343,180,312,182,457,218,383,217,378,257,397,268,473,239,399,252,401,284,421,286,478,269,418,289,418,310,434,310
G,465,365,412,328,378,288,351,262,321,239,429,213,383,185,344,180,313,182,456,219,382,219,378,258,396,269,473,240,398,253,400,284,419,286,479,270,419,289,416,310,430,311
G,466,363,415,327,381,287,354,261,325,238,433,211,386,184,346,179,315,182,460,217,386,217,381,257,399,268,476,239,402,252,404,283,423,285,482,269,423,287,421,308,436,308
G,468,363,415,326,382,287,356,261,325,238,434,211,387,185,347,179,316,181,461,217,386,217,382,257,400,268,478,238,404,252,405,283,426,284,483,269,424,288,421,309,436,309
G,469,363,417,327,382,287,356,260,326,237,435,212,387,185,347,180,316,182,461,218,386,217,383,256,401,267,477,239,403,252,405,283,425,285,483,268,424,287,424,307,440,307
G,468,361,416,325,382,285,355,259,326,238,433,211,387,186,348,180,317,182,460,217,386,218,384,256,402,267,477,238,404,252,406,281,426,282,482,267,424,285,422,304,436,303
G,467,363,415,326,382,286,356,259,326,237,435,212,387,187,347,181,317,183,461,218,387,220,385,259,403,269,477,239,404,255,407,285,427,286,482,269,424,288,422,308,436,308
G,466,362,415,326,382,287,356,260,326,238,435,213,388,186,348,181,317,184,460,219,387,217,383,257,400,269,476,239,403,253,404,284,424,286,481,268,421,289,420,310,435,311
G,468,363,415,327,382,287,356,260,326,238,434,214,387,187,348,181,318,183,460,219,386,219,383,259,401,270,477,240,403,253,405,283,425,286,482,270,424,288,420,308,434,308
G,468,365,416,328,383,288,357,261,327,239,436,214,389,188,349,182,318,183,462,220,388,220,384,259,402,271,477,241,405,255,407,285,426,288,482,271,424,291,423,312,437,313
G,468,363,416,327,382,288,355,261,325,239,434,214,387,188,347,182,316,184,460,219,385,219,383,258,401,270,476,239,401,253,404,284,424,286,481,268,421,289,421,310,437,311
G,464,364,412,328,378,288,351,262,321,240,431,215,382,189,343,185,313,187,456,220,381,221,378,260,396,271,471,241,397,255,400,285,420,287,476,271,418,290,417,310,432,310
G,464,363,413,328,378,288,351,262,320,240,430,215,383,189,343,184,312,186,456,220,381,218,377,259,395,270,470,240,396,253,399,285,418,287,475,268,416,288,414,309,430,309
G,463,363,411,328,377,289,351,264,321,242,429,215,382,190,342,185,312,187,455,220,381,220,376,259,394,270,471,240,398,253,398,284,417,287,476,270,418,288,417,309,432,309
G,461,362,409,327,375,289,349,263,319,241,426,215,380,189,341,185,311,187,452,220,379,220,375,259,394,271,467,239,394,253,396,284,415,287,473,268,414,289,413,310,428,311
G,457,360,407,324,372,285,346,260,316,239,424,213,377,188,338,184,308,186,450,218,378,217,374,256,391,268,466,237,393,250,395,280,414,283,471,265,413,284,412,305,427,306
G,459,359,408,325,372,285,346,260,316,238,424,214,377,188,338,183,308,186,448,218,375,217,372,255,391,266,463,236,390,249,393,280,412,282,468,263,410,283,413,303,429,303
G,461,361,409,325,375,286,348,261,319,240,424,215,378,190,339,185,309,187,449,218,377,218,375,257,394,267,465,237,393,251,396,282,415,283,470,264,413,285,414,306,431,305
G,461,360,410,325,375,286,349,260,320,239,425,215,379,190,340,185,310,187,450,219,378,217,376,257,394,267,466,237,394,250,397,281,417,282,472,264,415,284,415,304,431,304
G,463,362,413,327,378,288,352,261,322,239,429,215,382,190,343,184,312,185,455,219,381,218,378,258,396,268,471,239,397,252,400,284,419,285,476,268,417,287,417,307,434,307
G,463,361,412,326,378,287,351,262,322,240,429,215,382,189,342,184,311,185,454,219,382,218,377,257,394,270,470,239,398,252,398,283,417,286,475,268,417,287,416,308,431,309
G,465,360,414,325,380,286,354,259,324,237,430,213,384,187,344,182,313,183,456,216,384,215,380,255,399,265,472,236,401,248,403,280,422,281,478,264,421,283,421,303,436,303
G,463,362,412,326,379,287,352,261,323,238,430,213,384,188,344,182,313,184,456,218,383,217,380,257,399,267,471,238,398,250,400,281,420,283,476,266,417,286,417,306,434,306
G,460,362,410,327,377,287,351,261,321,239,429,215,383,188,343,183,313,185,454,219,381,218,377,257,395,269,469,238,396,251,398,282,416,285,474,267,415,286,414,306,429,307
G,459,361,409,326,375,286,349,260,319,238,426,213,380,188,341,182,311,184,452,218,379,218,375,257,393,268,468,237,395,251,396,282,415,284,473,266,414,284,414,304,429,305
G,457,361,407,325,373,286,347,260,317,237,425,212,378,187,339,181,309,183,450,218,377,216,373,256,391,267,466,237,392,249,393,280,412,283,472,266,412,283,411,304,426,305
G,455,358,404,323,369,284,342,258,312,235,422,211,374,186,334,180,303,181,447,216,373,214,368,254,386,266,461,236,386,247,388,278,408,281,465,264,405,282,404,303,420,305
G,456,358,406,324,371,285,344,258,315,235,423,212,376,187,337,181,306,182,448,216,374,214,372,254,391,263,463,235,390,246,393,277,413,278,469,262,411,280,411,300,427,299
G,457,360,407,325,372,286,346,259,316,237,423,215,377,189,337,183,306,184,448,219,376,215,372,255,389,267,463,238,390,248,392,280,411,283,468,266,409,285,408,306,424,307
G,456,359,405,324,370,284,344,258,314,235,422,212,376,187,336,180,306,182,448,217,375,214,371,254,389,265,463,236,390,246,392,278,412,280,469,264,410,281,409,302,425,302
G,454,357,403,322,368,283,341,257,311,236,422,209,372,185,333,180,302,182,446,214,371,216,370,254,388,264,461,234,387,248,391,279,411,280,466,263,408,282,409,302,426,302
G,455,356,403,322,368,283,341,256,311,233,419,210,372,185,332,179,300,180,444,214,371,211,368,252,386,262,459,232,385,244,389,277,409,278,464,259,406,280,407,301,424,301
G,455,355,403,320,368,281,341,255,311,233,420,208,373,183,334,177,303,179,445,213,373,211,369,252,386,262,461,231,388,244,390,276,410,278,466,259,408,279,409,301,427,301
G,461,360,408,322,374,283,347,257,317,235,426,210,378,185,338,179,307,180,452,215,377,213,374,253,393,264,467,235,392,247,395,279,416,280,472,263,410,282,410,304,427,304
G,459,357,409,322,374,283,347,257,318,236,426,210,378,186,339,180,308,182,451,215,377,215,374,255,393,264,466,234,392,246,395,277,415,279,472,262,414,279,414,300,430,299
G,456,357,406,323,372,283,344,257,314,235,423,210,376,185,336,179,305,182,448,215,375,215,372,254,390,264,463,234,390,246,392,277,412,279,468,262,410,280,410,300,426,300
H,530,334,497,282,441,253,383,258,338,263,445,189,363,188,315,190,277,188,452,220,355,219,303,218,263,214,458,259,370,277,386,291,411,292,462,301,388,314,401,322,427,318
H,525,328,492,278,436,250,379,254,335,260,439,185,357,185,310,187,271,186,447,217,350,215,298,215,259,211,454,255,366,271,382,286,407,287,458,298,384,308,396,316,422,314
H,521,323,489,273,432,246,375,252,331,258,435,183,353,182,306,185,268,184,442,215,346,213,295,213,256,210,448,254,362,269,379,284,405,284,452,296,381,306,394,315,419,311
H,517,323,486,271,428,243,371,248,325,252,431,178,350,177,302,179,264,179,437,209,341,208,289,208,250,204,443,248,356,264,373,279,398,279,445,290,374,301,387,309,412,305
H,517,322,484,271,427,242,368,247,324,251,429,178,347,177,299,179,261,177,436,209,338,208,287,208,248,203,443,248,354,266,371,280,397,280,447,290,373,302,386,310,411,307
H,517,322,484,272,429,243,373,247,328,251,430,177,351,176,303,177,265,176,437,206,341,206,290,206,251,201,444,244,358,264,374,280,398,280,448,286,377,300,389,309,413,305
H,520,321,489,270,435,241,378,244,333,250,439,176,357,174,310,176,271,175,445,207,348,204,298,204,259,199,450,245,364,262,380,277,405,277,453,286,382,298,395,307,420,304
H,525,326,493,275,439,245,382,247,338,249,443,180,363,177,315,177,277,175,449,210,354,206,303,205,265,200,454,248,368,264,383,280,408,280,457,289,386,300,398,310,423,306
H,525,326,493,275,439,245,384,248,340,250,443,179,365,178,317,179,279,177,451,209,355,207,304,206,266,201,458,246,371,265,386,280,411,280,461,287,390,301,402,309,427,305
H,526,323,494,272,441,242,385,245,340,250,444,177,364,175,317,176,278,174,451,207,356,204,306,203,267,198,458,244,371,263,387,279,412,279,462,285,389,299,402,308,428,304
H,527,322,495,271,440,241,383,245,338,250,443,177,363,175,315,176,276,174,450,206,354,204,304,203,265,198,457,244,369,263,385,279,411,278,460,285,388,299,401,308,427,303
H,526,323,494,272,439,243,382,246,338,249,443,177,362,175,314,177,275,176,450,208,353,204,302,204,262,200,456,246,369,263,385,278,410,278,459,287,387,299,399,308,425,304
H,526,326,493,276,437,247,379,251,335,258,440,182,358,182,311,184,272,183,447,214,351,212,300,213,260,211,453,253,367,271,384,285,409,284,456,296,385,307,398,315,423,312
H,537,341,507,289,450,260,392,267,346,276,451,199,369,197,321,199,282,198,457,233,361,228,310,227,269,225,463,273,375,289,394,302,420,301,467,316,394,326,409,332,435,327
H,542,354,508,299,451,269,391,279,350,297,459,213,376,210,329,211,289,211,470,248,373,241,321,241,280,241,479,290,387,301,404,312,432,311,485,333,410,340,423,345,450,341
H,537,333,509,280,451,250,389,258,344,270,453,194,366,191,316,192,277,191,458,231,358,222,306,221,266,217,463,275,375,279,391,288,416,289,466,320,396,319,410,324,436,323
H,536,334,506,282,449,252,386,261,341,272,453,197,365,193,316,194,276,194,458,234,358,224,305,222,264,220,463,277,374,281,392,290,418,290,464,321,394,320,409,324,434,323
H,536,336,507,285,450,254,389,260,345,271,453,197,366,193,318,194,280,194,459,233,360,224,308,222,268,219,464,276,378,281,395,291,420,292,466,320,399,320,412,326,437,324
H,536,338,506,286,449,257,390,265,346,274,452,201,366,198,319,200,280,200,457,237,359,229,306,229,266,228,463,278,378,286,396,295,421,294,465,322,397,323,411,329,436,327
H,541,339,510,288,455,258,397,266,354,275,458,201,373,198,325,201,287,201,466,237,367,229,316,229,277,227,473,279,386,285,401,295,424,295,476,323,405,324,417,330,442,329
H,538,327,508,277,455,249,399,256,355,263,456,189,372,187,324,189,286,189,464,224,365,217,314,216,276,213,471,265,385,273,398,284,420,284,473,308,406,311,417,318,441,316
H,548,329,517,277,465,248,410,253,368,259,469,185,386,181,339,182,301,181,479,219,380,211,328,209,289,206,487,260,399,270,413,283,437,283,490,302,419,308,430,316,455,314
H,555,335,517,284,463,255,407,262,366,273,472,192,388,190,340,191,300,191,486,226,386,220,331,221,289,221,497,269,407,280,423,290,448,288,504,313,429,319,441,325,467,322
H,555,337,518,287,466,259,412,266,371,274,471,196,388,194,339,196,300,197,485,231,385,225,332,226,291,225,497,273,408,284,422,295,447,293,504,316,431,323,440,330,465,327
H,551,338,519,286,469,258,415,264,375,273,473,195,389,192,342,194,303,195,485,231,384,223,333,223,294,221,494,275,406,281,419,291,444,290,499,318,427,320,437,326,463,324
H,554,339,521,288,471,258,418,262,376,268,475,194,392,189,345,190,306,189,487,229,388,220,335,220,295,217,497,271,408,279,421,291,447,291,502,313,428,317,438,325,464,322
H,549,339,518,287,467,257,412,261,371,267,474,194,390,188,342,189,303,187,484,229,384,219,332,217,293,214,491,271,402,278,416,290,441,290,494,314,423,317,433,325,458,323
H,547,340,514,287,465,255,411,259,371,267,472,192,389,187,342,187,302,185,482,227,384,218,331,217,289,215,490,269,401,278,418,290,443,290,493,312,422,316,434,324,460,322
H,548,340,518,288,468,257,414,260,372,266,472,193,389,188,341,188,303,187,482,228,383,218,331,216,291,213,489,271,403,277,416,289,439,290,492,314,422,317,433,324,458,322
H,543,342,512,290,463,258,410,259,371,265,468,192,385,187,338,186,300,185,479,226,380,217,328,215,289,213,487,268,400,276,412,288,435,289,490,312,419,315,429,323,454,322
H,542,342,508,289,458,257,405,259,364,267,466,194,383,188,336,188,297,186,475,228,377,219,325,218,283,215,483,270,396,278,412,291,437,291,488,313,416,317,428,325,453,323
H,540,344,508,291,457,259,403,261,363,268,462,194,379,189,331,189,293,187,473,229,373,220,321,219,282,216,482,272,392,279,406,293,432,293,486,315,413,319,424,328,449,326
H,540,341,507,288,456,256,403,260,363,268,462,193,379,189,331,190,293,188,474,229,374,219,322,219,283,217,483,271,393,278,407,290,431,290,487,314,414,317,425,325,450,324
H,539,339,508,286,456,255,401,259,361,268,463,193,378,189,329,190,290,189,473,230,375,219,321,218,280,216,481,273,393,278,404,290,427,290,483,317,412,318,420,325,445,324
H,541,343,509,290,456,258,402,260,362,267,462,193,378,189,331,189,292,187,472,229,372,219,320,219,280,216,481,271,392,278,406,291,431,292,486,314,413,317,424,326,449,325
H,537,342,506,290,454,257,400,260,358,268,459,193,374,188,326,188,287,186,469,228,370,218,317,217,276,214,476,271,387,278,401,292,426,293,480,315,407,318,419,326,444,324
H,531,332,499,280,446,250,391,253,349,262,451,185,366,181,317,183,278,181,461,221,361,213,307,212,266,209,468,264,377,272,393,285,419,286,471,308,398,312,410,320,436,317
H,533,332,501,280,448,249,392,253,348,262,450,186,366,183,318,183,280,182,460,222,360,212,308,211,268,209,467,264,380,272,394,284,418,285,471,308,399,311,411,319,436,317
H,532,332,499,279,446,248,390,252,349,260,450,185,366,181,318,182,280,181,459,220,360,211,308,211,268,209,466,263,380,271,392,282,415,283,470,306,400,310,411,318,436,317
H,532,334,500,280,446,249,391,252,349,261,450,186,365,182,317,183,278,181,460,221,360,212,307,212,267,209,468,264,379,271,393,285,418,286,472,308,400,311,411,320,436,318
H,528,329,496,276,444,246,389,250,348,258,449,182,364,179,316,180,277,180,459,218,359,210,306,209,266,207,466,261,377,268,389,280,412,281,469,304,398,308,408,316,432,315
H,529,331,497,278,443,246,388,249,347,258,446,182,362,180,314,180,276,179,456,218,358,209,305,209,265,206,465,260,376,268,389,281,414,282,469,304,397,307,408,315,433,314
H,527,326,495,275,442,244,386,248,344,255,446,182,361,177,313,177,274,176,455,216,355,207,302,206,261,203,462,258,375,266,389,278,412,279,465,302,394,305,405,313,430,312
H,523,325,492,272,439,242,381,246,339,255,441,180,356,176,308,177,270,176,451,216,351,207,298,206,258,204,458,260,371,265,383,277,407,278,461,304,390,305,400,312,425,312
H,521,327,490,274,436,244,378,248,335,256,436,180,351,177,302,179,264,178,445,217,346,208,293,208,252,205,453,260,365,266,378,278,402,279,456,305,386,307,396,314,420,312
H,523,327,492,273,436,242,378,247,336,257,437,180,351,177,303,179,264,179,446,217,345,209,293,209,253,207,453,261,365,268,380,278,404,278,455,306,385,307,398,314,423,312
H,520,327,487,275,432,245,374,251,333,261,434,182,347,180,299,182,260,182,445,218,342,212,289,212,250,210,454,261,364,270,379,281,403,280,458,306,385,309,397,316,423,314
H,521,327,491,273,435,242,375,249,332,262,437,182,348,179,298,182,258,182,446,220,343,210,289,212,248,211,453,263,362,269,376,281,401,282,456,308,383,310,395,317,421,315
H,524,331,491,277,436,247,378,254,335,267,439,186,351,183,301,185,261,186,449,224,345,215,291,214,250,213,456,269,366,273,380,284,404,285,459,314,387,313,398,320,423,319
H,531,335,497,281,440,250,383,256,340,268,445,187,358,184,309,184,268,184,456,223,354,214,299,213,258,211,466,267,373,275,389,288,415,288,470,312,394,315,406,322,432,320
H,536,340,504,285,452,252,396,257,354,267,458,189,372,181,322,181,282,179,468,223,367,213,313,211,271,208,476,266,384,278,401,290,428,291,480,311,405,316,418,322,444,320
H,533,340,499,285,449,254,395,259,353,270,455,190,370,183,320,184,280,183,466,226,363,216,309,215,268,212,474,269,383,280,398,292,423,292,478,313,403,318,414,325,440,322
H,537,345,503,290,451,257,396,262,355,273,456,193,371,186,322,186,283,185,467,228,366,217,312,216,271,212,475,271,384,282,400,295,426,294,479,315,403,319,415,327,442,324
H,535,340,502,287,449,255,394,261,353,272,455,193,369,187,321,187,281,185,465,229,365,218,312,216,271,212,472,271,382,281,397,292,422,292,475,316,401,318,412,325,437,323
H,534,345,502,290,450,257,395,261,353,271,455,193,370,186,321,185,280,183,466,228,366,216,311,215,268,212,474,270,382,280,398,293,424,293,476,313,402,318,414,325,440,322
H,533,340,501,285,450,253,394,259,352,270,454,190,369,184,320,184,280,183,466,226,364,217,309,216,267,213,474,269,381,279,396,291,423,291,477,312,402,317,413,324,439,322
H,537,341,504,287,451,252,394,257,352,271,457,191,371,184,322,183,282,181,465,226,366,215,313,213,271,210,472,269,382,278,397,290,423,291,475,313,402,316,413,323,439,321
H,535,342,501,287,446,254,390,260,351,273,453,191,369,185,320,185,279,183,464,227,364,217,309,216,266,214,473,270,381,279,397,290,424,291,478,313,402,317,414,324,441,321
H,537,344,505,289,453,256,398,261,355,271,460,192,374,185,324,185,284,182,471,227,369,215,315,212,272,207,479,269,386,278,401,291,427,292,481,313,406,317,418,325,445,322
H,535,340,502,286,452,253,398,258,355,267,455,189,370,183,322,183,282,181,467,224,366,214,313,212,271,209,476,267,384,276,399,290,425,290,480,310,404,314,416,322,442,320
H,532,337,499,283,448,252,393,257,351,268,452,189,367,183,319,184,279,182,462,224,361,215,308,214,267,212,470,266,379,276,395,288,421,288,473,309,399,314,412,321,438,319
H,533,337,500,285,448,254,394,258,352,267,452,186,368,182,320,182,280,180,464,221,365,212,310,210,269,207,473,263,381,273,395,288,421,289,477,306,403,313,413,321,439,318
H,536,336,503,282,451,250,397,254,355,264,456,185,372,179,323,179,283,176,467,220,367,210,313,208,272,205,476,262,383,271,398,285,425,286,479,306,404,311,415,319,441,316
H,536,335,505,280,454,249,399,254,357,264,457,184,372,179,323,179,284,177,467,219,367,210,312,209,271,206,474,261,383,271,397,284,422,285,476,304,403,310,414,318,440,315
H,534,336,501,280,449,248,392,255,350,269,452,187,367,182,318,182,278,180,463,224,363,214,308,213,265,211,471,267,379,275,395,287,423,288,475,310,399,314,411,321,438,318
H,535,337,503,284,449,252,394,256,352,268,453,187,368,181,319,181,279,179,463,222,363,212,309,211,268,209,471,265,379,274,396,287,423,287,475,308,401,313,414,320,440,318
H,535,337,501,282,447,252,391,259,348,271,449,188,365,184,316,185,276,183,461,225,360,216,306,215,264,212,470,268,378,277,393,289,420,290,474,312,399,316,410,322,436,320
H,535,337,504,281,450,248,391,256,349,273,452,192,366,186,318,186,278,184,461,230,361,218,307,216,266,214,469,274,378,277,391,287,415,288,472,318,399,316,409,320,433,319
H,538,342,507,286,453,253,396,261,353,277,455,195,367,190,318,190,279,189,464,233,363,221,309,218,269,215,472,278,380,279,393,290,417,293,475,323,401,319,412,325,438,325
H,538,340,507,285,452,252,395,260,352,276,457,194,369,190,320,190,281,189,466,233,365,221,311,218,270,215,473,277,381,279,393,289,417,292,476,322,401,319,413,324,439,324
H,538,341,507,286,452,254,393,262,350,276,456,197,370,191,321,192,280,190,464,236,364,225,310,223,268,221,472,280,380,282,396,291,421,292,475,324,401,321,412,325,437,323
H,539,344,508,290,452,258,395,263,351,276,458,198,371,192,322,192,282,190,466,236,366,223,312,221,271,217,473,279,381,282,396,294,421,296,476,324,401,320,412,327,438,327
H,540,347,511,292,455,259,396,264,351,278,461,200,373,193,323,193,283,190,468,238,366,225,311,221,271,217,473,282,380,283,395,293,420,296,474,326,400,321,411,327,437,327
H,540,348,510,292,455,258,397,263,352,275,460,200,373,192,325,191,285,189,467,238,367,223,314,219,274,216,474,282,382,282,397,293,422,296,476,326,401,321,412,327,438,328
H,539,344,509,290,458,258,403,262,360,271,464,196,380,189,331,187,291,184,473,231,373,219,320,215,280,209,479,272,389,278,402,291,426,293,480,315,408,317,418,325,442,324
H,539,342,510,288,461,255,407,257,365,265,466,191,383,183,335,182,296,179,475,227,378,213,324,210,284,205,481,269,392,271,403,286,427,290,482,312,410,312,420,320,444,319
H,540,341,510,286,459,253,405,255,363,266,465,190,382,183,334,181,296,178,474,225,375,214,323,211,283,208,480,267,390,272,404,285,429,288,482,310,410,311,420,319,445,318
H,544,338,513,284,463,251,407,253,366,262,469,187,386,180,338,178,299,174,480,222,381,210,328,207,287,203,486,264,395,268,408,283,434,286,488,307,414,309,425,318,451,316
H,541,339,513,284,463,250,409,252,368,260,469,188,386,180,339,178,301,174,478,223,381,210,328,207,288,204,484,265,394,268,407,282,431,285,485,307,412,308,423,316,447,315
H,543,337,513,283,464,250,410,251,369,258,471,185,389,177,340,176,302,172,480,220,383,208,330,205,290,201,486,262,396,266,408,280,432,284,488,304,414,306,423,315,448,314
H,543,334,512,281,463,248,409,249,369,259,469,184,387,177,340,176,301,172,479,219,382,208,329,205,288,202,486,260,395,266,409,281,434,284,488,302,415,306,425,315,450,314
H,543,337,514,281,463,247,406,251,364,265,470,189,386,181,339,178,299,175,477,225,379,212,326,208,284,205,482,267,394,270,409,282,433,284,484,310,413,310,425,317,450,316
H,541,340,512,285,462,252,408,253,368,261,468,188,385,181,338,180,299,176,477,224,380,211,327,208,287,205,484,266,394,269,407,283,431,286,485,308,413,309,423,318,447,317
H,541,337,512,283,464,250,412,252,370,261,469,186,387,178,340,177,301,173,480,221,383,209,329,206,289,202,487,263,397,267,410,283,435,285,489,305,416,308,426,317,452,315
H,541,339,508,284,458,251,405,253,365,261,466,188,383,181,336,179,298,176,477,223,377,211,325,209,285,206,484,265,393,271,406,284,432,286,487,308,412,310,422,318,448,317
H,540,340,511,285,459,251,404,253,363,264,465,190,382,183,334,182,295,179,473,226,375,214,323,211,282,208,480,269,390,273,407,285,433,287,483,312,410,312,422,320,448,319
H,541,340,511,285,460,252,406,254,366,263,465,189,382,183,335,182,297,179,475,225,377,213,324,211,284,207,482,267,391,271,404,285,429,287,484,309,411,312,421,319,446,318
H,541,340,509,285,457,251,402,253,363,266,465,190,382,183,335,182,296,179,474,225,377,214,324,212,283,209,481,267,391,272,405,286,430,288,483,309,410,312,421,320,447,318
H,540,339,508,285,458,252,404,255,363,264,464,190,381,183,333,182,295,179,475,226,376,213,323,211,283,208,482,268,391,272,404,286,429,288,484,311,410,311,420,320,446,319
H,538,341,506,289,457,256,404,258,364,264,463,189,381,183,334,182,295,180,473,224,375,213,323,212,282,209,480,265,391,274,404,288,429,290,483,307,410,313,421,322,446,320
H,540,341,511,287,460,254,406,256,364,265,463,190,381,184,334,183,295,181,473,226,375,215,323,213,282,210,481,268,390,273,405,286,430,289,483,310,409,312,420,320,446,319
H,541,339,510,286,460,253,406,256,366,266,464,189,382,183,334,182,295,180,474,226,376,214,323,212,283,209,481,268,391,271,405,284,430,287,484,311,411,311,422,319,447,318
H,540,340,509,286,460,253,406,255,364,264,466,190,383,183,335,182,295,179,475,225,376,213,323,210,283,206,481,267,392,272,406,285,431,287,483,309,411,311,422,319,447,318
H,539,339,505,284,456,251,403,254,364,266,460,188,379,181,333,179,294,176,473,222,376,212,323,209,282,205,483,264,393,271,406,285,431,287,487,306,413,310,422,318,448,316
H,534,340,502,288,454,255,402,259,362,267,458,191,376,183,328,181,289,177,469,224,371,212,317,209,277,205,478,264,389,274,404,288,429,289,481,307,409,311,420,320,446,318
H,537,344,505,288,453,253,398,258,358,272,458,192,374,184,326,183,287,180,469,229,369,216,316,213,275,210,478,273,386,277,401,289,428,291,482,315,407,315,418,322,445,321
H,537,342,506,288,454,255,400,260,360,273,458,193,375,187,327,186,288,183,471,229,371,218,317,215,275,212,480,272,387,279,402,291,429,291,483,315,408,317,419,324,445,321
H,539,343,505,289,454,256,400,261,360,274,458,194,376,188,328,187,289,184,469,230,370,220,317,218,276,214,478,272,387,279,402,292,427,292,482,314,408,318,419,325,445,322
H,534,342,502,287,452,255,398,260,358,273,458,194,374,187,326,186,287,184,469,229,370,219,316,216,273,213,476,271,386,280,399,293,425,294,479,312,405,317,416,325,441,322
H,537,341,504,286,454,255,400,261,360,275,456,195,373,189,326,189,286,186,468,231,369,221,315,219,273,216,477,273,386,281,399,293,426,294,481,315,407,319,416,326,442,324
H,536,340,504,286,454,256,400,262,361,275,456,195,373,190,326,190,287,187,467,231,369,220,316,218,275,215,476,273,386,280,400,292,426,293,480,315,406,319,417,326,442,323
H,538,347,506,292,455,260,401,264,360,278,457,198,375,192,328,191,289,188,469,234,371,223,318,221,276,218,478,275,388,283,402,296,428,297,482,317,408,320,419,328,444,325
H,535,343,503,290,454,258,400,262,359,273,457,194,374,189,326,189,287,186,469,229,371,219,316,217,275,213,477,270,387,278,401,292,427,294,480,312,407,317,418,326,443,323
H,535,342,503,288,452,257,398,262,357,277,454,196,372,190,325,190,286,188,465,231,368,222,315,220,273,217,474,273,385,280,399,292,425,294,479,315,406,318,416,325,442,323
H,533,342,499,289,449,258,397,263,357,274,451,194,369,190,322,191,284,189,461,229,365,221,313,220,273,217,471,270,384,281,399,294,424,294,475,313,404,318,415,325,440,323
H,532,343,500,289,450,258,396,263,355,275,453,197,370,192,323,192,284,190,464,233,366,224,312,222,271,220,473,275,383,282,398,293,424,294,476,317,403,319,414,326,440,323
H,532,341,500,287,451,257,396,264,356,278,452,197,369,193,321,193,283,190,464,233,366,225,311,223,269,220,473,275,384,282,397,294,423,296,477,317,404,320,414,327,439,325
H,531,340,497,288,447,258,394,264,354,275,448,195,367,192,320,193,282,190,460,229,363,223,310,222,269,220,470,271,381,282,395,295,420,296,474,314,402,320,412,327,437,325
H,529,343,496,291,444,260,391,264,352,277,448,199,367,195,321,195,283,193,458,232,362,224,310,224,270,222,467,273,381,283,396,294,420,294,472,315,401,320,413,327,438,324
H,530,343,497,291,446,260,394,266,354,278,447,199,366,195,320,195,281,194,459,234,362,226,309,225,269,223,468,275,379,283,394,295,421,296,473,316,400,320,411,327,437,324
H,529,341,494,290,444,260,393,264,353,274,446,195,365,192,319,192,281,191,457,229,361,222,309,222,270,221,467,270,379,280,394,293,419,294,472,311,400,317,411,325,436,323
H,528,347,495,295,446,263,395,266,355,277,450,200,370,196,324,196,285,193,462,233,367,226,314,225,273,223,472,273,383,284,397,297,422,299,476,314,403,321,414,329,439,327
H,522,334,488,281,438,251,385,257,346,269,440,189,359,186,312,187,273,185,453,222,357,216,303,215,261,214,462,263,375,274,388,287,413,289,466,304,395,313,405,320,430,317
H,523,334,488,283,438,253,386,257,346,266,441,187,361,185,313,185,275,184,454,220,358,214,305,213,264,211,464,260,376,271,389,286,414,287,469,302,396,311,407,319,432,316
H,519,332,485,282,437,252,385,256,346,265,438,187,358,185,312,185,274,184,451,220,356,214,303,215,262,213,461,260,373,271,387,285,412,287,466,300,394,309,404,318,428,315
H,518,332,484,281,435,251,384,256,346,265,437,186,356,184,310,185,271,183,450,218,353,214,301,214,261,213,461,258,372,271,386,285,411,286,466,299,394,310,405,318,430,315
H,520,332,486,281,437,252,385,256,348,267,437,187,357,186,311,187,274,185,451,220,356,215,303,216,263,214,462,260,374,272,386,286,410,288,468,301,395,311,405,319,430,316
H,520,333,485,281,435,251,382,257,344,269,436,189,356,187,309,188,270,186,450,223,354,217,300,217,258,216,460,264,372,274,384,288,409,289,465,304,393,312,403,320,428,317
H,520,335,485,285,435,255,384,259,344,268,438,189,357,187,310,188,272,187,450,223,353,217,301,218,261,216,460,263,371,274,384,288,410,290,464,305,392,313,402,321,426,318
H,520,336,485,287,436,257,385,260,346,267,439,190,358,188,312,188,273,186,451,222,355,216,303,217,263,215,461,261,374,274,388,289,413,290,466,302,393,311,405,320,430,317
H,520,335,488,284,440,254,388,260,350,272,440,192,360,190,313,191,275,189,454,226,359,220,304,220,262,219,465,266,377,277,389,290,413,291,469,307,397,315,407,323,432,320
H,519,339,486,288,438,258,388,261,350,269,440,192,360,191,313,191,275,190,453,225,357,220,304,220,263,218,464,264,375,277,388,291,413,292,468,305,396,315,406,323,431,320
H,520,337,484,287,436,257,385,260,347,268,438,191,359,190,313,191,275,189,451,224,356,219,304,219,263,218,461,264,374,276,388,290,413,290,466,304,395,314,406,322,430,318
H,520,335,488,284,440,255,388,260,348,268,441,191,361,189,315,190,276,188,454,223,359,218,305,218,265,216,464,263,375,275,388,290,413,291,467,303,396,314,407,323,432,319
H,520,336,487,285,438,255,387,259,348,268,440,191,360,189,314,189,276,187,452,223,357,218,305,218,264,217,461,263,374,275,388,289,412,290,466,304,394,313,405,321,430,318
H,521,336,486,286,437,256,386,261,347,269,438,190,359,188,312,189,273,188,451,223,356,218,303,218,262,217,462,263,374,276,388,290,413,291,467,304,395,314,406,322,431,318
H,517,334,482,283,432,254,382,258,343,267,433,190,353,188,308,188,269,186,446,222,350,218,298,219,257,216,457,262,369,276,384,289,409,290,463,304,391,313,402,321,427,317
H,517,334,481,284,432,255,381,259,343,269,433,189,354,188,307,189,269,187,448,222,352,217,299,218,258,217,459,262,370,274,383,288,408,290,464,303,391,313,401,321,426,318
H,518,334,485,283,438,254,387,259,346,267,436,188,356,187,310,188,272,186,449,221,353,216,301,217,261,215,459,262,372,273,385,287,410,287,463,303,392,312,402,320,427,316
H,524,334,488,282,440,252,390,256,352,266,445,186,364,184,317,184,278,182,458,219,363,213,308,213,265,212,469,259,381,272,395,287,420,289,473,301,402,311,413,319,438,316
H,526,337,492,287,443,255,390,259,352,270,447,190,365,186,318,186,279,184,460,222,364,215,309,215,266,214,471,263,382,275,395,288,420,289,475,304,402,313,413,321,438,319
H,525,336,491,283,442,251,390,256,352,272,444,190,362,187,315,187,275,185,458,223,361,218,306,218,261,218,468,265,378,278,394,291,420,292,473,306,399,315,411,323,437,320
H,522,333,487,282,436,251,384,255,346,266,440,186,360,184,313,184,274,183,453,219,356,214,304,214,262,213,463,259,374,272,389,286,413,287,467,301,396,311,407,319,432,316
H,522,332,489,281,439,251,388,254,347,262,441,185,360,183,314,183,276,181,452,219,356,212,304,212,263,210,461,259,373,271,386,286,410,287,464,301,393,309,404,318,428,315
H,522,331,489,282,443,253,392,257,351,264,441,186,361,183,314,183,276,181,453,219,359,213,305,213,263,211,462,259,376,271,390,286,414,287,465,299,395,309,406,318,430,314
H,521,331,487,280,436,250,383,254,345,267,438,187,357,185,312,185,273,183,450,220,354,215,302,215,261,213,460,260,372,272,387,284,411,286,465,302,393,309,404,317,429,315
H,520,330,486,280,436,251,383,255,344,266,440,188,359,185,313,186,274,184,451,220,355,215,302,215,261,214,460,260,373,272,387,284,412,286,464,301,394,310,405,318,429,315
H,522,331,487,281,439,251,388,254,348,261,439,184,360,182,315,183,277,181,453,217,358,212,305,212,265,210,463,256,376,268,388,282,413,284,467,297,396,306,406,315,430,312
H,522,333,488,283,438,252,386,254,350,264,441,186,363,184,317,185,279,182,453,218,359,213,307,213,266,211,463,257,376,270,391,285,416,286,468,298,397,309,408,317,433,314
H,523,334,488,283,439,253,387,257,349,268,442,189,363,186,317,187,278,184,456,222,361,215,307,215,266,214,467,263,378,272,391,286,416,288,471,304,398,311,408,319,434,317
H,525,334,491,283,443,252,391,256,352,268,445,189,365,187,319,187,281,184,458,221,364,216,310,215,268,214,468,262,380,273,393,287,418,289,472,303,400,312,410,320,435,317
H,522,333,487,283,439,252,388,256,352,267,441,187,362,187,316,187,277,185,457,219,363,215,308,215,266,213,469,259,380,272,394,286,419,287,474,300,401,310,412,319,437,315
H,523,337,488,287,439,256,389,259,352,268,443,190,363,188,317,189,279,187,457,222,361,218,308,218,266,217,469,263,379,275,392,289,416,291,474,304,401,313,410,321,434,318
H,523,336,488,285,439,255,388,258,352,268,443,190,365,188,318,188,279,185,457,222,362,217,308,217,266,215,467,262,379,274,393,288,418,289,472,302,399,312,410,320,435,316
H,523,334,491,284,442,253,391,257,353,268,443,189,363,187,317,187,278,185,457,221,361,217,308,217,266,215,468,261,379,273,393,287,419,288,473,302,400,311,411,319,437,316
H,524,335,489,285,439,254,388,259,350,272,441,191,361,190,315,191,276,189,455,223,361,219,306,220,264,219,467,263,379,276,393,290,418,291,473,304,401,314,411,322,437,319
H,520,335,484,286,436,256,386,261,348,272,438,191,359,191,313,192,275,190,452,223,357,220,305,221,264,220,464,263,377,277,389,290,414,291,470,304,398,314,408,322,432,319
H,517,334,483,284,437,255,387,259,349,270,436,190,357,189,310,191,272,189,451,222,355,219,301,221,260,220,462,263,375,276,386,289,410,290,467,303,395,314,404,322,429,318
H,517,335,481,286,433,257,382,262,343,270,433,191,354,189,307,191,268,189,448,222,352,218,299,220,258,219,459,261,371,275,384,289,409,290,464,302,392,313,403,322,427,317
H,517,330,480,282,432,253,382,258,344,265,433,187,355,186,310,188,272,186,448,219,354,214,301,216,260,215,459,258,373,271,385,285,409,286,464,299,394,309,403,317,428,314
H,516,331,480,282,432,254,382,258,344,268,432,187,354,187,308,189,270,187,447,218,353,216,300,218,261,216,459,257,372,272,385,286,410,287,465,298,394,310,405,318,429,315
H,518,329,481,280,433,252,383,256,345,264,433,186,355,186,309,187,270,186,448,218,354,215,301,216,260,215,460,257,373,271,385,285,411,285,465,297,394,309,403,317,428,313
H,518,333,483,284,432,254,381,259,343,268,434,190,355,189,309,190,271,190,447,222,353,217,300,219,259,219,458,261,372,274,386,288,411,288,464,301,392,312,403,320,427,316
H,517,335,481,287,432,258,382,262,343,270,433,191,354,191,309,193,271,192,446,223,352,220,300,222,261,221,457,262,371,275,384,289,409,290,463,302,393,313,403,322,428,318
H,516,336,480,288,431,258,381,263,343,273,432,193,354,193,308,194,270,192,446,224,352,221,300,222,259,222,456,263,371,277,386,291,410,292,461,304,392,315,403,324,426,320
H,517,335,481,286,433,258,383,263,344,270,433,192,355,192,308,193,270,192,448,223,354,219,301,221,260,219,459,262,373,276,384,291,408,292,464,303,393,314,402,323,425,319
H,516,336,480,286,430,257,379,263,342,274,430,194,351,193,306,194,268,193,445,226,351,223,298,223,256,223,458,266,370,279,384,291,409,293,465,307,392,316,402,323,427,321
H,514,335,478,287,430,259,380,264,342,274,431,194,352,194,306,196,268,195,444,225,349,223,298,224,258,223,455,265,369,279,383,292,407,293,460,306,390,316,401,324,424,321
H,515,336,481,288,433,259,382,264,344,273,430,194,352,194,307,196,269,194,444,225,351,223,299,224,260,223,456,265,371,278,382,291,406,292,461,305,392,316,402,324,426,320
H,515,335,479,287,429,259,379,264,343,274,430,194,352,195,306,197,268,195,443,225,350,224,298,226,257,225,454,263,370,280,384,293,408,294,460,304,391,316,402,324,426,321
H,515,337,480,288,431,259,380,264,342,274,430,194,353,195,307,197,268,195,444,225,352,223,298,225,256,224,455,264,371,280,384,294,408,294,461,304,392,317,403,325,427,320
H,517,335,483,286,434,258,382,264,342,273,433,194,354,193,307,194,269,193,447,226,352,222,298,222,256,222,457,266,371,278,386,292,410,293,462,306,391,316,403,324,427,321
H,518,338,482,288,434,259,383,264,345,273,435,193,355,193,309,194,270,193,449,226,354,222,301,223,259,222,460,265,372,280,387,293,412,293,465,307,393,317,404,325,429,321
H,524,336,490,286,440,258,389,264,350,273,440,193,360,192,314,193,275,192,453,226,358,221,305,222,264,220,463,266,377,281,391,294,417,294,468,307,398,318,409,325,434,321
H,526,338,490,287,441,257,390,264,352,275,444,194,363,192,316,193,277,190,458,227,363,222,307,222,264,221,469,267,379,281,393,295,418,295,474,308,400,318,410,327,436,323
H,525,337,490,285,442,256,391,262,353,276,441,195,363,193,317,193,278,190,456,228,361,224,307,223,264,221,467,268,379,282,393,295,419,296,473,309,399,318,409,327,435,323
H,524,336,490,285,440,257,388,263,350,277,441,194,361,193,315,194,276,192,455,229,360,223,306,223,264,222,466,270,377,280,390,292,415,294,471,310,398,317,408,325,433,322
H,525,338,491,286,440,257,387,264,350,282,443,198,362,195,316,196,277,195,456,232,360,226,307,226,265,225,466,273,378,282,393,293,418,294,471,315,399,320,410,326,435,324
H,526,339,491,288,441,259,389,265,352,279,443,197,364,195,317,196,278,193,458,230,363,225,308,225,266,223,470,270,381,283,394,297,420,297,476,311,402,320,413,328,438,324
H,524,339,491,289,442,260,392,265,354,274,444,197,365,194,319,194,280,192,457,230,362,223,309,222,268,220,466,270,379,280,394,293,419,294,471,311,400,317,410,325,435,322
H,524,339,490,288,441,258,389,263,352,275,443,197,363,195,318,195,280,194,456,230,361,224,309,225,268,224,466,270,378,281,392,294,417,294,470,311,400,318,411,326,436,322
H,522,339,488,289,439,259,389,264,352,275,441,197,363,195,317,195,279,193,453,228,360,224,307,225,266,225,464,268,378,282,393,295,418,296,469,308,398,318,409,326,434,323
H,524,341,490,292,441,262,390,265,352,275,443,199,365,196,319,195,281,193,455,230,362,223,310,223,269,221,464,269,378,281,393,295,418,296,468,309,398,318,409,326,434,322
H,521,341,486,291,437,262,386,268,348,280,437,200,358,199,312,200,274,198,452,232,357,229,304,230,262,229,463,273,376,286,391,298,417,298,470,314,399,323,410,329,435,326
H,525,343,492,294,444,264,392,269,353,278,443,199,363,197,317,197,279,195,456,232,361,225,308,224,267,222,466,272,380,283,394,297,419,297,470,314,399,321,410,329,434,325
H,524,345,490,294,441,263,390,267,351,280,443,201,363,198,317,197,278,194,456,234,361,227,307,227,265,225,466,274,378,285,392,299,418,300,471,315,399,323,410,331,435,327
H,522,344,488,293,440,263,389,268,351,280,441,199,362,198,316,198,278,196,454,232,359,227,306,227,265,225,465,272,377,285,391,299,417,300,470,313,398,322,408,330,433,327
H,523,344,487,293,439,265,389,270,352,281,441,201,361,199,314,200,276,198,456,234,361,230,306,230,263,229,467,274,379,287,392,300,417,301,472,315,401,324,410,332,434,329
H,520,348,485,297,438,266,387,270,350,282,441,201,362,198,314,197,275,194,457,233,361,227,305,227,262,225,468,274,378,286,392,300,419,302,474,316,400,324,410,333,436,330
H,521,346,484,297,437,267,387,270,348,279,439,199,360,197,314,197,275,194,454,231,358,227,304,226,263,223,465,270,376,284,389,300,415,301,471,311,397,323,408,332,433,328
H,522,348,486,297,439,267,390,271,353,281,443,201,363,198,316,198,277,195,457,234,363,228,307,227,264,226,469,274,379,287,391,301,417,303,474,315,399,325,409,333,435,330
H,521,347,486,295,439,264,388,269,351,282,443,201,363,198,316,197,277,194,459,233,363,228,307,226,264,224,470,274,379,285,392,300,418,302,474,314,399,324,409,332,435,329
H,520,343,485,294,437,263,385,267,347,278,438,200,357,196,310,195,271,193,451,232,356,226,301,225,258,223,462,272,374,285,388,298,413,299,467,314,394,322,404,330,429,327
H,517,342,480,291,433,261,383,266,347,277,436,198,358,196,311,196,272,193,452,230,357,226,302,226,259,224,464,270,375,285,390,298,416,297,470,312,396,321,407,329,433,325
H,518,347,480,297,432,266,383,270,347,281,436,200,357,199,311,199,272,196,452,232,358,227,303,228,261,226,464,271,375,286,389,301,415,302,470,313,396,324,407,333,433,329
H,513,343,475,294,426,264,376,269,340,281,427,200,347,199,302,200,263,197,441,232,347,230,293,230,251,228,453,271,366,288,380,301,405,302,459,312,388,324,397,332,422,329
H,511,345,473,296,426,265,377,269,340,280,429,200,350,198,303,199,265,196,445,231,350,227,296,227,254,225,457,271,369,285,383,299,408,300,463,312,390,323,401,331,426,328
H,513,344,476,294,428,264,378,269,342,280,433,200,353,197,306,197,267,194,447,232,352,227,297,226,255,224,459,272,370,286,386,299,412,299,464,313,392,323,403,331,428,328
H,513,342,478,293,431,263,381,266,344,276,435,198,355,194,308,194,270,191,449,230,355,223,300,221,258,218,459,270,372,281,385,295,410,296,462,311,391,320,401,328,426,324
H,516,341,480,291,431,262,379,266,342,275,434,197,355,195,308,196,270,193,447,229,352,224,299,224,258,222,458,269,369,281,384,295,409,297,463,310,391,320,402,328,427,325
H,515,344,480,294,433,264,383,269,345,278,434,200,356,198,311,198,273,195,447,231,354,226,301,226,258,224,457,269,372,286,388,299,412,300,462,310,393,322,405,330,429,327
H,517,352,482,302,434,270,383,273,345,284,436,207,358,204,312,203,274,200,448,237,355,232,302,231,260,229,459,276,373,290,388,304,413,305,465,317,393,328,405,336,430,333
H,513,347,478,298,428,267,378,270,342,280,433,202,354,200,307,200,270,198,445,233,351,227,299,227,259,225,456,272,369,285,382,299,407,300,460,313,390,323,400,331,424,329
H,514,345,478,296,429,267,378,270,341,277,433,201,353,198,306,199,267,196,446,232,351,227,298,227,257,224,456,272,368,284,381,298,406,299,461,314,390,323,400,331,424,328
H,513,343,477,293,428,264,377,269,341,279,430,200,351,199,305,199,267,197,442,231,348,228,296,229,255,227,452,270,366,285,382,300,407,300,458,311,388,323,400,331,425,327
H,513,341,478,293,430,263,379,268,341,278,431,199,352,198,306,199,268,196,444,231,351,226,298,226,257,224,455,269,369,283,383,297,409,298,460,310,389,321,401,330,425,326
H,512,341,475,292,426,262,376,267,338,277,429,199,350,197,304,198,266,196,440,230,347,226,295,227,255,225,450,270,365,283,379,297,404,298,454,311,386,321,396,329,420,326
H,510,340,476,291,426,261,375,267,338,280,428,200,349,198,303,199,265,196,440,232,346,227,294,227,253,225,450,271,364,284,379,298,405,299,455,312,386,322,398,330,423,326
H,510,341,475,293,426,264,375,268,336,275,426,199,347,196,301,196,263,193,438,230,344,224,292,224,251,222,448,268,362,282,378,296,404,297,454,310,383,320,395,328,420,325
H,512,341,475,293,428,262,379,265,343,273,431,196,353,194,307,194,269,191,445,226,352,222,299,222,257,219,457,265,370,281,384,295,409,296,463,306,391,318,401,326,426,322
I,377,378,324,365,282,326,262,281,259,242,302,285,288,250,301,280,314,308,329,275,315,240,326,278,336,307,357,269,347,226,348,255,351,284,387,266,381,227,374,204,367,185
I,362,360,308,350,263,312,241,270,236,232,282,269,267,236,280,265,294,292,309,259,293,222,304,259,315,289,337,251,324,210,326,241,330,270,367,247,360,208,351,186,341,167
I,359,354,305,345,260,308,237,266,232,228,278,267,262,232,276,261,289,288,305,257,289,221,300,257,312,286,333,249,320,208,321,237,325,265,363,244,355,205,347,183,339,165
I,360,352,307,342,263,305,241,262,235,225,282,266,266,231,279,258,292,284,309,256,292,220,303,254,314,283,336,248,323,206,324,233,328,261,365,243,358,205,350,183,343,164
I,360,352,308,342,265,305,243,263,238,226,282,265,268,232,282,260,295,286,309,255,295,222,306,256,317,284,337,248,326,208,326,236,330,263,367,245,360,207,354,185,346,165
I,362,352,309,342,265,304,245,261,240,225,285,266,271,231,283,259,296,285,312,256,297,221,308,255,318,284,340,249,327,208,328,235,332,262,369,245,362,207,355,185,347,165
I,363,352,310,340,267,303,246,261,241,224,287,264,272,230,285,258,297,284,313,255,298,220,308,254,319,283,341,248,328,208,328,237,333,264,370,244,363,206,356,183,348,164
I,362,345,310,334,267,297,245,255,239,219,286,259,271,225,283,253,295,279,312,249,297,216,308,250,319,278,340,242,328,202,329,229,333,256,370,238,362,201,355,179,347,160
I,361,345,308,335,265,298,243,256,238,219,283,259,268,225,281,252,294,278,310,249,294,214,305,248,317,276,337,242,324,202,325,229,329,257,366,238,359,200,351,178,344,158
I,356,343,304,334,259,298,236,257,232,220,276,257,261,224,275,252,289,279,304,247,288,213,299,248,311,276,332,239,318,200,320,228,324,256,361,235,353,197,346,174,338,155
I,350,341,299,330,256,293,235,251,231,215,277,254,262,219,273,247,285,274,303,245,288,210,297,244,308,272,331,239,319,198,319,226,323,253,361,236,356,197,351,174,345,153
I,349,343,298,330,257,290,237,248,234,211,278,253,265,218,276,247,287,274,305,245,292,210,300,244,309,273,334,240,324,199,322,227,324,255,365,238,362,200,359,176,354,155
I,351,344,300,331,259,292,239,251,235,214,279,254,266,220,277,247,288,274,306,245,293,211,301,245,311,274,335,240,324,200,323,229,325,256,365,239,362,200,358,176,352,155
I,352,345,299,332,258,293,239,251,235,214,280,255,266,220,277,249,289,277,307,246,292,211,301,246,311,274,335,241,324,200,323,229,325,257,365,239,362,200,357,177,351,156
I,351,344,299,331,258,291,238,249,232,213,279,254,265,219,276,248,288,275,306,245,292,210,300,245,310,273,334,240,323,199,322,227,325,254,365,238,362,199,358,176,354,155
I,351,345,299,331,258,293,238,250,233,214,278,255,266,219,277,248,288,276,306,247,293,211,301,245,311,274,335,241,324,200,323,228,325,255,366,239,364,200,360,177,356,155
I,354,346,302,333,262,294,242,251,237,214,283,256,270,221,281,249,292,277,310,248,297,213,305,247,315,276,339,242,329,201,326,229,328,256,369,241,367,202,363,179,359,158
I,354,347,303,335,262,295,241,253,236,216,281,257,268,222,280,250,291,278,309,249,296,213,304,248,314,276,338,243,328,201,326,229,328,256,369,241,367,202,363,178,359,157
I,355,349,305,336,263,297,243,255,238,218,281,258,269,223,282,251,294,279,309,249,296,214,306,248,316,277,339,243,328,202,327,231,330,259,370,242,367,202,363,178,359,156
I,357,350,306,337,263,298,243,254,238,218,283,259,269,223,282,252,294,280,311,250,297,215,307,250,317,278,340,244,328,202,328,230,331,257,370,242,367,202,363,179,358,157
I,357,350,306,336,264,298,242,256,237,220,282,260,269,224,281,252,293,280,310,251,297,216,306,250,315,279,339,245,329,203,327,233,329,261,370,243,368,203,364,179,359,158
I,357,349,306,336,265,296,244,254,239,217,283,257,270,222,282,251,294,279,311,248,298,213,307,248,317,277,340,243,330,202,328,230,330,258,371,241,368,202,364,178,359,157
I,357,349,306,336,265,297,244,255,238,219,284,259,271,224,282,253,294,281,311,250,298,216,307,251,317,280,340,245,329,204,328,233,331,260,371,243,368,204,364,180,359,159
I,357,350,306,336,265,298,244,256,238,219,283,259,270,224,282,253,294,281,311,250,298,216,307,250,317,279,340,245,329,204,328,232,331,259,371,243,369,204,365,180,360,159
I,357,351,308,339,266,298,244,256,238,219,282,260,270,224,283,254,295,282,311,251,298,216,308,252,318,280,341,245,330,204,329,232,331,259,372,244,369,204,365,180,360,158
I,357,351,307,338,266,299,245,257,238,220,284,260,270,224,283,253,295,281,312,251,298,216,307,251,317,279,341,246,330,204,328,233,330,260,372,244,370,204,366,180,361,158
I,357,352,306,339,265,299,244,258,238,221,283,262,270,225,282,254,295,282,311,253,298,217,307,252,317,280,340,247,330,205,329,233,331,260,371,245,369,205,366,181,361,160
I,358,353,308,341,266,301,244,259,237,221,281,262,268,226,282,255,296,284,310,253,297,217,307,253,317,282,340,247,329,205,328,234,329,262,371,245,368,204,365,180,360,158
I,356,352,305,339,263,300,242,259,235,222,280,261,267,226,280,255,292,284,309,252,295,216,304,252,314,281,338,246,328,203,325,232,325,260,369,244,367,204,363,179,358,157
I,355,355,304,342,262,303,240,261,232,225,279,264,265,228,279,258,292,286,307,255,293,219,303,254,314,283,337,248,325,207,324,236,326,264,368,246,365,205,361,181,356,159
I,357,355,305,343,262,304,240,261,234,224,280,263,266,228,280,258,293,286,308,254,294,219,305,255,315,283,337,248,326,207,326,236,328,264,368,246,366,205,362,182,357,160
I,359,357,307,343,266,304,246,261,237,225,284,264,271,229,284,259,296,288,312,255,298,220,308,256,318,285,342,250,331,209,330,238,332,266,373,248,370,208,367,183,362,160
I,357,361,306,346,265,306,243,263,236,226,282,266,269,230,281,260,293,289,311,257,298,222,307,258,316,288,341,252,330,210,328,239,329,267,373,250,371,209,369,184,364,162
I,359,358,308,343,268,302,248,258,241,221,286,262,274,228,287,258,299,287,315,254,303,219,311,256,321,285,345,250,336,208,334,236,335,264,377,249,377,209,376,184,372,162
I,362,360,310,343,270,302,253,259,246,222,291,264,280,228,291,259,302,287,321,256,309,222,316,258,325,287,351,252,341,211,339,240,340,267,382,252,382,212,380,188,377,165
I,367,360,317,340,280,295,266,251,261,213,303,258,295,224,304,254,313,284,333,253,323,219,328,254,335,285,364,251,358,210,353,239,351,267,396,254,402,213,404,188,404,165
I,367,359,320,333,288,285,278,239,282,201,316,253,312,214,316,243,320,273,346,252,341,211,338,247,341,279,377,254,375,211,364,237,359,264,409,260,419,220,422,195,423,172
I,368,360,321,335,290,287,280,240,281,202,318,255,313,215,317,244,322,274,348,254,342,213,341,248,344,279,378,255,376,212,366,237,361,263,410,261,420,221,422,197,423,175
I,369,357,322,331,291,284,280,238,282,200,319,253,314,214,318,240,322,270,348,252,343,211,341,244,343,276,378,254,377,210,366,236,361,264,409,259,418,220,420,196,420,175
I,369,355,322,329,290,283,280,237,282,200,318,252,313,213,317,239,322,269,347,250,341,210,340,243,343,274,377,252,375,210,365,235,360,262,410,257,419,219,422,194,423,172
I,369,354,322,329,291,283,279,237,282,200,317,253,312,215,316,241,321,270,346,251,340,210,339,243,342,275,376,252,373,210,363,233,358,260,408,257,416,219,419,195,419,174
I,369,353,323,328,291,283,279,238,280,201,317,253,311,214,316,240,321,269,346,250,341,210,340,242,342,273,376,251,375,209,365,233,359,259,408,256,416,218,417,194,417,174
I,369,352,322,327,290,282,278,237,280,199,317,251,312,213,316,238,321,267,346,249,339,209,339,242,342,273,376,250,373,207,364,231,360,258,408,255,416,217,417,193,416,173
I,367,354,320,329,288,283,276,238,277,201,315,253,309,214,312,239,317,268,344,250,337,210,336,242,339,273,374,251,371,208,361,232,357,259,406,256,412,217,413,194,413,173
I,358,349,306,328,271,283,260,237,259,200,299,250,292,213,296,239,301,267,329,246,321,207,319,239,322,271,360,245,355,203,345,226,340,253,392,248,400,210,401,185,400,163
I,350,352,302,330,267,286,253,241,253,203,292,252,285,214,290,239,295,270,322,248,312,208,312,241,317,273,353,247,346,204,336,227,332,253,385,250,392,210,394,186,394,164
I,344,351,295,329,260,285,246,240,243,203,287,250,278,214,283,241,289,271,317,246,306,207,306,241,312,273,348,246,341,203,331,229,326,257,381,250,387,209,387,185,385,163
I,344,350,296,329,260,285,246,240,244,203,288,251,279,213,283,238,289,268,317,246,306,206,306,239,312,272,348,246,341,202,331,227,327,254,381,249,386,209,386,184,384,161
I,345,350,297,330,261,286,247,241,244,203,287,251,278,215,284,241,292,270,317,246,305,207,306,241,313,273,348,246,340,203,331,229,327,256,381,249,386,209,385,184,383,162
I,344,348,296,329,260,285,246,240,246,203,288,250,278,212,283,239,289,269,317,245,306,206,306,240,312,271,347,245,341,202,331,227,327,254,379,248,385,208,384,183,382,161
I,344,349,296,328,260,284,246,239,243,201,287,249,277,211,282,237,288,267,317,244,306,205,306,238,311,270,347,244,341,201,330,225,326,253,379,247,385,207,384,182,382,160
I,345,347,296,328,260,284,246,239,242,202,287,250,276,213,283,237,291,267,316,245,304,205,306,238,313,270,346,243,339,200,330,225,327,253,379,246,383,206,381,182,379,160
I,347,347,298,328,264,282,251,237,245,201,289,248,280,210,286,239,294,268,319,243,309,205,310,239,315,269,349,243,344,200,335,225,331,252,381,246,386,206,385,181,383,158
I,348,345,299,326,262,282,248,237,240,200,289,247,279,210,285,236,292,266,318,242,307,203,308,238,315,270,349,241,341,199,333,225,330,252,381,244,386,203,385,177,382,154
I,351,339,302,321,267,277,253,233,245,196,293,244,282,206,289,231,296,261,322,240,311,199,313,233,318,264,352,238,346,194,337,220,333,248,384,240,388,200,386,174,383,151
I,354,339,303,321,268,275,255,230,245,194,293,244,283,206,292,233,301,261,323,239,313,201,317,233,323,263,354,238,348,196,341,222,339,249,386,239,389,200,388,175,385,153
I,353,341,304,321,269,277,255,232,248,196,294,245,284,207,292,234,301,263,323,240,313,201,316,234,323,265,353,239,348,197,340,223,338,250,385,241,389,201,388,176,386,155
I,354,344,305,325,270,279,255,234,248,198,294,246,284,208,292,234,300,263,324,242,314,202,316,236,322,267,354,241,348,197,341,225,339,253,386,243,390,203,389,178,387,156
I,352,345,303,325,269,279,253,234,245,198,293,247,283,207,291,235,299,265,322,242,313,202,315,236,321,267,353,241,347,197,340,223,338,252,385,243,389,202,387,177,384,155
I,353,346,303,325,268,281,253,236,245,199,292,247,283,209,290,234,298,264,322,243,312,203,314,236,320,267,353,242,346,198,340,224,338,253,385,244,389,203,387,178,385,156
I,352,345,303,325,269,281,253,236,246,199,293,246,284,208,291,237,299,267,323,242,313,203,315,237,321,269,353,241,348,197,341,224,338,252,386,243,389,203,388,178,385,156
I,349,343,300,324,265,279,249,234,240,198,288,245,278,207,286,233,294,263,318,240,308,200,311,234,317,266,349,238,343,195,335,222,333,250,381,241,385,201,384,176,381,155
I,346,341,297,324,261,280,245,235,237,198,284,244,273,207,280,233,289,263,314,239,301,199,304,234,311,266,345,237,337,194,329,222,327,250,378,239,382,199,381,174,378,151
I,347,342,299,321,264,277,249,233,238,198,288,243,277,205,283,231,290,261,317,238,307,199,308,233,313,264,348,237,343,195,334,222,331,250,381,240,385,200,383,175,379,153
I,359,343,310,323,274,278,259,233,253,196,300,243,290,205,299,234,307,263,330,239,319,201,323,235,330,265,360,238,355,195,349,224,347,252,393,240,397,200,396,175,393,153
I,366,344,316,324,280,277,265,231,259,193,304,243,296,203,305,232,313,262,335,238,327,199,330,234,335,265,367,237,362,193,356,220,353,249,400,240,405,199,404,174,402,151
I,381,353,330,329,294,280,278,232,273,192,317,244,309,202,320,234,329,266,349,239,340,199,346,237,353,268,382,238,377,194,373,223,372,253,416,242,421,199,421,174,420,151
I,394,370,341,343,304,293,281,245,259,212,336,243,329,190,331,222,336,256,371,238,366,186,361,225,361,260,405,241,410,186,399,211,390,239,440,251,464,215,462,194,453,176
I,395,368,342,344,300,295,274,249,248,220,331,249,323,202,330,240,338,272,365,243,360,199,357,242,359,275,401,245,401,195,389,227,381,256,435,253,454,210,463,184,467,157
I,394,364,340,341,298,291,272,244,246,216,329,245,321,200,327,237,334,267,363,239,358,196,355,240,357,270,398,240,398,191,386,225,379,254,432,248,453,204,465,179,475,151
I,395,364,340,339,298,289,273,241,247,212,329,245,321,198,329,234,336,266,363,239,359,194,356,237,358,269,398,240,400,189,388,219,380,247,431,246,452,204,464,178,474,152
I,394,358,339,334,299,284,277,235,258,200,324,241,317,195,326,231,334,262,359,234,354,188,355,230,359,261,394,235,396,184,388,209,382,234,429,241,448,199,460,175,469,151
I,394,355,340,332,297,288,273,239,274,196,318,243,311,198,323,231,336,262,351,236,346,190,351,230,359,263,387,235,387,185,381,210,377,235,423,239,437,198,446,173,454,150
I,397,354,341,334,298,291,274,244,274,203,317,248,306,205,317,236,327,262,349,240,340,198,346,236,352,265,382,236,379,186,374,213,372,239,415,237,417,196,417,173,416,150
I,398,350,342,332,299,287,276,239,270,198,319,247,307,203,319,234,329,260,351,240,340,197,348,233,353,263,382,235,374,187,373,212,373,239,414,234,409,194,402,171,395,152
I,400,352,344,332,301,287,278,239,271,198,321,248,309,204,321,233,331,260,353,241,342,198,350,233,356,262,384,236,376,188,375,212,376,239,416,236,410,196,404,173,396,154
I,402,355,346,333,304,288,283,240,276,198,324,249,313,206,325,231,334,256,357,242,347,200,354,233,359,262,388,238,382,190,380,212,379,239,420,238,416,199,409,175,402,155
I,399,351,342,329,300,284,279,236,274,194,322,244,312,203,323,231,332,257,353,238,344,195,351,229,356,259,384,234,379,186,377,210,377,238,417,234,414,194,408,170,401,151
I,396,351,341,331,299,285,276,237,270,196,319,246,309,202,321,232,329,258,351,239,341,196,348,232,354,261,383,235,376,186,375,210,374,236,415,235,411,194,405,171,398,152
I,393,349,338,328,295,281,273,232,267,191,316,240,305,198,317,229,326,255,348,234,338,191,345,229,351,258,380,230,374,182,371,209,370,236,412,231,408,190,402,167,395,146
I,388,345,333,325,291,279,269,230,261,190,312,239,302,196,313,226,323,253,344,232,334,188,341,225,347,256,375,228,370,179,367,205,365,233,407,229,404,188,399,164,393,144
I,385,344,330,323,289,277,268,229,260,189,310,237,300,194,310,224,319,250,342,230,333,187,338,224,342,252,373,227,368,178,365,204,363,231,405,227,403,187,398,164,392,143
I,372,336,317,317,275,272,253,224,244,185,298,233,286,191,297,219,307,245,329,226,320,184,324,219,330,248,360,221,355,174,350,199,348,225,392,221,389,181,384,158,379,139
I,371,336,316,318,274,273,251,227,242,187,296,234,284,192,293,219,302,245,327,226,316,183,320,218,326,247,358,221,351,174,346,199,344,226,390,221,386,181,381,158,375,138
I,373,341,319,321,277,276,254,230,247,191,299,237,287,196,297,224,306,249,330,229,319,188,324,224,330,252,361,225,355,177,350,204,348,231,393,225,390,185,384,162,378,142
I,373,339,318,320,275,275,253,228,244,188,297,235,285,194,296,223,306,249,328,227,318,186,323,222,330,251,360,223,353,174,349,201,348,228,391,223,388,183,383,160,377,140
I,375,339,321,319,280,275,257,229,249,190,302,236,289,195,299,224,308,249,332,228,320,187,325,223,332,251,362,224,355,177,352,203,351,229,393,224,390,184,384,162,378,142
I,375,337,320,318,278,273,256,227,248,188,299,234,287,194,298,224,307,248,330,226,319,185,324,221,331,249,361,222,354,174,350,202,348,229,392,222,388,182,383,159,378,138
I,373,338,319,319,277,274,254,228,247,188,298,235,286,196,295,225,304,251,329,226,317,185,322,221,329,251,360,222,353,175,348,200,347,228,392,222,388,181,382,159,376,139
I,373,336,320,317,277,274,253,229,246,189,297,235,284,195,295,223,304,247,327,227,314,186,321,220,328,248,358,222,349,175,346,200,346,227,389,221,384,181,378,159,372,139
I,374,337,321,317,279,275,255,230,248,190,298,235,285,196,296,224,305,248,328,228,316,186,322,221,330,249,359,223,351,177,348,201,347,227,390,222,385,183,379,160,373,140
I,376,334,321,316,279,273,257,228,250,189,301,235,288,195,298,221,307,246,330,227,318,186,323,219,331,247,360,222,352,176,349,201,349,227,392,221,387,182,381,159,375,140
I,376,338,322,320,280,278,258,233,252,195,302,239,289,200,299,227,309,251,331,231,319,191,325,225,332,252,361,226,352,181,349,206,349,232,392,225,387,186,381,163,375,144
I,370,335,316,319,273,277,251,231,244,192,295,239,281,198,291,226,301,250,324,230,312,188,317,224,325,253,354,224,346,177,341,205,341,233,385,222,381,183,376,160,370,140
I,371,334,318,317,275,276,252,232,245,193,297,238,283,200,293,224,304,249,326,230,313,188,319,222,327,251,356,224,348,177,343,202,341,229,386,222,381,183,375,160,369,141
I,371,332,318,316,276,274,253,230,247,191,297,237,284,198,293,224,302,249,327,228,314,187,318,220,325,249,356,222,348,176,343,202,342,230,387,221,382,182,376,159,370,140
I,372,332,318,318,275,276,252,232,245,192,297,239,283,200,293,224,303,248,326,230,313,188,318,220,325,249,355,223,346,177,341,202,341,229,385,221,379,183,373,160,368,141
I,373,332,321,318,277,276,253,231,247,192,299,236,285,198,293,223,303,247,327,227,314,186,319,219,327,248,356,221,347,175,343,200,343,228,387,220,381,181,375,159,369,140
I,376,332,321,317,278,274,255,228,249,188,299,235,285,196,295,222,305,246,329,226,316,185,321,220,329,248,358,220,349,173,345,199,345,227,390,218,384,179,378,156,372,137
I,374,331,321,313,279,270,257,224,253,184,303,233,290,193,299,219,308,244,333,225,321,183,325,215,332,245,363,220,356,173,351,197,350,224,394,220,391,181,386,157,381,137
I,375,340,323,316,286,268,267,220,265,180,312,232,302,189,309,217,316,243,343,227,334,185,335,219,339,248,374,225,370,177,362,201,358,227,405,228,406,187,404,162,402,141
I,377,340,324,316,286,268,269,220,266,180,314,231,306,190,313,219,319,245,345,226,338,184,338,220,341,249,375,225,374,177,365,203,361,230,406,228,408,187,406,162,404,141
I,374,341,323,319,284,271,265,223,263,182,311,233,302,192,309,220,316,246,342,228,334,185,335,221,339,250,373,226,371,178,362,203,357,230,405,229,405,188,404,163,401,141
I,379,345,326,324,287,276,267,227,265,186,313,237,304,196,311,224,318,250,344,231,336,189,337,225,341,254,375,229,372,180,365,207,360,234,406,231,406,190,403,166,400,144
I,376,345,324,323,285,275,265,227,262,186,312,237,302,196,310,224,318,251,343,231,334,188,336,224,341,255,374,229,370,180,362,207,358,234,405,232,405,190,402,165,399,143
I,374,346,322,325,283,278,263,230,261,188,310,239,302,197,309,225,316,253,341,233,332,189,334,226,340,258,372,231,368,182,361,209,357,237,404,233,403,191,399,166,396,145
I,375,350,323,328,283,280,263,232,262,191,310,241,300,199,308,228,316,254,340,235,331,193,333,230,339,260,371,233,367,184,360,211,357,239,403,235,402,193,399,167,396,145
I,374,347,321,326,281,278,262,231,259,190,307,240,297,199,305,227,312,253,338,234,329,191,331,227,335,258,369,231,366,182,357,209,353,237,401,232,400,191,396,166,393,145
I,371,346,318,326,277,280,255,233,253,192,302,240,292,199,300,227,309,253,333,233,323,191,326,227,332,257,365,229,360,180,353,208,350,236,397,231,394,189,390,164,386,142
I,370,343,317,323,277,276,257,229,252,189,302,238,291,197,299,225,307,250,332,231,323,188,325,224,330,253,363,228,358,178,352,205,349,232,395,229,392,187,389,162,385,141
I,366,343,312,322,272,277,251,231,247,191,299,239,286,199,295,226,304,252,329,232,317,189,320,224,328,254,359,228,353,179,346,205,344,234,390,229,387,187,383,162,379,140
I,371,344,318,323,278,279,257,233,253,192,303,239,291,199,299,226,308,252,333,232,322,190,325,225,332,254,363,228,357,180,351,206,348,233,394,229,391,188,386,163,382,142
I,370,343,317,325,275,279,253,231,249,191,299,239,289,198,298,228,307,253,330,232,319,188,324,226,331,255,361,228,355,180,349,208,347,236,393,229,389,187,385,163,380,141
I,366,341,312,322,271,277,249,231,244,191,295,237,284,198,293,226,302,251,326,229,314,187,319,222,325,251,357,226,351,178,345,205,342,233,388,226,385,184,380,160,375,138
I,370,343,319,325,277,280,254,234,249,193,301,240,288,199,295,228,304,253,331,232,319,190,322,227,329,256,361,228,354,178,349,206,347,233,393,228,389,186,384,161,379,139
I,367,344,315,325,272,282,248,237,244,195,295,240,282,200,293,228,303,254,325,232,313,190,318,227,326,257,356,227,349,179,343,205,341,232,388,227,384,185,378,160,373,139
I,365,343,312,324,268,281,245,235,240,193,293,239,280,200,289,228,300,254,323,231,310,190,316,226,324,256,354,226,346,177,341,205,339,233,386,226,381,184,375,159,370,137
I,366,342,311,324,268,279,245,234,239,194,292,240,279,200,289,227,299,252,322,231,311,189,315,224,323,254,353,226,346,178,340,205,339,235,385,226,381,184,375,159,370,138
I,366,341,313,324,270,280,247,234,240,193,293,239,279,199,289,227,299,252,323,230,311,188,316,224,323,254,354,225,346,177,341,203,339,232,386,225,382,184,376,159,370,138
I,365,344,313,324,270,282,247,237,244,196,295,241,282,202,290,228,299,252,325,233,312,192,316,228,324,256,355,228,347,180,341,208,340,236,387,227,382,186,377,162,372,141
I,366,345,313,327,269,283,246,237,243,197,294,242,281,203,290,230,300,254,324,234,312,192,316,226,323,256,354,229,347,181,341,208,339,236,386,228,381,187,377,163,372,142
I,368,343,314,325,272,281,250,235,245,195,297,240,283,200,292,229,301,254,326,232,314,189,317,225,325,255,357,227,349,178,343,206,341,235,388,227,384,185,379,161,373,139
I,365,345,312,327,270,282,247,236,242,196,294,241,281,201,292,230,302,256,324,233,311,191,317,227,326,256,355,228,348,180,342,206,340,233,387,228,382,186,377,162,372,140
I,366,342,312,325,270,280,248,234,242,193,294,240,281,200,290,226,300,252,324,232,312,189,316,223,323,253,355,227,347,179,342,206,341,235,387,227,383,185,377,161,372,139
I,368,343,315,325,273,280,250,235,246,194,296,238,284,199,293,228,303,253,326,231,315,188,320,225,327,254,358,226,351,178,345,206,343,235,389,227,385,185,380,161,376,139
I,367,357,316,337,275,293,254,248,250,208,300,252,289,212,296,240,304,266,330,246,318,203,321,239,328,268,360,242,354,194,347,220,344,248,391,242,387,200,383,175,378,154
I,364,349,311,331,269,288,247,243,243,204,296,248,282,210,290,237,300,262,325,240,312,200,315,234,323,263,355,236,347,189,340,215,338,243,386,235,381,195,375,170,370,149
I,365,351,313,334,273,290,251,245,247,205,298,250,284,211,291,238,300,262,327,242,313,202,316,237,324,265,357,237,348,191,342,218,340,246,388,237,383,197,378,172,373,151
I,367,352,315,335,274,292,253,248,249,208,299,252,286,213,294,240,304,265,328,244,315,202,319,237,327,266,358,240,351,192,344,218,342,246,389,240,385,199,379,174,374,152
I,365,352,313,334,271,291,250,246,246,206,297,251,284,212,291,238,301,264,326,243,314,201,316,236,324,266,356,238,349,190,341,217,339,245,387,238,382,197,377,172,372,151
I,365,351,313,334,271,291,249,246,244,205,296,250,282,210,290,237,300,262,325,243,312,201,316,236,324,264,356,238,347,190,340,217,338,244,387,237,382,196,376,171,371,150
I,363,352,312,334,271,291,250,246,246,207,297,252,283,212,291,239,301,265,326,244,313,202,316,237,325,266,356,240,348,192,341,220,340,249,387,239,383,198,377,173,372,151
I,365,348,312,330,272,286,252,241,246,202,297,248,283,208,292,235,302,260,327,240,315,198,317,231,324,261,357,236,350,188,343,213,340,242,388,236,384,195,378,170,373,149
I,366,343,313,326,272,281,251,236,247,196,296,243,283,204,292,231,302,256,326,235,315,193,318,228,324,257,357,230,350,183,343,210,340,238,388,231,385,190,380,165,375,144
I,363,345,310,327,270,281,250,235,243,195,295,242,283,202,291,230,300,256,325,235,313,192,316,227,323,256,356,231,349,182,342,208,338,236,387,231,384,190,379,165,374,143
I,363,345,311,327,270,284,250,238,246,199,297,244,283,205,290,232,299,256,327,237,314,195,316,228,322,257,356,233,349,185,341,211,339,239,387,233,384,193,379,168,374,147
I,364,347,313,329,274,286,254,241,249,203,301,249,287,208,295,234,304,260,329,242,316,201,319,234,327,262,358,238,349,190,343,215,342,241,388,237,383,197,378,173,375,152
I,368,348,317,329,278,283,258,238,256,198,304,245,292,205,298,232,306,257,334,239,323,196,324,231,329,260,364,235,358,187,350,212,347,240,395,236,393,195,389,170,384,148
I,369,346,318,326,279,281,259,235,258,194,304,242,293,202,299,230,307,255,334,236,323,194,325,228,331,257,364,233,358,186,350,210,348,237,396,234,393,193,389,168,384,146
I,367,341,316,323,277,277,258,232,255,193,303,240,291,200,298,227,307,253,333,234,322,191,324,225,329,254,363,230,357,183,349,207,345,234,393,231,390,190,386,166,381,144
I,379,348,327,324,291,278,274,230,275,190,316,243,308,204,316,228,325,252,347,238,338,198,343,230,348,258,378,236,373,192,367,215,364,241,411,239,409,198,404,173,399,151
I,393,359,342,333,306,284,289,234,292,193,331,246,324,205,332,232,338,256,363,243,356,203,359,238,362,265,394,242,392,196,386,221,382,248,426,247,427,205,424,179,421,156
I,408,361,357,334,320,282,303,231,305,188,342,240,336,198,347,228,354,253,375,237,370,195,375,232,379,261,409,237,408,188,404,216,400,244,442,242,442,199,440,173,436,150
I,412,364,362,336,325,283,309,231,312,187,348,242,343,199,354,229,361,256,382,238,377,195,381,235,385,266,416,238,416,187,411,215,407,242,449,243,451,199,448,173,444,149
I,412,363,361,333,325,280,309,229,312,185,349,239,345,197,353,229,358,255,382,236,379,193,381,233,384,263,416,237,417,187,411,217,406,246,449,243,451,199,449,173,446,149
I,411,364,360,336,322,283,306,231,308,187,347,241,341,198,349,231,355,256,380,238,374,194,377,234,381,263,413,238,413,188,407,217,403,245,447,243,448,199,446,173,442,149
I,411,360,360,332,322,280,306,229,308,186,348,240,342,196,350,229,356,255,380,236,375,193,377,233,381,262,413,236,412,186,406,216,403,245,446,242,447,198,444,172,440,148
I,409,360,358,330,321,279,305,229,308,186,347,239,341,197,349,229,356,256,379,236,373,193,376,233,381,262,412,236,411,187,405,217,400,246,445,241,446,198,443,171,440,148
I,410,358,358,330,322,279,307,228,310,185,348,239,343,197,350,228,356,254,380,236,375,193,378,231,382,261,413,236,412,187,406,216,403,245,445,241,447,198,444,172,440,148
I,404,359,351,330,314,279,298,228,300,185,340,240,334,196,342,229,349,256,372,236,367,192,370,232,373,262,405,235,404,185,398,216,394,245,438,239,440,195,437,169,433,146
I,396,359,343,331,306,281,290,230,290,187,332,241,326,196,333,228,340,256,364,237,358,192,361,232,365,263,397,236,395,185,389,215,385,244,431,240,430,196,427,169,424,146
I,395,358,342,331,304,281,286,230,287,188,331,240,323,197,330,229,338,255,363,235,356,192,358,231,362,260,395,234,393,185,386,215,382,243,428,238,429,195,425,168,421,145
I,392,357,340,332,300,281,282,230,283,187,327,239,319,197,326,228,334,254,359,234,352,190,353,230,358,260,392,233,390,182,382,213,378,242,425,237,424,192,420,165,416,141
I,394,350,339,326,299,275,281,224,280,181,325,233,316,190,325,222,333,249,357,228,350,184,353,223,359,253,391,226,387,174,382,205,379,234,424,229,423,185,419,158,414,134
I,404,351,349,324,308,270,288,217,288,171,333,225,326,181,334,215,341,243,368,220,361,176,364,218,368,250,403,219,401,166,395,197,390,226,437,224,437,178,434,150,429,125
I,406,354,349,326,308,272,289,217,289,171,336,228,328,181,337,216,345,246,371,223,363,177,367,219,372,251,406,222,402,169,398,200,395,231,441,227,441,179,437,151,432,125
I,406,354,350,324,310,269,291,214,293,168,339,225,331,179,339,214,346,242,373,221,366,174,368,217,372,249,408,221,405,167,398,199,394,230,443,225,443,178,439,150,434,125
I,406,351,350,322,309,268,290,214,292,169,338,224,330,179,338,214,345,242,372,219,364,173,367,216,372,247,407,219,404,166,398,198,394,228,442,223,442,177,438,149,433,124
I,403,354,348,325,307,272,288,219,289,173,335,229,327,184,335,217,342,244,369,224,361,178,364,219,369,249,404,223,402,170,395,201,391,232,439,227,438,181,434,153,429,128
I,402,353,346,326,305,272,286,219,288,173,333,228,326,182,333,216,340,243,366,223,359,177,363,219,367,250,401,222,399,168,394,198,390,228,436,226,435,180,432,152,427,127
I,396,354,341,325,301,271,281,219,283,174,331,229,322,183,329,218,337,246,364,225,356,178,358,220,363,250,398,224,395,169,388,202,384,232,432,228,432,181,427,153,422,128
I,396,354,340,326,299,273,279,220,281,175,328,229,320,184,328,217,335,245,362,224,354,177,356,219,361,250,396,224,393,169,386,201,381,232,430,228,429,182,425,153,420,127
I,394,353,338,325,298,271,279,219,280,174,328,229,320,183,326,219,333,246,361,224,353,178,355,221,360,251,395,223,392,169,385,201,381,232,429,227,429,181,424,153,419,128
I,395,356,339,329,299,275,279,222,279,176,327,231,318,186,326,220,334,247,361,226,352,180,355,221,360,252,395,225,392,171,385,202,382,232,429,229,429,183,425,155,420,130
I,388,354,332,325,292,272,274,219,276,175,324,231,315,185,322,218,329,246,356,226,348,179,350,221,354,251,389,225,386,171,378,202,375,232,423,228,422,182,418,154,414,129
I,388,350,332,322,292,270,274,217,276,173,322,228,314,185,320,216,326,243,355,224,348,178,348,218,351,248,388,224,387,169,378,198,372,228,422,227,421,182,417,153,411,128
I,388,349,333,322,294,270,276,218,277,173,323,228,315,184,321,216,327,243,356,224,349,178,350,218,353,249,390,223,387,169,379,198,374,228,424,226,423,181,419,153,414,128
I,388,348,332,321,293,269,275,217,277,174,323,228,315,183,321,217,328,243,356,223,348,177,349,218,353,248,388,222,386,169,378,199,373,229,422,225,421,180,417,153,412,129
I,385,348,331,322,291,271,272,220,274,175,320,229,311,185,319,216,326,242,352,224,344,177,346,217,351,247,385,222,383,169,375,198,371,227,419,225,418,179,413,152,409,128
I,385,350,330,324,290,272,271,220,272,176,319,230,310,185,317,218,324,245,352,225,343,179,345,220,350,250,385,224,382,171,374,200,370,229,419,227,418,182,413,155,409,131
I,385,348,330,322,290,271,271,219,271,175,319,229,310,185,317,217,324,244,351,224,343,178,344,218,349,249,384,222,381,169,373,198,369,228,418,225,416,180,412,153,407,129
I,382,350,326,323,286,272,267,221,268,177,316,230,307,186,313,218,319,245,348,225,339,180,341,219,345,250,381,222,377,171,370,200,366,230,415,225,412,180,408,153,404,129
I,383,350,328,323,287,272,268,220,269,176,318,229,309,185,315,217,322,244,350,224,341,178,342,218,347,249,383,223,379,170,371,199,367,229,417,226,414,180,410,153,406,129
I,386,348,330,324,290,272,271,220,273,176,319,229,310,185,317,218,324,245,352,224,343,179,345,219,350,249,385,222,381,170,374,201,370,231,419,225,417,180,413,153,408,128
I,384,348,329,322,289,271,271,219,273,175,320,229,311,186,318,218,326,246,351,223,343,178,344,217,349,249,384,222,381,169,372,199,368,229,417,225,416,180,411,153,406,129
I,386,349,331,324,291,273,271,222,272,177,320,231,310,187,317,219,324,244,352,226,343,181,344,220,350,249,385,224,381,172,374,202,370,231,419,226,417,181,412,154,407,131
I,385,348,329,322,290,270,272,219,272,175,320,229,311,186,317,216,324,244,351,224,343,178,344,217,349,248,384,222,381,170,373,199,369,229,417,225,416,180,411,152,406,128
I,384,350,329,324,288,273,269,221,269,177,317,230,307,186,314,220,322,246,349,225,340,181,342,222,347,251,382,223,378,171,371,202,368,231,416,226,414,181,409,154,405,130
I,383,350,328,324,288,272,270,220,270,177,318,230,308,186,315,219,323,246,350,225,341,180,343,220,349,251,383,223,379,171,371,202,368,232,416,226,414,181,410,154,405,130
I,385,349,329,323,288,272,269,221,270,177,317,230,308,187,314,219,321,245,350,225,341,181,342,221,346,250,382,223,378,171,370,200,366,230,416,225,414,180,409,152,405,128
I,383,348,328,322,288,272,269,221,269,178,316,230,308,187,315,217,322,244,348,225,340,180,342,218,346,249,381,223,378,172,370,201,366,231,415,226,413,182,408,154,403,130
I,385,348,330,323,289,272,271,221,271,177,319,229,309,186,316,218,323,245,350,224,341,179,343,219,348,250,382,223,379,170,371,199,368,229,416,225,414,180,409,153,405,129
I,384,350,329,324,289,272,271,221,271,178,319,231,309,187,316,220,323,247,351,226,342,181,343,220,348,251,384,225,381,173,372,202,367,231,417,228,416,183,412,155,407,132
I,384,349,328,323,288,273,269,222,269,178,317,230,308,187,314,218,320,244,349,225,339,180,341,218,346,249,381,223,377,171,369,200,366,230,414,225,412,180,407,153,403,130
I,381,349,326,324,286,272,267,222,268,178,315,231,306,187,312,219,319,247,347,226,339,181,339,220,344,252,380,224,376,172,368,202,364,233,413,227,412,182,407,155,403,131
I,380,349,324,325,284,275,265,224,265,180,313,232,303,189,311,221,318,248,345,227,336,182,337,221,342,252,377,224,374,173,366,202,362,231,410,227,408,182,403,155,399,131
I,379,350,323,325,283,274,264,223,264,179,312,231,303,188,309,220,316,246,344,226,335,181,336,220,341,251,377,224,374,172,365,201,361,231,410,227,409,182,405,155,400,131
I,379,352,324,326,283,275,263,224,263,180,313,233,303,189,309,221,316,248,345,228,335,183,337,223,342,254,377,226,373,175,365,205,361,235,411,229,409,184,404,156,399,132
I,379,348,324,324,284,273,266,222,266,179,314,231,304,188,309,220,316,246,346,226,336,181,337,220,341,251,378,224,374,172,365,201,361,230,411,227,408,182,403,155,399,131
I,381,349,324,324,285,274,266,223,266,180,315,233,305,189,311,221,319,247,347,228,337,183,339,223,343,252,379,226,374,174,366,204,362,233,412,228,410,184,405,156,400,132
I,379,349,324,324,285,275,266,224,265,181,312,232,303,189,310,220,318,248,344,227,336,181,337,220,343,251,377,224,374,172,366,200,362,229,410,227,408,182,402,155,397,131
I,379,351,323,326,283,276,264,225,264,182,312,234,302,191,309,221,316,248,344,228,335,183,336,221,340,252,376,226,372,173,364,202,360,232,409,228,406,183,401,156,396,132
I,377,350,322,325,282,275,263,224,263,181,312,234,302,190,308,221,315,248,344,228,334,183,335,221,340,252,375,226,371,174,363,203,360,234,408,229,406,184,401,157,397,133
I,380,351,325,326,285,276,265,225,265,181,313,234,303,190,310,221,317,248,345,228,335,184,337,223,341,253,377,226,373,174,365,202,361,232,411,229,408,184,404,157,400,133
I,378,349,323,324,283,273,264,223,265,181,313,232,303,189,310,220,317,247,345,226,335,182,337,221,342,251,377,224,372,173,365,203,362,232,410,227,407,182,402,155,398,131
I,382,349,326,323,287,273,269,222,269,179,316,232,307,189,314,220,320,246,348,227,339,182,341,221,346,251,381,225,377,173,369,201,365,231,414,227,412,183,407,155,402,131
I,387,350,333,325,293,274,274,223,274,179,320,234,311,190,319,221,326,248,352,230,344,184,346,223,351,253,385,228,382,175,375,203,370,232,418,231,416,187,410,160,405,135
I,398,352,343,328,304,276,286,224,288,181,326,234,319,191,329,222,336,248,360,230,353,187,358,226,362,255,393,229,390,179,386,208,384,237,427,232,425,189,420,163,414,139
I,406,352,351,326,311,277,293,225,296,181,332,234,324,192,336,222,343,247,365,229,358,187,366,227,369,255,399,227,395,178,393,207,390,235,432,229,429,187,424,161,417,138
I,406,352,352,325,312,276,294,226,296,182,332,233,325,193,338,221,346,246,365,228,359,187,368,225,372,254,399,227,397,179,396,207,394,235,432,230,430,188,425,162,419,139
J,382,420,328,400,282,357,264,313,280,281,321,306,310,266,304,293,302,326,351,300,336,261,329,303,328,342,382,297,371,250,357,282,351,318,415,298,414,252,408,222,400,197
J,367,414,314,394,270,353,253,309,267,278,309,302,296,261,288,285,283,317,338,296,322,256,313,296,313,335,369,292,357,243,341,272,334,307,401,293,404,246,397,215,389,190
J,360,409,306,388,265,347,248,306,255,274,301,295,287,256,278,279,272,309,330,289,312,252,303,292,301,329,361,286,347,240,333,271,326,305,393,287,393,241,387,211,380,187
J,367,404,311,385,263,340,245,294,259,259,297,285,285,248,285,280,287,315,329,278,316,247,314,293,316,332,363,275,352,230,343,266,340,303,397,277,397,229,393,198,386,172
J,383,404,326,384,277,339,258,290,279,261,310,283,303,247,307,285,311,321,345,277,338,247,337,295,338,333,381,274,374,230,366,268,361,305,414,275,414,227,411,196,406,169
J,403,410,348,391,298,345,278,296,301,265,330,290,326,251,328,289,331,323,366,283,359,247,357,296,359,337,401,280,394,235,385,272,381,308,435,281,435,234,430,203,424,177
J,410,416,352,395,305,349,289,300,310,269,340,294,334,255,337,291,340,327,375,288,369,256,366,304,365,342,409,285,405,240,397,276,392,313,442,287,444,239,441,208,437,181
J,408,416,352,394,306,347,290,298,313,267,342,292,337,255,338,291,339,326,376,286,369,255,366,302,365,341,410,285,405,239,396,276,391,313,443,288,445,239,443,209,439,182
J,405,416,349,393,303,345,288,297,309,266,340,292,334,254,334,289,335,324,373,287,366,255,362,302,361,341,407,285,402,238,393,274,387,311,440,288,444,239,441,209,437,182
J,399,420,343,398,297,351,280,304,299,274,331,298,324,259,325,293,327,328,364,292,357,259,353,306,352,344,399,289,394,243,385,279,381,316,433,292,436,244,433,212,430,185
J,395,417,338,395,292,348,272,302,291,271,326,294,319,255,319,289,321,325,360,288,351,256,348,302,347,341,395,285,388,239,379,274,374,311,428,288,431,239,427,207,422,180
J,395,418,339,396,292,350,274,303,293,272,328,297,320,258,319,292,320,327,361,291,352,259,347,306,347,345,396,289,388,242,378,279,373,316,429,291,432,242,429,211,423,183
J,393,416,337,392,292,345,275,299,293,269,330,293,320,255,319,287,319,322,362,287,352,256,347,302,346,341,396,285,388,238,378,274,373,311,429,288,432,239,429,208,424,180
J,393,415,337,392,290,345,273,298,292,267,326,292,317,254,317,287,318,321,360,286,349,253,345,301,345,340,394,284,386,236,376,273,370,311,427,287,430,238,427,206,421,178
J,388,414,333,393,288,348,270,302,284,269,323,294,312,256,312,291,313,326,355,288,343,256,340,302,341,341,389,286,380,239,370,275,365,311,423,289,426,239,423,207,417,179
J,385,414,327,392,282,346,265,300,280,266,319,292,308,253,307,289,309,324,352,287,340,255,335,302,336,341,386,286,376,239,365,275,360,312,420,288,423,239,419,207,413,179
J,383,412,328,390,282,344,264,299,275,264,319,291,307,252,304,286,304,320,351,285,337,253,333,300,333,339,385,284,374,237,362,273,356,309,418,286,420,237,417,206,411,178
J,380,411,322,390,276,342,260,295,273,263,314,291,303,251,300,284,300,318,346,285,333,252,329,298,329,336,380,283,370,236,359,273,354,309,414,285,417,236,414,205,408,177
J,380,406,324,385,277,339,259,293,273,261,315,287,303,247,301,278,301,312,347,281,334,247,329,292,329,330,381,279,370,233,359,268,354,305,414,281,416,232,412,201,407,174
J,382,405,325,385,278,340,259,293,274,261,316,287,305,247,302,279,301,313,348,281,336,247,330,292,329,330,382,278,372,231,361,267,356,304,415,280,416,232,412,200,407,173
J,386,404,328,383,281,338,262,292,275,258,318,286,307,246,305,275,304,310,350,280,337,247,333,291,334,329,384,277,373,230,364,264,360,300,418,278,419,229,414,198,408,171
J,383,401,327,380,280,336,262,291,277,258,316,282,304,244,302,276,302,311,348,276,334,242,330,287,332,327,382,273,371,225,361,260,356,297,416,275,418,226,413,195,407,168
J,385,398,327,379,280,334,261,288,276,256,316,280,303,240,302,272,303,305,348,274,334,239,330,285,331,323,382,271,371,223,360,258,356,295,415,272,417,224,412,192,407,165
J,383,396,326,376,278,334,258,290,274,259,315,280,302,239,300,270,301,303,347,274,333,239,328,283,329,321,380,270,369,222,358,257,354,292,414,271,415,223,411,192,405,165
J,382,395,326,376,279,332,259,289,272,259,315,278,301,239,299,270,300,303,347,272,333,238,328,282,329,319,381,269,370,222,360,256,355,292,414,270,415,222,410,191,404,164
J,381,395,325,375,278,331,260,286,277,253,315,278,303,240,301,272,302,305,347,272,333,239,329,284,330,322,380,269,370,222,360,257,355,293,413,270,415,222,410,191,404,164
J,380,397,323,379,277,334,259,289,271,258,313,281,300,241,297,274,299,308,345,275,331,240,326,285,328,323,379,272,367,226,356,260,352,296,412,273,414,224,409,193,404,166
J,380,399,324,380,276,336,255,290,270,261,312,283,299,241,297,273,297,306,344,277,329,241,324,286,325,324,377,274,365,226,354,260,349,296,411,274,412,226,407,194,400,167
J,380,398,324,379,276,334,258,289,273,258,312,280,298,240,296,272,297,306,344,274,329,240,325,285,325,323,378,271,366,224,355,259,351,295,412,273,413,225,408,193,402,166
J,377,399,321,380,275,335,256,290,269,262,310,282,298,242,295,274,296,309,343,277,329,243,324,288,326,327,376,274,365,227,354,261,349,297,410,275,412,226,408,194,401,167
J,379,400,322,380,275,334,257,289,270,258,311,282,298,241,297,270,296,304,343,276,330,242,325,285,325,325,377,273,366,225,356,259,351,297,411,274,412,226,408,194,402,167
J,377,400,321,379,274,334,255,290,270,258,311,282,298,241,295,273,296,308,343,276,329,241,324,286,325,325,377,274,365,226,354,260,348,297,410,275,413,226,408,194,402,167
J,376,400,319,380,273,335,256,290,269,258,310,283,297,244,295,277,295,311,342,277,328,245,324,290,325,329,375,274,364,227,353,262,347,299,408,275,410,227,406,196,399,168
J,377,399,320,379,274,334,255,289,269,260,311,282,298,242,295,273,296,305,343,277,329,242,323,286,323,324,376,273,364,226,353,261,348,297,409,274,411,226,406,195,400,168
J,378,396,323,376,277,333,257,290,271,260,312,280,298,241,296,271,297,304,344,274,329,241,325,284,325,323,377,271,365,224,355,258,350,295,410,272,412,224,407,193,400,166
J,375,393,320,374,274,331,256,288,270,256,310,279,297,239,295,270,296,303,342,273,328,239,323,284,325,323,375,270,364,222,353,256,348,292,409,271,410,223,405,191,398,164
J,379,398,322,378,276,333,258,288,270,255,310,279,298,240,297,273,297,307,343,273,329,241,326,286,327,325,377,270,365,223,356,258,352,295,411,271,412,222,407,190,401,163
J,383,400,325,382,276,335,258,288,271,255,312,278,300,239,299,275,302,311,345,272,332,239,329,287,331,327,380,269,370,223,361,260,357,298,415,271,417,221,412,189,406,160
J,391,408,330,388,279,339,260,289,276,254,316,281,305,240,307,277,310,315,351,274,340,240,337,289,337,330,388,271,378,222,369,260,365,299,424,272,424,220,419,187,413,157
J,414,414,351,390,297,339,275,285,299,251,335,277,327,235,331,276,335,315,374,270,365,237,364,291,364,336,413,267,405,218,396,260,391,302,452,268,450,214,446,179,439,148
J,424,410,361,386,305,335,283,281,309,244,343,268,337,227,341,271,345,312,383,260,376,227,376,286,377,331,423,257,416,208,408,254,403,298,461,260,462,204,458,170,452,139
J,430,398,365,376,311,324,291,269,315,232,349,258,343,216,346,260,351,302,389,251,382,217,381,275,382,320,429,248,424,197,415,241,410,284,467,251,468,194,464,159,458,127
J,428,394,362,372,307,320,286,265,310,230,344,257,337,212,341,250,343,289,383,249,376,213,374,268,373,312,422,245,416,194,409,236,404,278,461,247,462,191,457,156,451,125
J,427,390,362,368,308,317,288,262,309,223,347,254,340,209,343,250,346,291,385,247,377,210,375,264,375,309,424,243,418,192,409,234,404,276,461,245,462,190,458,154,452,123
J,427,385,362,363,308,311,289,256,313,221,348,249,341,206,343,246,346,286,386,242,378,207,376,260,375,303,424,239,418,189,410,232,405,273,462,241,464,186,459,152,453,121
J,421,385,356,364,301,312,282,258,306,224,340,249,334,206,335,245,338,285,378,242,371,206,368,259,367,302,418,239,411,189,404,231,400,273,456,241,456,186,452,151,446,120
J,415,388,351,367,297,317,277,263,298,225,335,254,326,210,327,248,330,289,372,246,363,210,360,263,360,306,411,243,404,192,395,234,391,275,449,245,450,189,444,154,438,123
J,411,389,347,366,292,315,272,262,293,224,331,252,321,210,323,250,327,290,368,245,358,210,356,264,357,308,407,241,397,190,388,232,384,274,444,244,445,189,439,154,432,123
J,405,387,340,367,286,317,264,265,284,229,323,256,313,211,315,249,319,289,360,247,351,210,348,262,349,305,399,242,391,191,383,232,379,274,438,243,438,188,432,153,426,122
J,398,388,334,369,279,320,255,269,273,230,315,258,302,213,305,252,311,293,351,249,338,211,338,264,342,308,389,244,379,191,371,232,367,274,427,245,427,189,421,154,413,123
J,394,386,331,367,278,320,255,270,269,230,314,257,300,214,303,252,307,292,349,249,336,213,335,266,338,310,387,244,376,191,368,232,364,273,424,245,423,190,416,156,408,125
J,390,384,328,366,273,321,247,272,262,234,307,257,294,213,297,252,302,291,343,248,328,211,328,264,332,307,380,243,366,190,357,233,353,274,417,243,415,188,407,154,397,123
J,392,380,329,362,274,316,251,268,264,229,309,253,294,209,297,245,301,284,344,243,330,209,331,261,334,305,382,239,369,187,363,227,360,267,419,239,417,185,410,150,401,120
J,395,374,332,357,279,311,257,262,269,224,312,248,299,206,302,240,307,278,347,239,333,203,334,255,338,298,384,234,371,183,364,223,362,264,421,235,419,182,413,148,404,118
J,394,373,332,356,276,310,251,263,268,226,308,246,295,205,298,240,303,277,344,237,330,201,331,253,334,297,382,232,369,182,362,222,359,263,419,233,417,179,410,146,401,117
J,391,370,329,353,274,309,249,261,266,224,308,245,293,202,295,236,299,273,343,235,328,201,328,252,331,295,380,230,367,180,360,221,358,262,417,231,415,177,407,144,399,114
J,392,374,330,358,275,313,250,265,267,226,309,250,295,208,297,244,302,281,343,240,329,206,329,257,333,299,380,235,367,185,360,226,359,266,417,235,414,182,408,149,400,120
J,389,373,327,355,272,311,246,264,264,228,305,247,291,206,293,240,298,276,340,237,326,202,326,252,330,295,378,232,365,184,359,224,357,265,416,233,414,180,407,146,398,117
J,385,374,323,357,268,313,242,266,258,228,302,249,287,207,290,243,294,280,337,239,322,205,322,256,326,299,374,234,360,184,353,225,352,265,411,235,409,181,401,148,393,118
J,384,377,322,359,267,315,243,269,257,233,301,251,286,210,288,246,293,283,336,242,320,208,320,259,324,301,373,237,359,188,352,228,350,268,410,237,408,184,401,151,392,121
J,385,375,323,356,267,313,241,267,257,230,300,250,286,208,289,243,292,280,335,240,320,205,320,256,324,299,373,234,359,184,352,224,350,265,410,235,407,181,399,147,391,117
J,384,377,323,362,268,318,243,271,255,233,300,253,285,210,288,247,294,284,335,244,321,208,321,259,325,302,373,238,360,187,353,228,351,268,410,238,408,184,401,150,393,120
J,382,378,320,359,266,314,243,268,253,229,299,251,284,210,286,244,290,281,334,241,318,207,318,258,321,301,371,237,356,187,349,227,346,268,407,238,406,184,398,150,389,120
J,381,374,320,359,268,313,243,268,246,230,298,251,282,208,284,244,289,282,333,241,317,207,317,257,321,299,371,236,357,187,349,226,348,265,408,236,406,183,398,148,390,118
J,381,372,319,357,264,311,241,265,249,227,296,249,280,207,283,243,289,281,331,239,315,204,315,254,319,297,368,234,353,184,346,224,344,264,405,234,404,180,396,146,387,116
J,380,369,318,355,263,310,238,263,247,226,296,247,280,204,282,240,287,278,330,238,314,202,314,252,319,294,367,232,352,182,344,221,342,260,404,231,402,178,394,144,385,114
J,381,372,319,356,265,312,240,265,250,226,298,248,282,206,283,242,286,280,332,239,315,204,315,254,319,295,369,233,353,184,346,224,345,264,406,233,403,180,395,146,386,117
J,381,377,319,361,265,316,241,269,251,230,298,255,281,211,283,246,286,284,332,245,316,210,315,259,319,301,369,239,354,189,347,228,345,268,406,239,403,185,395,151,386,121
J,379,378,317,363,262,318,238,271,246,232,295,255,279,213,281,249,284,287,329,246,313,210,313,260,318,303,366,241,351,191,345,232,344,273,404,241,401,187,393,153,384,123
J,379,382,317,366,262,321,238,272,250,232,296,259,279,217,282,253,287,291,329,250,312,216,314,266,319,308,365,244,349,193,343,234,342,274,400,243,396,190,388,156,380,127
J,378,382,317,367,261,324,237,277,246,240,293,260,277,217,279,251,283,289,327,250,312,216,312,266,316,309,364,244,349,196,343,235,342,275,400,243,397,190,390,157,382,127
J,377,384,315,369,260,324,237,276,249,239,294,261,277,221,280,257,286,294,327,251,312,219,312,268,317,309,364,246,349,198,343,238,343,277,400,245,396,193,389,160,381,131
J,381,386,318,369,263,324,240,276,250,237,297,262,281,220,284,256,289,294,331,252,316,217,316,268,320,310,368,246,354,197,347,237,346,278,404,246,401,193,394,159,386,130
J,388,385,327,371,271,326,248,277,261,239,305,265,289,222,294,257,299,295,339,255,324,220,326,270,330,312,375,249,360,200,356,241,356,282,411,248,407,196,400,164,391,135
J,397,391,336,375,283,331,260,283,274,246,315,272,301,232,308,266,314,303,349,263,337,231,339,279,342,319,384,256,372,210,368,248,367,286,418,255,414,205,407,174,398,146
J,399,390,339,374,286,332,264,284,282,249,319,274,307,234,312,270,318,306,352,265,341,233,343,280,346,318,386,259,375,213,371,251,371,288,420,258,416,209,409,178,402,151
J,400,394,339,378,289,335,268,287,281,253,321,279,310,238,314,272,318,307,354,270,345,237,344,283,345,321,389,265,380,218,374,256,372,292,423,264,420,215,414,184,408,157
J,398,396,339,380,288,336,267,287,282,251,319,279,307,237,312,271,317,307,352,270,342,236,342,283,344,323,387,264,377,217,372,254,370,291,421,264,418,214,412,183,405,156
J,394,395,335,377,286,333,267,286,280,249,318,276,305,237,309,270,314,306,350,267,338,236,340,284,343,325,385,262,374,215,368,254,366,292,418,263,417,214,411,182,402,155
J,396,398,337,380,286,335,266,286,281,251,319,278,307,238,311,273,315,310,352,270,341,238,341,286,344,327,387,265,376,218,371,256,368,293,421,265,419,215,413,184,406,156
J,395,399,336,380,286,335,265,288,278,252,320,279,306,239,310,273,314,309,353,271,340,238,340,286,342,327,387,266,375,219,369,258,367,297,420,267,418,216,412,185,404,157
J,395,399,336,381,284,337,263,289,277,253,318,279,304,239,308,275,313,312,351,271,338,239,339,289,343,330,386,266,374,218,367,256,365,295,419,266,417,216,410,184,403,157
J,396,397,337,379,285,336,263,288,276,252,318,278,304,238,308,272,313,308,351,270,338,238,339,287,342,327,385,265,374,218,367,255,365,293,419,265,416,215,410,183,402,156
J,396,391,335,373,284,330,263,283,277,248,316,274,304,234,308,268,312,303,349,265,336,231,338,279,341,319,383,260,371,213,367,251,366,290,417,259,414,209,407,178,399,151
J,393,387,332,372,280,329,261,282,271,249,314,272,300,232,303,265,307,300,347,263,334,231,334,278,336,317,381,257,369,211,364,250,362,288,414,257,411,209,404,178,396,152
J,393,386,335,371,284,329,262,282,273,248,315,272,301,231,304,263,309,298,347,263,334,230,335,275,338,314,381,257,369,210,364,247,364,284,415,256,411,207,404,176,396,149
J,391,384,332,370,280,328,258,282,270,249,312,272,298,231,302,262,307,298,344,263,332,229,334,276,338,316,378,257,366,210,362,247,361,285,412,256,409,207,402,176,393,150
J,391,385,332,370,280,329,259,282,272,246,312,272,298,232,303,265,308,301,344,263,332,230,332,276,335,315,377,257,366,210,361,248,360,286,411,256,408,207,401,176,393,149
J,389,386,331,370,279,327,258,281,272,246,312,270,298,232,302,265,306,300,344,261,331,229,332,276,335,316,378,256,365,209,360,247,360,285,411,256,408,207,401,177,392,149
J,389,387,330,373,277,330,254,284,267,251,309,275,296,233,299,266,304,302,341,266,328,231,330,277,333,317,375,259,363,213,359,250,358,288,410,258,406,209,399,177,391,150
J,389,386,331,371,280,328,259,283,269,247,311,272,297,232,301,265,306,300,343,262,330,229,332,276,335,317,377,257,365,210,361,248,359,287,411,256,408,207,401,176,392,149
J,390,382,331,367,280,325,260,279,271,244,313,269,298,230,300,261,303,295,344,260,331,228,331,274,333,314,377,255,364,208,359,246,358,284,410,254,407,205,400,175,392,148
J,390,381,331,367,281,326,260,280,269,244,311,269,296,229,299,260,304,295,343,260,329,227,329,273,333,312,376,254,362,208,358,245,358,283,409,253,405,205,398,174,390,147
J,389,380,330,367,281,326,261,281,267,245,311,270,297,230,301,263,307,298,343,261,329,227,331,272,335,311,376,255,364,209,359,245,359,281,409,253,406,205,398,174,390,148
J,386,381,327,368,277,327,255,282,264,247,309,271,295,230,297,263,302,298,340,262,327,229,327,274,331,312,374,256,361,210,356,247,356,283,408,255,404,206,397,174,389,147
J,386,386,328,371,277,329,254,285,259,249,307,273,292,233,296,266,301,302,339,264,325,232,327,278,331,317,373,258,359,212,355,249,355,286,407,257,403,208,396,177,388,149
J,385,385,326,371,277,330,256,286,261,249,307,273,291,233,294,266,299,301,339,264,324,231,326,277,331,317,372,258,359,211,354,249,353,286,406,257,403,207,395,176,387,148
J,387,388,328,372,277,330,256,284,270,250,310,273,295,236,299,269,304,304,342,263,328,233,329,281,332,321,375,258,363,212,357,251,357,290,409,258,406,209,399,178,391,152
J,387,388,328,373,277,331,255,286,267,251,308,274,293,236,297,269,302,304,340,264,326,233,327,280,330,319,374,259,361,213,355,251,355,289,408,258,405,209,398,177,389,150
J,388,385,330,369,279,328,257,283,269,249,309,271,295,233,298,264,302,299,341,262,327,231,327,277,330,317,375,257,362,212,356,249,355,286,409,257,406,208,399,177,391,150
J,389,384,332,369,281,327,260,282,270,245,311,271,295,232,300,266,306,302,343,262,328,230,329,276,333,315,376,256,362,210,357,247,357,285,409,255,406,206,399,175,391,148
J,389,382,331,366,280,325,259,279,273,245,311,268,297,231,300,262,304,297,343,259,329,227,329,273,332,312,376,253,364,207,358,245,357,283,410,253,407,205,399,174,391,147
J,387,383,328,367,277,325,256,280,268,246,310,270,296,231,300,264,305,299,342,261,328,229,329,274,333,313,375,255,362,210,358,246,358,284,409,255,406,206,399,175,391,148
J,387,384,329,369,278,327,256,281,267,246,308,270,294,233,298,265,302,301,340,261,326,230,327,276,330,315,374,255,360,210,356,249,355,287,407,255,404,206,397,176,389,149
J,385,382,327,369,276,327,253,282,265,248,308,270,293,231,295,263,300,298,340,261,325,230,326,276,330,315,373,256,360,211,355,248,355,285,407,255,404,206,397,175,389,148
J,385,387,327,372,276,330,252,286,264,253,307,274,292,234,295,266,299,301,338,265,324,232,324,278,327,317,372,259,358,213,353,250,352,288,406,258,403,210,395,179,387,152
J,386,387,327,372,275,330,253,285,267,251,308,274,291,235,293,265,297,300,339,265,324,232,323,277,326,316,372,259,358,213,353,250,352,289,406,258,403,209,396,178,388,151
J,385,387,327,372,275,331,254,284,270,250,308,274,292,237,296,270,301,306,339,265,325,233,326,279,329,318,373,259,359,214,354,252,354,290,406,258,403,209,396,179,388,152
J,386,383,327,367,276,326,256,281,272,247,307,270,294,233,297,263,301,297,340,261,327,229,327,275,330,315,373,255,361,210,355,248,354,286,408,254,404,206,397,176,389,149
J,389,385,331,369,279,327,258,281,274,246,311,271,297,233,300,266,305,302,343,262,329,230,329,276,333,316,376,256,363,209,358,247,357,285,410,256,407,207,399,176,391,149
J,390,385,331,369,280,328,259,282,275,248,312,271,298,234,301,267,305,302,343,262,330,231,330,278,333,317,377,256,364,211,359,249,359,288,411,255,407,207,400,176,391,150
J,391,385,332,370,281,328,259,282,276,249,313,272,299,234,302,266,306,302,344,263,331,231,331,277,334,316,378,257,365,211,360,249,359,287,412,256,408,208,401,177,393,151
J,390,387,331,372,279,329,258,282,274,249,311,274,297,235,301,267,306,303,343,265,330,232,330,278,333,318,377,259,365,212,359,249,358,287,410,257,407,209,400,178,392,150
J,390,388,332,372,281,330,261,283,277,250,314,274,301,235,303,267,308,303,346,266,333,233,333,280,336,320,379,260,366,215,361,252,361,291,413,259,410,211,403,180,395,153
J,400,388,341,371,289,329,268,282,287,249,320,273,311,235,314,268,318,303,354,264,344,232,344,279,346,320,388,259,378,214,372,251,369,290,422,258,419,210,413,180,405,153
J,412,383,353,366,301,324,280,276,303,245,333,267,325,230,329,264,333,297,367,260,359,228,360,274,362,313,401,255,393,212,387,249,383,285,435,254,432,208,426,179,420,153
J,411,382,355,358,311,308,299,257,325,227,349,254,350,217,351,254,351,291,386,251,385,221,381,270,376,311,421,251,422,209,412,246,403,283,455,256,460,209,460,178,457,151
J,410,381,353,358,308,307,294,257,319,228,345,255,345,215,348,252,349,289,381,251,381,219,378,266,374,305,418,251,418,207,411,246,403,282,452,255,457,207,458,177,456,149
J,409,380,352,357,307,308,293,258,318,227,344,254,342,215,343,253,345,289,380,250,377,219,373,267,370,306,415,250,414,207,404,245,397,281,449,254,453,206,453,176,451,148
J,408,383,351,362,306,313,289,263,313,232,342,260,339,219,341,256,343,291,377,255,374,221,371,268,367,307,412,254,411,210,404,248,397,285,447,258,450,210,450,179,447,151
J,408,384,351,360,306,311,292,261,316,230,344,257,341,218,342,256,344,292,380,253,376,222,371,271,368,310,415,253,413,210,403,248,397,284,449,258,453,209,452,178,450,150
J,403,382,347,360,301,313,285,263,309,232,337,257,334,220,335,257,336,293,373,253,368,222,363,270,361,309,408,252,405,210,396,249,390,286,442,257,446,208,444,176,441,148
J,404,383,347,362,301,315,285,267,306,233,336,261,331,222,333,259,336,295,371,256,365,224,362,273,362,313,406,255,402,210,394,247,388,284,440,258,443,209,441,178,437,149
J,403,383,346,362,299,315,282,267,304,234,335,259,329,222,331,259,333,295,369,254,362,223,359,272,359,311,404,252,399,208,390,246,385,284,438,256,440,207,438,176,433,148
J,402,383,346,362,297,316,279,268,300,235,332,260,324,223,326,258,329,294,365,254,358,223,355,270,355,309,400,251,394,207,386,246,381,284,434,254,435,206,432,175,427,146
J,403,383,345,364,296,319,277,271,297,238,330,264,322,225,325,259,327,295,364,257,356,225,354,272,353,311,399,253,392,208,385,246,382,283,432,255,432,205,428,174,423,146
J,401,382,345,362,295,318,276,271,296,237,329,261,321,222,322,256,325,292,362,254,354,223,351,270,351,310,397,251,389,206,382,245,379,283,431,254,431,204,426,173,421,146
J,400,383,342,363,293,319,275,272,294,239,328,263,318,225,320,259,323,295,361,256,351,226,350,273,351,312,395,253,386,209,379,247,377,284,429,255,428,206,423,174,417,147
J,399,383,342,362,293,317,275,271,295,237,329,261,320,224,321,259,324,295,362,254,353,224,350,271,350,311,396,252,389,207,381,246,377,285,430,254,430,205,425,173,419,146
J,396,384,338,364,290,320,272,273,291,240,324,264,316,226,317,261,320,296,357,257,349,226,347,273,347,312,392,254,385,209,378,247,373,286,426,256,426,207,421,176,415,149
J,398,385,340,367,291,322,272,274,291,242,325,266,317,229,319,265,321,300,359,259,349,229,347,276,348,314,394,256,385,212,378,250,375,287,428,257,428,208,423,178,417,150
J,398,388,340,369,291,324,273,277,293,243,326,269,317,230,319,265,323,301,360,262,351,231,348,277,348,316,394,259,386,214,379,252,375,290,428,260,427,211,423,179,417,151
J,396,387,339,367,289,323,269,276,289,243,321,266,313,230,315,265,319,300,355,259,346,229,345,277,346,316,390,255,382,212,375,250,372,288,425,257,424,208,419,177,412,149
J,393,386,335,368,285,325,265,278,284,246,318,268,308,231,310,266,314,301,351,261,341,229,340,276,341,313,386,257,377,212,370,251,367,288,420,257,419,208,413,178,407,150
J,391,385,334,368,284,325,263,280,280,245,316,267,305,229,307,262,311,298,348,259,338,229,338,276,340,316,383,255,373,211,367,249,364,286,417,256,415,207,410,176,404,148
J,391,383,333,366,282,323,262,276,280,243,316,265,305,228,306,263,310,298,349,258,337,227,335,274,337,312,383,254,372,210,365,248,363,286,416,255,414,206,408,176,402,148
J,390,384,332,367,282,325,261,279,278,246,314,269,303,231,305,266,309,300,347,261,335,230,334,275,337,313,381,257,370,212,364,249,362,285,416,256,414,207,408,176,401,149
J,387,383,330,366,280,324,259,278,276,244,313,267,302,229,304,263,308,298,346,259,333,229,333,276,336,315,380,255,368,210,362,247,360,284,414,255,411,206,405,175,398,148
J,389,386,330,369,280,326,260,281,275,246,313,270,300,232,303,267,307,302,345,262,333,232,332,278,335,316,379,258,367,213,362,251,360,288,413,258,411,208,405,177,399,149
J,388,384,329,367,278,324,257,278,274,246,312,267,300,232,302,266,306,301,344,258,332,228,332,275,333,313,379,254,366,211,361,250,359,289,413,255,410,206,404,175,397,147
J,385,385,326,367,277,325,257,280,273,247,310,269,297,232,299,265,303,300,342,262,330,231,329,276,332,315,377,257,365,212,358,250,357,287,411,257,409,208,402,176,395,148
J,387,384,329,365,279,323,259,278,276,244,313,266,301,231,302,265,306,301,345,259,332,228,331,276,333,314,378,255,367,210,360,249,357,287,411,255,409,206,403,175,395,148
J,384,384,326,366,277,323,256,278,272,244,310,267,297,230,300,264,304,300,342,259,329,229,330,275,333,314,376,254,363,210,358,248,358,286,410,255,407,205,402,174,395,146
J,384,382,326,366,277,325,256,280,271,246,309,268,296,230,298,263,301,298,341,260,329,229,328,275,330,313,375,255,363,210,357,248,355,285,408,254,406,205,400,175,393,147
J,386,382,329,366,278,324,257,278,274,244,311,267,298,229,299,262,303,297,342,259,330,227,329,272,330,311,376,254,365,209,358,246,356,284,410,254,407,205,401,173,395,146
J,383,384,326,367,276,325,256,280,271,246,308,269,295,231,297,265,301,300,340,260,327,230,327,276,331,315,375,256,362,212,356,249,355,286,409,256,406,207,399,176,392,148
J,384,382,325,364,275,322,255,278,271,244,309,265,296,229,298,263,301,299,341,257,328,227,326,274,328,313,374,253,362,209,356,247,354,285,407,253,405,204,399,174,392,147
J,384,380,326,363,276,322,255,277,271,242,310,266,296,228,298,262,303,297,341,258,327,227,327,272,329,311,374,253,362,208,355,245,354,282,407,252,404,204,398,173,390,146
J,385,378,328,362,277,320,257,275,272,240,311,263,297,226,299,259,303,295,342,255,328,224,328,270,331,309,376,250,363,206,357,244,357,281,409,250,406,202,399,171,392,144
J,386,376,329,359,278,318,257,273,274,238,312,262,298,224,301,256,305,291,343,254,330,223,330,269,332,309,377,249,364,205,358,242,357,279,410,249,407,201,401,170,393,143
J,384,374,328,359,278,318,258,273,273,240,310,262,297,225,299,258,304,293,342,254,329,222,328,267,331,305,375,249,363,205,357,242,356,279,409,249,406,201,400,170,393,143
J,387,373,330,358,279,316,259,271,275,237,312,261,299,222,302,253,306,287,344,253,332,221,331,266,332,305,377,248,366,203,360,240,358,277,410,248,408,200,402,169,395,142
J,385,373,327,358,279,317,258,273,272,239,310,262,297,225,300,258,305,292,341,253,329,222,329,267,332,305,375,248,363,204,357,240,355,276,408,248,406,200,400,170,393,143
J,385,375,327,361,278,320,257,275,272,241,309,263,296,226,299,258,303,292,341,254,328,224,328,269,331,306,374,249,362,207,357,244,357,281,408,249,405,201,399,170,392,143
J,385,376,326,361,277,320,256,275,272,242,308,265,296,227,299,259,303,293,340,256,328,224,327,268,330,306,373,251,362,208,356,245,355,282,407,250,404,202,398,172,391,145
J,381,379,323,363,274,323,253,279,267,245,306,266,292,229,294,262,297,296,337,257,323,227,323,272,326,310,370,252,357,209,352,247,351,284,404,252,401,204,395,173,387,147
J,381,379,323,363,273,322,251,278,267,244,307,265,292,228,295,260,299,295,337,257,324,226,323,272,326,311,371,252,357,208,352,247,351,285,404,252,401,203,394,173,387,145
J,384,378,325,363,275,322,251,278,266,245,306,266,292,227,293,259,297,293,337,257,323,226,323,272,326,310,371,252,357,209,352,247,351,284,405,251,401,203,395,172,387,145
J,385,378,327,365,276,323,255,277,270,242,306,266,294,227,296,260,301,295,338,257,326,225,326,271,329,309,372,252,361,207,354,244,353,281,406,252,403,203,397,172,390,145
J,382,376,324,361,274,320,253,275,267,241,306,264,292,226,294,257,299,292,337,256,324,224,323,269,326,307,370,250,358,205,353,242,352,279,404,250,401,202,395,171,388,144
J,383,375,326,359,276,319,255,274,271,239,308,264,295,226,296,257,300,291,339,255,326,224,325,268,327,307,372,250,360,205,354,242,352,279,405,250,403,202,397,171,390,145
J,383,377,325,362,275,321,254,276,270,242,307,266,294,228,295,260,299,294,338,257,325,226,324,270,328,308,372,252,359,208,353,245,353,282,405,251,402,203,396,172,389,145
J,383,379,325,362,275,321,255,276,270,242,308,265,294,227,296,260,300,295,339,257,326,225,325,271,328,309,372,252,360,208,354,245,352,282,406,251,403,203,397,172,391,145
J,385,382,327,365,276,324,254,279,269,245,309,266,295,230,297,262,299,297,340,258,326,228,325,275,327,314,373,253,360,209,354,248,353,286,407,253,403,204,397,174,389,147
J,382,378,325,361,274,321,253,277,268,244,308,265,294,228,295,260,298,294,339,257,325,226,324,272,327,310,372,252,359,208,353,246,352,283,406,252,402,203,396,172,389,144
J,384,376,326,360,276,320,255,276,270,243,309,264,294,227,297,260,301,294,339,255,325,225,325,270,328,308,372,250,359,207,353,245,352,282,405,250,403,201,396,171,389,144
J,385,375,327,360,277,319,255,275,270,242,309,263,295,226,298,258,302,293,340,255,326,224,326,270,328,309,372,250,360,206,354,242,352,279,406,249,402,201,396,171,389,144
J,385,376,327,359,276,319,256,274,270,240,309,263,296,227,297,259,300,293,340,254,327,225,327,271,329,310,373,249,360,206,355,243,353,280,406,249,403,201,397,171,389,145
J,383,377,324,361,274,320,253,276,269,242,307,264,294,227,296,259,299,294,338,256,325,226,325,271,327,310,371,251,358,207,353,243,352,280,404,250,401,202,395,172,387,146
J,383,379,326,364,275,323,253,278,269,243,308,267,294,230,296,262,300,297,339,259,325,228,324,273,326,311,372,253,358,209,352,246,351,283,405,253,402,204,395,173,388,146
J,380,379,324,363,273,323,252,278,268,244,306,266,292,230,295,264,300,300,337,258,324,228,324,275,327,314,371,253,358,209,352,247,350,284,404,253,401,204,395,174,388,147
J,382,381,323,363,273,323,252,279,267,244,307,267,293,231,295,263,299,298,338,259,324,229,324,275,326,314,371,253,357,209,351,247,350,285,404,253,400,204,394,174,386,147
J,383,380,325,365,274,324,252,281,267,246,306,267,292,231,293,263,297,297,337,259,322,229,322,274,325,313,370,254,356,211,351,248,350,286,404,253,400,205,393,174,385,147
J,382,378,325,363,275,322,253,278,266,244,307,265,293,229,294,261,297,296,338,257,323,227,323,273,326,312,371,252,357,208,351,246,350,282,404,252,401,203,394,173,386,146
J,383,376,325,361,276,320,255,276,270,241,308,264,294,226,296,259,300,294,339,256,325,225,325,271,328,310,371,251,358,207,352,244,352,282,404,250,401,202,394,171,387,144
J,383,377,325,362,275,322,254,278,269,243,307,264,293,228,295,259,298,294,337,256,324,226,324,272,328,310,370,251,357,207,351,245,350,282,403,250,400,202,393,172,386,145
J,384,377,328,361,277,320,255,276,270,241,310,265,295,227,297,258,302,292,340,256,326,225,326,270,329,309,373,251,360,207,355,244,354,282,406,251,402,203,395,172,388,146
J,383,375,326,359,276,319,255,275,270,241,308,263,295,227,297,259,301,293,339,254,325,225,326,269,329,307,372,249,359,207,354,243,354,280,405,249,402,201,396,170,388,144
J,384,377,326,362,276,321,255,277,270,243,308,266,295,229,296,261,301,296,339,258,325,227,325,272,328,309,372,252,359,208,353,245,351,281,405,251,401,204,394,173,387,147
J,382,378,326,364,276,323,254,280,267,246,305,267,292,230,294,262,299,297,337,258,324,228,324,273,327,311,371,253,358,209,353,246,352,283,404,252,401,204,395,174,388,147
J,383,379,326,364,276,323,253,280,267,246,307,267,292,229,294,262,299,296,338,258,323,227,324,272,328,311,371,253,357,210,352,247,352,284,405,252,401,204,394,173,387,146
J,384,376,327,361,277,321,256,276,272,241,310,265,296,228,298,261,302,295,340,256,326,226,327,271,330,309,373,251,359,208,354,245,354,283,406,251,403,203,397,173,389,146
J,385,376,328,361,278,321,255,277,270,243,309,265,295,228,297,261,303,295,340,257,325,226,326,271,330,308,373,252,359,208,354,245,355,282,406,251,403,203,396,172,389,145
J,387,375,329,360,279,320,256,276,272,242,311,265,297,227,299,258,303,292,342,256,328,225,328,269,330,306,374,250,361,206,355,242,355,278,408,249,404,201,397,171,390,145
J,384,374,326,360,277,320,255,276,270,243,309,265,294,227,295,259,300,293,339,256,325,225,325,269,328,306,372,250,358,207,353,243,354,280,405,249,402,201,395,171,388,144
J,382,375,326,360,276,320,254,276,269,242,307,263,294,227,296,259,300,293,338,255,325,226,325,271,329,308,371,250,359,206,353,242,352,279,405,250,401,202,395,171,387,144
J,385,378,329,362,279,322,258,279,271,244,311,266,296,230,299,262,303,297,341,257,327,228,328,273,331,311,374,252,361,208,355,244,354,280,407,252,403,204,396,174,389,147
J,384,378,327,363,278,322,257,278,271,244,311,267,296,231,298,263,301,297,341,258,327,229,327,274,329,312,374,253,361,210,355,247,353,284,407,252,404,204,397,174,389,147
J,383,378,326,363,276,323,255,279,270,244,308,267,294,230,296,263,300,297,339,259,325,228,325,274,329,312,372,253,359,209,354,246,354,283,406,253,402,204,396,173,388,146
J,385,379,328,364,277,323,255,279,271,246,310,266,296,231,298,263,301,298,340,257,326,229,326,275,329,314,373,253,359,210,354,249,353,286,406,253,403,204,397,174,389,148
J,385,378,328,364,277,323,255,279,270,245,308,267,294,230,297,262,301,296,339,258,326,228,326,274,329,312,372,252,359,209,354,246,353,282,406,252,402,204,395,173,388,146
J,386,377,328,363,278,322,256,278,271,244,309,267,295,229,296,261,301,295,340,258,326,227,326,273,329,310,373,253,360,209,355,246,354,282,407,252,403,203,397,173,391,145
J,386,376,328,361,278,320,258,276,272,243,309,264,296,227,297,259,301,293,340,256,327,226,327,272,330,310,373,250,360,208,355,245,355,281,407,250,404,202,398,172,390,145
J,386,375,327,360,278,320,257,276,272,244,310,265,296,228,298,259,302,293,341,257,327,227,326,271,329,308,373,252,360,209,355,245,354,281,406,251,403,203,397,172,389,146
J,384,376,327,361,278,321,256,278,271,245,308,267,294,229,296,260,300,293,339,258,325,228,325,272,328,310,372,253,359,210,354,246,353,282,405,252,402,204,395,173,388,147
J,383,375,325,359,276,319,255,277,270,244,308,264,294,228,295,259,299,293,339,256,325,225,324,269,327,307,372,251,358,208,353,245,352,281,405,250,402,203,395,172,388,146
J,384,377,326,361,276,321,255,278,269,245,308,266,295,230,296,261,299,295,339,258,325,228,324,273,327,310,372,253,358,210,352,246,352,282,405,252,402,204,395,173,388,147
J,384,377,327,362,277,321,256,277,271,243,310,265,295,229,298,261,302,295,340,257,326,227,325,272,328,310,373,252,358,209,353,246,353,283,406,251,401,203,395,173,387,146
J,382,373,326,359,276,319,254,277,269,244,307,264,293,227,295,259,299,292,338,255,323,225,324,270,327,307,370,250,356,208,351,244,352,281,403,249,400,202,393,172,386,145
J,384,373,327,359,277,319,255,276,270,242,308,263,294,226,295,257,299,291,338,254,324,225,324,269,328,307,371,249,357,207,352,243,352,280,404,248,400,201,393,171,385,144
K,427,441,371,407,341,344,337,286,333,242,360,286,336,227,323,191,315,159,399,286,403,211,410,166,420,131,434,302,435,264,417,311,404,348,468,325,459,300,441,335,427,366
K,421,420,365,385,337,326,334,271,328,230,355,274,331,219,320,186,312,156,391,272,394,202,400,160,408,128,425,285,424,252,407,294,395,328,458,306,449,282,432,313,417,343
K,429,407,376,374,346,320,341,266,339,227,365,269,342,216,330,183,322,153,399,267,403,201,408,161,417,130,432,281,435,245,420,286,411,320,464,303,458,279,442,308,428,336
K,444,421,393,389,364,335,359,282,354,242,382,282,362,228,350,196,343,166,417,281,424,216,430,175,439,143,449,296,455,261,438,301,427,335,481,318,477,298,459,326,444,352
K,449,428,401,392,375,340,372,288,372,249,393,290,374,237,363,204,356,174,427,291,434,225,442,185,451,154,459,307,464,274,447,315,435,348,489,329,483,307,467,338,453,365
K,449,426,402,393,376,339,373,288,375,249,393,289,374,236,364,204,357,175,428,290,434,224,441,184,450,153,459,306,463,271,447,312,436,344,488,328,481,306,466,336,452,363
K,450,423,402,391,376,337,373,286,372,248,393,287,374,234,364,203,357,174,427,287,433,222,440,183,449,152,458,302,462,270,447,309,435,340,487,324,482,304,466,334,452,361
K,450,424,402,391,376,339,373,288,374,250,395,289,375,237,364,205,357,177,428,289,433,225,441,186,450,155,458,304,463,272,447,311,436,343,487,326,482,306,466,335,451,362
K,450,424,402,390,376,339,372,287,373,249,393,288,374,236,364,204,357,175,427,289,433,224,440,185,449,154,458,304,462,271,446,310,434,342,487,325,482,304,466,334,451,360
K,450,428,402,394,376,341,374,289,374,251,395,291,376,239,365,206,358,177,428,292,435,227,443,188,452,157,459,307,464,273,448,313,436,346,488,329,482,308,466,338,452,364
K,450,427,402,393,376,341,374,289,375,251,395,292,376,239,366,206,359,177,429,292,436,226,443,187,453,157,460,307,463,274,448,315,436,348,489,329,483,307,467,337,453,365
K,449,426,402,393,376,341,374,290,375,252,394,292,375,240,364,208,357,179,427,293,434,227,442,188,451,156,459,308,463,275,446,315,435,347,488,330,483,307,467,337,454,363
K,447,428,400,394,374,340,372,289,372,251,392,291,373,239,363,207,357,179,426,292,432,226,439,187,448,156,457,307,461,274,444,314,432,347,486,329,480,308,463,338,450,365
K,446,428,397,393,371,340,369,290,370,252,391,292,371,240,360,208,353,180,424,293,430,228,437,189,446,158,455,307,458,274,442,314,430,347,484,329,478,306,461,335,447,362
K,444,429,396,394,370,341,368,290,369,252,388,293,370,240,359,208,353,180,422,293,427,228,433,189,440,157,454,308,456,277,439,317,427,349,483,330,476,310,460,340,446,367
K,446,425,397,391,369,340,363,290,368,253,388,291,370,240,359,209,352,181,421,291,425,227,430,188,438,156,452,304,455,273,439,314,429,347,482,325,475,305,459,335,446,361
K,445,424,397,390,369,340,365,290,371,253,390,292,371,240,360,209,353,181,423,291,426,227,431,188,439,156,454,305,456,274,440,315,428,347,483,327,476,307,459,337,444,363
K,446,425,398,391,370,340,365,290,371,253,390,292,372,240,361,208,353,181,423,292,427,227,432,188,439,157,455,306,457,274,441,315,430,348,484,328,477,307,461,336,447,363
K,445,426,397,393,369,342,363,292,366,253,389,292,370,241,359,210,352,182,421,293,425,228,430,189,437,157,453,307,454,275,438,315,427,347,482,328,474,307,458,337,444,364
K,446,427,398,394,370,342,363,291,367,253,389,293,370,242,359,211,352,182,422,293,425,229,430,190,437,158,454,307,455,275,440,315,428,348,484,327,476,306,460,335,446,362
K,446,428,398,394,371,343,365,293,369,255,389,294,371,242,360,211,354,183,422,294,427,229,432,190,439,158,453,307,457,276,441,317,430,349,483,329,476,309,460,339,447,365
K,445,429,397,394,369,343,365,292,368,255,389,294,371,243,360,211,353,183,422,294,426,229,431,190,438,158,454,307,456,275,440,316,429,349,483,328,476,307,460,337,446,364
K,445,430,397,395,371,342,366,292,367,253,391,292,373,241,363,210,357,181,425,293,430,228,435,189,443,157,456,308,458,276,440,316,428,347,485,330,477,309,459,338,445,365
K,446,429,398,395,372,342,369,292,367,254,393,293,375,241,365,210,358,181,426,293,431,228,436,189,443,157,457,308,459,275,441,315,428,347,486,330,477,309,460,338,446,365
K,447,428,400,393,374,340,371,289,370,250,394,292,377,240,367,209,361,180,427,293,432,228,438,190,446,158,458,307,460,274,442,314,429,346,488,329,479,307,462,336,448,362
K,448,429,400,394,374,341,371,291,370,253,395,293,377,242,367,211,361,182,427,294,432,229,437,190,445,159,458,308,460,276,443,316,431,349,487,330,479,309,462,338,448,365
K,447,430,401,396,375,344,372,293,372,255,394,294,377,242,367,211,362,182,427,295,432,230,437,191,445,159,458,309,461,276,443,316,430,347,487,331,480,310,462,339,448,365
K,448,432,400,397,374,344,370,294,370,255,395,296,377,245,367,214,361,185,428,296,432,231,438,192,446,161,459,310,461,277,443,317,430,349,488,332,479,312,462,341,447,368
K,447,428,399,393,373,341,369,292,368,254,393,293,375,243,366,212,360,184,426,293,430,230,436,191,444,160,457,308,459,277,442,318,430,350,485,330,478,309,462,338,448,364
K,444,421,396,387,369,337,364,288,365,250,386,290,369,239,359,209,352,181,419,289,424,226,429,188,436,157,450,302,454,271,439,311,428,342,479,323,473,303,458,331,444,357
K,439,409,390,378,361,329,354,279,354,242,374,281,353,230,342,199,334,171,407,280,408,216,411,178,416,147,439,292,443,258,430,298,422,330,469,312,464,290,451,319,440,345
K,438,404,389,376,358,330,348,282,346,244,371,278,349,227,336,197,327,169,403,276,402,213,405,174,409,142,436,288,441,257,429,297,421,329,465,308,461,291,448,319,436,346
K,441,402,391,376,358,330,348,281,345,243,370,278,346,227,333,197,323,169,403,275,400,212,402,172,406,139,435,286,441,254,431,296,424,328,466,306,463,289,451,319,439,345
K,443,402,393,374,362,327,352,277,348,239,373,277,350,226,336,194,327,166,406,274,405,210,406,170,410,136,439,285,445,253,434,295,427,329,470,306,467,288,454,317,441,343
K,442,407,393,378,364,331,357,281,355,242,377,279,356,226,345,194,338,165,410,277,413,213,417,173,424,140,444,290,450,257,436,299,427,333,474,311,471,293,457,323,444,348
K,442,407,394,376,364,328,356,278,355,239,380,276,359,224,347,192,339,163,413,275,415,210,420,170,426,137,446,288,452,257,439,300,429,334,476,311,472,293,457,323,443,348
K,443,406,396,375,366,327,359,277,358,238,382,276,362,223,350,191,342,162,416,275,418,210,423,170,429,137,448,289,454,257,440,299,430,333,478,312,474,294,459,323,445,348
K,443,409,395,377,366,329,360,279,359,240,382,278,363,225,351,193,343,165,416,277,419,212,424,172,431,139,448,291,453,260,440,302,430,335,478,314,474,296,459,325,445,350
K,443,411,395,378,366,330,360,280,359,241,383,280,363,228,351,196,342,168,416,279,419,214,423,175,430,142,448,293,453,262,439,303,428,336,477,316,473,297,457,327,443,352
K,444,410,395,379,365,331,359,281,358,242,381,280,360,229,348,197,341,169,414,279,417,215,421,174,428,141,446,292,451,261,437,302,428,335,476,314,471,296,456,325,442,351
K,442,410,394,379,364,331,358,281,358,243,381,280,361,228,349,196,341,167,414,279,417,215,421,175,428,142,446,292,451,261,437,303,428,337,476,314,471,296,456,325,442,351
K,443,409,395,377,366,329,359,279,358,241,381,278,361,227,349,195,341,167,414,277,416,212,421,173,429,140,446,291,451,260,437,301,427,334,476,313,471,295,456,324,442,349
K,443,407,395,376,366,327,359,277,358,239,381,277,360,226,349,194,340,166,414,276,416,212,420,172,426,140,446,289,449,259,435,299,425,331,475,311,469,294,454,324,441,350
K,444,404,395,373,367,325,360,276,358,238,382,275,362,224,350,193,342,164,415,274,416,211,421,171,427,139,447,287,451,256,437,297,427,329,477,309,471,291,457,320,443,345
K,442,404,394,373,364,325,357,276,356,238,381,275,361,223,349,192,341,164,414,274,416,210,420,170,426,137,446,287,450,256,436,298,426,331,476,309,471,291,455,320,440,346
K,441,404,392,373,363,325,355,276,354,238,379,274,359,222,347,191,339,163,412,273,414,209,418,169,424,136,444,287,448,255,435,297,426,330,474,309,469,290,454,319,440,345
K,446,411,403,379,385,331,399,285,417,254,379,282,356,229,346,195,340,165,413,278,411,211,412,171,416,139,446,290,446,254,434,294,429,326,476,310,468,288,456,317,448,343
K,441,407,396,376,366,328,353,279,344,240,375,279,353,228,342,197,334,169,409,277,407,213,409,173,414,140,441,290,442,259,429,300,420,332,471,312,465,290,452,319,441,345
K,444,407,396,376,366,327,355,279,347,241,378,279,356,229,343,199,335,171,410,276,409,212,411,173,416,141,442,289,443,257,431,297,423,328,472,309,465,289,451,319,439,346
K,446,405,396,375,366,326,356,277,348,239,380,279,358,229,345,199,336,171,412,277,410,214,412,175,416,143,443,289,445,258,433,298,425,330,473,308,466,289,452,319,441,346
K,446,403,398,372,369,325,360,276,355,239,381,278,360,228,348,198,340,170,414,276,413,213,414,174,418,142,446,288,447,256,435,295,427,327,476,308,470,287,455,316,443,342
K,448,403,400,373,370,325,362,276,357,240,383,278,362,229,351,198,342,171,415,276,415,214,417,176,422,143,447,289,450,258,437,297,429,329,477,309,471,290,457,317,444,342
K,447,404,400,374,371,326,362,277,357,240,383,279,362,229,350,199,342,172,415,277,415,215,417,176,421,144,447,290,449,258,437,297,429,329,476,310,470,291,455,318,442,344
K,447,404,400,373,371,325,363,277,360,240,384,279,364,229,352,198,344,171,416,277,417,215,419,176,424,144,448,290,451,258,438,297,429,328,478,311,473,291,458,319,444,345
K,450,403,401,372,372,323,364,274,360,237,387,276,366,226,354,196,346,169,419,275,418,213,420,174,425,142,450,287,452,256,440,296,431,327,480,307,473,289,459,318,448,344
K,449,405,401,375,372,327,363,278,359,241,384,280,364,230,352,199,344,172,416,278,417,216,419,177,424,146,448,290,451,258,439,298,429,329,478,311,473,292,459,320,446,345
K,447,403,399,372,370,324,363,276,358,239,384,279,363,229,351,199,343,171,416,277,415,214,417,176,422,144,447,289,449,258,437,297,428,328,476,310,470,290,456,319,444,346
K,450,405,401,374,372,326,363,277,358,240,385,280,364,230,352,200,343,172,416,278,417,215,419,176,423,144,448,289,450,259,438,298,430,330,477,309,472,290,458,319,447,346
K,446,403,398,371,370,323,362,274,358,237,386,278,365,228,352,198,343,171,417,276,417,214,418,175,423,143,448,289,450,258,438,296,429,328,477,309,471,289,457,317,444,343
K,449,401,401,371,372,323,365,274,360,237,384,277,364,227,352,197,343,170,416,276,416,213,418,175,422,144,447,288,449,255,437,295,429,326,477,308,471,287,458,315,446,341
K,449,400,400,370,372,321,364,273,360,236,385,276,364,226,353,196,344,169,417,274,417,212,419,173,424,141,448,287,451,255,437,293,428,324,478,307,472,287,458,315,445,341
K,448,399,400,369,371,321,363,273,358,236,384,275,363,226,351,196,342,169,416,274,414,211,416,173,421,142,447,286,449,253,436,292,428,323,476,306,470,286,456,314,445,340
K,449,400,401,370,372,322,364,273,360,237,384,275,364,225,352,195,344,168,416,273,416,211,418,172,422,140,448,285,450,254,437,292,428,323,478,306,472,286,457,314,445,340
K,448,400,400,370,371,322,364,274,361,237,383,275,363,225,351,195,343,168,415,274,415,211,417,173,422,141,447,286,449,254,437,293,428,324,476,306,471,286,457,314,445,340
K,447,400,399,370,371,323,363,275,359,238,382,277,361,227,349,197,342,169,414,275,414,213,416,174,421,142,445,287,448,255,435,293,426,325,475,307,469,287,456,316,444,342
K,447,399,399,369,370,321,362,272,357,235,384,274,363,224,351,194,343,167,416,273,415,210,418,171,422,139,447,285,448,253,436,292,427,323,477,306,470,285,456,313,444,339
K,446,400,398,371,368,323,360,274,355,237,380,276,359,226,348,196,339,168,412,274,412,211,414,172,419,141,443,286,446,254,433,292,424,323,473,305,467,285,453,314,441,341
K,447,400,398,369,368,321,361,272,356,236,383,275,362,225,350,194,342,167,416,273,415,212,417,173,422,141,447,286,451,253,438,293,429,325,476,306,471,288,456,316,444,341
K,445,403,398,372,369,324,363,275,359,237,383,276,363,224,352,193,344,165,416,275,417,210,421,171,427,138,448,288,453,257,439,298,431,331,479,309,474,291,459,320,446,346
K,449,399,400,368,371,317,365,266,361,226,386,267,365,211,354,178,346,148,420,266,423,200,426,158,432,123,454,281,460,249,447,292,437,326,485,305,482,287,467,317,454,343
K,460,406,410,372,381,316,377,260,374,216,398,258,378,197,366,161,358,127,435,258,441,186,448,140,456,102,471,276,480,243,464,292,453,328,504,302,503,281,487,316,472,343
K,458,406,405,371,375,314,369,257,366,212,391,257,370,194,359,157,352,122,430,257,436,181,443,134,452,94,466,274,477,238,460,289,448,327,499,301,499,279,482,314,466,342
K,455,399,403,365,373,308,368,251,364,207,389,250,368,187,357,150,349,115,427,250,433,173,440,127,449,88,464,267,474,233,457,282,445,320,497,294,496,272,480,307,464,336
K,455,395,404,361,375,305,368,248,363,203,389,246,369,186,358,149,350,116,427,247,432,172,439,126,447,88,464,264,473,228,457,276,445,313,497,290,495,268,478,303,464,331
K,449,395,400,361,372,307,366,252,363,209,387,250,367,190,356,155,349,122,424,250,430,177,436,132,445,94,460,267,469,232,454,280,443,317,492,294,492,272,475,305,458,333
K,441,392,394,360,366,307,360,254,357,213,380,255,361,198,351,164,344,133,416,255,421,186,426,143,434,108,450,271,457,236,442,281,431,316,481,295,478,274,462,306,446,333
K,437,385,390,353,364,304,359,254,357,216,378,256,360,203,350,171,344,142,411,257,416,191,421,151,429,117,444,271,450,239,436,281,426,315,473,293,470,273,455,302,442,328
K,432,383,387,353,360,305,354,256,351,219,374,258,356,207,346,176,339,147,406,258,410,196,415,157,422,124,437,272,443,240,429,280,420,312,465,294,463,274,448,302,434,327
K,438,383,393,353,367,306,361,257,359,220,381,259,364,208,353,178,347,150,412,258,415,198,420,160,427,128,443,272,449,242,436,281,427,312,471,293,468,276,454,303,441,327
K,434,383,389,354,364,307,359,260,356,225,379,262,362,213,352,184,345,157,410,262,412,203,417,166,424,135,439,276,445,246,432,285,423,315,467,297,463,280,449,306,436,329
K,436,388,392,360,366,314,361,267,357,231,380,268,363,218,353,188,347,160,411,268,414,209,418,171,425,139,441,282,445,253,432,292,423,321,469,302,465,285,450,312,437,334
K,432,386,388,358,362,313,357,267,354,232,377,269,360,219,350,189,344,162,408,269,410,209,414,172,421,141,438,282,442,254,429,292,420,321,466,302,461,287,447,313,434,335
K,432,389,388,361,363,316,359,270,355,235,378,272,360,223,350,194,344,168,408,272,410,213,414,176,420,145,438,285,441,257,429,295,420,324,465,305,461,288,446,314,434,336
K,433,388,388,359,362,313,358,267,354,232,378,270,360,221,350,191,344,165,408,269,410,211,413,174,419,144,438,282,441,253,429,291,421,321,466,303,460,286,446,312,435,335
K,434,389,388,360,363,315,358,269,356,234,377,272,361,223,351,194,344,168,407,271,410,213,414,176,421,145,437,284,442,256,429,294,420,323,464,304,461,288,447,313,434,336
K,434,389,389,360,364,314,360,268,357,233,379,270,361,221,352,192,345,165,409,270,411,211,415,175,422,144,439,283,443,255,431,292,422,322,466,303,462,287,447,313,435,336
K,434,387,390,359,364,314,360,267,358,233,378,269,361,221,352,192,346,166,409,270,411,210,416,173,422,143,438,283,443,254,430,292,421,321,465,303,462,285,448,312,435,336
K,434,387,390,359,364,313,360,266,360,232,377,270,360,221,351,191,345,165,408,270,410,210,414,174,419,144,437,282,442,253,429,291,419,320,464,303,460,285,447,312,434,336
K,434,384,390,355,365,310,361,264,359,230,379,266,362,218,353,189,346,163,409,266,412,207,416,171,422,141,438,279,444,251,431,289,422,319,465,299,461,282,448,308,436,332
K,435,385,390,356,365,310,361,263,359,229,381,268,363,220,353,191,346,165,411,267,413,209,416,173,422,143,440,280,445,252,431,289,422,319,467,301,463,284,449,309,436,331
K,434,386,389,358,364,313,359,267,357,232,377,269,359,220,350,191,344,165,407,268,409,209,413,173,419,143,436,281,442,253,429,289,419,318,463,301,461,284,446,310,432,333
K,432,385,389,357,363,311,359,265,357,230,376,268,359,220,350,191,343,165,407,267,409,208,413,172,419,142,436,280,441,253,429,289,420,318,463,301,460,283,447,309,434,332
K,432,386,388,358,362,312,358,266,357,231,376,268,359,220,349,191,343,165,407,268,409,209,412,173,418,144,436,281,439,253,427,289,418,319,462,302,458,284,444,310,432,334
K,434,387,388,357,363,312,358,267,356,232,379,269,361,221,351,193,344,167,409,268,411,210,414,174,420,144,438,281,442,254,429,291,420,321,465,302,461,285,446,311,434,333
K,432,386,388,358,363,313,358,268,356,233,377,269,360,221,351,192,344,166,407,269,410,210,414,174,420,144,437,282,440,254,427,291,418,320,464,302,459,285,445,312,432,335
K,432,388,388,359,363,314,358,269,356,234,377,271,360,223,350,194,344,168,407,271,409,212,413,175,420,145,436,284,441,255,428,293,419,323,464,304,460,287,446,313,433,336
K,432,388,388,360,362,315,357,269,355,235,377,271,360,223,350,193,344,167,407,271,409,212,413,176,419,145,437,284,441,255,428,292,419,323,464,303,460,286,445,312,433,335
K,431,387,387,358,362,314,358,267,356,233,376,270,359,222,349,193,342,167,407,270,409,210,412,174,418,144,436,283,440,253,426,290,417,319,463,303,458,285,444,311,431,334
K,433,387,389,358,364,313,360,268,357,234,378,270,361,222,351,193,345,168,408,269,410,211,414,175,420,144,437,282,441,254,429,292,421,321,464,302,461,285,446,311,434,333
K,435,386,390,357,366,311,362,265,359,230,380,268,363,220,354,191,348,166,411,268,413,209,417,173,422,144,440,281,443,253,430,289,420,318,467,300,462,283,448,309,435,333
K,436,386,392,357,366,312,361,266,359,231,380,267,362,218,353,188,347,161,410,267,413,209,418,171,424,140,440,280,445,251,432,287,423,318,468,301,465,284,450,308,437,331
K,435,388,390,360,365,314,360,268,358,233,380,270,363,221,353,192,346,166,411,269,413,211,417,174,423,144,440,283,445,254,432,290,422,320,467,303,463,287,449,313,435,335
K,444,391,399,361,372,313,368,265,365,228,388,268,370,217,360,187,354,159,419,268,422,207,426,169,433,136,450,281,454,250,441,289,432,321,479,303,474,285,459,311,447,335
K,449,395,404,365,378,316,374,266,373,229,393,268,376,215,368,184,362,155,425,269,430,205,435,166,443,134,456,284,463,252,448,292,437,324,485,306,482,287,467,315,452,339
K,446,395,401,363,376,314,372,265,370,228,392,268,375,216,365,185,359,157,424,268,428,206,433,167,440,135,455,283,461,252,446,292,436,324,483,306,479,288,463,315,450,339
K,446,391,400,358,374,310,370,262,368,226,390,265,372,213,363,182,357,154,422,265,426,203,430,164,437,132,453,279,459,249,445,289,435,321,482,302,479,284,462,310,447,334
K,443,389,398,358,372,310,368,263,365,226,387,265,370,214,361,184,354,156,419,265,423,203,427,164,434,133,450,279,455,250,441,289,431,321,478,300,473,283,458,310,445,335
K,443,390,397,358,371,310,366,263,365,227,386,265,368,215,359,185,352,157,417,265,420,203,425,165,431,135,448,278,453,249,440,287,430,319,476,300,473,283,458,309,444,333
K,443,388,398,358,372,311,367,263,365,227,385,264,368,214,358,184,352,156,417,264,420,202,424,164,430,132,447,278,452,248,439,286,430,317,475,299,471,281,457,308,444,332
K,441,388,396,358,370,311,364,264,362,228,384,265,366,216,357,186,350,160,415,265,418,205,422,167,428,136,446,278,450,249,437,288,427,319,474,300,470,282,454,309,440,333
K,439,388,394,359,368,312,363,264,361,228,381,267,363,217,353,186,347,158,413,266,414,205,418,166,424,135,443,280,447,249,434,287,425,318,471,300,466,282,451,311,438,335
K,439,388,394,358,368,311,363,264,360,228,382,265,364,215,354,185,348,158,413,264,415,203,419,166,425,135,444,278,447,248,433,285,424,315,472,299,466,281,451,308,438,332
K,438,390,393,360,366,314,360,267,358,231,380,267,362,218,353,188,346,161,411,267,413,205,417,168,423,137,442,280,445,251,432,289,423,318,470,300,465,283,451,310,437,334
K,438,390,394,360,367,313,361,266,359,230,382,267,364,217,354,188,347,161,413,266,415,205,418,168,424,137,443,279,448,250,434,288,424,318,471,300,467,284,452,311,438,334
K,439,389,393,360,366,311,362,263,358,226,381,265,363,215,353,186,347,159,413,265,415,204,418,166,423,135,443,278,446,250,433,287,423,317,471,299,465,281,450,309,438,334
K,437,389,392,359,366,313,361,266,359,230,381,267,363,218,353,188,346,161,412,267,414,206,418,168,424,137,442,280,447,251,433,289,424,319,470,301,466,284,451,311,438,335
K,439,388,393,357,368,310,362,262,359,226,382,265,365,215,355,185,349,158,413,264,415,204,419,166,425,136,444,277,447,249,434,285,424,315,471,297,466,280,452,307,439,332
K,437,387,392,358,366,312,360,265,357,229,380,266,361,217,351,188,345,161,410,265,412,205,415,167,421,137,440,278,443,249,430,286,421,315,468,298,463,280,448,307,435,331
K,438,386,393,356,367,310,361,263,358,227,380,265,363,216,353,186,347,159,412,265,413,204,417,167,423,136,441,278,445,248,432,285,422,315,469,299,464,281,449,307,436,330
K,437,387,392,356,366,309,360,262,356,226,381,264,363,215,353,186,347,159,412,264,414,204,417,167,423,136,443,277,447,248,432,286,422,316,470,298,465,281,449,307,435,331
K,436,388,390,358,365,311,360,264,357,228,380,266,362,217,352,187,345,160,411,266,413,205,416,168,422,137,441,279,444,250,431,287,422,316,469,300,464,283,448,309,435,333
K,435,387,389,357,363,310,358,263,356,228,379,266,361,217,351,187,344,160,410,266,412,206,415,169,421,138,441,279,444,249,430,287,420,318,469,300,463,282,448,309,435,333
K,435,388,389,359,363,313,359,266,355,230,378,268,360,218,351,189,344,162,409,267,411,206,414,169,420,138,439,280,443,251,429,289,419,319,467,301,462,283,448,310,435,334
K,434,389,389,358,363,312,359,265,357,230,378,268,360,219,350,189,343,163,409,267,410,207,413,170,419,139,439,280,442,250,428,287,419,317,466,301,461,283,446,310,433,334
K,434,389,389,359,363,313,358,267,355,232,377,268,359,219,349,189,343,163,408,268,410,206,413,169,419,138,438,281,441,251,427,289,417,318,466,302,461,283,446,309,432,334
K,434,389,389,358,363,312,358,265,354,230,379,268,361,219,351,189,345,162,410,268,411,208,414,171,420,140,440,281,442,252,427,289,418,319,467,301,461,283,446,310,433,334
K,435,388,389,359,363,312,358,265,355,230,379,267,360,219,351,190,344,163,409,266,410,207,414,170,419,139,438,279,441,252,428,289,419,318,466,299,460,283,445,310,432,334
K,435,390,390,361,364,314,359,267,355,231,378,268,360,219,350,190,344,164,409,268,411,207,414,170,420,139,439,280,442,251,428,289,419,318,467,301,462,283,446,310,433,334
K,436,387,391,357,365,311,358,264,355,228,379,267,361,217,351,188,345,161,410,266,411,206,414,169,419,139,440,279,442,250,428,286,419,315,468,299,461,281,446,307,434,331
K,436,386,391,357,365,311,360,265,358,231,379,267,361,218,351,189,344,163,409,266,411,206,414,169,420,139,439,279,442,250,429,287,420,317,467,299,461,281,447,308,434,332
K,435,387,389,358,363,311,358,265,353,229,378,268,360,219,350,190,344,163,408,267,409,207,412,170,418,140,438,280,440,250,427,288,418,318,466,300,460,281,445,307,432,331
K,434,387,388,358,362,312,358,265,354,230,378,268,360,219,350,189,343,163,408,267,409,207,412,170,417,140,438,280,440,250,426,287,417,317,466,300,460,281,445,308,432,332
K,433,388,388,359,362,313,356,267,354,231,377,267,358,219,349,190,342,164,407,267,408,207,411,170,416,140,437,280,439,250,426,287,416,315,464,300,458,282,443,309,430,333
K,433,387,387,358,361,312,356,266,352,231,377,268,359,220,348,191,341,164,407,267,408,207,411,171,417,140,437,280,439,251,425,288,416,317,465,300,458,282,443,308,431,332
K,433,388,386,359,360,312,355,266,350,231,375,268,357,220,347,190,340,164,405,267,406,207,409,170,415,140,435,280,438,252,424,288,414,318,463,300,457,283,442,310,428,334
K,431,387,385,358,360,313,355,267,352,232,375,269,357,221,347,191,340,165,406,269,407,209,409,172,415,141,436,281,438,251,424,289,415,319,464,301,457,283,442,309,429,333
K,431,387,386,358,360,313,355,267,352,232,375,268,357,220,346,191,340,165,405,268,406,207,409,171,414,141,435,281,436,252,423,288,414,317,463,301,456,282,441,309,428,332
K,433,387,386,358,360,311,355,265,351,230,375,268,356,219,346,190,340,164,405,267,406,207,408,170,414,140,435,279,436,250,423,286,415,316,463,299,456,280,442,306,430,330
K,433,384,387,357,361,311,354,264,351,229,374,266,356,217,346,189,338,163,405,265,405,205,408,168,413,138,434,277,436,248,423,283,414,311,461,297,456,280,442,306,429,330
K,434,384,388,356,361,310,355,264,350,228,376,266,357,217,347,188,340,162,406,265,406,205,409,168,415,138,435,278,437,248,424,285,415,314,463,297,456,278,442,305,428,329
K,432,384,387,356,361,310,355,264,351,229,375,267,357,218,347,190,340,164,405,266,406,206,409,170,413,139,435,278,436,249,423,285,414,313,463,298,457,280,442,306,429,330
K,432,386,387,357,360,311,354,265,351,230,375,267,356,219,346,190,339,164,405,266,406,206,408,170,413,139,435,279,436,249,423,287,414,317,463,298,456,280,441,306,429,330
K,431,385,385,355,360,309,354,264,351,229,374,266,355,218,346,188,340,162,405,265,405,206,408,169,413,139,435,277,436,249,423,287,413,316,462,297,456,279,441,306,429,330
K,431,386,385,357,359,311,353,265,350,230,374,267,356,219,345,190,338,164,405,266,405,206,408,170,413,140,434,279,436,250,423,287,414,316,462,298,455,280,440,307,427,330
K,432,387,387,359,360,313,354,266,351,231,374,268,356,220,346,190,339,164,405,267,405,206,408,170,412,140,435,279,435,250,422,287,413,316,463,299,455,280,440,307,428,332
K,432,386,385,357,359,311,354,265,349,229,375,266,356,218,346,189,339,163,406,266,406,207,409,170,414,140,435,278,437,251,423,288,414,317,463,298,457,280,441,306,426,330
K,430,387,385,359,359,314,353,268,350,233,374,269,355,221,345,192,338,166,404,268,405,208,407,171,413,141,434,280,435,252,422,289,413,318,462,300,455,282,440,309,426,333
K,432,385,385,356,359,310,354,264,349,229,375,267,356,218,347,189,340,163,405,266,406,207,408,170,413,140,435,278,435,250,422,287,413,316,463,297,456,279,441,306,429,330
K,432,384,385,355,360,309,355,263,350,228,375,265,356,216,347,187,341,160,406,265,406,206,409,169,415,139,436,277,437,247,423,284,414,313,463,296,456,279,442,306,430,330
K,432,385,386,356,360,310,354,264,350,229,375,266,357,218,347,190,340,164,405,265,405,206,408,169,412,140,435,277,435,249,422,285,414,314,463,296,455,277,441,304,429,328
K,433,384,387,356,361,309,355,263,351,228,376,265,358,217,348,188,341,162,406,264,406,204,409,168,414,138,436,277,436,248,422,284,413,313,463,296,456,278,441,305,428,330
K,432,384,386,357,360,311,354,265,351,230,374,267,356,219,346,190,340,164,405,266,405,206,408,170,413,140,434,278,434,249,421,285,413,314,462,297,454,279,440,306,429,330
K,431,386,386,358,360,312,354,265,350,230,375,267,357,219,347,190,340,164,406,266,405,206,408,170,413,140,435,279,434,249,421,286,413,314,463,299,453,280,439,307,428,331
K,430,386,384,358,358,312,352,266,348,231,373,268,355,219,345,190,338,164,404,267,404,207,406,170,412,140,433,280,433,250,420,286,411,315,461,300,452,280,438,307,426,331
K,431,386,385,358,358,312,353,265,348,231,374,268,355,219,346,191,339,165,404,267,405,208,407,171,412,141,434,280,434,251,420,288,411,316,462,299,454,280,439,307,427,331
K,429,386,384,357,358,312,351,267,348,232,372,268,354,220,344,191,337,166,402,267,402,207,405,171,411,141,432,279,433,251,419,288,410,316,459,299,453,281,438,308,425,331
K,430,385,383,357,357,311,352,265,348,230,373,267,354,219,344,190,338,164,403,266,403,207,406,171,411,141,432,278,433,250,420,286,410,315,460,298,453,280,438,307,426,331
K,430,384,385,357,359,312,354,266,350,232,373,267,355,220,345,191,338,165,403,266,403,207,406,170,411,141,432,278,433,249,420,286,412,315,460,298,453,279,439,306,426,330
K,431,381,384,353,359,307,354,261,350,227,375,264,356,216,346,187,340,161,405,263,404,204,407,168,411,139,434,275,434,247,421,284,412,313,461,293,453,275,439,302,428,327
K,430,383,385,355,360,309,354,263,350,229,375,266,356,218,346,189,339,163,405,265,405,206,407,170,412,140,434,277,434,248,421,285,412,314,461,297,453,278,439,305,427,329
K,430,382,384,355,358,308,353,262,348,228,374,266,355,218,345,190,339,164,405,265,404,206,406,170,411,140,434,277,434,248,420,284,411,312,461,297,453,279,438,305,425,328
K,429,383,384,356,358,310,352,265,348,230,373,266,354,219,344,191,337,165,402,265,402,206,405,170,410,141,432,277,431,248,419,283,410,312,459,296,451,278,437,304,425,328
K,430,385,384,357,358,311,352,265,349,231,373,267,354,220,344,192,337,166,403,266,403,207,405,171,410,141,432,278,432,250,418,285,410,314,459,297,451,278,437,305,426,329
K,430,385,384,357,358,312,352,266,349,232,373,268,354,221,344,193,337,167,403,267,402,208,405,171,410,142,432,279,431,250,418,286,409,314,459,298,451,280,437,306,425,329
K,429,386,384,358,358,312,353,267,349,232,373,269,354,221,344,193,338,168,403,268,403,209,406,172,410,143,432,281,432,251,419,286,410,314,460,300,452,281,437,307,425,331
K,428,386,383,358,357,313,352,267,349,233,372,269,354,222,343,193,337,167,402,268,402,208,404,172,409,142,431,280,431,250,418,286,409,315,459,299,451,280,437,306,425,330
K,430,387,384,359,358,313,352,267,348,233,372,269,354,221,344,193,337,168,402,268,402,208,405,172,410,143,431,280,431,251,418,288,410,316,459,299,451,281,437,308,424,331
K,429,384,383,356,358,309,352,264,348,230,373,267,355,220,344,192,337,167,403,266,403,207,405,172,410,142,432,278,431,249,418,286,410,315,459,297,450,279,436,306,425,330
K,429,384,384,355,359,311,353,266,350,231,373,267,355,221,345,192,338,167,403,266,403,207,405,171,410,142,432,278,432,249,419,285,411,314,460,298,452,279,437,305,425,329
K,429,383,384,354,358,309,354,264,350,230,374,266,355,219,345,192,338,166,403,265,403,207,405,171,410,142,432,277,432,249,418,284,410,313,460,297,451,278,437,304,426,328
K,431,385,385,357,359,311,352,265,349,230,373,267,354,220,344,192,337,166,403,266,403,207,405,171,410,141,431,278,432,249,420,285,411,313,458,296,451,278,437,305,425,329
K,427,383,382,356,357,310,352,265,348,231,372,268,353,221,343,193,337,168,401,267,401,208,404,172,409,143,430,279,430,250,418,287,410,316,457,298,449,279,436,305,424,330
K,428,383,382,355,357,310,352,265,348,231,372,268,353,221,343,193,336,167,402,267,402,208,404,173,409,143,431,279,430,249,417,286,409,315,458,298,450,279,436,305,424,329
K,427,383,382,356,357,311,352,265,348,231,372,267,353,220,343,193,336,167,401,266,401,207,403,172,407,142,430,278,430,249,417,286,409,315,458,297,450,278,436,305,425,329
K,427,383,382,355,357,309,352,264,348,230,371,267,352,221,343,193,336,168,400,266,400,208,402,173,407,144,429,278,429,248,416,284,408,313,456,297,448,279,435,305,425,328
K,428,381,383,354,357,308,352,264,348,230,372,265,353,218,343,190,336,165,402,263,402,205,404,169,408,141,431,275,430,248,417,283,409,311,458,294,450,277,436,302,424,326
K,428,379,382,352,357,308,351,264,347,230,371,265,352,219,342,191,336,165,401,264,401,205,403,170,408,141,430,275,431,246,419,281,411,310,457,294,450,276,436,302,423,326
K,431,378,386,350,361,305,356,259,352,225,375,263,358,214,348,184,342,158,405,262,407,204,410,168,416,137,435,275,441,244,428,281,419,310,462,295,459,278,445,302,433,325
K,428,379,386,348,364,302,362,256,363,222,380,260,367,209,360,179,356,152,410,261,417,202,422,167,430,138,439,275,448,246,433,281,422,310,465,297,464,280,448,304,435,325
K,428,377,386,345,365,298,365,251,366,215,382,255,370,203,364,173,361,145,412,257,421,198,428,162,437,133,441,273,452,242,435,277,423,306,466,296,466,277,450,301,436,322
K,433,377,390,346,368,299,367,252,366,216,384,254,371,202,365,171,362,143,415,256,422,197,429,160,438,130,444,271,453,240,438,276,428,305,470,293,468,275,453,299,440,321
K,433,379,390,347,368,300,366,252,367,217,384,255,371,203,364,173,360,145,415,257,422,197,429,160,438,130,444,272,454,241,438,277,427,306,470,295,469,276,454,301,441,324
K,435,380,393,348,371,299,369,253,370,217,387,255,374,204,367,173,364,146,418,257,425,198,432,161,441,131,447,272,457,242,441,279,429,308,472,294,472,277,456,302,441,324
K,436,379,394,346,372,299,369,252,370,216,388,255,374,204,367,174,363,146,418,257,425,198,431,161,439,131,447,272,456,242,441,279,431,308,473,295,472,277,456,302,443,324
K,436,378,392,347,369,299,365,253,364,217,384,255,369,205,361,175,356,148,415,257,420,197,425,160,432,131,445,271,451,241,436,277,425,306,472,293,468,274,453,299,439,322
K,438,380,394,350,369,304,366,257,365,222,385,259,369,208,361,178,356,150,416,259,420,200,425,163,433,134,445,273,452,243,437,279,427,309,473,294,470,277,455,302,442,325
K,436,381,393,350,369,304,366,258,365,223,385,259,370,209,361,179,356,152,416,260,419,200,425,164,432,134,445,274,451,244,436,281,426,310,472,296,469,277,453,302,439,325
K,435,382,392,352,368,304,364,258,364,223,384,259,369,210,360,180,355,153,415,261,419,200,424,164,432,134,445,275,451,245,437,282,426,311,471,297,468,279,452,305,439,328
K,439,384,396,353,373,306,370,259,369,224,388,261,373,210,365,180,360,153,418,262,424,202,429,165,437,135,447,277,456,246,441,281,430,311,474,298,472,280,457,305,443,327
K,437,383,394,352,371,305,368,258,368,222,386,261,372,210,364,180,359,153,417,262,422,202,428,165,435,135,446,277,454,246,439,283,429,312,472,299,470,280,455,305,441,327
K,437,384,395,353,372,306,369,259,368,224,386,262,372,211,364,181,359,154,417,263,423,203,428,166,436,136,447,278,454,247,440,283,429,313,473,299,471,280,456,306,442,328
K,438,383,395,353,371,306,367,258,367,222,384,261,369,210,362,180,357,153,415,262,419,201,425,165,432,135,444,276,450,245,437,282,426,311,471,298,468,277,455,303,442,327
K,440,382,396,352,372,305,369,257,368,221,387,260,372,209,364,179,359,152,417,261,423,202,428,165,436,134,446,275,455,245,441,282,432,311,473,297,471,279,457,304,444,326
K,438,382,395,352,371,305,368,258,367,223,387,261,372,211,364,181,358,154,417,262,422,202,427,166,434,135,446,276,452,245,438,282,427,312,473,297,470,277,455,302,442,325
K,436,381,393,351,369,304,366,258,365,223,384,260,369,209,362,179,357,152,415,260,420,200,425,164,432,134,444,274,452,244,437,281,427,310,471,296,469,278,454,303,440,326
K,436,383,393,352,369,306,366,259,366,224,385,261,370,211,362,181,357,154,416,262,420,202,426,165,433,135,445,277,452,246,438,283,428,313,472,299,469,279,454,305,441,328
K,435,382,392,351,368,304,364,257,364,222,384,260,369,209,361,179,356,152,414,261,419,201,424,164,431,134,444,275,450,245,436,281,425,310,470,296,467,278,452,302,438,326
K,438,384,394,353,371,307,368,260,367,224,386,262,371,212,363,181,359,154,416,263,422,204,428,167,436,137,446,277,455,247,439,284,429,313,473,299,472,281,456,306,442,328
K,437,385,394,354,370,307,366,260,365,224,385,262,370,211,362,181,358,153,416,262,420,203,426,166,433,136,445,276,453,247,439,283,428,313,472,298,470,280,455,305,441,328
K,438,386,395,356,372,309,368,262,367,226,386,264,371,213,363,183,359,156,416,265,422,205,427,168,434,138,446,279,453,248,438,284,427,313,472,300,470,282,455,307,441,330
L,513,383,461,368,415,332,377,300,342,293,431,269,422,214,419,182,418,152,465,267,467,234,472,282,470,302,499,271,503,243,501,288,495,305,532,281,535,255,529,286,520,303
L,505,366,452,354,404,320,366,288,331,283,418,255,406,202,403,171,401,141,452,253,452,219,459,267,458,287,485,256,488,228,488,274,482,291,517,264,521,238,515,270,508,286
L,502,371,451,356,403,320,365,288,330,282,418,258,408,204,405,172,402,142,451,256,451,223,457,270,455,288,484,259,486,231,485,275,480,291,516,267,519,240,513,271,505,288
L,503,368,451,356,403,319,365,286,331,281,419,257,409,203,406,171,404,141,452,254,452,221,458,268,456,287,486,257,488,230,487,273,482,291,518,266,521,240,514,271,507,288
L,502,363,450,350,402,312,365,280,330,274,418,250,408,196,405,164,404,134,452,247,452,214,458,261,457,281,486,251,488,223,487,266,482,284,519,261,522,234,515,264,507,281
L,503,362,451,347,404,310,366,278,331,272,420,248,410,194,407,161,404,131,454,246,455,213,460,260,458,280,487,249,490,222,489,266,483,284,519,258,523,232,516,263,508,280
L,497,358,447,343,399,306,361,274,326,266,415,243,405,188,402,155,400,126,449,241,449,208,453,256,452,274,483,245,485,217,483,261,478,277,516,255,519,227,511,259,504,276
L,494,359,442,341,394,306,353,273,317,267,409,242,398,187,395,154,392,123,442,239,442,206,447,254,446,275,475,242,477,214,476,260,472,280,507,252,510,225,503,258,496,277
L,491,357,440,343,390,306,351,274,317,269,407,244,396,189,393,156,390,125,441,241,440,208,445,255,444,274,474,244,476,216,475,261,470,278,507,253,509,226,503,257,496,274
L,487,359,434,343,386,309,344,276,309,271,401,245,389,190,385,158,382,128,434,242,432,210,438,257,438,276,468,245,468,217,467,261,463,279,500,254,502,228,495,261,488,279
L,487,359,436,346,386,309,346,277,311,272,402,246,389,191,385,159,382,129,435,243,433,210,439,257,439,277,468,246,469,217,468,262,464,280,501,255,503,228,496,260,489,278
L,483,356,433,344,382,308,343,277,308,272,398,245,386,190,382,158,379,129,431,243,429,210,435,258,433,275,465,245,465,218,465,263,460,278,497,253,499,226,494,259,487,275
L,485,358,433,343,384,307,344,275,309,270,399,244,388,190,384,157,381,127,433,241,431,209,437,256,436,276,467,244,466,216,466,260,463,279,499,253,500,226,494,258,488,275
L,483,357,431,342,382,306,343,275,308,270,398,244,387,191,382,158,379,129,431,241,429,208,435,255,435,275,465,244,465,216,464,260,460,278,497,253,499,226,492,258,486,275
L,482,357,431,343,381,306,342,274,307,269,397,243,385,189,381,157,378,127,430,240,428,208,434,255,433,275,464,243,464,215,464,260,460,278,496,252,498,225,492,257,485,275
L,482,360,430,344,381,309,341,277,306,271,396,246,384,192,380,160,377,130,429,243,427,210,432,258,432,278,463,246,463,217,462,262,458,281,495,255,497,227,490,259,483,277
L,483,357,431,342,382,307,342,276,308,270,398,245,386,191,382,159,378,129,431,242,428,209,434,256,434,277,465,245,465,215,464,260,460,279,498,255,499,227,492,259,485,278
L,480,357,428,343,379,307,339,275,304,271,394,243,382,189,378,157,375,128,428,240,426,208,432,255,432,276,462,243,462,215,462,260,458,280,495,253,496,226,489,257,483,275
L,482,359,430,346,380,309,341,276,306,271,396,245,384,192,380,159,377,130,429,242,427,209,434,256,434,278,463,245,463,216,463,261,458,281,495,254,497,227,490,259,483,277
L,482,361,429,345,379,309,340,277,305,273,396,246,385,192,380,160,377,130,429,244,426,212,432,259,432,278,463,247,462,218,462,263,458,281,496,256,497,229,490,261,483,279
L,481,359,430,345,381,309,341,277,306,271,396,244,385,190,380,158,378,128,429,241,428,209,434,257,433,277,463,245,463,217,463,262,459,281,496,254,497,228,491,260,484,278
L,481,362,429,347,380,312,339,281,304,277,395,248,383,194,379,162,376,132,428,245,426,213,432,261,432,280,462,248,462,221,461,265,458,283,495,257,496,231,489,263,483,280
L,483,360,432,346,383,311,342,281,307,276,398,247,386,193,381,161,378,131,431,244,429,213,435,261,434,280,465,247,465,220,464,265,459,282,497,255,499,229,493,262,486,279
L,486,364,437,351,388,324,341,303,307,310,396,253,385,201,380,168,377,138,430,249,426,218,434,266,435,283,465,250,463,225,465,269,461,284,498,258,497,233,492,264,486,281
L,489,365,440,352,390,325,341,306,308,315,397,255,386,203,381,169,379,139,430,249,427,219,435,268,435,285,465,250,464,225,465,270,462,285,499,257,498,231,493,263,487,280
L,493,363,443,351,394,324,349,303,313,307,402,254,390,202,385,168,382,138,435,249,432,219,440,267,440,285,470,249,469,224,470,269,466,286,504,256,503,231,498,264,492,282
L,492,367,442,355,393,330,347,307,311,310,400,258,387,206,381,174,377,144,433,253,428,224,437,272,438,289,468,254,465,228,467,273,464,290,502,261,500,235,496,268,490,286
L,491,370,439,357,389,332,343,308,305,305,397,259,384,208,377,176,373,147,430,254,424,226,432,276,434,291,466,255,461,230,463,276,461,290,500,261,497,236,492,269,488,286
L,490,372,437,361,387,334,343,308,305,303,400,263,387,210,380,177,376,147,432,258,426,229,433,277,434,295,467,259,462,231,463,277,461,295,501,265,498,238,491,271,486,291
L,488,373,435,360,385,334,341,308,302,304,397,262,384,211,378,179,375,149,430,258,424,229,431,278,434,295,465,259,461,233,462,279,460,295,499,266,497,240,490,273,484,290
L,489,369,436,358,385,331,342,304,305,300,397,261,385,209,379,178,375,148,430,256,425,226,433,275,434,292,465,257,462,230,463,276,460,292,498,263,498,237,492,270,485,287
L,488,370,437,358,388,330,344,303,307,299,399,260,386,209,381,177,377,148,432,256,427,227,434,276,435,293,467,258,464,231,464,277,461,293,500,265,499,239,493,272,488,289
L,491,369,440,356,391,329,348,301,311,296,402,260,390,208,385,177,381,147,435,256,430,226,437,274,438,291,470,257,467,230,468,274,465,291,503,264,502,237,496,269,490,287
L,492,368,442,355,392,326,348,299,312,295,403,259,390,208,384,177,380,148,436,255,430,226,437,274,438,289,470,256,466,230,468,274,464,288,503,262,502,236,496,269,490,285
L,493,367,442,356,393,326,351,298,315,294,405,259,393,207,388,175,384,146,438,255,433,225,441,273,442,291,473,257,470,230,471,275,468,291,506,264,504,237,499,270,494,287
L,493,366,441,353,391,324,348,297,312,292,403,256,390,205,385,174,382,145,436,252,431,222,439,272,440,288,470,253,468,226,468,273,466,289,503,260,503,234,497,267,491,284
L,494,368,441,355,392,326,349,299,313,294,404,259,391,208,385,176,381,147,436,255,431,226,438,273,440,290,470,257,468,229,468,274,465,290,504,264,503,237,496,269,491,287
L,493,368,440,355,391,327,348,299,312,294,403,260,390,208,385,176,381,146,436,256,430,226,438,273,440,290,470,257,466,230,468,274,466,290,503,264,502,237,496,269,491,286
L,492,368,440,355,391,326,348,298,311,293,402,258,390,207,384,175,380,146,435,254,430,225,438,273,439,290,469,256,467,230,468,274,465,290,502,262,501,237,495,269,490,286
L,490,370,439,356,391,327,348,299,312,294,402,260,390,208,385,176,381,146,435,256,430,227,437,273,438,290,469,257,466,231,467,275,464,291,502,265,502,239,495,270,490,288
L,493,369,441,356,393,328,350,300,314,296,404,260,391,208,386,176,382,146,437,257,433,228,440,275,440,292,470,259,469,232,470,276,466,293,503,265,504,239,498,271,491,289
L,494,366,443,353,394,324,352,297,315,293,405,259,392,207,387,175,383,145,438,255,433,226,441,273,441,289,472,256,469,230,470,274,467,289,505,263,504,238,499,270,494,286
L,495,365,444,352,395,323,353,295,317,291,406,258,393,206,387,174,383,144,438,253,434,224,442,270,443,286,472,254,470,228,471,270,468,287,505,261,505,235,499,267,493,284
L,495,366,444,355,395,326,351,298,315,294,404,260,391,208,386,176,382,146,436,256,432,227,441,274,441,290,470,257,467,230,470,275,466,290,502,262,503,237,498,270,492,288
L,491,365,439,353,390,324,347,297,311,294,402,258,388,206,382,174,377,145,434,254,429,225,437,271,438,289,468,255,465,228,466,273,464,290,501,262,500,236,494,268,489,286
L,489,366,439,354,391,326,348,298,311,294,401,258,387,206,382,175,378,145,433,254,429,225,437,273,438,289,467,255,465,229,466,273,463,289,500,261,499,236,493,268,488,285
L,491,365,443,355,393,324,351,296,315,293,404,258,392,205,387,173,383,144,437,254,433,225,441,271,441,288,470,254,469,229,471,273,467,288,503,261,503,235,499,267,492,284
L,493,363,441,352,392,322,351,295,316,291,404,257,391,204,385,173,382,143,437,253,433,222,440,270,441,288,471,254,469,228,470,273,467,289,504,261,503,235,498,268,493,285
L,493,364,443,353,393,324,351,296,316,293,405,258,392,206,387,174,383,144,437,255,433,225,442,271,442,289,470,256,469,230,471,273,467,289,503,262,504,236,499,268,492,285
L,493,362,441,350,393,321,351,293,316,290,404,256,391,204,386,173,382,143,437,252,433,223,441,268,442,286,471,253,469,227,470,270,467,286,504,260,503,235,498,266,492,283
L,493,363,442,350,393,321,350,294,315,290,404,255,391,203,386,172,382,143,436,252,432,223,440,270,440,286,470,253,468,228,470,272,466,286,503,259,503,234,498,266,492,283
L,491,363,440,351,391,321,349,294,313,289,402,255,389,203,384,172,380,142,434,252,430,223,438,270,438,287,468,253,466,227,468,272,464,287,501,260,500,235,496,267,490,284
L,492,362,441,350,392,320,349,293,313,289,403,256,390,203,384,171,380,141,435,252,431,222,439,269,441,286,469,253,466,226,469,270,466,287,503,259,501,234,496,266,491,283
L,486,351,435,340,385,311,343,286,308,283,397,248,384,196,378,165,374,136,430,243,424,214,432,260,433,278,463,244,459,218,462,262,460,278,497,251,494,225,489,257,485,274
L,488,350,437,340,389,311,349,284,314,281,401,247,388,197,382,166,378,138,433,243,428,213,435,259,437,278,467,244,464,218,465,261,463,279,499,251,497,226,492,257,488,274
L,489,350,437,338,390,310,348,283,313,278,400,245,387,196,381,165,378,136,432,241,427,212,435,258,437,276,466,242,463,216,464,260,462,277,498,250,497,224,492,256,487,273
L,485,349,434,338,386,309,345,283,310,279,397,246,383,195,378,164,374,136,429,242,423,212,432,257,433,276,462,242,459,216,461,259,459,276,495,248,493,223,489,254,483,271
L,488,351,436,338,388,310,345,284,310,280,398,247,384,197,378,166,374,137,430,242,424,213,432,259,433,276,463,242,459,216,461,259,459,276,495,249,494,224,489,255,484,272
L,488,350,436,339,387,311,346,283,311,280,400,248,386,197,380,167,376,138,431,243,425,213,433,258,436,277,464,244,460,217,462,260,461,278,497,251,495,225,488,255,484,274
L,488,351,436,339,388,310,347,283,312,280,399,248,386,197,380,166,376,138,431,243,425,212,433,258,435,278,465,244,461,216,463,259,461,279,497,251,495,226,490,257,485,275
L,487,350,435,338,386,310,345,283,311,279,398,247,384,197,378,165,375,137,430,242,424,212,432,258,434,278,464,243,460,215,461,259,460,278,496,250,494,225,489,257,483,275
L,484,345,432,335,384,307,342,281,309,277,394,244,381,194,375,164,372,135,427,239,421,209,429,256,431,275,460,239,456,213,458,257,457,274,493,245,491,220,486,252,482,269
L,484,343,432,332,383,306,341,280,305,275,391,241,377,192,371,162,367,134,423,236,417,206,426,253,428,269,457,236,453,210,455,254,454,269,489,242,487,217,483,249,480,265
L,481,344,430,332,380,305,337,279,302,276,390,242,376,192,369,162,365,133,422,237,414,207,423,253,426,270,455,236,450,210,453,253,451,269,488,242,485,217,480,248,476,265
L,479,343,427,333,378,305,337,279,303,275,390,242,376,193,370,162,365,134,422,236,415,206,424,252,426,272,455,237,451,209,453,253,452,271,488,243,485,218,480,249,476,267
L,479,343,428,333,379,305,337,279,302,275,389,242,376,193,369,163,365,134,421,237,415,206,423,252,425,270,454,237,450,210,453,254,451,271,487,242,484,217,480,248,476,265
L,478,339,426,331,376,303,335,277,301,275,387,241,373,191,366,160,361,132,418,235,411,205,420,250,423,268,451,234,446,207,449,250,449,267,484,239,481,214,477,245,473,262
L,480,343,428,333,378,305,335,279,301,278,389,243,374,193,368,162,363,134,421,237,413,207,423,253,426,272,454,236,448,209,452,253,452,270,487,242,483,216,479,247,476,264
L,480,343,429,333,380,305,338,278,304,275,390,243,376,193,370,162,365,134,422,237,415,206,424,252,426,271,455,237,450,209,453,252,452,270,488,243,485,217,480,248,476,266
L,481,342,429,332,379,304,337,278,303,275,389,241,375,192,369,161,365,134,421,235,414,205,422,251,425,270,455,235,449,208,452,251,451,269,488,241,484,216,479,247,476,264
L,479,338,425,330,374,303,332,277,298,274,384,239,369,188,363,158,358,130,416,234,409,202,418,249,420,267,449,233,445,205,448,250,447,267,481,237,479,212,476,243,472,260
L,477,341,424,330,373,304,331,278,297,276,384,240,369,190,362,160,358,132,416,234,408,204,417,251,420,268,449,234,444,206,447,251,445,267,481,239,479,213,474,245,471,262
L,477,343,425,335,376,308,334,281,299,278,385,243,371,193,365,162,360,135,417,238,411,208,420,254,420,272,450,238,446,211,449,254,446,272,482,243,479,217,476,249,472,266
L,474,346,422,335,373,308,331,282,296,279,385,244,372,193,366,162,362,132,417,239,411,210,419,256,420,274,450,239,446,213,448,256,446,273,483,245,480,220,475,251,471,268
L,475,347,423,336,375,308,333,282,299,279,387,246,375,195,369,164,365,135,420,242,414,213,421,259,422,276,452,242,448,215,449,259,447,276,484,248,482,223,476,254,472,271
L,475,344,424,334,375,307,334,281,299,278,386,245,373,194,368,164,364,135,418,240,413,210,421,256,422,274,451,240,447,212,449,256,447,274,483,245,481,221,477,253,473,270
L,476,344,425,335,376,307,335,281,301,279,387,246,374,195,368,164,364,135,419,241,413,211,422,256,423,275,452,241,448,214,450,257,448,274,484,246,481,221,478,252,474,269
L,475,345,423,335,374,308,333,282,299,279,386,246,372,195,366,165,362,136,418,241,412,212,419,258,421,276,450,241,446,214,448,258,446,275,482,246,480,221,475,253,472,271
L,476,346,424,337,374,309,332,283,298,281,385,247,372,196,366,165,361,136,417,242,410,213,420,259,421,276,450,241,444,214,448,258,446,275,482,246,478,221,475,253,471,270
L,476,345,425,336,375,308,334,282,300,280,387,245,374,195,367,164,362,135,419,240,413,211,422,256,422,274,451,240,448,213,450,256,448,274,483,245,481,219,477,251,472,269
L,473,343,422,335,372,307,331,282,298,280,385,247,371,196,365,165,360,136,416,241,410,212,418,257,420,276,449,241,443,214,447,257,446,275,481,246,477,221,474,252,471,269
L,474,344,422,335,373,309,331,284,297,281,384,246,369,196,363,166,358,137,415,240,409,213,418,258,419,275,448,240,443,215,446,258,444,274,479,245,477,221,472,253,468,270
L,473,345,422,336,373,309,331,284,296,281,383,247,369,197,363,166,358,137,414,241,407,214,416,260,417,276,447,241,442,215,445,259,443,274,479,245,476,221,472,253,468,269
L,474,347,421,336,372,309,330,283,296,281,383,247,369,196,363,165,358,137,415,242,408,212,416,258,418,277,448,241,442,213,445,257,444,276,480,247,476,221,472,253,468,270
L,473,345,422,336,371,308,329,282,295,280,383,245,369,194,362,164,357,135,414,240,407,212,415,258,417,276,447,240,441,213,444,257,443,275,480,245,476,220,471,252,468,269
L,473,343,420,335,371,308,330,282,295,280,383,246,369,195,362,164,358,135,415,241,408,211,417,257,419,276,447,240,442,212,445,257,445,276,479,245,476,220,472,251,469,269
L,473,342,420,332,372,306,331,280,297,277,384,242,370,192,364,162,359,134,415,238,410,208,418,254,419,274,448,238,444,210,446,255,444,274,480,244,477,219,473,251,469,268
L,472,341,420,332,371,305,329,279,295,276,382,243,368,192,363,161,359,133,413,237,407,208,415,254,417,271,446,237,442,210,444,253,443,270,478,242,476,217,472,249,468,266
L,470,338,417,329,369,304,326,280,292,276,377,240,362,191,356,161,352,134,408,235,401,206,411,253,413,269,441,234,435,208,439,251,438,267,472,238,469,214,466,246,463,261
L,469,340,417,330,368,305,325,279,291,276,377,242,362,192,355,161,350,133,408,235,400,207,410,252,412,271,440,235,435,208,438,251,437,269,473,240,469,215,465,246,461,264
L,467,341,416,332,367,307,324,281,289,279,375,243,360,195,354,164,349,137,406,237,398,211,407,256,410,273,439,236,432,211,436,254,435,270,471,241,467,216,463,248,460,264
L,468,343,416,334,367,308,325,283,291,280,377,245,362,196,355,165,349,138,407,239,400,212,409,257,412,276,439,239,433,212,437,255,436,274,472,244,467,218,463,249,460,267
L,471,344,419,337,368,311,325,286,291,285,377,247,363,198,357,168,351,140,408,242,401,214,411,259,413,277,441,241,435,215,439,258,439,276,474,245,469,221,466,253,463,270
L,470,345,418,337,367,312,325,287,291,286,376,249,360,200,353,170,348,142,407,243,399,216,409,262,411,277,440,241,433,216,437,260,437,274,472,244,467,220,465,252,462,268
L,467,344,416,336,365,311,322,286,288,284,373,247,358,198,351,168,345,140,404,241,395,216,406,262,409,278,437,240,430,215,435,258,434,274,470,244,465,219,462,251,459,269
L,467,342,416,334,367,310,323,286,289,284,375,246,359,197,351,167,346,139,406,240,397,214,407,260,410,275,439,239,431,213,435,257,435,273,472,242,466,217,462,249,460,266
L,468,348,415,338,366,311,324,286,289,284,378,247,364,196,358,165,353,137,409,242,402,214,410,260,412,279,442,242,436,215,439,259,438,278,475,248,471,222,466,253,462,271
L,466,348,416,336,368,307,326,280,292,277,381,244,371,194,367,162,364,133,412,240,406,213,413,259,414,275,445,242,440,215,442,258,440,274,478,248,475,223,469,254,465,271
L,466,348,415,336,368,307,327,280,293,276,381,245,370,194,366,163,364,135,412,241,406,212,412,258,414,276,444,243,440,215,441,259,439,277,476,250,473,224,467,255,464,273
L,466,346,414,335,366,306,326,278,293,276,379,244,369,193,365,162,362,134,411,240,405,211,412,257,414,275,443,241,438,214,440,258,439,275,475,247,472,222,467,253,464,270
L,465,345,415,336,366,307,325,279,291,276,378,245,367,195,363,165,360,136,409,241,403,214,410,259,411,275,441,241,437,216,439,258,437,274,473,247,471,223,466,254,462,270
L,464,344,413,334,365,304,324,277,291,275,377,244,366,193,362,163,359,134,408,239,402,212,409,257,411,274,441,240,436,213,437,256,436,273,473,246,470,220,465,251,461,268
L,465,345,414,336,365,306,325,279,292,275,378,245,367,194,363,164,360,136,409,240,403,213,411,258,413,275,441,240,437,215,439,258,438,275,473,246,470,222,465,252,462,269
L,469,348,417,336,369,308,329,281,295,278,382,247,370,196,366,165,362,137,413,243,407,215,414,261,415,278,445,244,441,216,442,260,440,278,477,250,474,225,468,256,464,274
L,467,346,416,337,368,308,327,281,294,278,381,246,369,197,365,166,362,138,412,242,404,216,412,262,413,277,444,243,438,217,440,261,439,276,476,248,472,225,468,256,464,272
L,465,347,415,338,367,309,327,281,293,278,379,248,367,198,362,167,360,139,410,244,403,216,410,261,412,278,442,244,437,217,438,260,437,277,474,250,471,225,466,255,461,273
L,464,345,414,336,365,307,324,280,290,275,377,245,365,194,361,163,358,134,408,241,403,214,410,259,410,276,441,241,437,215,439,258,436,275,473,246,470,222,466,253,461,270
L,464,342,413,333,363,305,322,278,288,275,374,242,361,192,357,162,353,134,405,237,398,210,406,257,408,273,437,237,432,212,435,256,433,272,469,241,465,219,462,251,459,267
L,461,343,410,334,362,306,320,279,286,275,372,243,359,193,355,163,351,135,403,239,396,212,404,258,405,274,435,238,429,213,432,256,431,272,467,243,464,219,460,251,456,267
L,461,342,410,334,361,306,319,279,286,277,372,244,359,194,353,163,349,136,403,239,394,213,402,259,404,275,435,239,428,213,431,257,430,273,467,243,462,219,458,251,455,268
L,461,343,411,334,361,305,321,279,287,276,372,244,359,193,355,163,351,136,403,239,397,212,406,258,407,275,435,239,430,213,434,257,433,273,467,243,463,219,460,251,457,268
L,461,344,411,335,363,308,322,281,288,279,373,246,360,195,355,165,351,137,404,241,397,215,405,260,406,276,436,241,430,215,433,259,432,275,468,246,463,222,460,253,457,269
L,461,344,410,335,361,307,320,281,286,279,373,245,360,195,354,164,349,136,403,241,396,214,404,260,407,277,436,241,429,215,432,258,432,275,468,246,463,222,459,253,456,270
L,462,342,412,335,361,306,320,280,287,279,373,244,360,193,354,162,350,135,404,239,397,214,405,260,406,275,436,239,431,214,433,258,432,274,469,244,465,220,461,252,457,269
L,461,344,411,335,362,306,320,280,286,277,372,244,359,193,354,162,349,135,403,240,396,215,405,261,405,276,436,239,430,214,433,258,431,273,469,244,464,220,460,253,457,269
L,462,347,411,337,361,308,319,281,285,278,371,245,358,195,353,164,348,136,402,241,393,216,403,262,405,277,435,240,427,215,431,259,430,274,467,245,462,221,458,254,455,271
L,462,347,412,337,363,309,321,282,286,280,373,245,359,195,353,164,349,136,403,241,395,216,404,263,406,277,436,241,429,217,432,260,431,274,468,246,463,222,459,254,457,270
L,461,346,411,337,362,309,320,282,286,280,372,245,359,194,353,163,349,136,404,241,396,216,403,262,405,279,436,241,430,216,432,260,431,277,468,247,463,222,459,255,456,272
L,461,347,411,338,360,309,318,282,283,279,371,246,357,195,352,164,348,136,402,241,393,216,403,263,405,278,434,241,428,216,431,260,431,276,467,246,462,221,458,253,455,270
L,463,345,411,335,363,308,321,282,287,280,372,244,358,194,351,164,347,136,403,239,396,213,404,259,406,276,435,239,429,214,432,258,431,275,467,244,463,220,458,252,455,269
L,461,342,411,336,361,309,319,283,285,282,369,245,355,194,350,164,345,136,401,240,394,214,404,261,405,277,433,239,428,215,432,259,430,274,465,243,461,220,458,252,455,269
L,460,342,409,335,359,308,317,282,283,281,369,246,355,195,349,164,344,135,400,241,391,215,401,260,404,276,432,240,425,214,429,258,429,274,465,243,460,219,456,252,453,270
L,457,342,407,335,357,307,315,282,282,281,367,245,353,194,347,163,343,135,398,240,390,214,398,260,401,276,431,239,424,214,428,258,428,273,463,242,458,219,455,251,453,267
L,455,343,405,337,353,309,310,283,276,282,362,246,348,195,341,164,337,136,393,240,383,215,394,261,397,276,426,239,417,214,422,258,423,272,458,243,452,219,450,251,448,267
L,455,349,405,340,354,315,310,289,274,287,361,249,346,200,339,170,333,142,392,244,381,221,391,269,394,279,424,243,416,219,420,264,420,275,457,246,450,223,447,256,446,271
L,453,346,403,339,351,314,307,290,272,289,359,249,342,198,335,167,329,139,390,243,381,219,392,266,395,281,423,241,415,218,420,262,420,278,456,245,450,222,447,254,445,271
L,458,348,407,340,355,315,310,290,274,289,360,249,344,199,337,169,330,141,391,244,380,220,392,267,394,278,423,242,414,217,420,262,420,274,455,243,450,221,447,255,446,271
L,456,347,406,340,354,314,309,289,274,289,360,248,345,199,337,167,330,139,391,243,380,219,393,266,396,278,423,241,414,217,420,261,421,275,457,244,450,221,447,255,445,271
L,456,347,405,339,354,312,311,287,275,287,362,247,346,197,338,165,333,137,393,242,384,217,393,263,396,278,426,241,418,217,421,261,421,277,459,246,453,222,448,254,446,271
L,455,350,403,337,355,308,313,280,279,277,369,243,358,192,354,160,351,132,400,240,395,213,400,259,400,275,432,242,428,216,428,260,425,276,464,248,462,224,455,256,450,273
L,454,349,403,337,354,307,311,278,277,276,366,243,356,192,352,160,349,132,398,239,391,213,398,261,399,275,430,240,425,215,426,260,424,274,462,246,459,223,453,255,449,271
L,454,350,402,336,353,307,309,278,275,276,364,243,354,192,350,160,348,131,396,240,389,215,395,262,396,274,429,241,423,215,423,260,422,273,461,246,458,222,452,254,449,270
L,452,350,401,337,353,307,310,279,276,277,366,243,355,191,351,160,349,132,397,240,391,214,397,260,397,276,430,242,425,217,425,260,423,276,462,248,458,224,452,256,448,273
L,454,348,403,336,354,306,311,278,276,275,365,241,353,190,350,159,347,130,396,237,390,212,398,259,399,275,429,238,424,213,426,258,424,275,461,245,459,222,453,254,449,271
L,454,350,403,337,354,307,311,279,277,278,366,244,355,192,351,161,348,133,397,241,391,216,397,261,398,276,430,242,425,216,425,260,423,275,462,248,459,224,453,256,448,273
L,454,348,402,337,353,306,311,277,277,275,367,242,356,190,352,158,349,130,399,239,392,212,398,260,400,276,432,241,426,215,426,260,425,276,464,247,460,223,454,255,450,272
L,451,346,400,336,350,306,307,278,273,276,362,241,350,189,345,158,342,130,393,237,385,212,392,259,393,272,426,238,419,213,420,257,419,270,459,243,455,219,449,251,446,266
L,446,353,395,339,347,309,305,279,270,276,361,243,351,192,346,160,344,133,391,240,383,217,388,263,390,276,424,243,417,218,416,262,416,275,457,249,452,226,444,258,442,274
L,446,357,395,343,345,311,303,280,268,277,362,245,353,193,348,161,346,133,393,244,382,218,387,268,390,279,425,246,417,220,417,266,417,279,458,252,452,229,446,262,444,277
L,442,362,391,348,343,315,302,283,267,279,362,248,352,196,348,164,346,137,392,247,382,222,385,270,388,285,424,250,416,224,414,270,415,285,457,259,451,234,443,266,441,283
L,445,358,394,344,344,312,303,279,269,274,362,243,352,193,348,162,346,134,392,243,382,219,386,269,389,279,425,245,417,221,415,268,415,279,457,252,452,230,445,264,442,278
L,438,353,387,342,336,310,295,280,261,276,354,243,344,192,340,161,338,133,385,242,375,216,380,265,383,278,417,244,409,218,410,264,410,278,450,250,445,226,439,259,436,275
L,435,356,385,342,334,311,292,281,258,276,352,243,341,192,336,160,334,133,382,242,372,218,376,267,379,280,415,245,407,219,406,265,406,279,448,252,443,228,434,261,432,277
L,437,361,386,348,337,315,296,285,261,280,356,248,346,197,341,165,338,138,386,248,377,223,380,270,381,285,418,251,411,225,409,270,408,285,451,259,445,234,437,267,434,283
L,439,359,387,346,338,315,297,285,262,279,357,248,346,196,341,164,338,136,387,246,377,221,381,270,384,283,419,249,412,224,410,269,410,283,452,256,446,232,439,264,436,280
L,438,368,385,351,338,321,294,292,259,288,356,252,346,199,342,167,340,139,386,250,379,224,383,272,384,290,419,254,413,226,411,272,410,290,452,263,448,237,439,269,434,286
L,464,379,411,364,359,330,317,299,280,296,377,253,369,199,366,166,365,137,410,247,408,206,413,252,414,276,444,248,446,210,446,250,443,274,478,258,478,224,472,251,466,271
L,467,398,412,380,360,346,315,315,275,309,379,262,370,204,367,168,367,136,415,258,412,220,417,271,418,296,452,261,453,224,450,269,447,293,488,272,491,237,479,267,471,289
L,473,397,416,378,364,347,314,319,274,314,377,263,364,203,359,167,357,135,413,256,409,219,418,273,419,298,451,257,451,220,451,268,449,295,486,268,489,233,479,266,472,289
L,476,399,419,378,367,348,318,318,277,313,380,262,368,201,364,163,363,130,416,256,413,218,421,274,423,298,454,257,456,220,455,268,452,294,490,267,494,233,484,266,476,289
L,471,393,416,377,362,345,315,316,274,312,378,259,367,199,363,162,363,129,414,254,412,220,419,275,420,298,453,256,454,222,454,271,450,294,490,265,492,232,483,266,474,287
L,466,387,412,371,357,338,311,308,270,304,372,255,361,194,357,158,356,125,409,248,405,210,413,264,416,291,447,250,447,213,447,261,445,286,484,258,485,224,475,256,468,279
L,467,389,409,369,358,339,310,309,270,302,372,255,360,195,356,159,354,126,407,250,403,212,411,266,413,291,445,251,444,213,444,261,442,289,481,261,482,226,472,259,466,283
L,458,389,404,373,349,339,302,309,261,305,365,255,353,195,349,158,348,126,400,250,395,215,403,268,406,291,438,251,437,215,437,262,435,285,475,259,476,225,467,256,459,278
L,436,388,383,374,329,343,283,317,244,316,344,262,330,207,325,172,323,141,377,256,369,223,376,273,381,295,413,256,409,221,409,266,409,289,449,264,447,231,437,261,431,282
L,436,385,379,367,330,339,282,314,247,313,345,261,331,207,325,174,322,144,376,254,368,217,376,266,380,291,410,254,406,216,406,260,406,287,443,264,442,228,431,257,426,279
L,437,379,385,367,333,336,289,311,253,314,348,260,337,207,332,175,330,146,380,253,375,217,382,265,384,288,414,254,412,218,412,260,411,283,448,261,446,230,439,259,434,280
L,464,379,409,361,361,331,314,302,275,301,372,256,360,199,355,163,352,133,404,249,401,211,411,261,412,283,440,249,439,211,442,255,439,279,473,259,475,222,468,252,461,274
L,476,375,423,359,374,328,329,299,291,299,388,252,376,195,371,160,369,129,422,244,421,205,430,254,430,279,458,244,461,206,461,247,458,273,492,253,495,219,488,247,480,269
L,489,375,437,357,388,325,344,295,306,295,401,247,391,189,388,154,387,123,436,241,437,203,447,254,446,276,473,242,477,206,479,250,472,273,506,252,513,218,506,247,496,268
L,493,374,442,356,393,325,348,297,310,297,405,248,393,190,391,155,389,124,440,241,440,204,450,253,450,276,477,242,480,206,482,249,476,273,510,252,516,218,510,248,500,269
L,493,375,441,356,393,324,350,294,313,294,407,249,397,191,394,156,393,126,442,242,442,205,451,254,451,279,478,243,481,208,483,251,477,275,511,254,517,220,510,249,500,270
L,487,370,435,354,386,321,342,291,304,287,398,244,388,188,386,152,386,122,433,239,430,204,440,254,441,273,469,240,470,205,472,249,468,270,503,249,506,215,499,244,490,265
L,482,370,429,353,379,318,335,288,297,287,392,243,383,186,380,152,379,122,427,237,426,201,434,252,434,274,463,238,465,203,466,247,461,270,497,247,501,214,494,244,485,265
L,477,373,423,354,376,321,332,291,296,290,389,247,380,191,378,156,377,126,424,240,421,206,429,256,431,279,460,242,461,208,460,252,457,275,494,252,497,219,488,248,479,270
L,474,370,421,352,372,319,329,288,293,287,387,245,378,190,376,156,376,126,421,239,419,206,427,257,429,277,457,240,458,209,458,253,455,274,491,249,494,218,485,248,477,268
L,470,365,418,348,368,314,327,284,291,283,384,241,374,187,372,152,372,123,418,235,415,201,422,253,424,275,454,237,454,203,454,248,451,270,488,246,490,214,481,244,473,265
L,468,367,415,351,366,316,325,286,289,285,380,244,369,189,366,155,365,126,414,237,411,201,419,252,422,277,450,238,450,203,450,248,448,273,484,248,486,216,477,246,470,268
L,464,361,410,343,361,309,317,280,280,279,377,237,366,181,363,148,362,119,410,231,407,196,415,246,417,270,446,232,446,197,446,242,443,266,479,241,481,208,472,238,465,260
L,466,367,412,349,364,316,321,287,284,285,377,244,366,189,364,156,363,126,411,237,407,202,415,251,418,276,447,238,446,203,446,248,445,273,481,247,482,215,474,246,467,268
L,461,362,409,346,359,311,318,282,281,281,374,239,364,183,361,149,360,119,408,233,404,197,412,247,415,271,443,234,443,199,443,242,441,266,478,242,479,209,470,238,463,260
L,465,365,411,346,362,313,318,284,281,281,376,241,365,186,362,153,360,123,409,234,405,199,414,249,417,273,445,235,444,200,445,245,444,270,479,245,480,212,471,243,465,265
L,464,362,410,347,360,314,317,285,280,283,375,241,364,187,362,153,362,123,409,235,404,200,413,250,415,274,444,235,444,202,444,247,442,270,479,244,479,211,471,241,463,263
L,461,368,408,352,357,319,315,289,278,288,371,245,361,190,359,156,357,126,405,238,401,204,409,254,412,278,441,239,440,205,441,249,439,273,476,247,476,216,468,245,461,267
L,462,366,409,350,359,314,316,285,279,284,373,241,364,186,361,152,361,122,407,235,403,200,411,250,415,273,443,236,442,202,442,246,441,269,478,245,478,212,469,242,462,263
L,458,361,404,344,352,310,308,280,271,278,368,237,357,182,354,148,353,118,401,230,396,196,404,247,408,270,437,231,435,197,436,243,435,266,472,240,471,207,463,238,456,260
L,454,365,400,348,350,314,307,285,270,283,364,242,353,188,350,154,349,125,397,235,390,202,399,252,404,274,432,236,430,203,430,247,429,270,468,245,467,213,457,243,450,265
L,453,364,402,348,349,313,306,284,269,283,364,240,354,185,350,151,350,122,397,234,392,200,399,250,403,272,433,235,431,201,431,245,430,267,468,243,467,210,458,239,451,260
L,456,365,402,349,351,313,309,283,272,281,367,242,356,187,353,154,352,124,400,235,394,200,402,251,406,275,435,236,433,201,432,247,432,270,469,244,469,210,459,240,453,261
L,455,365,400,347,351,313,307,282,269,280,365,240,354,185,351,152,350,122,397,234,392,200,400,251,404,273,433,234,430,200,430,245,430,269,467,243,466,210,456,240,450,262
L,455,365,400,346,349,312,306,282,269,280,365,240,354,185,351,151,349,121,397,233,391,199,399,249,404,273,433,234,430,200,430,245,430,269,467,242,467,210,457,240,450,262
L,452,363,398,347,346,314,302,284,265,281,361,239,350,183,346,150,345,122,393,233,387,201,396,250,401,270,428,233,426,200,428,245,427,266,463,240,462,208,454,239,448,260
L,449,363,395,346,343,313,300,283,263,282,357,240,345,185,342,151,340,121,390,232,382,198,391,247,396,271,425,232,422,197,422,241,422,265,461,240,459,206,449,235,443,257
L,450,361,396,345,345,310,302,280,265,279,360,237,349,182,346,149,344,119,393,230,387,197,394,247,399,271,428,231,426,197,425,243,425,267,464,239,462,206,452,237,446,259
L,450,363,397,347,345,312,303,283,266,281,359,240,348,185,344,151,342,121,392,233,385,196,393,246,399,271,427,233,424,198,424,243,425,269,463,241,461,207,451,238,446,261
L,451,361,398,345,346,311,303,281,266,279,360,237,350,183,346,150,345,120,393,231,387,197,395,248,399,269,428,231,427,198,427,243,426,265,464,239,463,207,454,238,448,260
L,450,363,395,346,343,313,299,283,262,280,358,239,347,184,343,151,342,121,390,232,384,198,391,250,396,272,425,232,422,198,422,245,423,269,460,240,459,207,449,239,444,261
L,446,361,391,344,339,311,294,282,257,279,354,237,342,182,339,148,338,118,386,231,378,197,387,247,392,269,421,232,418,196,418,242,419,266,456,240,454,206,444,237,439,259
L,443,359,389,343,337,309,293,279,256,277,350,234,340,180,335,146,334,117,383,227,375,192,383,245,389,267,418,228,415,194,415,240,416,264,454,236,452,203,442,235,436,257
L,441,356,386,340,335,307,290,279,254,277,350,234,337,179,333,146,332,116,381,227,373,194,381,244,387,266,416,227,411,193,412,238,414,261,452,235,448,202,439,232,435,254
L,439,353,386,338,333,305,289,276,253,275,347,232,336,178,331,145,329,115,380,225,372,190,380,240,385,263,415,225,411,190,411,236,412,259,451,231,448,198,439,229,433,251
L,440,352,386,335,334,302,290,273,252,271,349,227,337,173,332,140,330,111,381,220,374,187,381,239,387,261,417,220,412,187,412,234,413,256,452,228,449,195,439,226,435,247
L,440,351,384,335,333,302,290,273,253,272,349,228,336,174,331,141,329,112,381,221,373,187,380,238,386,262,416,221,411,187,411,233,413,258,451,230,448,196,438,228,434,250
L,441,353,387,336,335,303,291,274,254,272,350,229,338,175,333,142,331,113,382,222,375,188,382,240,387,263,417,222,414,188,413,235,414,258,452,231,450,198,440,229,435,251
L,439,352,385,337,334,304,291,274,255,272,350,230,338,176,333,144,331,114,382,223,374,189,382,239,388,264,417,224,413,189,412,235,414,260,452,232,449,199,439,230,435,252
L,443,352,388,335,337,302,294,272,258,271,353,229,340,174,336,142,333,112,385,222,378,186,385,237,391,263,420,222,417,187,416,233,418,260,455,231,453,197,443,228,438,252
L,444,353,391,338,338,303,295,272,259,271,354,230,343,176,340,143,339,114,386,223,379,190,387,241,393,264,422,224,419,190,418,235,419,259,458,232,455,199,445,230,439,252
L,443,349,390,335,337,300,295,269,258,268,353,226,342,172,338,139,337,110,386,220,380,186,388,236,393,260,421,220,418,186,418,231,419,255,457,228,454,195,445,226,440,248
L,444,354,391,338,338,303,295,273,259,271,353,230,343,176,339,142,338,113,386,224,380,189,387,239,392,263,422,224,419,190,419,234,419,258,457,232,455,199,446,228,440,250
L,442,352,388,337,337,303,293,273,256,272,352,229,340,175,337,142,336,113,384,222,378,190,386,241,391,263,420,223,416,190,417,235,417,258,455,231,453,199,444,230,438,251
M,403,357,357,327,341,276,374,242,403,220,346,242,335,203,337,239,345,267,377,236,369,189,365,235,370,262,409,239,407,189,397,233,395,261,440,249,438,213,424,237,418,256
M,408,357,363,326,349,275,381,242,410,220,351,241,342,204,346,240,351,268,382,234,376,189,374,234,377,261,415,237,415,188,405,231,402,259,446,247,445,213,432,237,424,256
M,412,354,361,320,345,269,378,232,407,207,349,240,334,195,335,226,343,257,379,232,365,180,362,219,370,250,410,232,402,175,393,212,395,242,441,239,434,198,420,218,417,240
M,416,355,362,326,343,279,372,241,400,217,348,253,333,208,332,231,341,260,376,243,361,191,357,221,364,252,404,240,395,186,385,214,388,246,435,244,425,203,412,218,410,241
M,417,361,364,329,346,283,375,248,403,225,354,255,338,212,336,236,343,265,381,247,367,196,362,227,368,258,409,246,402,191,390,220,392,252,439,251,432,211,418,225,414,248
M,429,376,383,350,365,302,393,267,420,244,369,274,357,237,363,270,372,296,399,266,389,220,391,263,397,290,429,267,424,221,419,265,420,292,460,274,455,242,445,269,442,289
M,430,374,383,346,365,297,395,262,423,237,367,270,354,232,361,265,370,293,397,262,386,217,388,260,395,288,428,263,422,215,417,257,417,286,459,270,452,237,442,262,438,283
M,429,367,379,339,360,292,389,255,417,231,366,262,353,225,359,258,368,286,395,254,385,209,386,251,392,280,426,255,421,207,415,250,415,279,457,263,450,229,441,255,437,276
M,424,362,376,333,359,285,387,250,414,226,362,259,348,218,354,249,363,277,391,251,380,204,382,243,388,272,421,251,416,201,409,241,410,271,452,258,446,221,435,243,429,266
M,426,362,378,332,361,285,390,250,418,227,364,260,351,218,356,250,366,278,393,252,383,204,384,244,390,273,423,252,417,202,411,242,412,271,454,258,448,222,436,245,432,266
M,427,361,379,332,362,283,392,248,418,224,365,257,351,217,356,249,365,277,393,249,382,202,384,243,391,271,424,249,417,200,411,241,413,270,454,256,448,221,437,246,434,267
M,440,351,392,321,375,269,405,231,433,206,377,242,365,200,371,234,380,262,408,232,398,183,398,224,404,252,439,233,435,184,428,225,429,254,470,241,468,203,456,228,451,249
M,445,354,394,322,379,269,413,231,443,206,380,239,371,197,379,232,386,261,414,230,407,182,410,227,413,256,447,232,447,182,441,226,438,256,480,241,480,204,469,229,460,250
M,447,355,393,315,378,255,417,215,452,189,382,224,371,173,377,212,386,247,419,215,411,156,410,205,415,240,456,218,455,157,446,205,444,239,493,229,492,186,477,212,470,236
M,442,355,385,310,369,245,412,202,451,175,375,210,365,154,370,198,378,236,415,202,409,138,406,194,410,231,456,206,456,141,444,194,441,231,496,219,495,172,478,201,468,227
M,426,360,368,310,352,241,398,198,438,169,361,203,346,147,346,191,354,231,402,197,393,129,385,185,390,226,444,202,444,132,427,186,424,226,485,217,485,165,465,193,454,220
M,435,362,376,310,360,242,406,201,448,177,369,207,357,149,358,194,365,234,410,201,403,133,397,189,402,229,453,206,453,135,438,189,434,229,494,220,494,168,474,196,464,223
M,440,364,382,314,367,243,414,199,454,171,373,209,360,149,362,195,370,234,415,201,406,134,401,191,406,230,457,206,457,136,441,191,439,230,498,220,496,169,477,199,468,226
M,445,364,387,316,371,247,417,203,457,174,378,210,366,152,368,197,375,236,420,203,412,136,406,191,410,231,462,209,462,138,447,191,443,231,503,223,502,171,483,199,473,226
M,443,366,385,320,366,256,406,213,444,186,372,224,358,167,362,210,372,247,411,215,400,148,398,202,405,240,451,216,447,148,435,199,435,237,492,226,486,177,469,205,462,232
M,432,355,375,314,355,258,387,216,419,188,362,226,347,171,350,208,361,244,397,217,385,154,383,200,392,236,433,217,427,154,417,199,419,234,471,226,464,178,447,203,442,230
M,435,351,379,311,362,251,399,207,432,177,366,220,349,168,353,205,363,240,401,211,387,150,387,197,394,233,438,212,432,148,422,194,422,230,476,222,469,175,455,202,449,229
M,444,358,389,316,372,255,413,213,449,183,378,223,363,172,367,211,376,247,414,215,404,155,402,204,408,241,452,218,449,155,438,202,437,239,489,229,484,183,470,210,464,235
M,447,358,392,317,376,257,415,215,451,188,381,226,369,173,375,212,383,247,418,218,410,158,408,206,413,242,456,220,453,157,444,204,442,239,493,230,489,185,474,212,467,238
M,451,357,395,316,380,257,419,215,454,189,385,227,373,175,378,213,387,247,422,219,413,158,412,206,417,241,458,221,456,158,446,204,445,239,495,232,491,186,476,213,470,238
M,451,355,395,314,379,255,416,215,451,189,386,224,374,174,379,211,388,246,422,217,414,159,413,205,418,240,458,219,456,159,447,204,446,239,495,230,492,185,478,212,471,237
M,449,355,395,313,380,254,418,213,451,185,386,224,374,175,378,211,386,245,421,216,413,159,411,204,415,239,457,219,455,158,445,203,444,237,493,229,488,186,474,212,469,236
M,443,351,389,312,374,256,410,216,443,189,378,226,365,176,369,211,378,245,413,218,402,161,401,204,407,238,447,219,443,158,434,200,434,234,483,229,477,185,462,209,457,234
M,442,348,388,309,372,253,408,213,441,187,378,224,365,176,369,210,378,243,412,216,402,158,401,201,406,236,446,218,443,157,433,199,433,234,482,227,476,184,462,207,456,232
M,439,351,386,311,371,255,408,214,440,186,375,225,361,176,366,211,375,245,409,217,399,160,397,203,403,238,445,218,440,159,431,201,430,236,480,228,474,185,460,209,454,234
M,440,350,387,311,370,255,407,215,440,188,376,224,362,177,365,212,374,245,410,217,400,160,397,203,403,237,445,219,442,159,431,201,431,236,480,229,475,185,460,208,455,233
M,440,351,387,311,370,256,405,216,437,189,376,226,362,178,367,212,376,245,410,218,400,161,399,205,405,239,445,220,441,160,432,203,432,237,480,229,475,186,461,209,456,233
M,441,349,386,310,369,255,404,216,437,190,375,225,361,177,365,212,374,244,409,217,398,161,397,204,404,238,443,219,439,159,430,201,430,235,478,228,473,183,459,207,453,233
M,446,349,391,313,373,258,408,217,440,189,375,228,363,182,373,217,382,249,409,219,399,164,405,209,411,242,444,220,441,161,438,204,437,238,480,228,476,186,467,211,461,235
M,455,343,400,311,379,258,412,216,445,189,381,227,369,181,380,215,390,246,415,216,405,162,413,207,418,239,450,216,447,158,445,202,445,234,485,224,482,182,474,207,467,232
M,460,338,404,310,380,256,409,214,440,186,383,226,372,178,385,213,395,243,418,213,409,157,417,204,423,235,453,211,449,156,450,201,450,233,488,217,487,175,478,202,471,226
M,460,342,404,310,384,256,418,215,451,189,386,226,376,180,387,214,396,245,421,215,412,161,420,206,424,238,457,214,454,158,453,202,452,236,492,222,490,179,481,204,474,230
M,455,346,400,312,379,256,412,212,444,184,381,226,369,177,380,212,390,243,416,215,406,159,413,204,418,237,452,214,447,156,446,200,445,233,487,223,483,179,474,205,468,231
M,450,343,397,310,378,256,412,215,444,188,379,225,367,178,376,213,387,245,413,214,402,159,408,204,415,236,448,214,444,156,441,199,442,231,484,223,479,181,470,205,465,228
M,448,346,394,312,374,257,408,215,440,187,375,227,362,179,372,214,383,245,409,216,399,161,405,207,411,238,444,216,439,157,437,202,437,235,480,224,476,181,466,208,460,233
M,448,347,392,313,371,258,402,215,432,186,374,227,361,179,371,214,381,246,409,216,398,161,403,205,408,238,444,216,440,158,435,202,436,235,480,225,476,181,465,206,458,230
M,446,347,392,312,373,255,409,213,440,185,373,226,360,179,369,215,379,247,407,216,396,161,400,207,407,239,443,216,438,157,433,202,434,235,478,224,473,181,463,208,457,233
M,446,344,392,311,371,256,403,214,434,187,374,227,361,179,370,215,380,246,408,216,396,160,401,206,408,238,443,215,437,156,434,201,434,233,478,223,473,181,462,208,455,232
M,445,346,390,310,371,256,406,215,437,188,374,226,360,180,369,215,379,247,408,216,397,162,401,208,407,240,443,216,438,159,434,203,434,237,479,225,475,182,463,208,457,233
M,444,345,391,311,371,256,404,214,435,187,373,225,360,179,370,215,380,246,407,215,397,161,401,207,407,239,443,215,438,158,434,202,434,235,478,224,474,182,463,208,457,232
M,442,349,387,313,369,257,403,216,434,189,370,228,356,181,365,216,375,248,405,218,393,164,397,210,403,241,440,218,434,160,430,206,430,239,476,226,470,183,460,210,454,234
M,442,348,386,312,366,257,399,215,430,187,370,227,356,180,364,215,374,247,404,217,393,162,396,207,402,240,440,217,435,159,429,202,428,236,475,226,470,183,459,208,452,233
M,445,352,390,315,374,258,410,217,440,188,376,226,362,182,370,217,379,249,411,217,400,164,403,208,408,241,446,219,443,161,437,206,436,241,482,228,480,185,468,210,460,235
M,445,355,393,316,377,259,413,220,446,193,383,227,373,182,378,220,385,253,419,219,412,164,409,213,412,246,455,222,455,166,444,213,441,245,490,233,489,193,474,220,466,243
M,443,351,390,312,375,255,412,217,444,191,382,224,372,177,376,214,383,247,417,216,410,160,409,207,413,241,453,220,453,161,443,207,440,241,489,231,487,189,473,216,464,240
M,446,354,395,314,380,255,417,217,449,190,386,224,376,177,379,215,386,248,422,216,415,162,412,210,416,242,458,220,457,163,447,209,444,242,493,232,491,191,477,218,469,241
M,446,351,395,310,382,254,419,216,451,188,387,223,376,176,380,213,387,246,422,216,414,160,412,206,415,240,458,219,456,161,446,205,444,239,493,230,492,188,477,213,469,236
M,447,352,396,311,383,253,422,214,455,187,388,222,378,176,382,213,389,246,423,215,416,161,414,207,417,241,459,219,459,162,448,206,444,239,493,230,493,188,478,214,469,237
M,446,351,393,311,379,254,416,215,448,187,384,224,372,177,378,214,386,247,419,216,410,160,409,205,414,239,454,218,452,160,443,203,442,236,489,229,487,188,473,212,466,235
M,444,347,389,313,371,257,406,215,436,187,373,226,359,179,368,215,378,247,407,215,397,161,401,207,407,239,442,216,438,158,434,203,434,236,477,224,474,182,463,209,457,233
M,443,347,389,313,371,257,404,216,434,187,371,227,358,181,367,217,377,249,406,215,394,161,398,207,405,240,441,215,436,158,432,203,433,235,477,223,472,183,462,209,457,233
M,443,346,388,312,369,255,404,213,435,184,370,225,356,179,365,215,375,248,405,215,392,161,397,207,403,240,440,215,435,157,430,203,430,236,476,223,471,181,460,207,455,232
M,443,344,387,312,367,256,400,213,430,184,368,223,353,177,363,214,375,246,403,211,390,158,396,206,403,237,438,211,432,154,429,201,430,233,473,220,469,178,459,206,454,230
M,442,339,388,307,368,252,401,210,431,182,368,220,353,175,364,211,375,243,402,209,389,155,395,201,403,234,438,209,431,151,428,195,429,228,473,217,467,175,458,201,453,224
M,443,337,387,304,366,250,398,207,428,178,368,220,353,174,364,209,376,240,401,208,388,153,395,198,403,231,436,207,430,149,428,193,429,226,471,214,466,172,456,197,451,222
M,441,333,387,302,366,246,397,203,426,174,366,216,351,170,362,206,373,237,400,205,386,151,392,196,400,228,435,204,428,146,425,191,427,223,470,211,464,169,454,195,449,220
M,439,332,383,303,362,248,394,204,424,175,363,217,348,170,358,205,369,236,396,205,384,150,389,197,396,228,431,204,424,146,421,192,423,225,466,211,460,168,451,196,446,220
M,438,333,382,300,361,245,393,202,422,172,363,216,347,171,357,206,368,238,396,204,382,150,387,195,394,228,431,202,423,145,420,190,422,222,466,209,458,169,449,196,445,219
M,436,334,380,302,359,247,394,204,424,175,361,217,346,172,355,208,366,239,395,205,382,152,387,199,394,231,430,204,423,147,419,192,420,226,465,211,459,170,448,197,442,221
M,436,335,380,302,360,248,392,207,421,178,361,218,346,174,356,207,367,238,395,206,381,153,387,197,395,229,429,205,422,148,420,191,421,225,465,213,459,171,449,197,444,223
M,436,337,381,304,361,249,394,206,425,176,363,219,346,173,355,207,365,239,396,208,383,154,386,198,393,231,431,208,425,149,420,193,420,227,467,215,461,172,450,196,444,221
M,436,338,382,306,362,250,395,208,424,179,364,219,349,173,358,209,369,240,397,208,385,154,390,199,397,232,432,208,426,150,423,195,424,228,467,216,461,174,452,201,448,225
M,437,343,387,303,375,247,415,211,449,188,381,216,372,168,375,204,380,237,416,210,410,155,407,198,410,232,451,215,453,156,442,198,437,232,485,227,487,183,471,205,461,229
M,429,348,381,303,373,245,414,209,449,184,380,216,373,168,373,203,377,237,415,212,411,154,405,197,406,232,450,217,454,158,439,199,434,233,484,231,484,188,467,212,457,235
M,430,350,382,305,375,248,416,213,451,190,382,219,374,169,375,205,379,238,417,215,414,158,407,201,408,235,451,221,455,162,441,203,436,236,485,235,485,192,469,215,460,238
M,431,349,383,305,374,249,413,215,448,193,383,219,375,170,375,206,380,239,417,214,414,157,406,201,408,235,452,220,455,160,440,201,436,234,486,233,487,190,469,211,459,234
M,432,351,384,309,374,251,413,218,448,197,381,223,373,172,374,209,379,242,415,218,411,160,405,204,408,239,450,223,453,163,439,205,435,238,485,235,483,192,466,215,458,239
M,432,350,383,306,374,249,414,213,448,190,381,221,373,171,374,207,379,240,416,216,412,159,406,203,408,237,451,221,453,162,439,204,436,237,485,234,484,191,467,214,459,237
M,430,353,382,309,373,253,412,218,446,196,380,225,372,174,371,209,377,243,414,220,410,161,403,205,406,239,449,224,450,164,436,206,434,239,484,236,482,193,465,215,458,239
M,429,351,381,308,372,252,409,217,442,194,379,223,371,172,371,209,376,242,413,218,408,160,402,204,405,237,448,222,448,163,434,204,432,237,483,234,481,191,463,213,454,236
M,430,351,381,308,370,252,408,217,443,194,378,224,369,175,370,210,375,243,412,218,407,161,401,205,404,239,447,222,448,163,434,204,431,237,481,234,479,191,462,214,454,237
M,432,353,383,309,374,252,414,218,450,195,382,223,371,175,372,211,378,245,416,218,410,163,404,207,408,240,450,223,451,165,438,207,435,239,485,236,484,193,467,216,459,239
M,430,350,381,307,371,251,408,216,441,193,378,222,368,173,368,209,374,242,411,216,405,159,399,203,402,237,446,220,447,161,432,203,429,236,480,232,479,189,460,211,451,235
M,434,347,384,305,372,249,408,213,442,190,380,220,370,172,371,207,377,240,414,215,408,159,403,202,406,235,448,219,449,160,436,201,432,234,482,231,481,187,464,210,455,233
M,433,347,384,304,373,250,411,214,444,191,381,220,371,172,372,206,378,239,415,215,408,158,402,199,405,233,449,219,449,160,435,200,432,233,484,231,481,188,463,209,454,232
M,433,349,384,306,373,249,411,213,444,188,379,220,368,173,370,208,376,241,413,214,406,158,402,202,405,235,448,218,448,160,435,202,433,234,482,230,480,187,464,210,458,233
M,432,349,383,306,372,251,410,216,445,193,379,222,369,174,371,209,377,242,413,217,406,160,402,204,405,238,447,220,447,162,435,204,433,237,482,232,479,189,464,213,456,237
M,432,352,383,309,372,253,410,217,443,193,380,223,368,175,369,209,374,242,413,218,405,162,400,204,403,239,447,222,446,163,434,204,431,237,481,234,479,190,464,212,456,235
M,432,351,383,308,372,253,409,217,443,195,380,224,369,176,371,212,377,244,413,218,406,162,401,206,405,240,447,222,447,163,434,206,432,238,481,234,479,191,462,215,455,238
M,434,353,385,311,372,255,406,219,437,195,379,227,370,175,370,210,377,243,413,221,407,162,401,204,405,238,447,224,446,166,433,205,431,238,482,235,480,191,462,212,453,236
M,432,352,383,310,372,254,407,219,439,194,378,226,368,177,370,213,376,246,412,220,405,164,401,208,404,241,447,224,446,165,434,208,432,240,481,235,479,191,463,216,456,239
M,434,352,384,309,372,255,410,219,443,196,381,227,371,178,372,212,378,245,415,222,408,164,402,207,407,241,449,225,449,165,435,206,433,239,483,237,481,192,464,215,456,239
M,434,352,385,309,374,254,410,218,443,194,382,225,371,177,371,210,377,243,415,219,408,162,402,204,405,239,449,223,449,164,435,203,433,237,483,235,481,191,464,213,456,237
M,438,350,388,308,376,253,414,217,447,194,384,225,374,176,374,211,381,244,417,219,411,162,405,205,409,238,451,222,451,163,438,204,436,238,486,234,483,191,466,213,459,236
M,437,350,387,309,374,253,411,218,444,194,382,225,372,177,374,211,380,244,416,219,408,163,404,206,409,240,450,222,448,163,437,204,435,237,484,233,481,190,465,213,458,236
M,438,350,389,308,378,252,415,215,448,190,385,223,373,176,374,210,381,243,418,217,410,162,405,204,408,237,452,220,451,161,438,202,436,235,486,232,482,189,466,212,459,235
M,434,348,386,306,374,251,408,216,439,192,381,223,370,175,370,210,377,242,414,216,406,161,400,204,406,236,447,219,445,161,432,202,432,234,482,230,479,188,461,210,453,232
M,432,351,384,308,372,252,409,216,442,191,379,223,367,176,366,210,372,243,412,217,403,161,397,203,401,238,445,221,444,161,430,201,429,234,480,232,476,188,459,209,451,232
M,434,351,384,309,372,255,406,218,437,193,378,227,367,177,368,212,376,244,412,220,404,163,399,206,403,239,446,223,443,164,431,205,430,237,480,233,477,190,460,212,453,236
M,428,349,378,308,364,253,400,216,433,191,370,224,356,177,357,212,365,244,403,217,392,161,388,206,395,239,437,219,433,160,421,203,422,235,471,229,466,186,450,210,445,233
M,435,345,379,308,362,254,396,214,427,186,368,224,354,178,360,212,369,244,401,216,391,162,392,204,397,237,435,217,431,158,424,200,424,234,470,227,465,184,452,208,446,232
M,433,345,380,308,364,255,399,216,430,189,370,223,356,176,361,210,369,242,403,215,393,160,393,201,399,234,437,217,435,158,427,199,426,233,472,227,471,183,457,204,450,228
M,435,350,383,314,367,259,399,219,429,193,373,227,363,180,369,214,377,247,407,219,400,164,401,208,405,241,441,221,440,164,434,207,433,239,476,232,474,190,462,216,455,240
M,443,348,389,313,369,257,402,216,435,189,373,226,363,177,373,214,381,245,408,216,400,160,406,207,410,239,444,217,442,158,440,202,438,235,479,227,478,184,468,210,461,234
M,443,348,389,313,370,258,403,216,434,190,374,227,363,178,372,213,380,246,409,217,400,161,404,206,408,239,444,218,442,159,437,203,435,237,480,227,477,185,465,211,457,235
M,439,348,384,312,367,256,401,215,433,187,370,226,358,178,366,213,375,245,404,217,395,160,397,205,403,239,440,217,436,158,430,202,430,235,475,226,470,184,459,209,452,234
M,436,348,383,311,366,256,400,215,429,187,370,226,356,180,364,214,373,246,403,217,392,163,395,206,400,238,438,217,433,159,428,201,427,236,474,226,468,183,456,208,449,234
M,437,351,385,312,369,256,405,217,437,191,373,228,362,180,367,216,376,248,408,219,399,164,399,208,405,242,443,221,440,162,432,206,431,239,478,231,473,188,460,214,454,239
M,432,351,379,312,363,259,395,220,424,194,367,229,356,178,360,213,369,245,401,220,392,161,391,203,396,236,435,221,431,163,422,202,423,235,471,230,468,186,452,207,445,231
M,430,347,376,309,361,255,395,215,427,189,367,225,354,179,360,214,368,246,400,216,390,161,390,204,396,237,434,217,431,159,423,201,424,234,469,227,464,184,452,209,447,233
M,430,353,379,312,366,255,403,216,436,189,371,226,358,179,361,213,368,246,405,220,395,164,392,205,397,239,439,223,437,163,425,202,424,236,474,234,471,190,455,212,447,236
M,427,354,376,313,364,256,401,217,434,191,370,227,358,180,360,214,368,247,404,220,395,165,392,207,396,241,438,223,436,164,425,205,424,238,473,234,468,191,453,215,447,238
M,423,351,372,311,359,259,393,222,423,199,365,231,355,183,358,217,364,248,398,225,391,170,388,211,392,243,431,228,430,171,419,210,417,242,464,237,462,196,445,217,438,239
M,416,346,367,308,354,258,386,222,415,198,360,230,349,186,351,216,358,247,391,223,382,171,379,209,384,241,423,225,420,170,410,206,409,237,455,235,452,195,437,214,430,236
M,418,342,368,308,352,256,384,219,414,195,356,229,344,184,351,217,359,247,388,220,379,167,380,209,385,240,421,221,416,165,410,206,411,236,454,229,448,189,437,213,433,236
M,423,343,373,310,358,258,391,220,421,196,361,231,349,186,355,220,364,250,393,222,383,170,385,212,391,243,426,223,422,168,416,209,416,240,459,232,454,192,443,217,438,240
M,424,349,374,314,359,261,393,223,422,198,364,235,352,190,358,223,366,253,396,227,386,174,386,215,391,247,429,228,425,173,417,213,417,245,462,237,459,195,446,217,439,239
M,424,348,375,314,360,261,394,225,424,200,364,234,352,188,358,223,365,253,396,226,387,174,388,216,393,246,429,227,427,172,419,212,418,243,462,237,459,196,446,219,439,241
M,426,348,377,313,362,261,396,224,425,198,366,233,354,189,359,222,368,253,398,225,389,174,390,215,395,246,431,226,428,172,421,213,421,245,464,236,461,197,449,221,443,244
M,423,348,374,314,359,263,393,226,423,202,363,235,352,190,358,224,365,254,395,227,387,175,387,217,391,248,428,228,425,173,418,215,417,246,461,237,457,198,444,222,438,244
M,425,347,375,313,360,261,393,223,423,197,364,232,351,189,356,222,365,252,396,224,386,172,386,213,392,245,428,225,425,171,418,212,418,243,461,235,456,195,445,220,441,243
M,425,347,375,313,359,260,390,222,418,196,363,233,352,187,356,221,365,251,395,224,386,172,386,213,391,244,428,225,424,171,417,212,417,243,461,234,455,195,444,220,439,242
M,427,346,377,313,361,260,394,223,425,199,365,232,352,188,357,221,367,251,397,224,387,173,387,214,394,245,429,226,425,171,419,211,419,242,462,235,458,195,446,218,442,241
M,425,346,375,310,361,259,393,221,422,194,365,230,353,187,357,218,365,249,397,223,388,171,386,210,391,242,430,224,426,169,417,208,417,240,462,234,458,194,445,215,439,238
M,424,348,374,313,360,260,395,224,425,198,365,233,352,190,356,223,364,253,396,225,386,174,385,215,391,245,428,227,425,172,417,211,416,242,461,236,457,195,444,217,438,240
M,424,346,374,312,359,260,392,222,421,197,364,232,351,188,356,221,364,252,396,224,386,171,384,212,390,244,428,225,425,170,416,210,416,241,460,234,455,195,442,217,437,239
M,422,346,372,312,357,261,390,224,420,200,361,234,349,188,354,222,363,252,392,225,383,173,384,215,390,245,425,226,421,171,415,213,415,243,458,235,453,195,442,220,437,242
M,425,347,375,312,360,261,393,224,423,200,366,234,353,190,358,223,366,252,398,226,388,175,388,215,394,246,430,228,426,172,418,211,419,243,462,237,458,196,445,219,440,241
M,427,347,376,311,362,260,396,222,426,197,367,231,355,189,360,221,367,251,398,224,389,173,389,214,394,245,431,225,428,171,420,211,419,242,463,234,461,194,447,216,439,239
M,426,346,377,312,362,261,394,224,422,199,366,233,353,190,358,223,367,252,397,225,388,175,387,215,393,245,429,227,426,172,419,212,419,242,461,236,457,197,445,220,439,242
M,425,345,376,311,361,259,394,223,423,199,364,232,352,188,357,221,366,250,396,224,386,173,387,213,392,244,428,225,424,171,417,210,417,241,460,233,455,194,443,216,438,239
M,424,345,375,311,360,261,391,225,420,201,364,233,351,188,356,221,365,251,395,225,385,173,385,214,392,245,427,226,423,171,416,212,417,242,460,234,454,195,442,219,439,241
M,423,346,374,312,358,262,388,225,418,201,364,233,350,190,355,222,364,252,395,225,384,174,384,213,390,245,427,226,422,172,415,211,416,242,460,235,454,195,443,217,438,241
M,422,347,372,311,357,260,389,223,417,197,364,231,350,189,354,221,362,251,394,223,384,173,384,213,389,244,427,225,423,171,415,211,415,243,459,234,455,194,442,216,436,239
M,422,347,372,311,357,260,390,222,420,197,362,234,349,190,353,222,362,253,393,226,383,174,382,214,388,246,425,227,421,172,414,211,414,242,458,235,453,195,440,217,435,240
M,425,347,375,312,359,262,390,225,419,200,365,233,351,189,355,221,364,251,395,226,384,174,384,214,391,245,428,227,422,171,415,210,416,242,460,236,455,195,442,217,437,241
M,423,346,373,312,358,260,390,224,421,200,363,233,349,190,354,223,362,252,394,225,383,174,383,214,389,245,426,226,421,172,413,212,414,243,459,234,453,195,440,218,435,240
M,426,342,376,307,362,256,397,218,427,191,365,228,352,186,355,217,362,247,396,221,385,171,383,209,388,240,428,222,424,167,414,205,413,237,460,231,456,191,442,212,435,236
M,427,342,377,308,361,257,394,220,424,195,366,229,354,186,358,218,365,247,397,221,387,171,388,210,393,240,429,222,426,168,419,206,418,238,462,231,458,191,446,213,439,236
M,424,344,376,310,361,259,393,223,422,197,364,232,351,187,355,219,363,250,395,224,385,172,383,212,389,243,428,225,423,171,415,209,415,239,460,234,455,194,443,217,438,239
M,425,344,375,309,359,259,391,222,420,199,364,232,352,188,357,221,365,250,395,223,386,172,386,212,392,243,427,224,423,170,417,210,417,240,459,233,455,193,443,217,438,240
M,422,347,373,312,358,262,389,226,417,202,361,235,348,190,353,222,362,251,392,227,381,175,381,214,387,245,424,227,418,174,411,212,412,242,457,235,452,195,439,217,434,239
M,421,347,371,312,356,260,389,224,419,200,361,232,347,190,352,222,361,252,392,224,382,174,382,215,388,245,424,225,420,171,413,211,414,242,457,235,453,195,441,217,436,240
M,422,347,373,313,358,263,389,227,418,203,362,237,350,191,354,223,362,253,393,228,383,175,381,215,387,246,425,229,419,174,412,212,413,243,458,237,452,197,439,219,434,241
M,421,347,371,312,358,260,392,224,421,198,362,233,348,189,352,222,360,252,393,225,382,174,381,215,387,246,425,226,420,171,411,211,412,242,457,234,451,195,438,218,433,241
M,425,345,376,309,360,259,392,223,420,199,365,232,351,189,356,221,364,250,396,224,386,175,384,213,390,244,427,226,423,172,415,210,415,241,459,235,455,195,442,217,436,239
M,424,345,375,309,361,259,390,221,418,196,366,231,353,187,356,218,365,248,397,223,387,171,385,210,390,241,429,224,425,169,415,207,416,239,461,233,456,193,443,215,438,237
M,421,344,373,310,358,261,388,225,417,202,362,234,349,189,353,221,362,250,392,226,382,173,381,212,387,243,424,226,419,171,411,209,412,239,457,234,451,194,437,215,432,237
M,422,345,372,311,357,259,390,222,419,197,361,233,348,189,352,221,360,251,392,225,382,173,380,213,386,244,424,226,420,171,411,210,412,241,457,234,450,194,437,217,432,239
M,419,346,369,310,355,260,387,224,416,199,359,233,345,189,348,221,356,251,389,225,377,172,375,212,382,243,421,225,414,171,406,210,408,241,454,233,447,193,434,216,431,239
M,421,348,371,312,356,262,388,226,417,201,362,234,348,192,351,224,359,254,392,227,381,176,379,216,385,247,424,228,419,173,410,212,411,243,456,236,451,197,437,219,431,241
M,419,346,370,311,356,262,387,227,416,203,362,233,348,191,350,223,359,253,392,226,382,174,379,216,386,247,423,227,419,173,409,213,412,243,456,235,450,196,436,219,433,241
M,420,346,372,311,358,260,389,225,418,200,362,234,348,191,350,223,358,252,392,226,380,175,378,216,385,246,424,226,418,172,409,211,410,241,456,234,449,196,435,219,431,241
M,421,346,371,310,358,259,391,224,419,199,363,231,347,190,350,223,360,252,393,223,382,174,379,215,387,244,424,225,420,170,410,210,413,240,456,233,450,194,436,217,434,239
M,420,347,370,311,356,261,387,225,415,201,361,233,346,190,349,222,358,251,391,225,380,175,377,215,384,245,423,226,417,172,407,212,409,241,455,234,448,194,434,216,430,238
M,422,345,372,310,358,260,390,225,419,201,363,233,348,191,351,222,360,252,393,225,380,175,379,214,386,245,424,226,418,172,410,211,411,241,456,234,449,195,437,217,433,240
M,422,344,374,309,360,259,392,224,421,200,364,232,351,190,353,222,362,251,394,224,384,172,380,212,387,242,426,225,421,171,411,209,412,239,457,233,451,194,437,217,433,238
M,420,347,372,311,358,261,389,227,417,203,364,234,349,191,350,222,358,252,393,226,381,176,378,216,385,246,424,227,418,173,409,212,411,242,456,236,449,196,436,218,432,240
M,421,344,372,308,358,259,392,224,422,200,365,231,350,191,351,221,359,251,395,224,383,174,379,212,386,244,426,226,421,171,410,208,412,239,457,235,451,195,437,216,433,238
M,420,344,370,307,356,259,388,224,416,200,363,231,349,190,350,221,359,250,393,224,382,174,379,213,386,243,424,225,419,171,409,209,411,239,456,233,449,194,435,215,431,237
M,424,344,375,308,361,258,393,222,420,196,366,231,351,190,353,221,361,250,396,223,384,173,381,211,387,242,427,225,422,171,412,208,413,239,458,233,452,194,438,216,434,238
M,422,342,373,307,358,257,390,221,418,197,363,230,349,189,351,220,360,249,393,222,382,173,380,212,387,242,424,223,419,169,410,208,411,238,456,231,449,192,435,214,431,236
M,425,343,376,308,362,257,393,221,421,197,366,231,352,189,355,220,363,249,396,223,384,174,382,212,388,242,427,224,421,171,413,209,413,238,459,232,453,193,440,214,435,236
M,426,342,377,308,363,259,395,223,423,198,367,232,354,188,358,219,366,248,397,223,387,173,386,212,392,242,428,224,423,170,415,207,416,237,460,232,454,193,442,214,437,236
M,427,342,378,308,363,258,396,223,425,200,367,232,354,188,358,219,367,249,397,224,387,173,387,213,393,243,429,224,424,170,417,208,418,238,461,233,455,193,443,216,439,238
M,428,343,381,309,366,258,397,223,425,198,369,231,356,188,360,220,368,249,400,223,389,172,388,212,394,242,431,223,427,170,419,209,419,239,463,232,457,194,445,217,440,239
M,426,343,378,308,363,259,394,222,421,197,369,231,354,189,357,220,365,250,398,223,387,173,385,212,392,243,430,224,424,170,416,209,417,239,461,233,456,193,443,214,439,237
M,425,343,377,309,363,259,395,222,424,197,367,232,353,190,355,222,364,251,397,224,386,174,383,213,390,243,428,225,423,170,414,209,416,239,460,233,454,194,440,216,436,238
M,427,344,378,308,363,258,396,222,425,198,368,232,354,191,356,222,365,251,398,225,387,174,384,213,391,244,429,226,425,171,415,209,416,240,461,234,455,195,441,216,436,238
M,425,343,376,308,361,259,392,223,420,199,367,231,353,191,356,222,365,252,397,224,386,175,384,214,390,245,429,225,424,171,414,210,415,240,461,233,455,194,441,216,435,237
M,426,343,378,309,363,258,395,223,424,199,367,231,353,189,356,221,364,250,397,223,386,174,384,214,391,243,429,224,423,171,415,210,416,240,461,233,454,194,442,217,438,239
M,427,344,378,308,363,260,393,224,420,200,368,232,354,190,356,221,364,250,398,224,387,174,384,212,389,243,429,225,424,172,414,210,415,240,461,233,455,194,441,215,435,237
M,427,343,378,309,364,259,396,224,424,199,368,231,354,189,357,220,365,250,398,224,387,174,385,213,392,244,429,225,423,171,415,209,416,240,461,233,454,193,441,215,437,238
M,425,342,376,307,362,258,393,224,421,200,367,231,353,190,356,222,364,250,397,223,386,174,383,214,390,243,428,223,423,170,413,209,414,239,459,231,453,193,439,215,434,237
M,427,343,378,307,365,258,398,222,427,197,369,232,354,191,358,223,366,252,399,224,387,176,386,215,392,245,430,225,425,172,416,211,417,240,461,233,455,194,442,217,437,239
M,426,344,378,309,363,259,392,224,420,199,367,232,353,189,355,221,363,250,397,224,386,173,383,212,390,243,428,225,423,171,412,209,414,239,460,232,454,193,439,214,435,236
M,425,345,376,309,361,259,393,224,422,199,366,233,350,191,353,222,362,252,396,225,383,175,381,214,388,244,427,226,421,171,412,209,414,239,459,234,452,194,439,215,435,238
M,424,345,376,310,361,261,391,227,419,203,366,234,352,192,354,224,363,253,396,226,385,176,383,217,390,247,427,226,422,173,413,213,415,243,459,234,454,196,440,218,436,239
M,425,345,376,310,361,260,393,226,423,202,366,234,351,192,354,224,364,253,395,226,384,176,382,216,389,246,427,226,422,172,413,212,414,242,458,234,452,195,439,218,434,240
M,426,345,377,311,362,261,393,227,423,204,367,234,352,191,355,223,363,252,397,226,385,175,383,215,390,246,428,227,422,173,413,211,415,242,459,235,453,195,440,216,436,239
M,425,343,376,308,362,258,395,222,423,197,366,233,351,190,354,222,364,251,396,224,384,173,382,213,390,243,427,225,422,170,413,209,415,239,458,232,452,192,439,214,436,236
M,431,343,382,309,367,259,398,223,426,198,371,231,357,190,362,222,371,251,402,223,392,174,390,213,396,243,433,224,429,172,420,210,421,240,464,233,459,194,446,216,442,238
M,434,340,383,308,367,260,397,222,425,196,370,232,357,190,363,219,372,249,400,223,390,174,391,211,397,242,432,223,427,169,421,207,422,238,464,231,460,192,448,213,442,235
M,436,338,386,308,369,258,399,220,428,195,369,231,356,187,366,218,375,247,400,221,390,171,396,212,402,241,432,220,427,167,426,206,427,236,464,227,460,188,453,211,448,233
M,440,340,389,309,371,260,399,221,427,195,371,233,361,189,371,220,380,248,403,222,394,172,401,212,406,242,435,222,431,169,430,208,430,238,467,228,463,189,456,213,451,236
M,439,339,389,309,371,258,402,220,431,195,371,232,359,188,368,219,377,248,402,222,391,171,397,212,403,242,434,221,429,167,427,206,428,236,467,228,461,189,453,213,448,236
M,438,341,388,311,369,261,400,223,428,198,369,233,356,190,366,222,376,250,401,222,390,173,397,215,403,244,433,222,428,169,427,209,428,239,465,229,460,191,453,216,448,238
M,436,339,385,309,366,260,396,222,425,197,368,234,355,189,365,220,374,249,399,224,389,173,395,213,400,243,431,223,426,169,425,208,425,238,463,229,459,190,451,212,446,234
M,436,342,386,311,369,261,401,223,430,198,369,234,357,191,365,223,374,252,401,224,390,174,394,214,400,245,433,224,428,170,425,210,425,241,465,231,460,192,451,215,446,239
M,438,341,388,310,371,260,403,221,432,195,369,235,356,191,366,223,376,251,401,224,389,174,396,215,403,244,433,223,427,170,426,210,428,240,465,230,460,192,453,216,449,238
M,437,339,386,310,367,261,397,223,425,197,368,234,355,191,365,222,375,251,399,223,388,174,394,214,400,243,430,222,425,170,424,209,425,238,462,229,458,191,450,215,446,236
M,437,339,385,309,367,261,396,222,424,196,369,232,356,190,364,220,374,250,399,222,388,173,393,211,399,242,431,221,425,169,423,207,424,238,463,228,457,190,449,214,444,237
M,439,343,389,312,372,263,403,224,431,198,373,235,359,193,368,224,377,253,404,225,392,176,397,216,403,246,436,225,431,171,428,210,428,241,468,233,464,193,454,215,448,238
M,438,341,387,312,368,263,397,226,425,202,370,237,356,193,367,225,377,253,401,226,389,176,395,216,402,245,432,224,426,173,425,212,427,241,465,231,459,193,451,217,448,239
M,434,341,383,310,366,261,398,223,425,197,367,234,352,194,361,225,371,253,397,223,385,175,389,215,396,244,429,222,422,171,420,210,422,239,461,229,455,192,446,216,444,237
M,434,342,384,313,365,263,396,223,423,197,365,235,351,193,361,224,371,253,397,225,385,175,390,216,396,245,429,224,423,171,420,212,421,241,461,230,455,192,446,216,442,238
M,436,343,385,313,367,264,397,225,424,198,367,236,353,194,362,226,373,254,398,225,386,177,391,217,398,246,429,225,424,172,421,212,423,242,462,232,456,194,447,218,443,240
M,435,343,385,312,367,264,397,226,424,201,368,237,353,195,361,226,372,255,398,226,386,177,390,217,397,246,430,226,424,173,421,212,423,241,462,233,457,195,448,218,444,240
M,434,341,383,312,365,263,393,224,420,198,366,235,353,193,362,224,372,252,397,224,386,175,391,216,397,245,429,224,423,171,421,211,422,241,461,230,456,193,446,217,441,240
M,435,343,385,313,368,263,398,224,424,197,369,235,355,193,364,225,374,254,400,225,388,177,392,217,399,246,431,224,425,171,422,211,423,241,464,231,457,193,449,218,444,241
M,437,342,387,313,368,262,396,224,423,197,369,235,355,193,364,225,374,254,400,225,388,176,392,217,399,246,431,224,425,172,422,211,424,241,463,231,457,193,448,218,444,240
M,436,340,386,309,368,260,398,221,424,194,369,233,355,192,363,223,373,251,399,223,387,175,391,214,398,243,431,222,425,170,421,209,422,239,462,229,457,191,447,215,442,238
M,435,339,384,310,366,261,395,223,421,197,367,233,354,192,363,224,373,252,398,223,386,174,391,215,398,244,429,222,423,171,420,210,423,239,461,228,455,191,446,215,443,237
M,435,343,385,314,366,264,396,225,423,199,367,237,353,194,363,226,373,254,397,226,386,177,391,218,397,247,429,225,423,173,421,213,422,242,461,231,455,193,447,217,443,240
M,432,343,382,313,365,263,396,225,424,199,365,235,350,194,357,226,367,255,396,225,383,177,386,218,393,247,427,225,421,172,417,212,418,242,459,232,454,193,444,216,439,239
