N,451,314,412,289,393,242,413,199,439,170,392,210,383,172,385,198,394,227,424,206,415,149,410,183,415,208,456,212,451,186,443,231,445,248,488,224,477,206,470,235,472,245
N,448,319,408,290,389,244,408,204,435,175,389,214,379,176,382,200,391,230,421,208,411,150,406,181,412,208,453,214,448,188,440,233,442,253,487,228,475,209,468,237,468,249
N,445,319,405,290,386,243,404,202,429,174,385,212,374,176,377,200,386,230,418,206,408,150,405,182,410,210,450,213,445,188,438,233,438,253,484,226,472,209,465,238,465,249
N,443,316,403,288,383,243,402,202,428,173,383,211,370,174,371,201,381,230,414,206,403,150,397,184,404,210,446,212,440,186,432,231,434,250,480,225,468,204,460,233,461,245
N,441,318,402,292,382,244,402,203,427,173,382,212,368,175,370,200,379,230,413,207,402,150,397,183,404,210,446,212,438,187,431,232,434,251,479,224,466,205,459,234,461,246
N,441,318,399,291,378,241,397,197,426,168,379,211,369,174,373,201,384,230,411,205,403,150,400,184,406,209,443,210,441,181,433,227,433,248,477,222,469,199,461,229,460,242
N,438,322,397,293,379,244,401,203,429,175,381,214,371,176,372,202,381,232,413,210,406,152,401,187,406,214,445,218,441,190,432,235,433,254,479,232,469,209,460,236,460,249
N,437,323,396,288,382,236,404,198,432,173,398,208,389,171,382,195,384,226,428,209,423,152,408,183,408,215,458,219,449,192,433,236,433,260,489,237,474,213,460,242,461,257
N,445,316,404,287,385,239,402,197,428,170,388,208,380,172,384,198,391,226,420,205,415,150,411,184,414,211,452,213,450,186,441,230,439,249,484,226,478,205,469,233,467,245
N,447,315,405,287,386,240,407,197,436,169,383,212,376,174,383,200,391,230,416,207,410,154,410,185,414,211,448,213,448,185,443,228,440,250,480,224,476,203,470,230,468,245
N,450,318,409,291,389,242,410,199,438,171,383,214,375,179,385,206,394,232,416,209,410,158,413,194,418,217,450,215,450,188,446,232,443,251,483,226,480,205,474,233,470,246
N,462,313,417,296,387,250,400,202,425,170,379,222,366,186,379,212,394,236,410,211,396,162,404,194,413,214,443,211,439,185,442,230,443,247,476,215,471,196,469,226,470,238
N,461,336,415,311,391,260,412,213,439,182,387,228,377,192,385,222,395,251,421,222,412,168,414,205,420,227,456,226,455,199,451,247,449,264,491,236,487,217,481,248,479,260
N,461,344,412,311,391,252,419,204,452,171,391,216,379,172,382,202,392,237,429,211,421,145,416,182,421,213,467,219,466,188,455,240,453,263,506,234,499,211,488,246,486,260
N,470,350,419,315,398,250,429,197,464,160,402,206,389,158,386,195,394,233,442,203,432,132,420,179,427,212,482,213,478,179,463,239,463,263,523,229,511,205,497,244,497,258
N,462,339,412,305,394,245,425,196,460,163,396,208,385,162,385,193,393,229,435,203,425,134,417,173,422,207,473,212,469,179,457,235,457,260,512,227,501,203,490,239,489,254
N,456,328,412,297,392,242,416,194,448,164,394,209,384,167,386,197,394,228,429,206,421,145,416,181,420,207,465,212,462,183,452,233,451,254,500,225,491,202,482,235,482,249
N,450,327,409,297,392,246,414,205,442,177,395,215,385,176,385,203,393,235,428,210,421,151,414,184,418,214,460,217,456,190,447,236,447,258,494,231,483,209,474,239,475,252
N,446,323,404,292,388,244,409,203,436,176,391,214,381,176,382,201,390,232,422,210,416,153,410,186,415,213,453,218,451,191,441,235,442,254,486,231,477,210,468,238,468,250
N,438,321,398,292,381,243,401,203,428,176,384,213,375,174,375,200,382,231,415,210,409,154,402,184,406,212,447,217,443,191,434,235,434,256,480,231,469,209,461,237,461,251
N,437,327,398,299,380,248,401,206,430,179,382,217,373,176,373,204,380,234,414,214,407,157,400,190,404,216,446,221,442,195,432,240,433,259,479,235,469,212,459,241,460,254
N,433,318,392,291,371,242,389,199,416,171,376,211,365,172,366,200,374,228,406,208,400,154,394,190,399,213,438,215,434,189,425,233,425,251,470,227,462,205,452,234,452,247
N,434,312,394,281,377,234,398,195,425,168,380,204,370,167,371,192,379,223,411,201,405,148,399,180,403,206,442,209,439,183,430,226,430,246,475,223,466,201,457,229,456,243
N,433,315,392,284,375,235,398,196,427,170,382,205,374,167,374,194,381,225,414,203,410,148,403,182,406,210,445,212,442,185,431,229,431,249,477,227,469,204,459,232,459,245
N,434,315,392,286,374,235,395,194,424,169,380,206,372,166,374,193,382,223,411,203,409,146,403,181,405,208,442,211,441,184,431,228,430,249,474,225,468,202,459,230,458,243
N,432,313,391,281,375,233,398,195,426,170,379,205,371,167,372,190,377,221,410,202,406,146,400,176,402,205,442,210,440,183,429,226,428,248,474,225,467,200,457,227,454,243
N,431,309,391,276,376,230,398,191,425,165,378,200,370,161,370,186,376,216,409,197,405,140,398,173,401,201,440,205,439,178,428,221,428,241,473,220,466,197,456,223,455,236
N,428,308,389,280,371,231,391,190,419,165,376,201,368,163,370,189,377,218,408,198,403,142,398,176,401,203,439,206,436,178,427,222,427,242,471,220,463,199,454,227,453,239
N,430,311,388,279,370,232,390,190,419,165,375,202,367,165,370,191,377,220,407,200,403,144,397,178,400,205,438,208,437,180,427,224,426,244,470,223,464,200,455,228,453,241
N,430,309,389,278,372,231,392,191,419,164,376,200,367,162,368,187,375,218,408,197,404,142,397,177,399,204,439,206,436,179,426,222,426,241,471,221,464,197,455,224,454,237
N,430,307,389,276,373,229,395,189,422,161,376,198,366,160,367,184,373,215,407,196,402,140,396,170,398,198,438,204,436,177,426,220,425,241,470,219,462,196,453,223,451,237
N,428,308,388,277,370,229,392,189,420,162,375,198,366,160,365,187,372,217,406,195,401,140,394,176,398,203,438,203,435,176,424,220,425,240,470,218,462,196,451,224,450,237
N,428,307,386,277,369,230,391,190,419,163,374,199,364,160,364,185,371,215,405,197,399,139,392,171,396,198,436,204,433,178,423,221,424,240,469,218,460,195,451,222,450,236
N,424,302,381,271,363,226,383,185,412,159,369,194,360,155,360,180,367,211,401,192,395,136,389,169,392,197,431,199,428,172,419,216,420,236,465,214,457,191,448,219,446,232
N,425,301,383,269,366,223,390,185,420,160,368,195,359,156,361,180,367,210,399,191,393,135,388,165,391,192,431,199,429,172,420,215,418,237,465,213,457,190,448,217,445,232
N,420,293,377,264,357,217,376,176,405,151,364,188,353,149,353,175,360,204,395,184,387,131,381,164,385,190,427,191,422,165,413,209,414,230,460,203,451,180,442,208,442,222
N,419,286,377,258,357,209,380,168,411,144,361,181,351,144,352,170,359,199,392,178,385,127,379,160,383,183,425,184,422,158,412,201,412,220,458,196,451,173,441,200,440,214
N,417,280,372,252,352,206,373,165,403,141,358,178,346,142,346,165,354,194,388,175,381,125,374,153,377,176,420,180,416,154,407,196,407,217,454,192,446,169,436,197,435,212
N,416,277,370,252,347,204,364,163,392,138,356,176,343,140,344,167,353,194,386,173,376,124,371,157,376,181,417,178,412,152,404,196,405,216,450,189,441,166,432,195,432,210
N,415,275,371,249,350,201,370,160,400,135,355,175,343,138,345,161,353,191,385,171,376,120,371,146,375,171,418,176,413,149,405,192,405,215,451,188,443,163,434,191,433,207
N,413,276,367,249,344,202,359,159,386,133,352,171,339,137,340,162,349,191,383,167,373,119,367,153,372,176,414,173,409,147,401,191,402,211,448,185,438,164,429,193,429,207
N,413,277,370,251,349,204,368,162,394,135,353,174,338,136,339,161,347,191,383,171,371,119,366,154,371,177,414,176,408,149,401,193,403,212,448,187,438,165,429,193,430,207
N,410,272,367,249,343,199,360,155,386,127,349,171,336,133,336,158,346,187,379,167,368,116,362,146,368,171,411,172,406,146,398,191,400,212,444,182,435,161,426,190,425,205
N,410,274,367,250,343,201,357,157,382,128,349,170,335,132,336,159,346,187,380,167,368,116,363,151,369,173,411,172,405,147,397,191,400,210,445,183,435,160,425,189,426,203
N,410,274,365,250,343,201,361,157,388,131,348,171,335,133,336,158,345,187,378,167,368,115,363,147,369,171,410,172,404,146,397,190,399,210,444,183,434,160,426,189,426,204
N,410,271,366,246,343,198,359,155,384,127,349,170,335,133,336,159,346,187,379,167,368,116,363,149,368,171,411,171,405,146,398,189,399,209,444,181,437,158,427,185,426,201
N,411,271,367,248,343,197,360,154,386,127,349,169,336,131,338,156,346,186,379,165,369,115,364,144,368,166,412,170,406,145,399,189,400,209,445,180,436,158,428,187,429,201
N,409,264,363,241,340,191,359,146,387,119,345,165,331,127,334,154,344,180,375,160,364,111,360,144,366,165,407,164,403,138,395,183,396,203,441,174,432,152,423,181,423,196
N,409,267,362,242,340,192,359,148,388,121,347,165,333,128,335,155,344,181,377,161,366,113,361,142,366,163,409,166,403,139,395,183,397,204,442,175,432,153,423,182,423,198
N,403,259,357,234,335,185,357,142,387,114,342,158,327,120,328,146,338,174,372,153,360,103,354,135,360,157,404,158,397,131,390,176,391,198,437,168,427,145,418,174,418,190
N,401,258,355,233,332,182,352,139,382,114,340,157,325,120,326,148,335,175,370,152,359,103,353,137,359,159,402,157,395,128,387,173,389,194,435,166,425,143,415,172,415,187
N,399,254,353,230,329,181,348,139,376,112,336,155,321,117,323,143,334,170,366,150,354,99,350,133,356,157,398,154,390,125,384,171,387,193,432,163,420,139,412,169,413,185
N,400,253,352,227,329,178,346,135,371,107,336,154,321,115,323,142,333,168,366,150,354,99,350,132,355,154,398,153,390,125,385,170,387,191,431,162,420,138,412,167,413,182
N,398,250,353,226,331,177,351,134,378,105,335,152,319,114,321,141,331,167,365,147,353,97,347,128,352,148,397,151,390,123,383,167,384,188,430,160,420,138,411,166,411,181
N,394,246,347,221,324,173,343,130,372,103,330,150,314,110,318,135,328,161,359,145,347,95,344,127,350,149,392,147,383,118,378,162,380,183,426,155,415,131,407,160,407,176
N,397,244,350,220,326,172,344,127,369,98,332,146,316,108,319,135,329,161,362,141,349,91,344,125,350,146,394,144,385,116,379,162,382,182,427,152,415,130,406,159,407,175
N,397,242,350,217,328,170,348,126,376,98,334,146,318,108,320,133,330,159,363,141,352,91,346,119,352,138,395,144,387,116,381,160,384,181,429,152,418,129,409,157,410,173
N,400,248,354,225,329,177,345,133,370,103,335,148,319,112,322,140,332,166,365,143,353,95,348,130,354,152,397,147,389,120,383,165,386,185,430,156,419,133,410,163,412,177
N,400,247,354,223,330,174,346,130,371,102,337,149,321,112,324,138,335,164,366,144,354,96,350,127,355,147,397,147,390,120,385,164,389,185,430,155,420,131,412,160,413,176
N,400,247,353,224,330,174,348,130,374,101,334,149,319,111,322,136,333,163,364,144,351,94,347,123,353,145,396,147,388,119,384,162,386,185,429,155,418,132,411,161,412,176
N,397,243,350,219,326,171,346,129,374,103,334,147,317,109,320,135,331,163,363,142,350,91,346,124,353,148,395,145,387,117,381,162,384,183,429,154,416,131,408,160,410,174
N,396,245,349,221,326,172,344,127,372,100,333,147,317,111,319,138,329,163,363,142,350,94,345,126,351,146,395,145,385,117,380,162,384,183,428,152,415,129,408,159,410,175
N,396,243,350,221,325,172,342,128,369,101,332,146,316,109,318,136,329,162,361,141,349,92,344,126,351,145,393,144,385,118,379,162,382,180,426,153,414,130,407,159,408,173
N,397,246,351,224,328,174,346,130,373,101,333,149,317,111,320,137,330,163,362,144,350,94,345,124,351,145,394,146,385,119,380,163,383,185,427,154,415,131,407,160,407,176
N,399,245,351,222,326,172,344,128,371,100,332,147,315,110,319,136,330,162,361,141,348,92,345,123,351,144,393,143,385,116,380,161,383,182,426,151,414,129,406,159,407,174
N,397,243,350,221,325,172,342,127,368,99,332,147,316,109,319,136,331,162,362,142,348,93,345,126,351,145,393,144,384,116,379,160,382,179,426,151,414,129,406,158,407,172
N,397,242,350,217,326,169,341,127,368,99,331,145,314,109,317,131,328,161,361,139,347,89,343,114,348,138,392,142,384,114,380,156,383,180,426,151,415,126,408,153,408,170
N,398,250,354,226,330,176,349,132,375,103,334,150,318,111,320,138,331,164,364,144,351,94,346,127,353,149,396,148,388,119,381,164,385,186,430,156,418,133,409,162,411,178
N,399,252,354,227,331,179,348,135,375,106,338,151,323,114,322,140,330,167,367,147,357,97,349,128,353,150,399,151,391,124,383,168,385,189,432,162,421,137,411,165,411,181
N,401,255,355,231,331,182,350,138,379,111,339,155,322,117,323,144,334,170,369,150,356,100,349,133,356,155,400,154,391,125,384,170,387,192,434,163,421,139,412,168,413,184
N,401,256,355,231,332,181,348,139,374,110,339,155,324,116,325,141,335,169,369,150,357,98,352,130,358,155,401,155,392,126,386,170,387,194,434,164,423,139,414,167,414,184
N,408,257,363,234,340,186,359,142,386,115,346,158,333,120,334,146,344,173,376,154,365,101,361,135,367,159,408,158,402,130,395,175,397,196,442,168,432,145,422,174,423,188
N,410,259,366,233,343,183,361,140,388,113,350,156,335,121,335,148,345,175,380,152,368,103,361,137,369,159,412,157,404,130,396,174,400,195,445,167,434,145,424,173,425,189
N,415,266,369,239,346,191,361,150,387,123,353,161,339,125,341,149,350,177,384,157,374,106,370,139,375,165,416,163,410,134,403,178,404,200,450,175,441,150,432,178,432,193
N,414,265,369,239,346,190,363,147,391,122,352,161,339,123,341,147,349,175,383,157,373,105,368,138,374,162,415,163,410,134,402,178,403,199,450,174,440,150,431,178,430,193
N,416,265,370,238,347,191,363,148,389,121,355,162,342,125,343,150,352,179,385,158,376,109,370,143,376,165,417,164,411,136,403,181,405,200,451,176,441,151,432,180,433,194
N,414,269,369,240,348,192,364,150,393,124,357,165,343,129,343,153,350,182,386,162,376,111,371,141,376,167,418,168,412,140,403,183,404,206,452,180,443,155,433,182,431,199
N,420,266,375,240,351,192,368,150,396,125,359,162,346,125,348,149,358,179,390,158,382,106,377,139,381,165,422,164,417,137,410,181,411,202,456,175,447,152,438,180,438,194
N,425,264,379,238,359,191,380,150,411,125,364,163,352,126,354,149,362,177,395,159,387,106,382,136,385,160,427,164,422,138,414,180,415,201,460,175,452,152,443,180,443,196
N,430,264,385,236,365,191,385,149,413,123,369,162,356,124,359,148,367,177,399,158,392,105,388,137,391,162,431,164,427,137,420,180,420,200,464,176,456,152,448,179,447,194
N,431,267,387,241,366,194,387,153,415,127,369,165,356,127,360,151,369,181,400,161,391,105,388,138,393,163,432,167,428,138,421,182,422,203,465,178,456,155,448,184,448,198
N,434,269,388,239,370,193,392,152,421,126,371,166,359,129,364,153,373,182,402,161,394,108,391,137,396,163,434,167,432,139,425,182,425,205,467,179,459,156,452,184,451,199
N,433,267,387,240,368,193,389,150,418,124,373,165,361,127,365,152,373,181,404,161,395,109,392,137,396,160,435,167,433,139,425,183,424,204,468,180,461,155,453,183,452,199
N,433,270,389,240,370,195,390,155,417,128,371,167,360,130,363,154,371,184,402,163,395,111,391,141,395,166,434,169,431,142,424,184,424,204,468,182,460,158,453,184,451,198
N,431,272,387,242,368,195,391,155,418,128,369,169,357,131,360,154,368,184,400,165,391,111,388,140,393,166,433,171,429,141,422,184,421,206,466,183,458,157,449,184,447,201
N,431,269,387,241,367,195,388,153,417,126,370,166,358,128,362,153,370,183,401,161,393,108,389,139,393,164,434,167,430,139,422,183,422,205,467,180,459,156,451,184,450,200
N,431,266,385,239,367,192,389,151,418,126,371,164,359,126,361,150,369,181,402,160,394,105,389,134,392,160,434,167,430,138,422,181,423,204,467,180,459,154,450,181,450,197
N,429,271,383,243,362,197,379,155,409,130,368,168,357,131,361,155,369,184,399,165,393,111,390,144,394,170,431,171,428,143,421,187,421,208,464,184,457,160,450,188,450,202
N,428,274,384,247,364,199,384,157,413,131,368,169,356,132,358,158,367,188,400,165,391,109,387,144,392,170,432,172,427,144,420,189,421,208,466,184,457,160,448,188,449,202
N,431,271,386,246,364,200,384,157,412,130,367,168,355,130,357,156,366,185,399,165,391,112,386,148,391,171,430,171,427,145,419,189,420,207,464,183,455,162,447,191,447,203
N,428,272,384,243,364,196,384,155,413,129,367,169,355,131,358,156,366,185,398,165,390,111,386,141,391,166,431,171,427,143,419,186,419,209,464,183,456,158,447,185,446,201
N,430,272,385,243,365,196,386,154,414,128,367,167,355,129,358,155,366,184,399,163,391,109,388,145,392,170,431,169,428,140,420,185,420,206,465,182,457,159,449,187,447,201
N,430,272,384,244,365,198,386,156,411,128,367,170,355,131,360,155,368,185,398,166,390,111,387,141,391,168,430,172,426,143,420,187,420,209,463,185,456,159,448,187,446,203
N,430,271,386,242,366,197,386,157,415,132,368,168,357,131,360,154,368,184,400,165,392,110,389,142,392,169,432,171,428,144,421,187,422,208,466,184,458,160,450,186,450,201
N,430,271,386,242,365,195,385,153,414,126,368,168,356,129,361,154,370,183,399,164,391,110,389,142,394,167,431,170,428,142,421,185,421,207,465,182,457,158,449,185,448,201
N,430,271,385,243,366,196,387,154,415,128,369,166,357,130,358,154,367,184,401,164,393,110,388,140,393,165,433,171,430,143,421,186,421,207,466,184,458,159,449,186,447,201
N,432,267,387,242,366,196,385,152,413,125,368,165,358,127,362,151,370,181,400,161,392,109,390,141,393,165,431,167,428,141,421,185,421,204,465,179,457,156,449,185,448,200
N,433,271,387,243,366,198,386,156,413,128,369,168,358,129,362,154,371,184,401,164,394,109,392,143,395,170,433,170,430,142,423,186,423,207,466,183,459,158,451,186,450,202
N,430,273,383,246,362,197,384,154,415,128,364,170,351,131,357,155,367,186,396,166,387,111,384,137,389,160,429,171,427,142,419,185,419,208,463,182,457,157,448,184,447,201
N,437,276,388,251,364,199,385,152,415,122,364,169,350,127,354,152,365,185,398,163,387,105,384,137,389,162,433,167,429,136,423,184,423,206,470,177,461,152,454,184,454,200
N,445,288,393,259,369,204,393,154,425,123,370,168,354,124,356,154,367,189,406,162,393,99,387,140,395,167,444,168,437,134,428,189,432,211,484,182,471,155,461,189,463,205
N,447,296,395,263,372,208,396,158,427,124,373,172,357,127,361,157,371,192,409,166,398,102,394,142,400,172,447,173,442,139,434,192,435,217,487,188,476,160,467,194,467,211
N,443,296,393,265,369,210,393,162,425,131,372,175,357,131,361,159,371,193,407,169,397,105,392,143,398,171,444,175,439,144,430,196,432,218,483,188,472,162,462,195,463,211
N,443,293,392,261,370,207,392,159,423,128,374,174,361,132,365,160,375,194,410,169,401,107,396,145,402,175,445,176,441,143,432,194,434,218,484,190,473,163,464,196,465,213
N,440,291,392,260,371,206,396,159,429,131,377,174,369,129,370,158,378,191,411,171,405,110,400,148,404,176,446,178,443,147,433,196,434,219,482,192,474,167,465,198,464,214
N,432,294,391,255,380,199,407,160,440,136,400,169,394,127,382,154,381,187,432,172,429,112,408,147,407,179,463,185,455,155,433,200,432,224,495,206,481,178,464,207,464,223
N,433,297,389,256,379,199,407,160,440,134,400,172,394,131,381,155,379,186,430,174,428,112,406,140,403,173,461,185,452,153,431,197,430,224,492,204,475,178,459,207,460,225
N,435,296,392,259,377,201,402,159,432,131,398,173,391,129,379,156,379,190,429,173,424,111,405,145,405,178,460,185,451,151,432,199,432,226,494,203,478,175,463,206,465,223
N,440,299,395,266,377,213,401,171,430,143,389,184,376,142,374,166,380,201,421,180,413,117,401,151,404,187,455,188,444,156,432,204,435,230,490,203,472,177,462,208,465,225
N,443,299,397,265,377,215,398,173,427,144,387,184,374,144,371,169,378,203,419,181,409,119,399,152,403,186,453,188,443,158,433,206,435,232,489,202,473,176,463,206,465,223
N,448,300,401,270,378,218,397,175,425,146,385,186,372,146,373,172,382,204,417,181,406,120,400,155,407,186,451,186,443,156,435,205,437,231,487,199,473,173,464,205,464,222
N,448,300,400,272,377,222,397,178,426,149,379,192,363,150,368,176,379,207,411,186,397,128,396,164,403,192,445,190,437,158,432,205,435,228,481,200,468,175,461,206,464,222
N,445,301,397,273,375,221,396,177,426,148,377,192,364,150,366,177,376,207,410,186,397,124,394,163,401,190,444,191,437,160,429,208,432,228,480,203,469,178,459,208,459,222
N,447,302,399,275,375,224,396,180,425,151,379,193,366,153,367,180,377,210,412,186,398,125,393,164,402,193,446,191,437,162,430,210,435,230,482,202,468,179,459,209,462,222
N,447,303,399,277,376,225,397,180,426,150,378,193,364,151,365,178,376,209,411,186,398,126,394,165,402,194,445,191,437,161,430,209,435,230,482,202,468,179,460,210,462,223
N,445,302,400,278,375,225,395,178,423,147,376,193,361,151,365,179,378,209,410,186,396,126,393,166,402,193,444,191,435,161,429,211,432,231,481,201,465,180,458,212,461,224
N,444,306,399,277,377,228,396,184,422,153,376,195,361,153,363,180,374,211,410,189,396,127,391,168,399,196,444,195,437,165,429,215,433,233,482,208,467,184,460,215,462,227
N,444,303,396,277,372,227,390,183,417,153,374,196,360,154,364,180,375,210,407,188,395,128,392,168,400,196,441,193,433,165,428,214,432,232,478,204,463,183,457,215,459,226
N,445,305,399,279,375,228,394,183,420,152,375,196,359,154,362,180,373,212,408,188,395,127,391,166,397,195,442,193,434,163,428,212,431,232,479,204,465,181,457,212,459,226
N,443,303,397,274,375,226,394,182,420,152,375,192,361,152,362,178,373,209,409,186,396,128,391,167,398,194,442,192,434,164,426,212,431,230,479,205,464,183,457,213,460,225
N,444,305,399,280,375,230,393,185,421,155,374,198,360,156,363,182,375,212,408,191,395,130,392,169,399,198,442,195,434,168,428,217,432,235,479,206,463,186,458,218,460,229
N,444,302,396,275,372,226,392,183,421,153,375,196,360,157,362,183,374,213,409,190,395,129,391,167,399,196,443,195,434,165,428,213,431,234,479,206,465,183,456,214,458,227
N,445,305,398,277,375,226,395,182,423,152,377,197,362,155,364,181,374,212,409,191,396,131,393,168,400,197,444,196,435,166,430,213,432,235,480,207,467,183,459,213,461,227
N,446,304,399,275,376,226,396,182,423,151,378,195,363,154,365,179,375,211,411,188,397,128,393,165,401,195,445,193,436,164,430,212,434,233,481,205,467,181,459,212,461,226
N,445,303,398,276,374,225,393,181,421,150,376,193,363,153,365,181,376,211,410,186,398,125,393,166,401,194,444,191,436,163,429,212,434,230,481,202,466,181,458,212,461,224
N,443,303,397,272,377,221,398,180,425,151,385,190,371,148,367,173,375,206,417,186,405,123,396,159,402,191,450,193,440,163,430,211,434,233,486,207,470,181,460,211,462,226
N,449,302,402,274,379,224,399,179,427,150,375,198,364,155,372,181,382,210,410,191,401,132,402,167,407,193,445,196,442,167,437,212,436,231,481,207,474,184,467,213,466,227
N,457,305,411,284,387,234,406,185,431,152,378,201,368,159,377,187,387,216,413,195,404,140,406,178,411,197,447,199,447,173,442,218,442,230,482,207,478,187,473,217,473,227
N,457,304,408,281,385,232,403,185,429,154,380,203,369,163,378,190,387,217,414,197,404,143,406,179,412,199,447,201,446,173,443,219,443,233,483,209,478,187,473,217,472,229
N,458,305,410,281,385,231,405,184,433,154,379,202,369,162,376,190,387,218,413,195,404,141,405,178,411,200,448,199,446,172,442,218,442,234,483,209,478,188,472,217,471,229
N,457,303,409,278,386,230,404,183,429,152,379,201,369,159,378,184,387,214,414,196,406,141,409,175,413,198,448,200,447,173,444,217,443,234,483,210,479,187,474,215,473,229
N,457,308,412,284,389,233,406,186,431,154,380,203,369,162,377,189,387,218,415,197,406,144,408,182,413,203,449,202,447,175,444,220,444,235,484,211,478,189,473,218,473,231
N,456,305,408,283,385,232,406,184,434,154,381,201,371,161,379,191,388,218,415,195,406,141,407,180,412,199,449,199,447,173,443,220,442,231,485,207,478,188,472,219,473,228
N,457,306,410,283,386,233,403,185,428,153,380,202,369,160,376,187,386,216,414,197,405,142,406,179,411,201,448,201,446,174,442,220,442,234,484,210,478,188,472,218,472,230
N,456,307,410,282,385,232,403,184,430,153,380,201,369,161,376,189,386,218,414,195,405,139,406,178,411,200,449,199,446,173,442,219,441,234,484,208,478,188,472,218,473,229
N,456,305,410,280,387,231,405,183,430,151,379,198,368,159,375,187,384,216,413,193,404,140,405,178,410,200,448,197,446,171,442,217,441,232,483,206,478,186,472,216,470,228
N,455,304,409,278,386,229,404,182,429,150,379,199,368,160,376,187,387,215,413,192,404,138,405,174,411,196,448,197,446,170,441,216,441,231,484,206,477,186,471,216,470,228
N,457,305,411,280,387,230,405,182,430,151,380,199,369,160,378,188,388,216,415,193,406,140,407,178,412,198,450,197,447,172,442,218,441,232,485,206,479,186,472,217,472,229
N,457,308,410,284,385,235,405,188,434,156,382,202,370,163,376,190,387,220,416,196,406,141,405,179,412,201,450,200,448,174,443,221,444,235,486,210,479,190,473,221,473,231
N,458,307,412,283,389,233,409,187,436,156,383,202,372,163,378,189,388,219,417,196,408,141,407,179,411,201,452,201,449,174,444,220,443,234,487,211,481,189,474,219,474,231
N,458,306,410,283,386,233,406,186,435,156,384,204,371,165,378,194,387,221,417,199,408,146,407,183,412,202,451,203,449,175,443,221,444,234,487,211,480,190,474,219,475,231
N,458,306,412,283,389,234,409,188,436,157,385,204,371,166,378,193,390,222,418,198,406,143,407,178,413,199,452,202,449,175,444,221,444,237,488,211,479,190,473,220,474,232
N,459,307,411,284,387,233,409,186,437,156,384,202,373,163,380,190,390,219,419,197,409,143,409,179,414,199,453,202,451,175,445,221,444,234,488,210,482,190,476,220,476,231
N,457,307,411,283,388,234,406,188,431,155,383,202,370,165,376,194,388,221,417,196,405,143,405,182,413,202,451,201,447,173,442,221,444,234,487,210,478,190,471,221,472,232
N,459,304,411,281,388,232,407,185,434,154,383,202,370,162,378,189,389,218,417,196,406,141,406,177,413,198,451,200,448,172,444,218,444,233,487,209,480,187,473,217,473,230
N,457,307,412,282,388,232,407,185,432,153,383,203,370,164,378,191,389,218,417,196,405,141,406,178,413,200,451,199,447,173,442,219,442,234,487,208,479,189,472,219,472,230
N,458,304,412,280,387,230,405,183,431,152,383,200,372,161,378,188,388,217,417,194,407,139,407,174,412,196,451,198,449,172,444,218,444,233,486,208,480,187,474,217,473,229
N,457,304,412,281,388,233,406,187,431,156,385,199,372,161,378,188,388,217,418,193,408,138,408,177,414,200,452,198,450,171,444,218,444,233,487,209,481,188,474,219,473,230
N,456,307,413,282,390,233,407,187,432,155,384,200,371,162,376,190,387,219,418,195,407,140,407,182,414,203,452,199,449,173,443,221,443,234,488,209,480,189,473,220,473,230
N,458,308,412,283,389,234,409,188,435,158,383,201,371,164,378,192,388,220,417,196,409,142,408,181,413,202,452,201,449,175,443,222,443,235,486,211,480,191,473,221,473,232
N,457,310,411,286,387,235,407,188,435,158,383,204,371,166,378,195,390,221,417,197,406,141,406,183,414,204,452,202,448,174,442,222,443,236,487,212,479,192,472,222,471,232
N,457,306,412,280,390,231,411,186,436,155,383,202,370,163,377,189,388,219,417,196,407,140,407,172,413,196,452,200,450,174,444,218,443,235,487,210,480,190,473,219,473,232
N,457,308,413,281,391,232,411,187,436,156,383,202,371,163,378,190,389,219,417,196,407,140,408,178,413,200,451,200,449,173,445,220,445,234,487,210,480,189,474,219,473,230
N,458,308,412,283,389,232,407,186,432,155,382,203,372,163,381,190,389,219,417,198,409,143,410,180,413,201,452,203,451,176,446,222,444,236,487,212,483,190,477,221,475,233
N,455,304,409,280,386,230,408,184,435,154,383,198,370,159,375,188,385,217,416,194,407,138,406,178,412,200,451,199,449,172,442,219,443,233,486,209,479,188,471,219,471,230
N,456,307,412,280,390,231,410,186,436,154,384,199,372,160,377,188,388,217,419,194,409,138,408,177,415,200,454,199,450,172,444,219,445,233,489,209,480,189,472,219,473,230
N,456,306,412,280,389,229,408,184,434,154,383,199,373,160,381,186,390,216,417,193,409,137,411,174,416,199,452,198,451,172,446,218,445,234,488,209,482,187,476,217,475,229
N,458,305,412,279,389,229,408,182,434,151,383,199,373,159,382,185,392,214,418,194,409,138,411,173,417,198,453,198,450,172,447,217,445,235,488,209,481,187,476,218,475,231
N,457,305,411,278,388,230,407,185,431,155,384,199,372,160,379,186,388,216,418,194,409,138,410,174,414,198,452,199,450,173,445,218,444,234,487,210,482,188,475,218,472,231
N,458,310,413,283,392,234,412,188,438,156,384,202,372,162,378,190,388,219,418,196,408,140,407,178,413,200,452,201,450,174,444,220,444,234,488,211,482,191,474,221,474,232
N,455,307,410,280,388,231,409,186,437,155,382,200,370,161,377,188,387,218,416,194,406,138,405,174,411,199,451,199,447,171,442,218,442,235,487,210,479,187,472,217,472,230
N,457,307,412,282,388,233,406,185,432,153,382,200,370,162,377,191,387,218,416,195,406,140,406,180,412,199,451,200,449,174,443,221,443,233,486,209,480,189,473,219,472,230
N,455,307,410,283,387,232,407,186,434,154,382,198,371,159,375,188,385,218,417,193,408,139,406,180,411,201,451,199,449,173,441,220,442,233,486,209,479,190,471,220,472,230
N,456,310,412,285,389,235,407,187,432,155,381,203,370,164,378,192,389,220,416,196,405,141,405,178,412,198,450,201,449,174,443,221,443,235,486,211,480,190,474,221,473,232
N,454,307,410,282,388,232,408,186,435,155,382,199,369,161,375,191,386,220,416,192,405,137,405,177,412,200,451,197,448,171,441,219,442,234,486,208,479,188,471,219,471,231
N,453,308,408,281,385,231,405,185,432,153,380,199,369,160,375,188,385,219,414,194,405,137,405,176,410,200,449,199,446,173,442,219,442,236,485,209,478,188,472,218,472,230
N,454,305,409,279,388,230,409,185,434,154,382,199,370,163,375,190,385,219,416,193,405,138,404,175,411,198,451,198,448,172,442,218,441,234,486,208,479,188,472,218,471,231
N,454,303,409,277,387,227,407,182,433,151,380,196,368,156,374,185,384,214,414,190,405,136,405,176,411,198,449,196,447,169,441,216,441,230,484,206,478,185,471,215,470,226
N,454,307,411,281,388,232,407,186,432,155,381,198,369,159,374,185,384,217,415,193,405,137,405,173,411,197,450,198,447,171,442,217,442,233,485,209,478,187,472,217,471,229
N,454,306,407,280,385,231,406,185,432,154,381,198,367,160,372,188,383,219,415,193,404,138,403,177,410,199,449,198,447,172,440,219,440,234,484,209,479,189,471,219,470,231
N,452,309,407,281,385,231,406,187,433,156,380,203,367,164,375,192,386,220,414,196,404,140,404,177,410,201,450,201,446,173,440,219,439,236,485,211,478,189,470,219,468,231
N,453,305,408,279,386,232,405,187,430,156,381,202,368,163,373,191,383,219,415,196,405,139,404,177,410,200,449,200,446,172,440,219,440,234,484,210,477,189,470,219,470,231
N,452,308,409,282,387,232,408,187,434,155,381,200,367,163,371,192,382,220,415,194,403,139,401,178,409,200,450,199,446,172,439,220,441,234,485,210,477,189,469,218,470,229
N,453,305,407,279,385,229,404,184,430,152,379,199,367,161,373,189,383,218,414,194,406,140,405,179,411,201,449,199,448,174,441,220,441,235,484,209,478,189,472,218,472,229
N,451,305,407,279,385,229,406,184,433,153,380,199,367,161,373,190,384,218,414,192,403,137,402,176,409,199,449,197,445,170,438,218,439,234,484,207,476,188,468,218,467,230
N,452,305,407,279,384,228,404,182,431,151,378,199,367,159,374,187,385,215,413,192,403,136,404,174,410,199,448,196,444,169,439,216,440,234,484,205,476,185,469,216,468,229
N,452,303,406,276,384,228,406,182,433,151,380,196,368,158,373,186,382,215,414,191,404,137,403,173,408,196,448,197,446,170,438,216,438,232,483,208,477,186,468,217,467,230
N,453,305,408,278,385,227,406,183,432,152,380,196,367,158,373,187,384,216,414,190,404,135,402,173,408,194,449,195,446,169,439,216,439,230,484,206,476,185,468,215,468,227
N,451,302,405,276,382,226,402,182,430,152,379,196,366,157,371,187,382,215,413,190,404,135,403,175,409,198,448,195,444,169,438,216,438,231,483,204,474,186,467,217,468,227
N,452,303,407,276,385,226,404,181,430,150,378,197,366,158,372,186,383,216,412,190,403,134,403,172,409,196,447,195,445,168,439,214,439,230,482,206,476,184,470,213,469,225
N,452,305,406,279,382,229,401,184,427,153,379,198,366,159,373,187,383,217,413,192,404,137,404,176,409,200,448,197,444,170,439,218,438,234,484,207,475,187,469,218,468,230
N,453,307,409,280,388,231,406,185,429,152,378,197,367,158,374,185,384,215,413,192,405,137,406,176,410,200,448,197,446,172,441,218,440,233,483,208,477,187,471,218,470,229
N,452,306,408,281,383,230,402,183,431,152,379,200,366,160,374,189,385,217,413,194,402,138,404,177,411,200,448,197,444,171,440,219,440,234,484,206,475,188,469,219,469,230
N,451,305,407,279,383,230,402,185,430,154,380,199,367,160,373,189,384,217,414,194,404,137,403,177,410,200,449,199,445,171,439,218,440,233,484,210,476,188,468,217,469,229
N,452,306,407,282,384,232,405,185,433,153,381,200,368,161,373,192,383,220,414,195,403,138,402,177,408,198,449,199,445,172,438,220,439,235,484,209,477,189,468,220,468,232
N,453,309,409,281,385,231,404,186,431,155,379,201,367,163,374,191,385,220,413,194,403,139,404,176,410,200,448,198,445,173,441,220,440,237,484,209,477,189,470,219,469,232
N,451,307,405,281,382,231,401,185,429,153,378,200,366,160,373,187,384,216,412,193,402,137,402,173,408,198,447,197,443,171,438,217,438,235,483,207,476,186,469,217,468,230
N,451,309,408,282,386,233,404,188,429,156,378,201,366,162,372,189,381,219,412,195,403,141,403,180,408,202,447,200,444,173,438,219,439,235,482,211,475,188,469,218,469,230
N,451,306,405,280,381,230,400,184,428,153,378,198,366,158,373,185,383,216,413,192,404,138,405,177,409,200,448,197,445,171,439,218,438,235,483,208,476,187,469,218,467,231
N,449,304,404,278,380,228,399,182,426,150,377,197,364,157,370,186,381,215,411,191,401,137,401,176,408,198,446,196,443,169,437,216,438,231,482,207,473,185,467,214,468,226
N,449,304,404,277,381,227,401,183,428,153,377,198,363,161,370,188,381,217,411,191,400,136,399,170,406,194,446,196,443,169,437,215,437,233,481,207,474,186,467,215,466,228
N,450,301,403,274,380,224,402,179,431,148,376,196,362,156,369,184,380,213,410,189,399,133,399,167,406,191,445,193,441,166,436,212,437,230,481,202,473,182,467,211,468,224
N,450,302,405,278,382,228,400,181,425,148,375,195,363,155,370,182,380,213,410,189,400,133,400,172,406,196,444,195,442,168,436,214,436,230,480,205,473,184,467,214,467,226
N,451,300,404,275,382,226,400,180,424,148,376,195,362,156,368,185,378,213,410,189,400,135,401,176,407,197,445,194,442,168,437,215,436,229,480,203,473,184,466,215,465,226
N,448,305,403,279,380,230,400,185,427,155,375,198,362,159,369,186,381,216,410,192,399,135,400,175,406,200,445,197,441,170,436,218,437,234,481,208,473,187,466,217,466,230
N,448,307,404,282,380,229,399,182,427,150,374,197,362,157,370,185,381,214,410,190,399,134,400,173,407,196,445,195,441,168,435,216,435,231,481,205,472,186,465,216,465,227
N,447,303,401,276,379,227,399,182,428,151,375,197,363,158,370,185,381,215,409,191,400,135,400,171,405,196,444,195,441,168,436,214,435,234,480,205,472,183,465,213,464,227
N,448,304,403,279,380,226,402,180,431,149,375,196,361,154,367,184,378,215,409,189,398,132,397,172,404,196,444,194,440,167,434,216,435,232,480,204,471,184,464,215,465,227
N,449,302,403,280,380,229,401,183,430,152,374,197,362,157,369,185,380,214,409,191,398,134,398,172,405,195,443,195,441,169,436,216,435,230,478,203,472,185,466,216,465,226
N,448,305,403,279,379,228,399,183,427,152,375,198,362,159,368,186,380,216,409,192,398,136,398,173,405,197,444,197,441,169,435,216,435,234,479,207,473,184,465,214,465,228
O,419,295,382,245,361,201,347,166,347,132,419,156,419,109,389,99,364,104,433,160,431,100,391,93,362,104,443,168,441,110,397,101,366,112,446,181,437,133,403,120,375,123
O,417,295,379,245,358,201,344,166,343,132,415,157,415,109,385,99,361,105,429,160,427,101,387,94,359,106,439,169,438,110,393,102,362,114,442,182,434,132,400,120,372,124
O,422,296,382,246,361,202,348,168,346,134,416,157,415,110,386,101,363,107,430,160,429,103,388,96,360,108,441,169,440,113,395,105,365,116,445,182,437,135,403,123,375,126
O,422,293,385,246,364,201,351,166,349,133,419,156,419,109,389,101,365,109,434,160,433,100,392,95,364,108,445,168,443,110,399,103,368,115,450,180,440,133,407,121,380,124
O,423,294,387,246,366,201,353,167,353,134,421,156,422,108,392,100,369,109,435,160,436,100,395,95,367,109,446,168,447,109,403,102,372,115,451,180,442,132,409,120,382,125
O,425,286,386,239,365,193,352,158,353,124,419,149,418,103,390,96,367,102,434,152,435,94,396,88,368,100,447,160,448,102,404,95,373,107,454,172,445,123,411,112,383,117
O,425,283,387,239,367,193,354,159,354,126,419,148,420,101,390,94,369,101,434,151,436,92,395,87,368,100,447,159,448,101,404,95,374,108,454,171,445,122,411,112,384,118
O,428,288,389,241,369,195,357,161,356,127,421,149,421,101,391,94,368,102,436,153,436,94,396,89,368,103,449,162,449,103,405,97,374,110,457,174,448,125,414,113,386,118
O,448,303,404,252,378,205,360,169,361,134,437,151,431,98,396,95,373,108,454,155,443,89,397,92,371,112,467,166,459,103,408,103,377,121,474,183,461,134,422,124,392,132
O,446,301,404,251,376,204,356,167,354,132,439,148,427,98,392,94,366,105,455,152,438,86,393,87,365,106,466,162,451,99,402,97,370,113,470,179,453,129,416,117,387,122
O,442,299,399,249,370,200,351,163,351,129,431,144,423,90,387,88,364,101,448,149,434,80,387,83,360,104,461,160,448,94,396,94,365,113,466,177,449,124,409,116,380,126
O,453,291,402,245,370,202,344,171,331,141,432,133,400,83,362,90,339,110,448,137,407,76,362,89,341,113,458,149,423,89,372,97,346,119,455,169,424,122,384,118,357,128
O,468,279,413,239,374,200,344,175,325,147,435,126,390,81,350,94,329,118,450,129,395,75,348,95,330,121,460,144,413,88,362,102,338,127,458,168,421,123,381,120,355,129
O,479,274,421,236,379,199,347,177,326,150,432,124,387,80,348,96,328,121,448,128,393,72,348,94,330,122,460,142,413,86,362,102,339,128,460,166,420,123,378,122,352,133
O,483,251,424,218,382,185,350,165,326,141,426,106,378,72,344,89,327,113,443,106,384,63,343,88,329,116,456,118,407,69,359,89,339,116,460,141,418,106,377,109,353,122
O,490,232,428,205,382,175,347,160,322,137,421,97,373,60,338,79,323,105,437,97,378,51,337,79,324,107,449,107,397,61,351,85,333,112,454,128,409,93,368,99,345,114
O,492,220,429,197,382,171,346,158,317,138,418,88,362,59,328,81,312,107,433,89,364,53,325,83,314,112,445,101,385,62,341,88,325,116,450,124,402,91,362,98,340,113
O,486,232,429,205,384,173,352,154,329,130,415,103,377,65,344,79,328,101,432,101,385,52,345,75,330,102,448,108,404,59,358,79,337,105,458,126,417,90,377,94,354,108
O,459,256,408,220,373,181,348,152,336,119,409,118,389,70,357,78,340,96,426,116,399,56,360,69,340,92,442,121,416,63,372,73,348,95,453,133,425,89,387,88,361,100
O,444,276,396,232,367,189,350,155,345,120,420,135,413,88,383,81,361,91,435,136,428,76,388,73,360,89,448,142,440,80,395,78,364,95,454,152,434,103,398,96,371,104
O,416,294,375,241,356,194,345,158,348,122,414,154,416,107,389,98,365,105,430,155,433,97,395,89,365,103,442,161,447,101,404,94,372,107,450,170,447,117,413,105,384,113
O,399,306,363,253,349,202,342,162,349,127,410,170,416,123,389,112,365,115,426,171,434,114,397,102,366,112,439,177,448,117,406,105,373,116,447,184,449,132,416,116,386,122
O,397,308,361,249,349,199,343,161,352,125,412,166,418,120,394,110,370,112,429,168,436,113,401,100,369,109,440,175,449,118,407,105,373,114,447,184,449,132,415,115,382,118
O,399,312,363,250,352,201,346,163,354,126,418,170,425,123,398,111,374,112,434,173,441,116,404,101,373,109,445,179,453,121,410,107,377,116,450,188,452,134,418,118,386,120
O,400,311,365,250,352,200,345,161,354,126,420,166,426,119,399,108,375,111,435,169,442,112,405,99,374,107,446,177,453,117,409,105,376,114,451,186,450,132,414,117,382,121
O,413,322,369,256,355,206,342,169,338,135,443,175,428,116,388,105,358,110,456,180,432,107,381,96,352,110,456,188,439,114,388,102,356,113,442,197,431,135,395,118,365,120
O,396,336,355,268,342,215,329,176,325,138,437,181,421,117,379,106,346,112,449,187,421,109,370,98,340,111,447,196,427,117,376,105,343,116,432,207,417,144,381,125,352,126
O,384,357,335,288,313,231,292,187,281,149,422,188,389,113,340,102,304,111,431,195,385,104,330,98,299,117,426,206,390,119,334,110,298,124,404,220,375,151,334,133,301,135
O,393,352,350,289,327,230,311,184,317,143,402,180,407,122,374,108,346,113,420,185,424,113,379,99,344,111,433,196,435,123,384,110,345,123,438,209,426,148,386,132,352,137
O,396,341,352,285,329,228,316,182,327,141,394,175,403,120,373,112,346,121,413,177,423,110,381,101,347,116,429,186,440,117,393,109,358,125,441,200,440,139,403,125,370,131
O,404,335,357,281,334,224,319,178,331,137,399,171,408,117,377,104,350,110,419,173,428,107,386,93,351,107,435,181,444,115,399,103,364,117,448,194,449,135,413,118,381,124
O,411,336,363,282,339,222,326,173,338,131,406,168,415,111,384,99,355,107,427,170,437,102,394,90,359,105,446,180,456,111,409,99,373,114,461,194,460,133,423,114,391,119
O,420,348,370,292,345,228,329,177,340,133,413,173,419,114,387,101,358,108,434,174,443,102,399,88,361,104,454,184,465,110,417,97,379,112,471,200,471,136,434,115,401,119
O,426,366,373,308,346,234,328,178,337,127,421,172,427,106,390,93,357,101,445,174,455,93,404,80,360,98,467,185,480,104,425,90,381,106,485,203,485,134,444,110,406,112
O,423,377,369,312,340,237,323,180,330,129,421,179,426,112,387,96,353,102,445,180,455,96,400,80,357,97,466,191,477,106,417,91,371,107,482,207,480,134,434,111,393,116
O,420,364,367,301,338,229,321,173,333,122,416,170,425,104,389,89,356,95,440,172,450,90,399,75,357,90,460,182,471,99,415,86,372,102,475,199,471,128,428,107,389,112
O,416,360,365,298,336,228,319,173,329,124,413,165,423,98,386,87,353,95,437,167,446,85,396,74,356,92,457,178,468,96,415,85,373,102,474,195,473,125,431,105,394,109
O,417,364,365,298,337,230,319,177,327,128,416,171,423,105,383,93,350,100,438,174,450,90,395,79,354,97,458,185,469,103,409,91,365,108,472,201,470,130,425,110,385,117
O,412,362,362,298,334,229,318,176,325,127,409,170,419,104,382,94,349,101,432,173,443,92,391,83,351,99,452,184,463,104,408,93,366,109,469,201,468,130,428,109,391,112
O,406,352,359,290,330,225,315,174,324,128,402,170,411,110,378,99,349,102,425,173,434,97,387,88,350,101,443,182,451,106,398,96,357,110,456,196,449,129,408,112,372,117
O,402,341,355,284,330,223,316,177,323,134,398,170,405,114,372,105,343,111,418,172,427,101,381,92,345,109,436,180,445,108,395,100,358,116,449,193,448,131,411,113,378,118
O,407,340,363,285,340,230,327,186,337,146,403,180,411,126,381,118,354,126,422,182,431,116,389,107,356,122,438,190,447,124,402,115,367,130,450,202,447,145,412,130,382,135
O,406,335,364,279,343,228,331,187,340,148,405,182,411,131,383,121,357,127,423,184,431,122,391,112,358,125,438,192,446,129,401,119,367,133,448,204,445,148,410,134,381,139
O,408,328,364,275,342,226,331,187,336,150,402,179,409,130,382,123,356,128,420,181,427,122,388,114,356,126,435,189,441,128,398,120,364,132,444,200,440,146,407,134,377,139
O,406,324,362,272,342,224,330,185,337,148,401,180,406,132,379,123,354,128,418,182,425,123,387,113,356,125,432,189,438,129,395,119,362,131,441,199,436,145,402,132,373,138
O,406,324,365,277,343,228,333,190,339,155,402,183,407,135,378,126,354,133,419,186,425,127,385,118,355,130,433,194,438,134,395,125,363,137,443,206,436,152,402,141,374,148
O,403,324,365,278,344,228,334,190,339,156,401,185,407,138,379,130,355,136,418,188,425,129,386,122,356,134,432,196,438,136,396,128,365,140,442,207,439,154,406,142,379,148
O,406,322,368,277,349,229,338,191,343,156,403,185,411,137,384,128,361,134,419,187,426,130,390,121,362,133,433,194,439,137,400,128,371,141,444,205,443,154,412,140,386,145
O,407,322,369,275,349,228,339,192,344,157,405,186,412,140,385,131,361,138,422,189,428,132,391,124,362,135,435,196,442,138,401,129,371,141,445,207,442,156,410,143,383,148
O,406,322,367,276,348,229,337,191,342,155,403,185,410,138,384,128,361,134,419,187,426,130,390,121,361,132,433,194,439,137,399,128,369,139,443,204,441,154,409,140,382,145
O,408,321,368,274,348,227,337,190,342,154,404,184,410,138,383,128,360,133,420,187,427,131,390,121,361,132,434,194,441,137,400,127,369,137,443,205,441,154,410,141,382,145
O,407,323,370,278,351,230,341,193,345,159,406,189,413,142,387,133,363,137,422,191,429,135,393,125,363,135,436,198,443,141,403,131,372,141,445,209,443,158,412,144,385,149
O,410,322,370,278,350,231,339,194,342,161,404,183,410,135,380,128,358,137,420,186,427,127,388,119,359,132,434,195,440,136,397,128,366,140,444,207,439,156,405,145,377,152
O,410,318,368,276,344,229,332,192,337,159,395,180,399,127,368,126,352,143,411,182,416,117,376,120,355,142,427,189,432,126,389,126,365,146,439,199,433,149,399,144,376,158
O,409,316,368,273,343,227,329,191,337,157,392,177,394,123,364,124,349,143,409,179,412,114,372,118,351,141,426,187,431,123,387,125,363,147,438,198,431,148,397,144,373,157
O,410,315,368,273,342,227,328,190,334,156,391,176,392,123,363,123,347,140,409,178,411,114,372,117,350,138,425,185,429,122,387,123,361,143,438,196,431,147,397,142,372,154
O,408,314,366,273,341,227,326,190,332,158,390,175,392,121,361,124,346,142,408,177,411,112,370,117,350,140,424,185,427,121,383,124,359,146,436,197,430,146,395,142,371,157
O,409,313,368,271,342,226,327,189,335,156,391,175,393,122,362,122,347,139,408,177,412,112,372,115,351,138,424,184,429,121,385,122,361,143,436,194,428,146,394,140,371,153
O,410,314,369,272,343,226,329,190,333,156,391,175,392,121,363,122,347,139,409,177,412,112,372,116,350,137,425,184,430,120,387,121,361,142,438,196,430,147,396,142,372,155
O,411,315,369,272,343,226,329,190,335,157,394,175,395,121,364,121,347,138,411,177,413,112,372,115,351,138,427,185,430,122,385,122,360,143,439,197,431,147,396,142,372,155
O,412,317,373,275,351,227,338,187,343,151,400,180,406,129,379,120,357,130,416,181,426,118,389,107,362,120,431,188,440,123,399,114,369,128,441,198,436,146,403,134,376,141
O,410,316,373,274,350,225,336,183,346,148,400,180,408,129,380,119,359,128,416,181,429,118,392,106,365,118,431,187,441,124,400,113,370,127,440,196,435,146,403,133,376,140
O,410,316,372,274,349,224,335,184,343,149,399,177,408,125,378,116,357,127,415,179,427,115,389,104,362,118,429,186,439,121,396,112,367,127,438,196,432,143,399,132,373,140
O,409,314,368,270,345,222,331,183,339,147,393,176,401,124,373,116,351,127,410,177,421,114,384,104,356,118,425,183,433,120,392,112,362,126,435,193,428,142,396,130,369,138
O,410,313,370,268,346,221,333,182,340,146,395,174,402,123,373,114,352,124,411,175,421,113,385,103,357,116,426,181,435,119,393,109,363,124,435,191,429,141,396,129,370,137
O,410,311,371,268,346,222,331,181,341,145,396,175,403,122,374,113,353,124,413,176,422,112,384,103,357,116,427,182,435,117,392,110,363,125,436,192,428,140,395,130,368,139
O,410,315,370,273,347,224,333,184,340,148,395,177,403,124,374,116,353,126,412,178,422,114,383,104,355,117,426,184,435,120,392,112,362,127,436,194,430,142,397,131,370,139
O,408,314,369,271,345,223,331,183,337,148,393,175,400,123,371,115,350,125,410,176,419,113,380,104,353,118,424,182,432,119,389,112,359,127,433,193,427,142,394,131,367,139
O,407,315,369,272,345,225,330,184,338,148,393,177,400,125,371,116,350,126,410,178,420,114,381,104,354,118,425,185,432,120,389,112,360,127,434,195,427,142,393,132,367,140
O,407,314,367,272,344,223,330,183,336,148,390,174,397,123,368,114,347,125,407,175,416,112,379,103,352,117,422,181,431,119,389,111,359,125,433,192,427,141,394,131,368,138
O,407,315,368,272,344,223,330,182,338,146,392,177,400,126,372,117,351,126,410,177,420,115,382,105,355,118,425,183,433,120,391,111,361,126,436,193,428,142,395,130,368,137
O,407,317,368,274,344,225,330,183,338,145,392,177,400,124,372,114,351,124,408,177,420,113,383,103,356,116,423,184,432,120,390,111,361,125,433,194,426,142,393,130,367,137
O,408,316,368,272,344,222,330,180,339,144,390,174,396,125,370,116,349,124,408,174,417,113,382,102,354,114,422,180,431,116,392,107,362,120,431,190,425,138,394,125,368,131
O,407,314,367,270,343,222,329,180,336,144,389,174,394,126,369,116,349,123,407,174,416,112,381,101,354,112,421,179,429,115,389,106,360,118,430,188,422,136,391,125,365,133
O,406,310,367,268,342,220,328,179,334,141,387,172,392,122,366,113,346,122,404,171,413,109,377,99,350,112,418,176,427,113,388,103,358,115,427,185,423,134,393,121,366,127
O,404,311,364,269,340,218,326,177,331,139,386,172,392,122,366,113,345,122,403,171,412,110,376,99,347,112,418,177,426,114,385,104,354,117,427,187,421,136,390,123,362,129
O,403,310,364,268,339,218,325,176,330,139,385,171,392,121,364,112,343,121,403,171,412,109,375,100,347,113,417,177,425,115,383,107,353,120,427,187,421,137,389,124,362,130
O,404,309,363,266,339,217,325,177,330,141,385,170,391,121,365,113,344,123,402,171,411,110,375,101,347,115,417,177,424,115,383,107,354,121,426,187,420,137,389,125,363,131
O,403,310,362,266,337,217,323,177,326,141,386,171,393,122,365,113,343,122,402,172,411,111,374,102,346,115,417,177,424,116,383,108,353,122,428,187,421,136,387,126,360,134
O,402,309,363,267,339,218,324,178,327,143,383,171,387,122,360,115,339,125,401,170,408,111,371,103,343,117,416,176,423,116,382,109,352,122,427,187,422,138,390,126,363,132
O,401,308,361,264,336,217,321,178,326,141,382,171,387,121,360,113,339,123,399,171,408,110,371,102,344,116,414,177,422,115,380,107,351,122,425,186,417,136,384,125,358,132
O,403,309,363,266,338,218,323,179,326,142,385,172,390,122,362,113,340,122,402,172,409,110,372,101,344,114,416,177,422,115,379,108,349,123,427,186,419,135,385,125,358,134
O,402,307,363,264,339,217,324,177,328,141,385,170,389,120,361,111,341,121,401,170,408,109,370,99,343,112,416,176,423,113,380,105,350,119,425,185,419,133,385,123,358,131
O,402,304,364,262,339,215,323,175,330,138,386,169,391,120,363,111,344,122,403,169,412,109,374,100,347,113,417,175,424,113,382,105,352,120,425,185,418,134,385,123,358,131
O,403,304,365,263,340,215,324,176,329,138,385,170,390,121,363,112,343,120,402,170,410,109,373,98,346,110,417,176,424,113,382,105,352,117,426,186,418,135,386,123,359,130
O,401,307,362,265,338,217,323,178,328,142,384,170,388,120,361,112,340,122,401,170,409,109,372,100,343,114,416,177,424,114,382,106,351,120,426,187,418,137,385,125,357,132
O,401,306,363,265,338,218,324,178,329,141,382,169,385,120,359,112,339,122,399,169,406,109,369,100,341,114,414,175,422,114,382,106,352,119,425,186,419,136,388,124,362,130
O,402,306,363,264,338,217,323,178,329,141,385,168,391,119,363,112,341,122,402,169,410,108,373,100,345,113,417,175,424,114,382,106,352,120,426,187,418,137,386,125,359,132
O,402,308,363,266,338,218,323,178,330,141,383,172,388,121,360,113,340,124,401,172,410,110,372,100,345,114,416,178,424,116,382,107,352,121,427,188,420,139,387,127,361,133
O,402,307,362,265,339,218,324,179,329,142,383,171,389,121,361,112,340,122,400,171,410,110,371,101,344,113,415,177,423,115,380,107,350,122,424,187,419,136,385,126,359,135
O,401,308,363,267,339,219,324,178,330,140,383,171,389,122,362,113,342,122,400,171,409,111,373,101,346,114,416,177,424,116,382,107,352,121,426,187,420,138,388,126,362,132
O,400,307,361,265,337,216,322,176,328,140,385,169,389,118,360,111,339,123,401,169,409,107,371,100,344,115,416,175,422,113,379,106,350,121,425,186,415,135,381,124,355,132
O,399,307,360,264,335,216,320,177,325,140,382,168,388,118,359,110,338,121,399,169,408,108,369,100,342,115,413,176,421,114,377,106,347,121,423,186,416,136,381,124,355,131
O,399,305,361,264,337,215,322,175,328,138,381,167,388,116,359,108,339,119,398,168,407,106,370,99,343,113,413,175,422,112,380,105,351,120,424,186,419,135,386,123,360,130
O,400,303,360,263,336,214,322,175,327,138,382,167,387,116,359,108,339,118,398,167,407,106,369,97,342,110,413,172,421,111,379,103,349,118,424,181,418,131,385,121,358,129
O,401,304,361,263,336,213,322,174,326,138,382,168,386,119,359,112,338,121,399,168,406,108,369,99,341,113,414,173,420,111,378,104,348,118,425,183,417,132,384,121,357,128
O,399,306,360,265,335,215,320,176,325,140,381,168,386,117,358,108,337,118,397,168,406,107,368,97,341,111,413,174,420,113,378,104,349,119,424,184,418,134,386,121,360,128
O,397,308,356,265,332,216,318,177,323,140,379,168,386,117,358,108,338,119,397,169,406,106,369,97,343,111,412,175,419,113,376,104,347,119,422,185,415,135,381,123,355,130
O,398,308,359,266,334,217,320,176,325,139,380,169,387,118,360,109,339,119,398,169,406,107,370,98,343,112,413,175,420,113,380,105,351,119,425,185,417,135,385,123,359,130
O,396,307,357,264,332,215,318,175,323,138,379,168,384,118,357,109,335,117,397,168,404,107,367,97,339,109,412,174,418,112,376,104,346,117,422,184,414,133,381,121,354,128
O,394,305,356,264,331,214,318,175,324,139,378,167,385,117,356,108,336,119,396,169,405,106,368,97,341,111,411,175,418,113,376,105,347,119,420,186,413,135,380,123,355,130
O,392,303,354,260,330,212,316,173,321,136,377,165,382,113,353,105,333,115,394,166,402,103,363,95,336,109,409,173,417,109,374,101,345,116,419,184,411,131,378,121,351,129
O,393,305,354,264,331,214,316,174,321,139,377,167,383,114,354,105,333,116,394,168,404,104,366,94,339,108,409,174,417,111,374,102,345,117,420,185,413,133,380,121,353,129
O,396,307,357,262,334,213,321,173,326,137,382,168,390,117,362,107,340,115,399,169,410,107,373,96,345,108,414,175,422,112,380,103,350,116,423,185,417,133,384,121,357,129
O,395,305,354,260,330,210,317,170,323,135,380,161,388,109,357,102,336,114,397,163,408,100,368,92,342,108,411,171,421,108,376,100,347,114,421,183,414,132,381,120,356,126
O,394,307,352,261,327,209,313,169,321,134,378,161,383,109,353,103,331,116,395,162,403,99,363,92,336,108,410,170,416,107,372,99,343,115,418,182,410,130,376,119,350,125
O,395,305,354,263,328,213,313,172,320,136,374,161,379,109,351,103,330,114,391,162,399,98,361,92,334,108,407,169,414,105,372,100,343,115,417,180,413,128,380,117,354,125
O,394,305,354,260,329,210,315,169,321,132,377,164,382,114,355,105,333,114,395,164,404,102,366,92,337,105,410,170,418,107,375,98,344,113,420,180,414,128,380,116,353,124
O,397,306,356,262,331,212,316,171,322,134,379,165,385,113,357,104,335,114,397,165,405,102,367,92,338,105,412,171,419,108,376,99,345,113,421,181,414,129,381,118,354,125
O,394,305,356,261,331,211,316,171,323,134,379,164,386,113,357,105,336,116,396,165,406,103,368,94,340,108,411,171,419,108,376,100,346,116,420,180,413,129,380,118,354,126
O,395,305,355,261,331,211,317,172,321,136,382,162,389,109,359,101,337,114,398,164,408,100,368,92,341,106,412,171,419,107,375,99,345,114,421,182,412,130,378,119,352,127
O,395,306,355,263,330,211,316,171,320,135,378,163,385,111,355,104,334,115,395,164,404,100,365,92,337,107,411,171,418,106,374,99,344,114,421,181,414,128,380,117,353,126
O,396,303,354,259,330,209,315,168,321,132,377,161,383,109,355,103,334,114,395,161,403,99,364,91,337,105,410,168,418,104,375,98,346,114,421,178,415,126,382,115,356,124
O,394,302,354,257,329,207,314,166,320,129,376,159,383,107,354,99,333,110,394,159,402,96,363,89,336,104,409,165,417,103,373,96,343,112,419,176,412,124,379,113,352,120
O,394,298,355,256,330,205,315,164,321,127,378,157,383,106,354,99,332,109,395,157,404,96,364,87,337,101,410,163,418,101,374,94,344,109,420,174,414,123,381,111,354,118
O,397,295,356,254,330,204,315,163,320,126,377,154,382,102,353,96,333,108,394,154,402,91,362,84,336,99,410,160,416,97,372,91,343,107,420,170,412,118,377,108,351,117
O,396,294,355,252,331,202,317,162,321,125,376,155,380,105,353,97,332,106,394,155,401,94,363,85,335,98,410,161,418,99,375,91,346,105,421,172,416,120,383,108,357,115
O,400,297,358,255,333,203,319,162,324,125,380,155,385,104,357,97,336,108,398,155,407,93,369,85,341,99,413,162,421,99,377,92,347,106,424,172,417,120,383,108,357,115
O,400,296,359,255,335,205,321,164,325,128,380,157,387,105,359,97,339,107,398,158,407,95,370,86,343,100,413,163,421,100,378,93,350,109,424,173,418,120,385,110,360,119
O,397,296,358,254,333,204,318,164,323,127,380,157,385,107,356,100,336,111,397,157,407,96,368,88,341,102,413,164,420,102,376,94,346,108,422,174,414,123,380,112,354,119
O,397,295,357,251,332,203,317,163,323,127,380,155,385,104,355,98,335,109,397,156,406,93,366,86,339,100,412,162,419,99,374,92,344,107,421,173,412,120,377,110,351,118
O,398,297,356,254,332,204,317,164,322,128,380,156,385,105,355,99,335,110,397,157,405,95,365,88,339,102,412,164,418,100,373,94,344,110,421,174,412,121,377,112,350,122
O,397,297,357,254,333,204,318,164,324,127,381,156,385,105,356,98,337,109,398,157,406,94,367,85,339,99,413,163,420,99,375,92,345,108,422,172,414,120,378,111,351,122
O,396,300,356,259,332,207,317,165,323,128,380,159,386,107,357,99,337,110,397,160,406,97,368,88,341,102,412,166,419,103,376,95,347,109,422,177,415,125,382,113,356,119
O,397,298,356,256,332,205,317,164,322,127,378,157,383,107,355,100,335,109,396,157,403,95,365,87,337,101,411,163,418,100,375,93,346,109,421,172,415,120,382,110,355,118
O,397,298,356,255,331,204,317,163,324,126,380,155,386,104,356,98,336,109,397,156,406,94,366,87,339,101,412,163,419,100,375,93,345,107,421,173,414,122,381,110,354,116
O,398,295,357,254,332,204,317,163,322,126,380,156,386,104,356,96,335,107,397,156,405,93,365,85,339,99,412,162,419,99,374,92,345,107,421,171,414,121,380,109,354,118
O,395,295,355,253,329,203,314,162,320,126,377,153,382,103,354,97,333,108,394,154,402,92,363,85,335,99,409,160,415,97,372,91,342,106,419,170,411,118,378,108,352,116
O,397,297,355,255,331,203,317,163,321,127,377,156,381,105,354,98,333,107,395,156,402,93,363,85,335,99,410,162,417,99,374,92,344,106,421,173,414,120,381,110,354,117
O,397,298,356,255,331,205,317,164,323,128,378,157,383,106,355,99,335,110,395,157,403,95,365,87,338,101,411,163,418,100,375,93,346,109,422,172,415,120,382,109,355,118
O,397,299,356,256,331,205,317,164,322,127,379,158,385,106,357,97,336,109,396,158,405,95,367,86,340,101,412,164,418,100,376,93,346,108,422,173,414,121,380,110,354,119
O,398,297,357,255,331,205,317,164,323,127,378,156,384,104,355,97,334,107,396,156,404,94,366,85,339,99,411,162,419,100,376,93,347,108,421,173,416,121,382,110,356,119
O,398,300,356,256,331,206,317,165,322,128,378,159,384,108,356,100,336,109,396,159,405,96,366,87,338,100,411,164,419,101,375,93,345,109,422,174,415,121,381,110,354,119
O,395,296,355,254,330,203,316,162,323,126,378,155,382,104,353,97,333,107,396,156,405,93,365,85,338,100,411,163,419,100,375,92,345,108,421,174,414,123,380,112,354,119
O,396,297,356,255,331,203,316,162,321,126,377,157,381,106,354,100,333,109,395,157,404,94,365,86,337,99,411,163,418,100,375,92,345,106,421,173,413,121,379,110,352,117
O,396,295,355,253,330,202,316,162,321,126,378,155,383,104,354,97,333,107,395,155,403,92,364,85,336,99,411,162,417,97,373,91,343,107,420,172,411,118,377,109,350,119
O,398,298,357,256,331,205,317,164,321,127,377,156,383,104,354,97,335,108,395,156,403,93,364,85,338,100,410,162,418,98,374,91,345,107,421,172,413,119,379,108,353,117
O,395,295,354,253,329,204,314,165,319,127,377,156,382,104,353,97,332,108,395,156,403,93,364,84,336,99,410,162,416,98,371,91,341,106,418,172,409,119,374,110,347,119
O,396,295,353,254,328,204,315,164,319,128,375,155,381,103,352,96,331,108,392,155,401,92,363,84,336,99,407,161,415,98,372,91,343,106,418,172,410,120,377,110,351,117
O,397,296,356,255,329,205,314,165,319,128,374,156,378,105,352,98,332,109,392,155,399,93,362,86,335,101,408,161,415,99,373,92,343,106,419,171,411,121,378,110,352,117
O,396,296,355,254,330,204,315,163,322,126,376,157,380,104,352,96,332,108,394,157,402,94,364,86,337,101,409,163,416,99,373,92,344,108,418,173,410,121,376,111,349,120
O,396,297,354,255,330,204,316,164,320,127,376,157,382,105,353,97,333,107,394,157,402,94,362,86,336,100,409,163,417,100,373,93,343,108,420,174,412,122,378,111,352,119
O,397,300,356,258,330,207,315,166,322,130,379,156,385,104,355,96,335,108,396,157,404,94,366,86,339,101,410,164,417,101,374,93,345,108,420,175,412,124,378,112,353,119
O,397,299,355,257,329,206,313,165,321,127,377,156,382,104,352,98,332,109,394,156,403,93,364,86,337,99,409,163,417,99,372,92,342,106,418,173,408,121,373,110,346,118
O,397,295,356,255,330,202,315,160,321,123,375,154,380,102,352,95,332,105,393,153,400,91,363,84,336,97,409,159,416,96,374,90,345,106,421,170,413,118,380,107,354,115
O,398,297,356,256,330,204,315,163,319,125,377,156,382,104,352,97,331,107,395,156,403,92,364,84,337,99,410,161,416,97,372,90,343,105,420,171,409,120,375,110,350,117
O,396,294,355,254,328,203,313,161,320,124,374,154,378,102,350,95,330,106,392,153,398,91,360,84,334,100,407,157,412,96,370,91,342,107,418,167,411,118,379,106,353,113
O,396,293,354,253,328,202,313,162,319,124,375,153,380,101,350,94,329,106,393,154,399,90,360,83,334,98,408,159,413,95,370,90,341,106,418,169,409,116,375,107,349,117
O,396,292,353,251,327,201,312,160,319,122,376,152,380,101,350,94,329,106,393,152,399,89,359,82,333,98,407,158,413,93,369,87,340,104,416,167,407,113,372,105,346,116
O,395,288,354,249,328,199,312,158,318,121,374,151,376,103,349,94,329,103,391,149,396,89,359,80,332,94,406,154,411,91,371,84,341,99,415,162,407,113,375,102,349,110
O,394,286,353,248,327,198,313,157,318,121,372,149,377,98,348,92,328,103,389,148,396,87,358,80,331,95,405,153,411,92,369,86,341,101,416,163,410,112,378,102,352,110
O,394,288,353,248,327,199,311,160,315,123,374,151,377,99,347,93,327,105,390,150,397,88,357,81,331,97,405,156,411,92,366,86,338,103,414,165,406,114,371,104,345,113
O,394,290,353,250,328,202,313,162,317,125,373,153,377,102,348,94,328,105,390,153,397,91,358,83,332,98,405,158,411,96,368,89,339,105,415,168,407,117,373,107,347,116
O,395,291,353,251,329,202,314,162,318,126,373,154,376,103,349,96,330,106,390,154,396,92,358,85,332,100,405,160,411,97,369,90,341,105,416,169,409,118,376,107,351,116
O,396,289,354,251,330,202,316,162,321,126,374,155,377,107,350,99,330,109,390,154,395,94,359,86,333,101,405,158,410,97,370,91,342,107,415,166,408,116,376,107,351,116
O,394,285,353,246,328,200,314,161,318,126,377,154,380,106,353,98,333,107,392,153,396,94,360,86,333,99,405,157,408,97,368,91,340,106,413,164,406,115,373,107,348,117
O,393,284,352,248,328,200,314,161,317,125,373,154,376,106,349,98,329,108,389,153,393,94,356,86,330,101,403,156,407,96,366,90,338,106,412,164,406,115,373,106,347,116
O,393,287,352,249,328,201,314,164,316,130,376,156,378,108,351,101,331,110,392,156,395,97,357,89,332,103,405,160,407,99,366,94,339,109,412,168,401,118,368,111,344,122
O,393,287,353,250,329,203,315,165,319,130,376,161,378,115,352,106,331,114,392,159,396,102,361,93,335,106,405,163,408,103,368,97,340,112,413,170,403,122,371,114,346,123
O,391,284,350,248,326,200,312,162,315,128,372,157,374,112,349,103,329,111,388,156,392,100,357,91,330,103,401,160,405,101,365,94,336,108,409,167,401,118,368,110,342,120
O,388,281,348,244,323,200,309,162,313,127,370,155,372,108,347,100,327,108,385,154,388,96,353,88,327,101,398,157,400,98,360,93,333,108,405,164,396,116,364,108,338,119
O,387,281,346,245,322,200,308,163,310,129,368,154,369,110,342,102,321,109,382,152,385,97,350,90,324,102,395,155,397,99,357,94,330,108,403,162,395,116,362,109,337,118
O,388,286,346,250,322,204,308,167,310,133,369,161,370,114,343,105,324,115,384,159,386,102,351,95,326,108,396,162,398,104,357,99,331,114,404,168,395,120,363,113,339,123
O,385,281,345,245,321,200,306,164,309,130,367,156,370,111,343,103,322,110,382,154,385,99,350,90,323,102,394,158,396,101,356,95,328,108,402,165,394,118,362,109,336,118
O,385,283,343,247,319,201,305,163,309,131,366,157,367,112,342,103,322,112,381,155,383,100,348,92,323,106,393,158,396,102,356,95,329,110,401,164,395,117,363,108,338,118
O,385,281,344,243,320,198,306,162,308,127,368,154,368,108,342,100,322,109,383,153,386,97,350,89,324,102,395,157,398,99,356,93,329,108,402,164,395,115,361,107,335,118
O,388,285,346,243,323,194,309,156,310,121,375,149,376,103,350,93,328,100,391,148,394,91,358,79,329,91,403,152,405,94,362,85,332,99,409,159,400,110,366,101,338,112
O,395,304,351,255,327,197,313,155,316,117,391,151,393,100,361,88,336,96,408,152,414,87,372,73,339,86,421,159,428,90,380,76,345,89,425,168,414,111,377,96,348,103
O,405,336,356,280,329,217,312,170,313,126,404,158,405,94,367,80,337,89,423,161,427,80,374,66,336,80,436,172,440,91,382,78,341,91,439,189,428,123,384,106,350,111
O,425,343,364,296,323,242,294,203,285,162,381,170,366,103,324,104,304,124,402,173,382,89,327,98,306,123,417,185,396,107,337,114,311,139,423,204,394,144,349,143,324,162
O,426,326,373,278,335,226,309,187,300,146,389,158,377,99,340,95,316,109,408,158,393,84,344,84,314,104,423,168,408,93,355,92,321,112,430,184,403,128,361,119,331,128
O,424,317,375,271,341,220,318,180,313,140,391,159,388,99,354,93,330,106,410,159,408,84,361,79,331,98,425,165,422,92,371,88,338,107,434,178,416,122,376,113,346,122
O,420,306,372,259,339,210,316,171,313,132,390,148,386,91,351,87,328,101,407,148,403,76,357,74,328,94,422,155,417,83,366,81,334,102,430,168,409,113,370,104,342,114
O,418,296,369,252,335,201,312,162,310,124,384,141,380,86,346,81,324,95,402,141,397,71,353,67,326,86,416,147,410,78,362,76,331,95,424,159,403,107,366,99,339,108
O,415,296,366,252,333,204,310,167,305,129,382,142,377,87,342,81,319,94,398,142,393,72,348,69,320,88,412,149,405,79,356,77,325,96,419,161,399,108,361,100,333,110
O,414,297,364,256,330,205,306,166,301,128,382,142,374,85,338,81,315,94,399,142,390,70,344,70,316,90,413,150,402,79,352,78,321,96,420,164,397,109,359,101,331,110
O,414,300,365,256,331,207,308,169,301,131,383,144,375,87,340,82,315,94,400,145,391,72,344,70,315,89,414,152,403,80,352,79,320,99,420,165,397,110,359,104,331,114
O,416,298,366,254,332,206,308,168,303,128,384,144,377,87,341,80,316,93,400,144,393,73,347,69,317,87,413,151,404,79,353,77,321,96,419,164,397,108,359,100,331,111
O,414,301,364,256,330,208,308,170,300,132,379,144,371,89,336,86,313,98,396,144,387,75,342,75,314,93,411,152,400,82,351,83,319,102,419,164,397,111,358,105,329,115
O,415,302,365,260,331,211,308,172,302,132,380,147,373,93,338,88,315,100,397,147,390,77,345,75,316,94,411,153,403,84,353,82,321,102,419,165,398,112,360,105,331,115
O,412,303,364,259,331,210,308,172,303,134,382,148,374,93,340,87,318,100,398,148,391,78,346,76,318,95,412,155,404,86,354,84,323,103,419,167,397,114,359,107,333,118
O,415,305,364,262,331,213,309,174,302,136,378,150,370,95,336,91,314,104,396,149,388,80,343,79,315,99,411,156,403,86,353,87,321,107,419,168,398,114,359,108,330,119
O,412,304,362,258,330,210,307,172,301,133,379,147,373,93,339,88,316,99,397,147,391,77,347,74,317,92,411,154,405,84,354,81,321,99,418,166,398,112,359,105,329,116
O,412,303,363,260,330,209,307,170,303,133,381,146,375,91,339,87,316,101,398,147,391,76,345,75,316,95,412,154,403,83,352,82,319,101,419,167,398,112,358,105,329,115
O,412,302,364,261,330,211,307,173,303,134,381,148,374,94,341,90,317,102,398,148,391,78,347,76,317,95,412,155,403,86,354,85,322,102,419,168,398,115,360,107,332,117
O,412,307,363,263,330,215,308,177,302,140,378,151,370,95,336,94,314,108,396,151,385,81,341,82,314,103,410,158,400,89,351,91,320,111,419,170,399,117,360,111,332,122
O,411,301,362,259,330,209,309,171,302,134,378,147,372,92,338,87,315,99,396,147,389,76,344,74,315,94,410,153,403,85,352,83,321,102,418,166,399,113,360,105,332,116
O,412,301,363,258,331,210,308,172,303,133,380,147,375,91,342,87,318,100,397,147,392,77,349,74,320,93,411,154,404,85,356,83,324,101,418,167,398,113,360,106,332,116
O,410,303,362,260,330,210,308,172,303,135,381,149,373,94,339,89,316,102,397,149,390,78,345,76,315,96,411,156,403,86,352,86,321,106,417,168,397,114,359,108,331,120
O,410,305,361,262,329,213,306,176,302,138,380,152,372,98,337,93,314,104,397,152,387,83,342,81,314,99,411,159,399,91,350,89,319,108,417,171,395,120,357,112,329,121
O,410,303,361,261,328,210,305,172,301,135,379,149,372,93,337,88,314,100,396,149,389,79,343,76,314,94,410,156,400,86,350,84,318,103,416,169,394,113,356,106,328,117
O,408,304,360,260,328,209,306,172,300,136,379,148,373,95,339,90,316,103,396,148,389,79,345,77,317,96,409,155,402,87,352,84,321,102,416,168,396,116,357,106,329,114
O,410,305,362,262,328,212,306,173,302,135,379,149,373,95,340,91,316,103,395,149,389,81,345,78,316,95,409,156,400,89,352,87,320,104,415,170,395,116,357,109,328,119
O,409,307,361,262,329,214,307,176,303,138,379,153,373,97,339,93,317,106,395,153,390,82,345,80,318,99,409,160,402,91,353,88,322,106,416,172,397,118,359,110,330,121
O,411,305,361,263,328,211,305,173,303,136,381,150,375,93,339,88,316,102,397,150,390,79,344,76,316,96,411,157,402,88,351,85,320,104,417,170,397,115,358,108,330,119
O,411,308,361,263,329,214,308,177,303,140,379,154,375,98,342,93,319,105,395,154,391,84,347,80,318,98,409,161,402,92,354,88,322,105,416,173,397,119,359,111,331,121
O,409,304,361,261,329,211,307,173,302,136,380,150,373,96,339,90,317,101,396,150,388,82,344,78,316,96,410,157,401,89,353,86,321,104,417,169,397,117,360,108,332,117
O,410,304,362,261,331,212,310,174,304,136,380,151,373,98,340,93,317,104,397,151,389,83,345,81,317,98,411,157,403,90,354,88,322,106,418,170,398,117,360,110,332,121
O,412,311,364,267,331,218,308,179,304,141,384,159,377,106,343,97,321,106,401,159,392,92,349,86,319,100,414,165,403,97,354,93,322,111,420,176,397,124,359,117,332,129
O,414,310,365,266,332,217,311,179,308,141,381,156,375,101,342,98,321,111,398,157,392,87,348,86,320,106,413,164,406,96,357,95,326,113,420,177,402,124,364,116,336,126
P,424,74,374,110,339,157,320,196,291,228,306,119,274,185,251,231,234,270,346,107,343,208,352,260,361,299,394,103,398,196,401,180,402,153,438,107,433,179,433,166,429,140
P,412,84,361,121,325,165,304,201,276,228,290,129,258,194,236,239,217,277,327,115,327,215,343,259,354,287,373,110,380,200,386,184,385,157,414,111,414,181,416,170,412,145
P,440,79,387,115,345,164,322,208,292,241,309,135,274,204,252,248,231,285,349,124,345,228,360,276,372,307,397,121,401,217,407,199,408,170,442,123,438,197,439,182,434,155
P,439,70,388,109,346,161,323,204,296,237,311,128,273,200,250,243,229,281,351,116,345,221,355,277,365,316,399,113,403,211,407,192,408,162,444,117,439,192,439,177,435,151
P,432,69,382,109,342,160,320,205,292,234,308,130,270,200,247,244,227,282,346,117,343,223,355,279,365,319,395,112,400,210,406,191,406,161,440,113,438,189,439,175,435,148
P,431,68,381,109,341,162,319,206,292,238,308,129,270,201,248,246,227,285,347,117,342,223,354,277,363,315,396,113,400,212,406,192,405,162,441,115,437,191,437,176,433,150
P,426,71,375,112,336,163,316,205,291,234,305,129,270,199,248,245,229,284,346,115,343,222,355,278,366,317,395,109,399,208,403,189,403,159,440,110,434,188,434,173,431,146
P,428,74,376,113,335,164,313,207,287,235,302,131,267,203,246,250,226,288,343,118,338,226,356,271,371,297,392,111,396,209,402,191,403,160,438,112,433,188,434,173,430,146
P,429,77,378,117,341,167,320,207,293,242,304,132,271,201,250,248,231,286,344,119,342,221,357,266,368,293,393,114,399,209,404,195,404,167,438,116,434,190,434,178,430,154
P,426,73,376,115,337,165,316,206,291,237,305,130,268,201,246,247,226,286,345,116,341,222,354,276,364,312,394,111,400,211,405,193,405,163,438,113,435,191,435,177,431,150
P,426,70,376,110,337,161,317,205,290,239,303,131,268,203,247,247,227,285,342,118,338,223,351,277,361,313,390,114,395,210,400,195,400,169,436,116,431,191,431,179,426,155
P,425,73,373,113,332,166,312,210,291,237,302,133,268,201,247,248,227,287,342,119,338,225,351,277,362,311,391,114,397,214,401,196,401,165,436,116,432,195,433,180,429,151
P,425,77,377,119,338,170,315,212,287,243,303,136,266,205,244,249,225,288,341,122,337,229,349,285,358,324,390,117,397,215,403,198,402,169,435,118,433,194,434,181,430,155
P,429,79,377,118,338,167,316,207,287,240,304,134,268,203,246,248,226,285,344,122,337,223,353,260,365,279,393,118,395,212,402,197,403,168,437,120,431,191,432,180,429,154
P,419,76,369,117,329,169,308,211,287,236,301,133,267,204,247,251,228,290,342,119,338,223,351,279,362,316,393,114,394,212,398,196,399,167,437,115,431,192,429,180,424,154
P,422,71,373,111,335,163,312,206,284,238,302,132,267,199,245,246,226,284,341,119,337,221,354,260,367,279,389,115,395,210,403,193,403,164,433,117,430,192,432,178,429,151
P,423,80,374,124,334,174,314,213,290,240,301,137,267,206,245,251,225,290,340,122,336,228,347,285,357,324,390,117,396,217,401,200,401,171,435,119,431,198,431,184,427,157
P,420,78,372,119,334,169,312,210,284,243,301,139,265,207,242,251,222,288,339,127,334,225,348,272,360,301,387,121,394,216,400,199,400,171,431,122,429,197,430,183,427,156
P,408,96,353,132,315,176,294,213,265,244,279,136,246,203,222,250,201,291,318,123,314,227,323,286,331,328,367,120,371,216,378,197,377,167,410,122,410,201,413,187,407,158
P,409,94,353,133,314,178,290,215,258,242,275,138,239,203,215,250,194,289,313,125,308,230,318,285,326,324,361,120,365,216,371,198,372,169,404,123,402,198,405,186,400,159
P,407,98,353,132,313,172,289,204,266,224,280,131,247,193,224,236,202,272,317,118,311,218,327,260,338,285,361,114,364,206,372,192,374,165,402,116,398,187,403,176,401,150
P,406,107,351,140,313,177,290,209,266,229,281,136,249,195,226,236,205,272,315,124,313,218,323,267,330,300,358,121,364,208,370,193,370,168,395,124,394,191,397,181,393,157
P,405,101,355,130,320,169,298,202,273,227,289,136,256,194,233,235,213,271,322,125,316,215,325,260,331,292,364,121,369,204,375,188,374,161,402,123,401,188,404,176,400,151
P,406,106,362,141,330,181,312,214,290,240,296,149,268,204,252,245,237,280,327,135,330,217,344,262,355,293,367,129,378,208,384,195,383,172,404,129,407,193,409,184,403,162
P,385,97,340,133,311,175,299,210,285,236,280,146,261,208,246,250,234,287,313,131,323,219,338,266,349,301,354,122,367,201,368,184,365,159,390,120,395,183,394,172,388,149
P,376,91,332,136,300,180,286,211,285,231,271,143,258,199,245,243,235,280,302,122,321,208,338,254,350,287,342,109,364,189,363,174,356,149,379,102,391,165,389,155,380,133
P,374,91,331,131,305,173,292,206,278,231,272,139,255,197,242,240,232,278,303,121,317,208,333,256,346,292,344,110,363,188,363,173,358,148,381,105,392,168,391,157,381,135
P,386,95,338,131,305,173,290,206,283,224,281,138,258,195,240,238,225,274,316,122,322,212,336,258,347,289,358,115,370,197,370,181,366,154,396,112,399,177,398,165,392,140
P,432,124,373,153,325,193,295,226,260,245,295,150,248,205,214,244,186,279,334,143,307,243,302,302,302,346,384,146,371,241,379,223,386,194,429,155,412,232,417,219,419,189
P,453,142,392,167,341,206,306,244,267,272,307,170,254,232,221,270,190,302,348,167,318,269,313,327,307,368,396,173,377,270,390,257,398,230,439,185,420,257,427,246,429,221
P,460,129,402,153,352,197,318,241,284,274,320,167,269,233,236,273,206,305,361,165,331,271,327,326,322,362,409,169,393,268,404,254,409,226,453,180,433,255,439,244,442,219
P,464,123,407,150,353,194,320,237,286,268,328,162,275,227,241,263,210,294,370,159,334,265,327,323,323,364,419,165,396,266,407,251,416,223,464,178,440,254,445,241,450,214
P,471,135,410,155,356,197,323,241,293,276,326,171,274,237,241,274,211,306,367,168,336,272,328,329,320,371,415,173,399,269,409,252,416,226,459,184,440,256,446,243,450,218
P,461,128,403,153,352,196,321,242,288,272,321,167,270,236,238,274,209,308,362,163,334,271,328,328,323,369,410,167,397,266,406,248,412,220,454,177,438,250,444,236,446,211
P,459,121,400,150,351,192,321,236,286,267,320,160,268,226,236,265,207,299,361,154,334,260,327,319,322,361,410,156,396,257,407,242,413,215,455,166,437,243,442,231,445,206
P,457,128,399,158,349,201,317,242,282,273,321,168,270,231,238,269,209,303,363,162,335,267,331,322,327,362,412,166,395,264,404,250,411,224,457,176,437,250,441,240,444,216
P,456,116,395,146,344,188,312,229,278,257,318,151,264,214,231,254,202,288,359,144,330,249,325,311,322,356,409,148,392,250,400,237,407,211,453,158,432,235,436,226,438,201
P,454,125,392,153,341,191,311,231,278,260,315,156,261,219,228,258,199,291,357,148,327,252,321,314,318,360,408,152,387,251,395,240,403,214,452,165,429,240,433,231,435,207
P,456,125,392,151,341,190,311,230,274,258,313,151,261,213,228,255,198,291,357,144,328,251,322,317,318,365,409,149,389,249,398,236,407,209,454,162,431,239,435,229,437,202
P,455,124,392,149,339,192,306,234,273,258,314,152,262,214,228,257,197,293,357,147,324,257,318,320,316,364,409,154,384,260,395,246,404,217,455,168,428,250,432,239,437,210
P,462,127,397,150,345,185,315,226,278,257,319,152,264,214,229,255,198,290,364,145,328,253,319,318,315,366,417,152,389,253,399,240,409,211,461,167,434,245,437,235,441,209
P,466,120,403,146,349,185,316,228,278,258,323,149,265,215,228,254,196,287,368,145,329,253,319,317,313,364,419,153,391,256,402,242,411,214,464,169,437,246,441,236,445,209
P,467,121,403,144,346,188,311,234,276,263,319,150,262,216,226,255,193,288,362,146,327,253,319,317,313,364,414,154,389,256,400,244,410,217,460,170,435,247,440,238,444,213
P,472,130,408,156,352,197,318,237,280,264,321,160,265,223,228,262,196,295,364,154,329,262,318,324,312,370,415,162,391,266,401,253,410,225,460,176,434,256,440,246,445,220
P,468,129,404,152,349,192,314,233,277,264,322,158,266,222,230,261,197,294,365,155,329,261,322,320,318,363,415,164,391,265,402,249,411,221,460,179,434,256,439,243,443,216
P,466,128,402,158,349,196,315,235,277,264,322,159,265,222,229,260,196,292,366,154,331,259,323,321,317,367,417,161,391,261,402,249,411,223,462,176,437,250,440,241,443,216
P,468,124,406,150,351,191,317,233,280,261,322,154,266,219,230,257,198,290,366,149,331,254,324,315,320,359,418,156,393,257,404,247,413,220,463,171,438,247,443,239,446,214
P,471,124,408,151,354,192,320,235,282,264,325,153,266,219,229,257,197,290,367,149,330,258,322,319,318,362,418,156,393,258,406,243,416,216,463,171,436,248,444,236,450,211
P,470,130,406,151,350,194,315,239,279,269,322,161,264,225,229,263,197,296,364,157,330,263,320,324,313,370,414,165,392,265,403,251,412,225,459,179,435,254,442,244,447,219
P,468,128,404,151,348,191,313,234,277,263,324,157,266,221,231,260,198,292,368,153,330,261,321,319,313,359,418,161,392,262,400,249,408,221,463,176,436,252,439,241,443,216
P,471,133,406,153,351,195,316,237,279,267,322,158,268,220,232,259,198,294,364,157,328,267,320,329,316,374,415,166,391,269,403,254,413,224,461,182,435,260,441,247,446,219
P,465,130,403,156,350,195,316,234,278,264,325,155,266,219,229,257,196,290,368,151,331,255,323,315,317,359,418,160,392,261,404,249,413,222,462,175,435,251,441,241,445,215
P,465,129,402,154,347,194,312,235,277,260,322,156,265,217,228,254,196,287,364,152,330,257,321,317,315,360,414,159,393,261,405,246,413,218,458,173,434,250,441,239,446,214
P,467,131,404,155,349,195,313,238,275,266,321,160,262,222,226,259,193,290,363,156,326,259,318,319,313,361,412,163,389,262,402,251,412,225,456,177,432,252,439,243,444,219
P,464,124,401,151,347,193,313,236,275,263,320,155,262,220,225,258,193,290,363,151,326,256,317,319,312,364,413,160,387,262,399,248,410,221,459,175,432,253,438,242,442,216
P,467,133,402,154,346,194,310,237,271,265,320,157,261,222,226,259,193,291,364,155,326,258,317,319,311,363,414,162,387,261,397,250,406,225,458,177,432,251,437,242,441,218
P,460,128,398,154,343,194,309,236,274,263,319,156,261,219,225,256,193,288,362,152,325,257,316,320,310,365,412,161,386,261,397,249,406,222,457,177,431,252,435,242,439,218
P,484,124,419,150,359,196,320,240,284,265,334,155,275,221,238,259,206,292,378,154,336,264,324,326,317,371,430,164,401,267,414,252,424,224,475,179,445,258,453,246,460,221
P,479,124,414,149,357,192,319,235,282,263,331,153,270,216,232,253,198,288,373,150,334,257,323,318,314,364,423,159,399,260,410,248,419,222,468,176,441,251,448,241,453,217
P,473,121,408,145,350,189,314,235,274,262,322,152,262,218,225,255,192,288,366,149,328,258,318,319,310,365,418,158,394,260,405,246,413,219,464,173,438,251,444,239,448,214
P,471,124,405,147,349,186,311,227,269,258,317,149,258,214,221,255,186,290,361,148,321,256,311,320,304,367,412,156,386,259,400,247,410,218,458,171,434,249,440,240,444,213
P,472,130,407,154,350,196,310,237,269,265,315,155,255,220,218,259,183,293,359,154,319,264,311,328,304,373,410,162,386,268,400,254,409,225,458,178,433,258,441,248,445,221
P,473,126,408,148,348,192,309,237,268,265,314,155,253,223,216,261,181,294,358,154,319,264,307,326,298,374,410,163,385,267,399,250,408,221,457,179,430,259,438,247,444,220
P,476,129,408,154,349,195,310,238,267,267,315,156,254,221,216,260,181,293,359,153,318,261,306,325,298,371,410,162,383,266,398,253,408,226,456,179,431,257,438,248,442,222
P,472,135,404,156,348,195,309,238,265,268,314,156,254,221,215,261,180,295,359,155,319,265,307,331,300,380,412,165,383,269,396,255,407,226,458,181,430,259,436,249,440,221
P,475,133,409,156,349,197,309,237,268,265,314,159,252,222,213,262,178,297,357,158,317,266,306,330,298,377,408,167,382,270,396,254,405,226,454,183,426,263,435,251,441,225
P,474,135,407,158,350,197,309,237,266,267,314,157,253,221,214,262,178,297,358,158,316,268,305,332,296,379,408,168,380,272,396,259,407,230,454,184,429,261,437,252,440,225
P,472,134,405,156,348,196,309,237,266,267,312,158,253,220,214,261,179,295,357,157,317,266,305,330,295,377,409,166,379,270,393,256,405,227,456,182,429,261,435,250,440,222
P,474,138,406,161,348,200,308,240,265,270,311,160,252,222,215,263,179,297,355,158,316,267,306,332,297,379,406,166,380,270,396,257,406,228,453,182,428,261,435,252,440,225
P,473,135,406,158,349,197,310,238,266,267,312,159,250,224,212,264,176,298,354,157,316,266,306,330,298,378,406,166,381,268,396,256,407,229,453,181,430,260,437,250,440,225
P,467,133,401,156,345,197,306,239,265,270,309,161,251,224,214,267,179,302,352,159,317,270,308,332,299,376,404,166,381,270,394,254,403,225,451,179,427,257,435,246,438,219
P,466,131,400,154,344,195,306,237,265,268,307,158,249,224,212,266,178,301,349,157,314,265,307,329,301,376,399,164,381,267,395,253,404,225,446,178,426,258,434,248,438,221
P,463,133,396,160,341,202,303,241,261,271,304,160,248,223,210,265,175,301,347,156,314,265,307,332,300,380,399,163,376,267,391,257,401,229,446,176,423,256,429,250,432,224
P,475,147,404,170,348,209,311,248,271,280,309,164,254,222,214,263,179,298,352,160,317,266,307,330,298,376,404,167,381,272,395,259,406,231,450,182,426,262,433,253,438,226
P,468,137,400,154,345,197,310,244,272,278,313,160,258,222,219,264,184,300,356,160,320,269,310,334,301,381,407,170,381,273,393,260,404,231,453,187,427,266,432,256,436,227
P,472,136,405,158,346,197,309,241,269,272,312,163,252,229,215,269,179,303,357,160,318,268,308,333,301,380,409,167,385,271,397,260,406,234,456,183,432,262,437,254,440,229
P,473,137,407,160,349,202,309,244,266,274,311,163,252,228,215,269,180,303,354,162,317,274,309,338,301,384,406,170,384,275,399,259,408,229,454,185,431,266,439,254,443,227
P,477,134,410,154,350,197,310,242,269,274,313,162,253,230,216,270,180,305,356,162,318,270,307,332,300,378,408,171,383,274,399,259,409,232,455,187,431,266,440,254,446,227
P,479,137,411,159,352,199,312,240,268,271,312,162,253,228,215,269,180,303,357,161,319,270,310,335,303,381,410,169,383,271,400,259,410,231,458,184,431,263,440,255,445,229
P,481,136,411,157,353,200,314,244,273,276,314,159,256,225,218,268,183,305,358,159,319,271,309,336,302,383,409,168,386,274,401,257,411,228,457,183,433,265,441,254,446,226
P,478,134,409,156,352,199,312,242,269,275,314,163,257,227,219,270,184,305,358,162,322,272,314,337,307,384,410,171,386,276,402,262,412,233,458,186,434,267,442,257,445,229
P,478,134,412,158,354,200,314,244,272,276,313,164,254,229,217,271,183,307,357,164,321,277,311,343,303,391,409,173,387,280,404,264,414,234,457,188,437,270,445,257,448,229
P,480,137,412,159,351,202,311,246,269,278,312,165,253,233,215,273,180,307,356,166,318,274,308,337,301,384,408,176,383,277,399,262,410,234,457,191,432,270,441,258,447,232
P,481,141,413,165,353,206,312,246,270,275,313,166,253,230,216,271,180,307,356,166,319,272,310,335,303,381,408,175,386,276,401,262,411,235,457,190,433,270,441,260,446,233
P,476,138,409,163,352,205,312,245,270,277,314,167,257,228,219,270,184,306,358,165,321,274,311,340,303,387,409,174,386,280,401,267,411,238,457,190,435,270,441,260,444,232
P,480,137,411,161,352,204,311,246,267,277,312,164,253,229,216,271,181,308,355,164,318,272,309,337,304,386,407,174,383,277,400,261,411,234,455,189,431,270,441,259,446,232
P,482,138,414,157,354,198,311,242,268,274,314,163,255,228,217,271,182,305,356,165,319,274,311,335,302,378,408,174,386,276,402,261,412,232,456,189,432,268,442,256,447,229
P,480,135,411,157,351,200,310,244,268,275,314,163,254,230,217,271,182,306,358,164,320,273,310,337,303,384,411,173,385,276,400,261,410,233,459,189,433,268,442,258,447,231
P,478,136,410,157,351,199,311,243,268,276,316,163,256,229,219,270,184,305,359,162,321,274,312,339,304,387,411,172,386,277,402,262,413,233,459,189,435,269,444,258,448,231
P,481,135,414,159,355,200,316,243,274,273,317,163,258,228,220,270,185,306,361,162,322,274,312,339,304,387,413,171,388,278,404,263,414,235,460,187,437,267,445,256,449,229
P,480,137,411,158,353,199,313,239,270,270,314,161,257,225,220,267,185,303,358,162,323,271,313,336,305,383,410,172,386,274,402,261,411,234,458,187,434,265,441,256,445,230
P,481,138,413,160,355,202,316,245,276,278,317,166,258,228,221,270,186,306,359,165,322,275,312,341,303,389,411,173,390,279,405,264,416,235,458,188,437,269,446,259,450,232
P,479,140,410,161,351,203,311,246,269,276,315,164,255,230,219,271,184,306,359,163,320,274,310,338,303,386,411,173,389,278,404,262,413,234,459,188,434,271,442,260,446,233
P,480,137,412,160,352,204,311,248,268,277,314,165,255,230,218,271,183,306,357,164,321,274,311,339,304,387,410,173,387,278,403,263,413,235,458,189,434,271,442,260,447,233
P,480,141,411,160,352,203,312,246,269,279,316,166,257,228,219,270,184,307,359,166,321,277,311,342,303,389,411,175,386,280,402,265,412,236,458,190,433,272,441,262,446,234
P,479,143,411,164,352,203,310,244,267,274,314,165,255,229,218,271,183,306,358,165,320,277,310,342,302,389,411,173,386,280,402,265,413,236,458,189,436,269,444,257,448,229
P,477,134,410,158,349,202,310,246,270,278,313,167,253,233,216,273,181,308,357,166,320,277,308,339,298,384,410,174,385,280,399,264,409,235,458,189,432,271,441,259,446,232
P,479,138,411,160,350,202,310,247,271,280,314,168,253,234,215,275,180,310,358,166,319,276,308,337,299,383,410,175,383,279,396,263,405,236,458,191,430,270,437,259,444,233
P,476,142,407,166,350,205,311,244,267,273,311,165,253,229,216,270,182,305,357,163,319,270,308,337,300,386,410,171,382,275,397,264,408,238,458,187,434,268,440,260,442,234
P,472,135,404,155,345,197,306,244,267,276,312,164,252,230,215,272,180,307,357,162,320,272,311,337,303,384,410,171,387,277,399,265,409,238,457,188,435,270,441,261,443,234
P,477,144,408,163,349,205,309,247,269,276,311,165,252,230,216,271,182,307,356,166,318,273,309,335,301,380,408,174,383,274,397,259,407,232,456,189,430,267,437,257,443,231
P,481,135,414,161,356,203,316,243,273,272,315,165,257,227,219,269,185,306,359,163,322,272,312,337,304,386,411,171,389,276,406,261,415,232,459,186,438,266,446,254,449,227
P,484,142,416,159,356,201,315,244,274,276,318,163,258,230,222,271,187,305,362,164,323,271,313,334,306,379,413,173,389,275,403,261,413,233,461,189,436,267,444,257,449,230
P,479,145,412,166,355,205,315,245,273,276,319,166,261,228,224,268,190,302,362,164,325,271,315,335,306,383,413,173,389,274,404,262,414,235,460,189,436,266,444,258,448,232
P,481,131,415,153,356,196,319,244,283,277,323,166,262,235,225,274,190,308,368,165,329,278,317,338,306,383,420,173,395,280,408,262,417,232,467,189,441,268,449,254,455,228
P,482,132,415,155,355,200,316,246,278,278,322,165,262,232,226,272,191,305,365,166,325,273,313,334,304,380,417,175,393,277,406,262,416,235,464,191,439,269,446,257,452,231
P,484,135,416,155,355,199,318,246,284,280,323,167,264,236,225,276,190,311,368,167,328,275,315,335,305,381,419,177,393,280,406,263,416,235,464,192,436,272,444,260,451,233
P,483,146,416,166,356,206,317,248,277,279,321,169,262,235,225,274,191,307,365,168,326,276,315,338,307,384,416,177,394,280,408,266,418,238,463,193,440,271,447,260,451,233
P,483,138,418,159,357,202,317,246,278,279,322,169,263,234,225,274,191,307,364,169,326,276,315,336,307,379,415,177,392,279,407,264,417,236,462,192,438,271,447,259,452,233
P,485,137,417,158,355,202,314,247,275,281,324,168,263,234,226,274,191,309,367,168,327,279,315,339,306,384,418,178,392,282,406,266,415,238,465,194,439,273,446,261,451,234
P,485,137,419,159,358,203,318,248,279,280,322,169,263,234,226,274,192,309,364,169,325,277,314,338,305,382,415,178,392,281,407,266,416,238,463,194,438,272,447,259,452,233
P,483,139,416,159,355,201,315,247,275,279,321,169,261,237,224,275,189,308,365,168,328,280,315,341,306,385,417,178,392,282,405,266,415,237,464,193,438,273,446,260,452,234
P,480,142,412,161,353,203,314,248,274,280,321,169,264,231,227,271,193,307,365,167,326,276,316,339,308,385,416,176,392,279,404,264,414,236,462,192,439,270,445,258,448,231
P,477,137,411,160,350,203,311,247,274,279,321,169,261,236,224,275,189,308,366,169,327,275,314,336,305,380,417,178,390,279,402,264,411,236,462,193,435,270,441,259,447,233
P,480,140,415,161,355,202,317,246,278,277,321,167,260,236,223,274,189,307,365,166,327,275,315,336,307,382,416,175,392,278,405,262,415,234,462,191,437,268,444,256,450,231
P,480,139,415,160,356,202,317,247,277,280,319,169,261,234,225,273,190,306,362,168,325,279,314,339,305,384,414,176,390,281,404,265,413,237,461,191,435,271,443,259,448,232
P,479,140,414,155,353,197,313,244,277,279,321,167,262,234,225,275,191,309,364,168,325,277,314,335,305,378,414,177,391,281,406,263,415,234,459,192,436,271,445,258,451,231
P,479,142,414,163,355,207,315,252,275,282,320,168,261,235,224,273,190,305,363,169,325,278,314,338,305,382,413,179,389,280,403,263,413,235,459,194,433,272,442,260,448,234
P,479,141,414,162,354,205,314,249,275,281,320,169,260,235,224,275,191,310,363,170,324,280,312,340,304,385,414,180,390,282,405,266,414,239,460,196,436,273,444,261,448,235
P,482,144,416,164,357,206,315,248,272,279,321,168,263,232,226,272,192,306,363,170,325,278,315,341,307,387,413,180,390,281,406,266,416,239,460,196,437,272,445,260,450,234
P,477,142,411,162,352,206,312,251,271,283,319,170,261,234,225,273,192,307,362,171,325,280,314,340,305,384,412,179,392,281,406,265,415,237,459,193,435,273,444,260,449,233
P,475,139,409,156,350,198,313,246,279,281,319,170,260,239,223,277,188,311,363,170,323,282,312,340,302,382,413,179,388,284,400,267,409,239,460,196,434,273,441,260,447,234
P,474,139,412,162,354,203,315,246,276,279,316,172,258,237,221,274,187,306,358,172,322,280,311,340,302,384,409,180,388,283,404,266,412,236,457,195,434,273,443,260,448,234
P,479,144,413,165,353,205,313,247,273,278,317,169,258,235,222,274,188,308,360,168,323,278,312,339,303,385,411,177,387,281,402,265,412,237,458,193,434,271,443,259,448,233
P,479,147,412,165,353,205,313,248,273,278,316,171,259,235,223,276,189,311,359,169,323,279,311,340,302,385,410,178,389,280,403,266,412,238,456,194,433,274,442,263,447,236
P,476,138,409,157,352,200,315,246,278,279,316,168,260,233,224,273,190,306,359,168,324,274,313,336,305,382,410,176,390,278,404,262,413,233,457,190,436,268,444,256,448,228
P,475,134,411,154,351,198,312,245,274,278,317,168,258,236,222,274,188,307,360,168,324,278,313,337,303,383,412,177,388,279,402,260,411,231,458,193,433,270,441,256,447,230
P,479,137,413,158,353,200,314,245,274,279,317,166,258,233,222,274,188,310,360,167,323,276,312,338,304,383,410,177,388,279,404,264,414,236,456,192,434,270,443,258,448,232
P,478,141,411,163,353,207,311,250,270,281,316,170,259,233,223,274,189,308,358,171,323,279,313,341,306,385,409,180,387,280,403,265,412,237,456,194,435,271,443,259,447,232
P,477,138,412,158,352,201,312,248,274,281,318,171,260,237,224,275,191,308,360,172,323,281,312,339,304,381,411,181,389,283,404,265,412,236,459,196,434,274,443,260,449,234
P,472,141,410,161,351,203,312,248,273,280,319,171,259,239,223,277,190,311,362,171,324,279,313,339,304,384,412,180,390,281,403,265,412,237,458,195,434,271,442,259,447,233
P,477,139,412,159,353,201,314,246,275,279,317,170,259,236,222,276,189,309,360,169,323,278,312,339,304,384,411,179,386,281,401,265,411,237,459,195,433,272,442,260,448,234
P,475,147,411,165,353,207,312,250,272,282,317,172,259,235,223,275,190,310,359,173,323,282,313,343,305,386,410,181,388,282,403,266,412,239,456,196,432,274,441,262,446,236
P,473,144,408,160,347,203,308,249,271,283,315,171,258,237,223,275,190,308,358,172,322,278,311,336,303,379,409,181,386,282,399,265,409,238,455,196,430,275,438,263,444,236
P,470,141,407,160,348,202,311,247,274,278,314,174,255,240,219,279,186,314,358,174,322,282,312,340,302,384,409,183,386,283,398,268,407,241,455,198,430,275,437,264,443,240
P,472,141,407,159,346,201,308,247,272,280,313,172,255,241,220,280,187,314,357,172,321,283,311,342,302,385,409,181,384,283,397,265,406,237,457,196,431,272,438,259,444,233
P,476,146,412,167,354,207,313,247,272,278,316,172,257,235,221,274,188,308,359,171,321,280,311,340,303,384,409,180,386,281,402,266,412,238,456,194,431,271,441,261,447,235
P,472,146,408,165,349,205,309,248,269,279,315,172,257,238,221,277,187,310,358,172,323,278,314,339,305,383,408,181,389,280,403,267,411,239,455,196,434,273,442,262,446,235
P,472,141,409,164,349,208,308,252,268,284,313,173,256,238,221,278,188,311,355,173,320,282,311,341,304,385,406,181,386,283,401,268,410,240,453,195,431,273,440,261,445,234
P,470,140,407,158,349,201,312,248,274,280,315,171,255,240,219,279,186,313,359,172,321,282,312,340,303,384,409,181,383,281,396,263,406,235,455,197,429,271,437,258,442,233
P,473,143,406,159,344,202,305,249,268,285,313,173,255,240,220,281,187,315,356,175,320,282,309,341,301,383,407,183,383,283,396,267,406,239,454,197,428,275,436,263,442,236
P,473,141,408,163,348,207,308,252,268,285,312,173,255,239,220,279,187,314,355,173,319,282,310,341,302,385,406,182,385,285,399,269,408,241,453,197,431,276,439,264,443,237
P,472,141,408,160,349,203,311,249,273,283,314,174,255,243,219,283,185,317,357,175,321,281,310,340,302,384,408,183,384,283,396,267,405,239,454,198,429,274,436,262,441,237
P,473,145,407,166,347,209,307,252,269,284,313,175,254,239,217,279,184,313,356,175,319,283,309,343,301,387,407,184,384,285,399,268,408,240,455,198,429,277,438,264,443,237
P,473,144,408,162,348,205,308,250,270,285,314,173,256,239,221,279,188,313,357,174,321,280,310,340,301,384,408,182,385,282,398,267,407,240,454,197,431,274,438,263,444,237
P,473,143,408,159,345,200,305,247,268,281,313,173,255,240,220,280,187,315,356,175,319,286,308,344,299,387,407,184,384,285,397,266,406,237,454,198,429,275,437,262,443,234
P,474,143,409,162,348,206,308,251,270,286,315,173,257,239,221,279,187,313,358,174,321,283,311,342,302,385,408,183,384,284,398,267,407,239,455,197,429,275,438,262,443,236
P,478,152,411,170,352,210,313,252,274,284,318,174,262,236,226,278,194,314,361,175,324,282,314,342,308,386,411,186,386,285,400,268,410,240,456,201,433,277,440,263,445,235
P,471,139,408,158,350,201,314,249,282,287,319,174,260,242,225,282,193,316,362,174,327,284,316,343,308,386,412,183,392,285,404,268,412,240,458,197,437,273,444,260,448,234
P,474,138,411,155,352,199,316,248,283,284,321,172,262,241,227,280,195,314,364,173,328,282,318,341,309,384,415,181,393,283,407,264,416,235,460,196,437,273,446,259,451,232
P,473,142,408,162,348,203,311,248,276,282,320,172,261,239,226,279,194,314,365,171,327,278,316,337,307,380,415,180,390,283,402,269,411,242,460,195,436,273,442,262,446,235
P,472,144,410,162,352,202,314,247,279,282,320,172,261,238,225,277,194,311,363,172,326,281,316,339,307,382,413,180,389,282,401,266,410,238,458,196,433,272,440,259,445,233
P,473,145,410,159,350,198,314,245,281,280,320,172,260,242,225,281,192,315,364,173,327,282,316,340,306,384,414,182,389,283,401,265,409,237,460,197,434,273,441,260,446,234
P,473,148,409,166,350,206,313,250,276,284,316,174,258,238,224,279,192,313,360,173,325,279,314,339,305,383,410,181,388,281,401,267,410,240,455,196,432,272,438,261,443,236
P,470,143,408,163,350,206,311,251,273,284,316,175,258,241,222,279,189,313,359,175,323,284,313,342,304,384,409,183,388,284,401,267,410,238,455,198,432,274,440,262,445,236
P,466,137,404,160,348,204,313,250,277,282,317,175,257,244,221,282,189,316,361,175,323,284,312,343,303,387,411,184,385,286,397,268,406,240,456,200,429,277,437,263,443,238
P,471,140,409,162,350,205,312,251,276,285,318,172,261,237,226,276,194,310,360,170,324,276,314,335,306,377,410,178,389,280,403,266,412,239,455,193,433,271,441,259,447,234
P,471,146,407,165,348,205,310,248,272,280,316,173,258,239,224,278,191,311,360,171,322,279,312,338,304,381,411,179,386,279,399,266,409,239,457,193,433,269,440,259,446,234
P,470,144,408,163,350,204,314,248,280,282,315,173,260,237,226,276,194,309,358,173,323,278,312,336,304,379,408,180,385,280,398,264,407,236,454,193,429,271,437,259,443,233
P,472,140,408,159,351,202,313,248,274,281,318,170,261,237,226,276,193,309,360,170,324,278,314,336,306,377,409,178,389,280,403,264,413,236,455,191,433,268,442,256,447,230
P,470,142,408,162,350,203,312,247,277,279,317,172,259,238,224,277,192,311,359,172,323,279,314,338,306,381,409,180,386,282,401,266,410,239,456,195,433,271,442,259,446,234
P,471,141,408,161,348,205,309,250,272,284,318,171,260,237,224,275,191,309,360,171,323,279,313,337,306,379,409,180,386,280,400,264,409,236,454,195,430,271,437,259,443,233
P,470,144,405,159,346,199,310,246,281,282,316,172,261,236,226,276,195,311,360,173,326,279,315,337,307,379,411,181,389,281,399,266,408,239,457,195,432,270,438,259,443,232
P,470,140,408,158,349,201,312,248,275,282,317,172,259,238,224,277,192,310,359,173,324,283,312,341,303,385,409,182,389,283,401,264,408,235,453,196,432,272,439,258,444,231
P,470,140,406,153,347,195,311,246,279,285,316,172,258,242,223,281,191,315,359,174,322,282,311,339,303,382,408,183,385,284,397,265,406,236,454,198,429,274,437,259,443,232
P,470,145,407,158,349,199,313,246,280,283,317,172,259,239,225,279,193,314,361,174,325,280,314,339,306,383,410,183,388,282,400,265,408,237,454,198,431,273,438,261,443,234
P,468,137,406,159,346,204,310,250,276,288,320,171,262,239,227,278,196,312,364,171,328,281,317,341,307,385,414,180,390,283,402,265,410,237,460,195,436,272,443,258,447,232
P,470,139,408,157,350,201,313,248,279,283,320,172,262,240,227,279,194,311,363,174,327,282,315,341,306,384,414,182,391,284,403,266,412,237,459,197,434,273,442,259,447,233
P,472,143,410,158,352,198,316,246,283,281,323,174,262,243,228,283,197,318,366,176,327,284,315,343,307,387,415,186,390,286,400,269,408,241,459,203,434,277,441,262,446,237
P,471,140,409,158,351,201,316,249,287,289,320,175,260,243,224,284,193,320,365,175,327,286,316,345,308,388,415,184,391,286,403,269,411,240,460,198,436,276,442,262,447,236
P,456,120,393,148,338,196,308,247,283,289,307,173,254,249,221,296,193,337,355,166,330,285,323,348,318,394,409,170,397,283,405,263,410,230,458,181,442,266,446,250,448,220
P,454,114,388,146,328,198,293,252,261,295,299,171,242,257,209,308,180,352,351,162,323,289,316,357,311,408,408,166,390,286,395,268,401,235,460,179,438,270,441,255,444,226
P,459,123,390,150,330,195,295,243,268,282,295,174,241,253,207,303,177,347,344,167,321,289,315,354,310,401,402,170,390,287,398,268,403,236,454,182,437,270,441,255,443,223
P,462,120,392,147,332,197,298,254,267,300,298,168,243,246,209,298,178,343,347,161,321,285,316,351,312,399,404,167,386,282,393,262,400,230,454,180,433,269,435,254,437,224
P,460,117,389,144,330,196,296,253,262,300,302,165,247,244,212,294,182,339,352,159,324,281,318,347,315,396,408,164,390,279,398,259,405,226,458,176,437,265,440,250,442,219
P,459,123,390,152,334,201,301,255,271,300,306,165,253,240,220,289,191,333,355,158,330,281,324,346,320,393,412,163,396,278,402,258,407,226,462,176,442,263,444,249,445,218
P,460,109,397,142,341,193,309,245,278,285,310,164,256,242,222,290,193,331,357,158,330,279,324,345,319,393,412,162,399,277,408,258,413,226,462,174,446,261,450,246,452,217
P,464,111,399,143,342,197,308,250,279,292,313,167,258,246,225,293,197,335,362,160,334,283,328,350,325,398,417,164,401,280,408,260,414,228,468,177,448,264,452,248,454,218
P,462,114,398,145,343,194,313,246,289,287,315,166,261,242,227,289,199,331,363,159,336,276,330,340,327,387,417,163,401,277,408,261,414,230,466,175,447,262,450,248,453,219
P,456,115,394,144,338,195,305,248,277,287,313,166,258,244,226,291,199,331,360,160,333,279,326,343,322,390,413,165,398,278,401,258,405,227,461,178,442,261,445,245,447,218
P,455,117,394,148,339,195,308,244,277,278,310,167,255,246,223,291,195,330,357,161,328,278,322,340,318,386,410,164,394,274,402,255,406,225,458,176,437,259,441,244,444,217
P,455,126,395,151,343,194,311,239,276,272,307,163,257,230,226,270,196,304,349,157,321,263,316,322,312,363,398,160,382,261,393,251,400,225,444,172,424,249,430,241,433,217
P,455,133,394,153,342,195,307,239,270,269,308,163,259,225,228,265,199,298,348,159,320,262,320,310,319,340,396,163,380,260,390,248,397,222,441,175,421,245,426,237,429,213
P,454,131,396,157,344,199,312,238,277,267,307,165,259,229,229,268,200,301,348,158,322,261,318,318,315,358,397,162,383,260,395,248,402,222,442,172,425,247,432,238,434,214
P,454,126,396,155,344,198,311,239,276,267,310,164,261,228,231,267,202,299,351,158,326,260,321,318,318,360,400,161,386,259,397,247,404,222,445,171,428,246,434,237,435,212
P,456,124,399,150,348,195,315,237,281,267,315,161,265,226,234,264,204,297,355,156,329,261,325,318,320,359,404,160,391,259,402,246,407,220,449,170,432,245,438,236,440,211
P,463,132,404,152,351,192,318,235,283,265,321,161,270,225,237,263,207,295,362,157,333,259,326,317,321,358,411,162,394,260,404,248,411,221,454,174,436,247,441,237,443,212
P,466,132,408,151,355,190,321,230,284,260,322,161,270,221,237,257,207,286,361,161,330,258,326,308,322,341,408,167,389,257,402,245,409,219,451,178,429,249,437,240,441,217
P,460,138,402,156,352,193,317,231,281,259,320,163,271,219,240,256,211,286,359,160,331,259,328,313,323,350,404,166,386,259,399,244,406,217,445,176,427,246,434,234,436,209
P,458,139,400,161,350,198,316,234,281,260,318,165,270,220,239,256,210,285,356,163,328,258,325,310,322,345,402,168,384,258,397,246,404,221,444,179,425,247,432,237,435,213
P,459,133,401,151,353,187,322,225,286,253,322,158,272,215,241,250,211,279,360,156,333,251,331,302,329,337,405,162,388,252,400,241,407,216,447,172,428,241,434,231,437,208
P,455,134,399,155,350,191,317,226,284,251,321,159,273,214,243,250,216,280,359,157,331,251,328,305,327,342,405,163,386,252,398,240,406,214,446,174,426,242,432,232,436,208
P,456,134,400,149,351,184,320,223,286,253,320,159,273,215,242,251,214,279,358,158,331,249,335,294,338,320,403,164,386,250,398,238,405,214,443,174,425,240,431,229,434,205
P,455,135,399,153,350,189,317,224,282,249,321,156,272,212,242,246,213,274,358,154,330,244,332,291,334,321,403,159,384,247,397,235,405,211,443,170,424,237,431,227,434,203
P,455,135,397,147,348,181,316,216,284,242,321,154,273,205,242,241,214,269,358,152,327,242,333,282,341,302,402,159,383,242,393,232,402,208,442,168,421,233,426,223,430,200
P,452,133,396,152,347,186,314,218,280,240,317,154,271,204,242,239,214,268,353,152,325,244,323,295,321,330,396,158,377,244,390,230,399,205,436,168,417,232,424,221,428,196
P,450,129,395,149,347,186,316,222,282,246,317,155,271,208,241,241,214,269,353,152,324,242,320,292,317,329,397,157,378,245,389,231,398,205,436,168,416,235,423,224,428,200
P,449,138,393,158,346,191,315,223,282,244,317,157,272,209,243,242,216,270,353,155,326,241,325,290,327,323,396,161,378,244,389,232,398,209,436,171,418,235,424,225,427,202
P,451,133,396,149,348,184,316,220,283,244,320,155,274,208,244,242,218,270,355,155,328,242,329,289,333,319,399,161,380,245,391,234,400,211,438,172,418,237,424,227,428,204
P,453,137,397,155,350,189,318,222,284,245,322,158,277,208,247,241,220,270,358,156,331,245,330,295,330,329,402,162,383,246,394,234,402,210,441,172,422,236,427,225,431,202
Q,384,157,337,184,302,215,287,247,270,275,252,155,213,207,204,250,204,283,280,142,261,219,289,231,301,218,315,141,305,217,325,219,328,199,350,145,340,205,350,208,352,190
Q,383,155,334,185,296,214,278,249,262,280,250,153,213,204,202,245,198,278,276,140,257,214,287,228,301,218,311,137,302,210,323,215,327,197,347,141,339,199,350,204,352,188
Q,382,157,331,185,294,213,276,248,261,278,250,149,213,201,202,243,200,277,280,136,262,214,291,226,304,212,318,134,310,209,328,211,332,190,357,138,349,194,358,197,361,179
Q,384,159,335,189,298,215,280,245,266,270,253,147,215,202,204,245,200,279,282,133,262,208,291,223,304,211,319,132,309,205,329,209,332,189,357,138,347,194,357,198,360,182
Q,396,153,343,186,303,214,283,247,262,274,249,141,210,197,199,241,196,274,277,125,256,206,289,221,304,207,314,123,304,204,328,209,332,190,352,130,342,193,354,198,356,180
Q,388,146,338,174,302,204,287,239,273,268,248,139,210,199,199,242,197,277,279,125,262,211,290,218,300,201,317,125,309,207,328,204,328,181,355,130,345,193,355,192,355,172
Q,352,115,308,147,277,184,273,226,270,261,218,137,197,201,198,244,206,277,244,121,242,200,273,206,285,193,280,113,290,191,308,185,307,165,318,111,322,173,332,169,329,150
Q,331,116,287,152,257,182,250,216,249,246,202,122,183,185,183,229,185,264,230,101,227,182,256,186,264,170,268,93,276,172,293,169,292,147,308,92,313,151,321,149,320,131
Q,343,125,305,160,271,189,258,219,255,250,215,124,191,180,188,220,188,252,239,104,233,178,267,184,278,168,275,96,280,172,304,170,306,150,313,95,313,157,327,156,328,138
Q,355,126,313,162,279,191,265,223,257,253,223,127,197,185,193,225,193,257,249,108,240,183,273,189,284,173,284,101,284,178,308,179,311,158,322,101,318,163,331,164,333,146
Q,360,130,314,163,279,192,265,224,258,255,228,127,200,185,195,226,197,259,255,110,243,183,273,192,285,178,291,104,289,178,310,178,312,160,330,104,327,163,337,164,337,146
Q,365,128,319,160,284,190,270,225,260,253,232,128,204,184,197,227,198,261,258,111,249,187,279,196,290,181,294,105,293,181,313,181,316,162,333,106,329,166,339,168,340,150
Q,364,126,320,160,286,190,272,225,262,254,229,132,204,187,199,229,201,262,255,115,248,189,279,199,290,187,291,109,292,183,313,184,315,166,328,111,327,169,338,171,338,154
Q,367,129,323,164,288,195,275,231,262,263,230,136,204,194,202,237,206,271,255,120,246,195,278,207,292,197,291,113,291,188,313,189,315,171,329,112,327,172,339,173,339,155
Q,362,124,320,160,288,195,278,233,267,266,228,137,205,195,202,239,206,274,253,118,248,194,280,205,292,193,289,110,291,185,313,187,314,169,327,109,328,170,338,172,337,155
Q,366,124,323,156,293,187,285,218,278,245,232,138,206,198,203,242,208,276,258,121,249,196,280,209,294,198,294,113,294,189,315,192,318,174,332,111,329,171,340,174,339,157
Q,375,129,331,162,298,196,286,234,275,266,238,141,211,201,209,245,213,279,264,124,255,203,287,209,298,194,299,118,301,195,322,192,323,172,337,116,337,178,348,177,347,157
Q,372,128,328,164,295,196,285,232,276,263,239,141,211,201,208,245,211,280,264,121,258,199,290,207,302,193,300,113,306,188,326,188,326,169,339,112,341,169,351,171,349,155
Q,370,130,327,165,293,197,281,234,269,266,239,139,213,202,211,246,213,281,265,122,257,201,290,209,303,196,302,116,303,192,323,192,326,173,340,116,339,176,349,178,349,160
Q,373,126,330,161,295,194,282,232,272,264,240,133,216,192,213,237,214,274,265,115,258,190,290,199,302,186,302,108,303,182,325,183,328,165,341,108,339,166,350,169,351,152
Q,372,126,329,162,294,195,282,232,275,264,239,135,215,197,215,242,217,278,265,117,260,196,291,199,300,182,302,110,306,188,327,184,326,163,340,108,339,170,350,168,350,149
Q,374,128,330,164,296,197,285,235,275,269,241,138,216,197,214,241,218,277,265,120,258,198,291,207,305,194,300,111,303,187,325,187,328,168,339,108,341,168,352,169,351,152
Q,368,130,324,163,293,193,284,228,277,260,238,132,215,194,215,238,218,274,267,113,260,189,293,198,305,184,306,104,309,180,330,181,331,161,346,102,345,161,355,164,355,147
Q,371,137,326,169,293,200,283,235,276,266,240,136,212,204,207,249,206,284,270,119,260,205,292,215,306,199,309,115,309,197,329,195,332,173,348,117,348,178,356,178,356,158
Q,393,136,340,169,302,203,289,241,275,275,243,137,208,205,202,254,202,291,274,122,256,217,289,225,302,205,315,121,306,211,330,207,333,182,357,125,347,196,359,194,360,171
Q,417,163,352,200,301,240,282,292,265,344,238,166,197,243,189,298,189,343,278,148,259,262,298,263,309,237,327,145,319,257,345,248,345,217,377,151,365,242,380,235,379,206
Q,426,161,358,198,307,240,294,296,282,351,244,166,205,248,196,306,196,354,285,146,271,262,310,260,318,232,337,140,331,256,356,245,353,211,387,143,379,235,391,230,389,200
Q,415,149,356,189,312,233,306,290,298,339,249,169,216,251,209,307,207,354,286,145,280,259,318,255,326,226,337,138,341,248,363,238,359,206,386,139,385,227,396,222,391,193
Q,410,144,355,183,312,227,304,283,293,334,246,164,215,246,209,301,207,347,283,141,276,254,313,249,320,222,332,132,336,242,359,232,354,201,380,130,380,219,391,213,386,185
Q,410,145,352,185,310,229,302,285,295,335,248,166,214,250,208,305,206,351,284,144,275,253,312,246,321,217,333,135,336,242,358,229,353,196,381,133,380,220,391,212,387,183
Q,405,145,347,183,306,227,298,281,289,330,242,163,211,245,207,299,206,345,279,142,272,253,309,246,316,217,328,136,331,242,353,230,349,198,375,135,374,220,384,213,381,186
Q,407,145,350,184,307,227,298,281,289,330,244,160,214,242,210,295,210,340,281,139,273,247,310,241,318,213,330,131,334,238,356,226,352,195,378,131,377,216,388,208,384,181
Q,405,140,349,179,307,223,297,276,287,324,242,157,213,242,211,297,212,343,281,137,272,247,308,237,316,207,331,130,333,235,355,218,351,186,379,130,377,212,389,201,386,173
Q,408,146,351,184,308,225,298,277,290,325,248,156,218,241,212,297,210,343,287,134,276,242,314,238,322,210,337,126,339,232,361,222,357,191,385,126,383,210,394,204,391,177
Q,411,141,356,182,313,225,302,276,293,325,249,156,221,242,216,297,213,342,286,135,276,245,313,239,322,210,334,128,335,235,359,223,357,192,381,127,378,213,390,206,387,178
Q,409,146,354,186,312,227,301,277,290,324,252,156,221,243,216,296,215,341,293,135,280,244,315,236,323,205,343,128,343,232,363,219,359,186,392,128,388,210,397,202,395,174
Q,407,146,351,185,308,226,297,277,288,325,248,154,217,239,213,293,211,337,288,133,273,243,310,239,320,212,338,127,336,234,357,223,355,191,385,128,379,213,389,206,387,179
Q,408,143,351,180,308,220,297,271,284,319,247,150,216,234,210,290,208,337,286,129,274,239,311,235,320,206,335,123,335,228,357,218,353,187,383,123,380,205,389,199,386,172
Q,408,146,352,183,307,223,295,272,284,321,246,151,217,231,212,286,210,333,284,130,273,240,311,235,319,206,332,125,331,230,354,219,352,187,380,125,376,207,388,201,387,173
Q,402,139,346,177,303,218,293,269,285,317,243,148,213,236,210,291,209,335,285,128,274,238,311,236,322,209,335,123,335,228,358,217,356,186,383,124,377,206,388,201,387,174
Q,400,143,342,180,303,217,297,262,291,301,242,146,208,232,205,290,205,336,281,126,268,238,304,234,314,204,330,121,330,228,351,216,348,183,378,122,373,205,384,198,382,171
Q,401,142,347,183,306,223,294,270,281,317,243,147,214,228,209,283,207,328,282,124,270,234,309,233,317,205,331,117,331,223,355,215,353,184,379,117,375,200,385,198,384,171
Q,398,139,339,177,298,216,288,266,278,312,238,145,209,232,203,288,199,333,277,124,264,234,303,234,315,209,326,118,324,224,348,214,347,183,374,118,369,201,380,195,379,168
Q,397,138,341,175,299,215,289,265,279,312,236,145,207,234,203,289,202,334,278,124,265,237,301,232,311,204,328,119,327,224,347,212,345,180,377,118,370,200,380,193,377,166
Q,397,134,343,172,305,212,295,257,283,296,238,145,209,231,206,286,204,330,277,124,268,232,305,231,315,205,326,117,329,222,352,212,350,182,374,117,372,199,385,193,382,167
Q,394,127,344,166,305,205,292,249,280,293,236,134,208,220,202,273,197,317,276,112,266,220,305,218,315,191,325,106,330,212,354,200,352,169,374,107,371,190,385,182,383,153
Q,392,126,340,161,302,199,292,242,281,277,239,132,209,215,202,271,198,315,278,112,263,215,298,216,311,193,326,107,326,208,347,199,347,170,374,108,368,189,379,182,376,155
Q,398,129,345,168,308,203,296,242,285,273,239,136,211,217,208,273,207,317,278,113,267,214,305,221,319,200,328,106,328,206,353,202,355,175,378,107,372,186,383,184,382,159
Q,390,133,335,168,299,202,288,243,277,278,234,131,207,218,201,272,196,315,275,110,262,216,299,219,312,197,326,104,326,207,346,198,346,169,376,106,369,186,378,179,375,152
Q,392,134,340,168,304,202,294,243,285,276,238,133,210,215,204,268,201,310,277,112,264,214,303,220,317,199,325,106,324,206,348,198,350,170,374,106,368,185,379,180,377,154
Q,393,132,344,169,305,205,292,247,274,287,237,132,206,209,203,262,204,302,272,112,257,212,297,221,311,202,319,107,317,205,343,203,345,177,366,108,361,184,374,185,374,161
Q,395,133,342,169,300,207,286,253,273,295,238,138,209,218,204,269,202,311,273,116,262,216,300,218,314,199,320,110,322,208,344,198,345,171,367,109,363,187,373,181,371,156
Q,397,128,345,165,306,202,292,244,279,278,236,135,207,215,202,267,201,309,271,116,258,217,298,221,313,199,317,112,319,211,344,202,345,174,364,114,360,192,373,186,372,161
Q,392,133,339,169,298,205,285,250,274,292,235,135,206,215,202,266,201,306,273,114,259,216,297,220,311,199,321,109,319,208,342,205,343,178,370,110,362,189,372,188,372,163
Q,392,135,340,174,300,209,285,251,269,290,233,138,204,215,199,266,198,305,267,117,254,216,295,224,310,204,313,110,313,207,338,205,340,180,361,111,356,187,368,187,368,164
Q,390,143,335,181,295,214,282,255,272,294,231,138,204,218,200,271,199,312,268,115,257,217,295,224,310,205,315,109,316,212,341,206,344,179,364,110,357,192,370,190,372,166
Q,390,135,338,172,302,207,290,246,277,280,233,137,205,217,201,271,201,313,269,116,258,214,296,221,311,203,316,110,319,207,342,203,343,176,365,111,363,187,374,183,372,157
Q,392,141,341,181,302,214,288,250,275,283,231,139,205,215,200,267,199,306,266,117,255,213,296,223,312,206,312,110,312,206,339,206,342,182,360,112,356,188,370,189,371,167
Q,383,151,333,189,293,219,274,254,258,289,230,142,202,211,198,261,198,298,261,122,243,208,281,226,300,213,304,115,298,203,326,210,333,190,349,117,342,185,357,192,361,174
Q,383,148,338,188,303,224,288,257,270,281,227,161,201,232,200,280,204,317,254,142,241,231,277,237,290,219,291,136,287,221,315,221,317,199,331,136,326,204,342,205,343,186
Q,398,155,352,190,317,226,305,261,289,290,248,172,215,233,206,273,202,305,273,154,266,242,298,243,310,223,309,146,309,230,332,224,334,201,348,144,345,210,358,208,358,188
Q,404,152,356,187,321,219,310,252,296,282,254,162,217,223,205,263,202,294,280,144,270,233,304,240,317,222,317,138,315,221,339,218,341,196,356,136,350,202,363,202,364,182
Q,405,148,357,182,321,215,310,252,295,284,253,162,219,224,208,266,205,299,277,144,269,235,304,241,316,224,314,137,314,222,338,218,339,196,353,135,350,203,364,201,363,181
Q,400,145,350,177,314,212,308,254,301,291,251,163,221,231,213,276,212,310,280,144,275,239,306,240,316,219,319,136,320,225,339,220,339,196,360,133,355,202,365,200,364,179
Q,395,145,346,180,313,218,308,263,305,303,251,173,220,237,214,280,215,313,277,153,275,242,309,241,317,221,315,143,322,229,344,221,341,197,354,137,357,208,369,204,366,182
Q,388,142,343,176,311,217,306,260,297,296,245,175,213,244,210,289,213,325,272,156,270,248,303,245,311,224,311,147,316,234,337,223,334,198,349,144,350,212,363,207,360,186
Q,389,145,342,178,311,217,307,260,301,300,243,176,214,243,210,288,213,323,270,156,269,248,303,243,309,221,307,148,313,235,335,223,331,198,344,145,348,214,361,207,357,185
Q,395,151,348,185,315,224,306,264,295,300,244,174,213,242,206,288,206,324,271,155,266,249,301,247,309,225,309,149,311,237,336,227,333,202,348,147,348,217,362,212,360,192
Q,393,157,340,194,304,232,295,278,287,318,238,171,209,244,204,293,203,333,270,149,267,251,303,249,312,225,314,141,321,238,343,228,340,201,358,138,360,216,371,211,368,187
Q,397,162,345,201,306,238,294,285,283,327,240,172,209,244,202,295,201,335,274,151,264,250,303,257,315,236,318,143,321,239,346,237,346,212,363,141,363,218,375,217,374,194
Q,395,156,341,194,300,235,289,284,279,330,235,168,204,248,199,300,199,341,271,148,261,253,300,253,309,229,318,142,319,244,344,236,343,208,364,144,363,225,377,219,375,193
Q,410,161,355,198,312,238,298,288,283,337,249,169,215,248,208,300,206,344,286,148,274,249,310,252,319,229,333,142,330,242,355,239,355,211,380,143,375,223,387,222,387,196
Q,408,167,354,203,313,239,302,286,290,331,252,168,220,249,212,301,208,344,289,146,276,251,312,253,323,229,336,139,334,242,356,236,355,208,383,139,377,221,387,218,385,192
Q,410,167,355,207,313,244,300,291,291,339,253,166,222,250,216,302,213,344,290,145,278,253,316,255,328,231,339,139,339,244,362,235,362,205,386,139,384,222,394,217,392,190
Q,400,165,345,200,302,237,292,287,282,334,240,169,210,251,205,303,202,347,278,148,265,255,303,254,313,229,326,141,321,245,346,239,348,210,374,141,367,223,379,221,379,194
Q,389,164,343,210,302,248,282,283,264,318,226,177,194,243,187,291,187,326,252,155,236,245,277,259,297,245,289,147,287,237,318,240,326,221,331,147,330,219,349,221,353,201
Q,412,177,360,223,314,261,291,295,272,328,233,188,201,253,192,301,189,340,260,165,241,258,284,269,301,250,297,156,287,249,323,253,331,229,340,155,330,228,353,235,359,216
Q,422,179,363,225,315,259,292,296,278,336,242,187,212,254,202,301,197,339,268,165,249,256,292,270,311,254,307,155,300,247,334,253,341,230,351,155,344,229,365,236,371,217
Q,421,180,367,225,322,261,299,297,282,334,245,191,215,256,206,302,204,337,271,169,254,262,297,274,313,257,309,159,301,252,335,256,342,234,353,157,344,232,363,237,368,218
Q,420,183,365,222,319,256,297,295,280,334,250,184,217,249,206,294,202,330,277,163,255,255,296,268,314,252,316,155,303,248,335,252,343,230,359,156,350,231,368,235,372,214
Q,419,186,364,226,318,261,293,300,277,335,248,186,213,251,202,296,198,331,275,165,250,256,293,272,312,256,313,157,300,250,333,256,341,233,356,158,346,234,365,239,371,218
Q,421,187,366,227,319,260,295,298,276,337,250,188,217,254,205,299,202,334,278,168,254,260,297,272,312,254,317,160,304,253,337,257,343,234,360,161,350,237,369,241,373,219
Q,420,185,364,225,321,259,300,297,282,333,250,189,216,256,205,301,201,338,278,168,256,262,297,273,313,254,317,160,303,255,336,258,343,235,361,160,350,238,368,241,372,219
Q,424,188,368,229,321,263,299,303,278,341,250,190,219,257,208,304,204,343,279,171,259,266,298,275,315,256,319,165,312,258,342,259,346,236,363,167,356,242,374,245,377,225
Q,419,184,364,226,320,261,297,299,279,337,247,190,216,257,205,302,201,338,274,169,255,266,296,274,310,254,314,160,305,257,337,258,341,234,358,161,351,239,368,241,371,219
Q,426,184,367,226,322,261,301,302,282,342,256,188,222,258,212,306,210,343,285,169,260,265,300,273,317,254,324,162,309,256,339,259,346,236,368,164,356,240,372,243,376,222
Q,438,187,379,224,333,257,311,297,293,337,268,188,233,255,221,301,217,338,297,167,274,262,313,271,330,254,337,160,325,254,354,255,360,231,379,162,369,239,385,241,388,219
Q,440,185,380,223,334,258,315,305,298,348,274,194,239,263,228,311,224,350,306,174,285,272,321,275,335,255,348,168,338,265,364,260,367,233,392,169,381,250,395,247,396,223
Q,446,192,386,227,339,262,322,308,305,351,280,198,243,266,231,314,228,357,313,179,290,273,327,282,342,265,356,173,341,268,369,268,373,244,398,175,387,254,401,255,401,231
Q,451,191,389,225,341,259,323,307,309,351,286,198,242,265,232,313,229,356,318,178,296,275,333,279,346,261,361,172,348,269,375,265,378,238,405,174,394,255,408,253,408,228
Q,456,193,395,224,346,260,328,309,311,353,288,201,246,268,236,317,234,361,321,183,298,280,336,284,349,267,364,179,349,275,378,272,382,246,407,184,394,263,410,262,411,237
Q,458,198,396,230,347,263,329,310,313,355,292,202,247,268,238,316,237,357,325,184,302,281,338,287,351,268,369,179,354,277,381,274,385,248,413,182,400,262,414,262,415,237
Q,461,198,398,228,349,262,331,312,314,356,295,202,249,266,239,315,236,358,329,184,304,278,339,287,352,271,373,180,357,274,382,275,388,250,416,185,402,262,415,265,417,241
Q,462,197,398,229,349,262,331,311,315,355,296,200,249,266,242,313,243,353,330,183,304,280,341,287,354,270,374,179,357,275,383,274,387,249,417,183,401,262,413,263,414,239
Q,462,201,401,231,353,264,334,310,314,354,295,201,251,266,241,315,240,357,329,183,305,278,343,285,356,267,373,179,356,274,385,272,389,246,416,182,401,261,416,262,417,238
Q,456,195,395,226,347,260,329,309,310,353,290,201,244,269,236,318,237,359,324,183,301,278,337,286,351,270,368,178,354,273,380,272,384,247,411,180,397,259,411,260,411,237
Q,456,199,394,232,346,266,326,313,308,356,286,202,241,268,232,317,231,359,320,183,297,282,335,285,349,265,364,179,350,276,379,271,383,244,408,182,395,263,410,260,411,235
Q,461,196,397,230,347,264,325,311,307,356,288,202,241,269,230,317,229,360,322,184,298,283,335,287,348,269,366,181,351,279,379,274,383,247,409,184,394,265,410,263,412,238
Q,455,201,393,232,344,267,326,314,309,357,286,202,241,269,230,319,227,363,320,183,300,282,335,285,347,266,365,179,352,278,378,272,380,245,409,183,396,264,409,261,409,236
Q,457,201,395,231,346,266,325,312,305,356,284,203,241,268,228,318,225,363,317,183,296,284,333,285,344,264,361,179,349,278,377,271,379,244,405,182,395,265,410,260,410,235
Q,450,195,387,227,338,263,318,314,303,356,279,204,233,271,224,321,223,364,313,184,292,284,329,288,342,268,357,179,345,279,372,274,375,246,401,183,390,265,404,262,404,237
Q,451,202,389,232,339,267,318,315,298,361,279,201,233,270,223,320,222,362,314,182,290,283,327,287,340,268,359,179,344,278,371,272,374,245,403,184,387,266,402,263,403,238
Q,450,197,388,228,339,265,319,314,298,357,278,201,233,269,221,320,219,365,312,183,289,284,327,285,339,264,355,181,343,280,371,271,373,244,399,186,387,267,402,261,402,235
Q,451,201,386,231,335,265,314,314,294,358,277,200,233,269,220,318,217,361,311,180,287,284,325,289,339,270,357,176,343,278,370,274,374,247,403,181,390,265,404,263,405,237
Q,443,192,379,230,329,265,308,313,288,359,270,199,229,269,219,320,216,364,305,179,281,282,318,289,333,272,350,174,338,277,366,274,370,248,395,178,383,262,397,261,398,236
Q,444,199,379,233,330,270,308,319,289,363,268,203,229,275,216,325,211,368,304,183,283,287,319,290,333,270,351,179,339,281,364,276,368,249,397,182,383,266,395,262,395,237
Q,447,197,381,231,332,265,310,315,290,359,271,198,229,268,216,318,211,362,306,180,284,285,320,285,332,263,351,176,341,280,366,269,367,240,397,180,385,265,398,259,398,232
Q,445,198,382,229,333,262,312,310,293,353,271,200,227,269,217,320,216,364,306,181,283,284,322,287,336,265,351,176,337,278,366,272,370,244,397,179,385,264,400,262,400,236
Q,441,192,375,228,326,264,304,314,284,361,264,201,226,272,215,321,211,363,301,180,280,285,318,286,330,264,348,175,336,279,364,272,367,243,393,177,381,264,395,260,395,234
Q,445,199,382,233,332,266,310,314,292,359,270,203,227,272,217,321,217,363,302,182,282,285,320,286,333,265,346,178,338,279,365,271,367,244,391,181,382,267,396,262,396,237
Q,443,197,377,233,328,270,306,319,290,364,263,207,224,278,214,327,212,370,300,186,281,292,319,289,330,266,346,181,338,285,365,273,366,244,392,182,382,269,396,262,395,236
Q,450,204,386,236,334,270,311,318,290,363,272,207,229,277,217,326,215,369,305,187,286,292,323,290,335,267,350,182,342,284,369,274,371,246,396,185,387,271,401,264,401,239
Q,444,198,379,234,329,269,306,317,288,362,265,204,226,274,214,324,210,367,299,185,278,291,316,292,329,269,344,182,334,286,361,278,364,250,390,186,379,272,394,267,394,242
Q,446,205,383,239,332,274,309,321,288,365,268,209,228,279,216,330,211,374,303,189,283,292,321,295,334,274,349,184,338,286,366,279,369,251,395,188,382,272,398,269,399,244
Q,446,202,381,236,329,272,305,321,283,367,269,208,227,277,213,325,209,368,304,189,283,294,319,292,331,269,349,185,339,287,365,276,367,247,395,188,382,272,395,266,395,239
Q,440,197,376,234,326,273,303,323,283,369,262,205,222,280,211,329,208,371,298,188,277,294,314,291,325,266,343,185,334,289,360,276,361,247,388,189,378,274,392,267,392,241
Q,446,204,382,236,328,272,304,320,285,367,269,209,227,281,215,331,212,375,302,191,282,294,318,295,330,275,346,187,337,289,363,280,364,252,390,191,380,275,394,269,393,243
Q,441,197,375,232,325,271,304,323,284,369,262,209,222,283,213,332,211,375,300,190,280,296,315,295,326,273,347,186,337,292,363,280,366,251,394,190,381,277,395,269,395,243
Q,442,201,378,234,328,271,305,320,285,365,264,206,224,278,212,327,209,369,298,188,280,293,318,293,330,272,342,184,335,286,361,275,363,248,387,187,379,271,393,264,393,238
Q,445,202,382,239,331,276,306,325,282,370,265,210,225,280,214,330,211,374,300,191,280,296,319,294,330,271,345,187,336,290,366,278,367,249,389,191,380,276,397,270,397,244
Q,441,198,376,233,327,270,305,320,283,364,261,207,221,278,212,328,210,371,296,188,276,292,312,291,324,270,341,184,333,287,360,277,361,249,387,187,377,273,392,268,392,242
Q,444,200,380,235,328,272,304,321,281,367,267,207,224,280,211,330,209,373,301,189,279,294,317,293,329,269,346,186,334,288,361,279,364,250,391,190,379,275,393,270,392,244
Q,442,200,378,233,326,271,302,320,280,366,264,206,223,278,211,326,207,368,298,187,280,295,318,291,329,265,343,184,336,288,362,275,363,246,389,188,380,273,394,265,393,239
Q,443,202,378,234,326,271,304,321,283,368,265,207,224,278,213,326,210,369,301,189,283,295,318,292,329,269,347,185,338,288,364,275,365,246,392,188,382,273,395,265,394,237
Q,443,202,378,236,328,273,305,322,283,366,264,207,224,277,211,326,206,369,299,188,279,292,316,294,326,273,345,183,334,287,362,279,364,251,391,187,380,273,394,268,395,243
Q,441,203,377,236,326,273,301,321,278,366,261,209,220,281,209,330,208,371,294,192,275,296,311,294,322,272,338,188,330,288,356,277,357,249,384,192,374,274,389,267,388,242
Q,437,198,374,234,322,271,300,319,279,366,259,204,220,276,208,325,205,365,292,185,270,287,309,293,323,275,336,181,323,280,352,277,356,252,381,185,369,268,383,267,385,244
Q,417,192,356,234,310,273,288,316,265,357,242,203,210,273,200,323,199,363,273,182,253,282,292,292,307,275,316,176,306,274,335,276,340,252,361,177,354,259,368,262,370,238
Q,408,188,348,233,303,274,279,316,257,355,228,205,194,278,187,330,188,369,258,184,242,286,278,293,291,276,299,177,294,279,322,277,325,252,344,179,337,262,353,263,355,241
Q,407,193,345,240,299,281,275,322,254,360,226,207,195,276,185,325,185,364,255,185,238,284,276,292,291,275,296,177,289,276,319,275,324,251,341,179,335,262,352,264,355,242
Q,406,185,343,233,298,274,276,319,257,359,229,205,197,275,187,325,184,365,256,184,235,285,274,297,291,281,297,177,285,275,313,280,321,259,341,180,334,262,348,268,351,249
Q,411,192,352,239,307,277,284,316,262,353,229,209,199,280,190,330,191,369,259,187,240,286,282,295,297,276,299,179,293,278,324,279,329,256,345,180,338,261,356,264,359,243
Q,416,195,355,239,306,277,282,320,259,363,233,208,202,281,193,332,193,373,263,187,246,288,288,295,303,276,305,179,299,280,330,278,334,253,351,180,346,264,363,264,364,240
Q,420,195,358,236,309,275,285,320,263,364,237,206,206,282,195,331,193,370,270,186,253,293,291,293,302,271,313,181,309,285,337,276,337,249,359,184,353,268,369,263,368,238
Q,419,187,359,227,313,269,294,318,273,363,243,203,209,281,201,331,201,372,276,182,260,289,297,286,308,263,320,176,315,280,342,269,342,241,365,177,359,263,375,257,375,231
Q,430,194,366,231,317,270,296,319,277,363,249,203,217,277,206,325,201,367,283,183,266,290,305,289,317,266,328,177,321,283,351,274,353,245,375,180,366,267,383,262,384,236
Q,429,194,368,231,319,269,297,318,275,364,251,203,215,277,205,327,203,369,286,183,267,288,308,288,320,265,331,178,324,281,353,272,355,244,377,181,369,267,385,261,384,236
Q,433,197,369,234,319,272,297,322,277,369,254,201,215,275,205,327,203,370,290,181,267,290,306,292,321,270,336,177,324,282,353,276,356,249,383,180,371,265,385,263,386,238
Q,440,199,374,234,322,270,299,319,278,364,258,203,220,277,208,327,204,370,293,184,272,291,312,290,325,267,339,180,329,284,358,275,361,246,385,184,373,270,389,264,390,239
Q,438,200,374,235,324,270,300,317,276,363,257,203,217,275,206,325,203,367,293,182,273,290,314,289,325,264,340,177,332,283,361,274,362,244,387,180,376,267,391,262,391,237
Q,441,201,376,236,324,274,301,325,277,370,261,204,221,277,210,329,206,371,298,184,276,290,315,293,327,271,345,181,334,284,361,278,364,250,392,185,378,270,392,267,393,242
Q,436,201,370,234,318,270,295,321,277,369,257,202,217,275,206,325,202,367,291,183,271,291,311,290,323,266,338,178,328,284,356,275,359,246,385,182,374,268,388,264,388,238
Q,440,201,372,236,321,272,298,322,278,367,256,204,218,281,208,332,206,374,292,185,272,295,310,295,322,272,339,181,327,288,355,280,358,251,386,185,372,272,387,268,388,243
Q,438,200,373,236,320,272,296,321,274,367,257,200,217,274,206,325,203,367,293,181,271,290,310,288,323,264,339,178,327,283,357,274,360,245,386,182,373,268,389,263,390,237
Q,437,198,371,231,320,267,297,317,274,363,255,199,214,276,203,327,200,369,291,180,270,289,310,286,322,262,338,175,327,281,356,271,358,241,385,178,372,266,387,260,388,234
Q,438,195,374,234,322,274,297,322,273,367,256,205,217,276,205,326,200,368,290,185,268,292,309,292,320,268,335,180,326,285,356,276,357,247,381,183,371,270,387,265,387,239
Q,437,193,372,229,319,267,295,317,273,363,255,201,215,275,204,325,199,368,290,183,269,289,307,290,320,268,335,179,325,283,354,275,357,246,382,182,370,269,386,264,387,238
Q,436,199,369,232,315,270,292,320,271,369,255,202,218,277,205,328,200,371,291,184,272,291,309,289,320,266,338,181,327,285,355,275,357,245,384,186,373,271,387,265,387,239
Q,433,198,368,233,316,272,292,322,269,369,252,201,213,275,201,327,197,369,288,182,266,289,306,292,319,271,334,179,323,284,352,277,355,249,379,184,369,270,385,266,385,241
Q,433,201,369,237,316,273,292,319,268,365,252,205,214,278,201,327,195,369,288,184,262,289,302,293,315,273,333,180,317,284,348,279,354,252,378,184,362,270,380,268,383,243
Q,418,199,360,239,314,275,288,315,262,351,244,204,209,271,196,318,194,354,274,186,251,282,287,290,301,271,314,181,302,277,329,275,333,252,356,185,345,261,360,262,362,241
Q,437,196,370,229,317,265,290,312,267,359,257,196,215,265,200,312,195,351,292,180,266,285,302,287,315,265,337,179,322,280,349,272,352,244,381,184,366,267,382,263,383,238
Q,422,198,361,234,313,269,289,312,266,349,247,204,211,269,198,316,195,351,276,189,254,284,288,295,303,280,316,187,303,280,329,281,335,261,358,195,347,268,359,269,362,250
Q,431,208,372,238,323,272,301,316,280,356,265,212,218,272,209,321,209,363,297,195,274,288,307,293,319,275,338,193,325,286,351,281,354,255,380,199,367,275,382,273,383,249
Q,451,198,391,228,339,265,316,312,292,354,284,206,236,269,232,318,236,358,317,192,293,287,327,293,338,275,358,191,344,286,371,281,374,255,398,199,385,276,401,273,403,250
Q,443,204,381,231,330,264,306,309,281,348,275,205,223,268,214,319,215,361,308,191,283,288,316,290,328,270,350,192,336,286,360,276,361,248,392,197,377,275,392,268,393,244
Q,420,202,358,241,308,278,282,322,256,361,235,214,206,285,194,332,189,368,264,199,249,297,280,299,293,280,305,196,296,292,322,287,325,264,348,201,339,276,354,274,357,254
Q,397,201,341,243,292,288,267,333,251,368,213,227,186,295,178,344,178,383,239,208,229,307,262,312,276,296,277,203,277,301,305,297,310,275,320,205,318,282,337,282,341,264
Q,367,180,320,233,280,280,258,322,242,355,186,220,157,289,149,336,149,374,208,196,210,296,251,298,262,278,242,185,252,282,285,274,287,249,283,181,289,258,311,257,313,237
Q,375,170,327,225,288,270,269,311,253,351,197,212,164,281,158,329,160,368,220,189,218,290,258,292,271,272,256,178,264,276,295,269,298,245,297,176,300,253,320,252,323,234
Q,381,173,332,228,293,272,274,312,260,349,203,212,173,281,167,330,170,367,226,188,226,286,265,293,280,276,262,177,271,273,302,268,306,245,304,175,309,252,329,251,331,232
Q,407,166,355,214,313,254,294,296,278,339,230,199,205,269,198,314,199,348,255,177,253,275,291,277,304,258,293,167,301,263,330,254,331,231,335,164,340,241,358,237,358,217
Q,422,166,367,206,324,247,309,295,298,340,254,195,222,264,212,309,208,350,280,176,275,276,312,271,322,250,319,167,323,264,350,250,349,224,360,167,362,244,377,236,375,213
Q,430,171,377,208,336,249,321,297,306,344,267,198,229,265,220,312,223,352,294,179,287,279,321,276,329,255,333,172,335,268,361,257,360,233,373,173,374,250,389,243,386,219
Q,443,184,387,218,343,256,327,302,313,345,278,202,240,266,231,313,232,354,307,182,297,278,331,277,340,257,347,174,344,268,370,259,371,233,389,174,386,251,400,244,398,221
Q,452,178,395,215,350,256,336,305,323,349,288,202,252,269,248,315,253,353,318,184,310,281,344,280,354,260,360,177,357,270,381,260,382,235,401,177,396,252,409,249,408,227
Q,445,175,391,212,347,254,334,304,322,350,284,202,246,269,245,315,252,352,314,184,306,281,340,278,349,256,355,177,355,271,380,259,378,232,398,178,395,254,408,246,406,222
Q,441,181,384,217,339,255,323,302,309,347,274,203,234,268,226,317,228,358,304,183,295,284,329,278,338,255,346,176,345,272,370,257,368,230,388,176,384,254,398,244,396,220
Q,439,184,381,221,335,259,315,304,299,349,267,203,229,271,218,318,217,360,295,183,284,284,320,281,331,259,334,177,334,273,361,260,360,234,375,177,374,256,390,248,389,224
Q,411,181,356,225,313,262,295,304,277,344,238,204,209,270,202,316,203,352,265,183,256,280,293,284,307,265,303,174,303,268,332,266,335,244,346,173,345,249,361,250,362,229
Q,396,179,342,226,299,266,275,304,253,338,213,200,178,270,169,319,170,357,239,179,228,278,267,287,284,270,276,172,273,267,305,271,312,252,319,173,316,249,335,256,340,240
Q,392,175,337,221,292,261,268,303,245,341,205,197,173,269,164,318,164,357,230,177,221,280,259,283,273,263,267,170,266,270,297,268,301,245,309,172,307,250,327,253,332,235
Q,406,174,350,221,305,263,284,305,262,343,226,197,195,268,189,316,191,353,252,177,239,276,278,280,294,262,289,168,290,266,320,259,322,233,331,168,331,248,350,244,352,222
Q,420,182,365,227,321,266,299,308,277,348,245,202,214,271,206,317,206,352,273,182,260,283,298,283,310,262,311,174,312,272,340,264,340,240,353,175,353,255,369,250,368,228
Q,433,181,378,217,333,255,313,301,294,343,264,200,229,266,217,313,212,352,292,181,278,278,316,278,328,258,330,175,327,270,356,261,357,235,371,176,367,254,384,248,384,224
Q,438,187,381,219,338,256,323,303,308,344,275,202,236,269,224,316,222,357,304,183,293,282,326,282,337,263,344,176,343,273,366,264,366,239,386,177,384,256,397,250,395,226
Q,452,186,392,222,346,259,330,307,317,350,287,205,245,268,240,314,244,351,319,186,306,282,339,282,347,261,361,180,357,275,381,266,381,239,403,181,398,260,411,254,410,230
Q,451,186,394,219,347,257,331,305,317,350,286,202,242,268,238,317,243,355,317,184,302,279,337,282,348,263,359,179,354,273,379,264,379,239,400,182,394,259,409,253,408,229
Q,441,180,383,215,338,253,321,301,305,345,278,196,236,263,226,312,225,356,310,177,293,275,328,275,339,256,351,171,345,267,370,257,370,230,393,173,386,251,400,244,398,219
Q,442,187,384,220,339,257,322,303,307,346,276,202,236,270,226,318,226,358,307,184,292,283,327,281,337,260,348,179,342,275,367,264,368,238,388,180,381,259,396,253,395,229
Q,432,187,377,226,329,263,307,308,289,348,262,207,227,271,215,318,211,356,289,188,276,286,313,287,325,267,327,182,326,276,353,270,354,245,369,183,367,260,384,256,384,234
Q,415,183,359,224,315,263,295,307,278,346,244,200,215,270,204,317,203,354,271,182,257,283,294,287,308,267,309,176,305,273,333,271,337,248,351,178,348,255,362,255,364,234
Q,415,185,361,229,317,268,296,308,274,344,242,205,211,274,201,322,200,359,270,185,255,283,290,288,304,268,308,179,305,274,332,272,335,250,351,181,346,257,361,257,362,238
Q,407,181,353,224,309,264,288,305,266,342,231,204,200,273,193,319,194,353,258,183,245,282,282,288,296,270,297,176,291,273,319,272,324,250,339,179,332,256,348,258,352,239
Q,404,183,349,226,305,266,282,307,258,346,229,202,199,272,189,318,188,354,256,182,241,282,279,288,294,269,294,175,289,271,319,268,323,244,336,175,331,253,348,252,350,232
Q,416,184,362,226,318,265,297,306,274,342,241,205,212,274,203,320,203,355,268,185,254,283,290,288,304,270,307,179,303,275,330,269,333,246,349,180,346,258,361,255,361,233
Q,417,184,361,225,317,263,297,306,279,347,246,201,215,271,202,315,200,351,276,181,260,280,298,283,312,264,315,174,309,270,338,265,341,241,357,174,352,253,368,251,368,228
Q,425,186,368,225,324,264,303,309,284,351,256,201,220,268,208,316,207,355,287,182,269,280,306,286,319,268,327,176,319,273,347,269,349,244,369,179,361,258,377,256,377,233
Q,431,185,371,222,325,258,305,304,287,348,259,203,223,270,212,316,210,354,288,184,274,285,310,283,321,263,329,178,325,276,352,266,353,240,371,179,368,260,384,254,383,230
Q,433,181,376,215,328,254,307,303,287,346,261,200,223,270,211,316,208,356,290,183,276,284,310,278,320,254,329,179,328,275,353,261,351,233,371,181,369,260,385,250,383,225
Q,425,177,365,217,320,256,300,303,282,347,252,198,220,266,210,313,209,351,281,180,269,280,302,281,314,261,323,175,318,273,342,264,344,239,366,177,360,256,373,252,374,229
Q,428,185,371,225,324,262,302,307,284,350,253,204,219,270,209,317,208,355,281,185,270,285,305,286,317,267,320,179,322,277,348,268,349,244,362,181,363,261,379,255,378,232
Q,421,181,363,222,318,262,299,309,280,351,249,202,217,269,207,317,205,354,278,183,267,284,300,287,312,268,319,176,316,274,339,269,340,245,362,177,357,257,368,254,367,233
Q,424,188,368,225,322,264,302,308,281,350,254,206,219,272,209,319,208,359,284,187,270,286,307,285,317,263,324,180,320,277,347,268,348,243,366,182,361,262,376,256,376,233
Q,424,185,367,220,320,259,299,305,280,347,252,202,220,272,209,319,207,358,281,184,271,286,305,282,315,260,320,178,321,276,346,264,345,239,362,179,361,258,376,252,374,229
Q,423,186,367,223,322,262,300,308,278,348,252,204,220,269,208,316,204,355,281,184,271,285,306,284,316,263,321,178,321,276,346,267,346,242,364,181,361,260,375,256,374,233
Q,424,186,367,223,319,263,298,308,279,351,253,203,219,269,207,316,204,355,282,185,271,286,306,283,316,261,321,180,322,276,347,265,346,239,363,182,361,260,376,254,375,231
Q,425,187,366,224,319,264,298,312,279,355,253,205,219,272,206,318,202,357,282,188,267,288,302,289,313,268,322,182,317,279,343,271,344,247,364,183,359,262,374,258,374,235
Q,423,188,364,222,316,263,296,312,278,357,250,205,217,274,205,320,201,357,281,187,268,288,304,288,314,267,322,182,319,278,344,269,344,244,365,183,360,261,373,256,373,234
Q,433,186,374,221,325,260,304,308,284,349,257,204,221,271,207,318,203,358,284,187,271,289,307,287,318,265,322,183,322,282,349,270,349,244,364,187,362,268,379,260,379,237
R,375,432,335,396,317,347,337,302,371,270,330,272,334,215,349,177,367,142,364,271,346,200,338,160,335,125,400,285,391,249,374,300,365,338,434,311,417,286,396,319,385,347
R,374,433,336,399,315,349,333,302,367,270,327,275,331,213,344,175,361,141,361,274,345,200,337,160,336,125,397,288,390,251,372,300,362,338,432,313,414,290,391,323,377,350
R,373,434,335,400,315,349,333,304,367,273,329,277,332,217,344,179,361,145,363,277,345,203,337,163,336,126,398,292,390,252,372,301,362,339,432,317,414,293,391,326,378,354
R,374,433,336,401,314,349,334,303,367,271,328,275,331,215,345,177,361,142,362,275,345,200,338,159,336,122,398,290,390,251,372,301,360,339,432,316,415,292,392,325,378,353
R,374,434,336,400,314,349,332,303,365,269,327,277,330,217,342,180,358,145,361,277,345,202,338,161,337,124,396,290,389,251,371,301,361,340,430,315,413,290,391,324,378,351
R,375,434,336,401,314,349,333,302,367,269,327,276,330,215,343,176,359,141,362,276,345,202,337,161,335,125,398,290,389,252,371,303,361,341,432,316,414,291,392,325,379,353
R,377,431,337,395,317,346,333,300,363,266,329,273,331,214,342,178,357,143,362,273,346,198,338,157,336,119,397,288,389,248,372,297,362,334,429,313,416,284,394,315,380,342
R,381,435,341,398,321,347,337,300,368,265,332,281,333,221,346,183,363,147,365,280,347,205,338,164,337,127,401,292,393,249,376,299,368,338,436,316,419,285,399,318,389,347
R,381,452,340,413,321,359,337,309,367,271,333,289,333,225,345,185,361,148,367,289,349,214,340,172,339,134,402,302,396,257,379,306,368,346,437,325,424,290,403,322,389,352
R,382,448,340,410,321,355,336,307,368,273,332,287,334,226,344,188,359,153,365,287,348,211,338,169,336,131,401,300,394,258,377,307,367,345,435,325,421,294,399,326,384,354
R,379,445,339,406,319,350,335,300,368,267,330,288,329,225,339,186,354,151,363,289,347,215,338,177,334,144,398,302,391,258,374,306,364,345,431,324,415,292,395,325,382,355
R,376,444,337,407,317,350,334,299,368,266,329,285,331,223,345,185,363,149,363,285,345,212,333,175,327,143,399,298,392,255,375,305,365,344,433,321,416,294,395,327,383,355
R,375,443,335,406,315,349,328,299,360,267,327,285,328,224,342,186,359,151,360,285,340,211,328,173,322,140,395,298,386,253,370,303,361,342,430,320,412,293,391,327,377,355
R,374,442,333,404,313,348,328,297,361,265,326,285,326,224,338,186,354,152,358,285,341,211,332,173,329,139,394,298,386,253,369,303,360,342,428,322,410,291,389,325,376,355
R,372,441,332,405,313,348,326,297,359,264,325,284,326,223,339,185,355,149,358,283,340,209,328,172,322,139,394,295,384,250,368,301,359,341,427,318,409,289,388,324,375,354
R,374,441,334,403,315,349,329,300,360,266,328,286,327,222,337,184,350,148,361,286,344,211,334,173,329,139,396,299,386,254,370,302,360,342,429,321,411,290,390,323,376,352
R,375,443,334,404,315,349,328,299,361,266,326,284,327,222,337,184,350,150,359,285,345,211,335,172,329,138,395,298,387,254,370,302,361,341,429,321,411,290,391,323,379,352
R,376,443,335,406,315,351,329,302,359,266,327,285,328,225,339,187,354,153,360,285,343,211,333,172,329,137,396,298,386,253,370,302,360,341,430,321,411,290,390,324,377,353
R,372,440,332,401,313,346,326,296,356,263,326,284,326,222,336,185,350,150,358,283,341,209,330,169,326,133,393,296,385,250,367,298,357,338,427,318,409,288,387,321,373,350
R,373,440,332,402,312,348,325,299,356,265,325,283,326,222,337,185,352,150,358,283,340,208,330,169,326,135,393,296,382,252,365,301,356,340,426,319,408,289,386,322,373,351
R,372,443,331,404,312,347,327,297,358,263,325,285,326,223,338,186,353,151,357,285,341,210,331,170,326,135,393,297,384,252,367,300,358,339,427,320,409,289,387,321,375,350
R,373,439,332,402,312,347,325,297,355,262,325,282,325,222,337,185,353,151,358,281,341,207,331,168,326,134,393,293,382,251,365,300,356,338,426,316,408,286,387,319,375,348
R,372,441,331,403,311,348,326,298,357,264,326,283,327,222,340,186,356,153,359,283,343,208,332,168,327,133,394,296,383,254,366,303,356,342,426,320,409,290,387,322,375,352
R,374,440,333,402,313,348,326,299,357,265,327,283,328,222,339,186,354,153,360,284,345,209,335,171,329,138,394,298,384,253,367,300,357,338,427,321,408,291,386,323,372,351
R,371,439,331,401,312,347,325,298,354,263,326,285,327,225,339,189,354,156,359,285,343,210,333,170,328,135,393,297,383,252,364,298,354,336,426,319,407,287,385,318,371,348
R,369,431,330,390,312,334,328,287,359,256,327,275,328,216,341,179,357,146,359,275,344,203,334,165,330,132,393,288,383,244,366,291,357,329,425,312,409,281,386,312,371,340
R,369,424,329,385,311,331,324,283,354,251,327,271,328,211,341,175,357,141,358,271,343,199,332,161,328,128,392,284,382,240,364,286,354,323,424,307,407,277,384,307,369,334
R,372,424,332,386,314,332,327,284,355,252,327,273,330,215,343,179,360,146,359,272,342,200,333,161,331,127,393,285,384,239,366,286,356,324,425,308,408,277,387,307,373,335
R,372,422,330,383,313,328,328,280,357,249,328,273,329,214,342,178,359,144,359,272,342,201,335,163,334,128,393,285,384,237,366,283,355,320,426,306,408,275,386,306,372,334
R,369,423,329,382,313,327,328,278,358,247,327,271,328,213,341,177,357,143,359,271,344,201,334,162,331,127,393,283,384,238,366,283,356,320,425,306,409,274,387,303,372,331
R,369,424,329,384,312,328,328,280,358,248,327,271,329,214,344,179,361,147,359,271,343,199,334,159,330,124,392,283,383,239,366,285,356,322,425,306,408,275,386,306,372,333
R,368,422,330,384,312,330,327,283,355,249,327,272,329,214,341,178,357,144,359,273,344,201,334,161,330,127,393,285,382,240,364,285,354,321,424,307,406,276,385,307,373,335
R,369,424,329,384,311,329,326,280,356,248,326,272,328,213,342,178,360,145,357,272,341,199,331,160,327,127,391,284,382,238,365,284,356,322,424,307,406,276,384,307,369,335
R,368,423,328,386,309,332,323,283,353,249,326,272,328,213,342,177,359,144,358,272,341,199,330,161,326,127,391,284,382,237,364,284,354,322,423,306,405,275,383,306,369,335
R,367,426,327,385,310,330,324,282,354,249,325,273,326,214,339,178,356,145,357,273,342,200,332,161,327,126,390,286,381,238,363,284,353,322,423,308,404,275,382,307,370,336
R,366,424,326,385,309,330,322,281,352,250,325,272,326,213,340,177,357,143,356,271,340,198,330,159,326,125,390,283,380,237,362,284,352,322,422,306,404,274,382,305,368,333
R,367,424,327,384,310,329,324,280,354,247,325,270,326,210,338,174,354,140,357,270,342,198,332,159,328,126,390,283,381,236,363,282,353,320,422,306,404,273,382,305,369,333
R,366,424,327,384,310,330,323,281,352,249,326,272,326,212,338,176,354,142,357,272,341,198,330,159,326,124,390,285,381,237,362,282,351,320,422,307,404,275,381,306,367,335
R,368,422,329,383,311,328,325,280,355,248,325,271,327,212,340,177,357,143,356,271,341,198,331,159,328,126,390,284,381,236,364,283,355,320,422,307,405,275,383,308,370,337
R,367,424,327,384,310,330,324,281,354,250,325,271,327,213,340,176,357,141,357,271,340,200,331,163,328,130,390,284,382,238,364,285,354,323,423,307,406,276,384,307,369,334
R,368,420,329,383,311,329,323,282,351,250,326,269,328,212,341,176,358,143,357,270,340,197,331,158,328,123,391,282,381,235,363,281,353,319,423,305,404,275,382,306,369,334
R,370,423,330,384,312,330,324,281,354,250,327,272,328,213,342,177,359,144,358,272,341,198,331,158,326,123,392,284,382,238,364,284,354,322,424,307,405,275,384,307,371,336
R,368,421,328,380,309,327,322,279,352,247,325,269,327,211,341,176,358,144,357,270,341,197,331,158,327,123,390,283,381,235,363,281,354,318,422,306,403,273,382,305,369,334
R,368,423,327,383,309,328,321,280,351,249,326,271,327,214,340,178,356,145,357,270,341,198,332,158,329,123,390,283,381,234,362,281,351,320,423,305,405,273,382,304,368,333
R,368,426,328,385,310,331,323,283,351,252,326,271,327,213,340,178,356,144,357,271,341,199,332,160,328,124,391,284,382,237,362,283,349,321,423,308,406,276,383,306,368,334
R,367,425,327,385,310,330,323,282,351,250,326,273,327,215,340,179,357,145,357,273,341,200,331,160,328,124,390,286,382,236,362,282,350,319,422,308,404,276,381,306,365,335
R,367,424,326,384,309,330,322,282,351,250,326,272,326,214,339,178,356,145,356,271,339,198,328,158,324,123,390,283,380,237,362,284,352,323,421,306,404,275,381,305,366,334
R,366,426,326,385,309,328,323,280,354,250,325,273,327,215,340,179,357,146,357,273,341,200,331,160,328,125,390,285,382,236,362,283,351,321,423,308,403,276,381,308,368,337
R,367,425,326,383,308,328,322,279,352,247,324,270,326,213,340,177,357,144,356,270,340,198,330,159,325,124,390,283,380,236,362,283,351,322,422,306,405,274,381,304,366,333
R,367,426,327,386,309,331,321,282,352,251,325,273,327,214,340,179,358,146,356,273,340,199,330,159,327,124,390,285,381,237,362,283,351,321,422,308,402,278,379,309,366,338
R,366,422,326,382,308,329,320,281,349,250,324,270,325,211,339,176,356,143,356,269,339,197,329,158,325,123,389,282,378,235,359,281,348,320,421,304,402,275,378,305,363,333
R,367,421,327,382,309,329,321,282,350,250,325,269,326,211,338,176,354,143,356,270,341,197,331,158,327,124,389,283,380,237,362,281,351,318,421,306,404,275,382,305,367,333
R,366,417,327,379,308,326,319,278,349,246,325,266,326,208,337,171,353,137,357,266,340,194,329,156,324,122,390,279,380,233,360,279,350,318,422,302,403,271,379,301,364,329
R,368,419,329,379,311,327,322,279,351,246,325,267,327,209,339,173,354,140,357,267,340,195,329,157,324,123,390,280,380,234,361,280,350,317,421,303,403,272,380,301,365,329
R,368,417,328,379,310,324,324,276,353,246,325,268,327,213,340,178,357,145,356,268,340,196,331,157,329,122,390,280,381,232,363,278,352,316,422,302,405,270,383,301,369,329
R,366,419,326,378,308,323,321,275,352,242,326,267,326,209,338,172,353,138,357,267,341,194,330,154,325,119,390,280,380,231,361,277,351,314,422,302,402,269,380,300,366,329
R,367,418,327,379,308,325,320,277,350,246,325,267,326,209,338,174,354,141,356,267,341,195,332,156,328,122,390,280,379,234,360,280,350,317,421,302,402,272,380,303,368,332
R,367,419,327,380,310,327,323,280,351,249,326,268,328,211,342,177,358,144,358,269,341,197,331,157,327,122,391,282,381,236,362,281,351,318,423,305,405,275,382,304,366,331
R,367,422,327,382,309,327,321,279,352,248,326,270,328,212,341,177,358,144,357,270,341,197,332,158,329,125,390,282,382,234,363,281,352,320,423,305,404,273,382,305,367,333
R,369,423,329,384,311,329,325,281,355,249,327,272,329,214,344,179,362,146,358,271,342,197,333,158,331,123,392,283,384,234,366,280,355,319,424,306,405,275,383,307,369,336
R,367,424,327,384,310,329,323,280,352,248,326,270,328,212,341,175,357,141,358,270,343,198,332,160,327,126,391,282,382,234,363,281,352,320,423,305,406,274,383,304,368,332
R,368,421,328,381,311,327,323,279,352,249,327,269,329,212,343,178,360,146,358,270,343,196,333,157,328,121,392,283,382,234,363,280,352,317,424,305,405,274,382,305,369,333
R,369,419,328,380,310,325,324,276,354,245,326,268,328,210,342,175,360,142,358,269,342,197,333,157,330,123,391,281,382,234,364,280,354,317,423,304,405,273,383,304,370,332
R,368,421,327,382,310,326,325,278,354,247,325,271,328,214,342,179,360,146,356,269,340,197,332,158,331,121,390,281,383,233,365,280,354,317,424,303,406,273,384,305,370,333
R,369,421,329,380,311,325,323,276,354,245,327,267,328,208,340,171,355,138,358,267,344,194,332,154,326,120,392,280,381,234,363,280,353,318,424,303,404,271,382,302,369,331
R,368,418,328,377,310,323,325,275,355,243,328,266,329,209,343,175,360,143,359,267,343,194,334,154,331,119,392,280,383,234,364,280,354,317,424,303,407,271,384,301,369,329
R,367,416,328,375,311,323,323,276,351,244,327,265,329,207,341,171,357,139,358,265,343,192,334,154,332,120,392,277,382,231,363,277,353,315,424,300,407,269,383,298,368,326
R,366,420,325,379,308,323,323,273,355,243,326,267,328,208,341,172,357,139,357,267,342,195,332,155,328,120,390,279,382,233,363,278,352,317,422,301,405,270,382,300,367,328
R,366,423,326,383,308,329,320,279,351,247,325,271,327,212,340,176,356,143,356,271,341,197,330,157,325,122,390,284,381,235,361,281,350,320,422,306,402,273,379,304,364,333
R,369,424,328,382,310,327,325,277,356,245,327,270,329,210,344,175,361,143,359,270,345,194,336,154,333,119,393,283,384,236,365,281,354,319,425,306,407,274,384,304,370,332
R,370,421,331,378,316,322,333,272,365,242,333,267,336,213,350,179,366,151,365,267,350,199,339,166,334,140,397,281,390,232,371,277,359,315,429,304,413,273,389,302,373,330
R,369,422,329,379,315,322,332,272,363,241,333,268,337,213,352,178,370,149,365,268,349,199,338,165,335,140,397,282,390,232,370,278,358,316,428,305,412,271,389,301,373,329
R,371,417,333,375,317,318,333,269,365,238,339,262,341,207,353,172,366,144,370,264,358,196,353,163,353,140,402,278,394,232,373,276,360,313,432,302,416,271,392,299,375,326
R,370,419,331,375,318,318,335,268,366,239,337,264,340,210,352,176,365,147,369,266,358,199,351,164,351,137,401,280,393,233,372,276,358,313,431,304,414,272,390,300,374,328
R,372,421,332,379,315,324,329,276,360,245,335,268,337,211,350,176,367,143,366,268,352,198,343,161,341,129,398,282,390,232,369,277,357,315,429,305,411,273,389,303,375,331
R,370,421,331,381,315,323,330,273,361,241,335,268,336,211,348,175,364,141,366,269,350,198,342,162,340,130,399,282,390,233,370,278,357,316,431,304,412,273,388,303,372,331
R,366,422,327,381,311,323,327,272,358,240,330,269,334,213,350,177,368,144,362,269,347,198,339,160,336,126,396,282,387,231,367,278,355,316,428,305,409,272,384,302,368,330
R,367,421,328,379,312,322,328,273,360,244,333,268,336,212,352,176,370,144,364,269,350,197,342,160,340,128,396,282,388,232,368,278,356,316,427,306,409,274,386,303,370,330
R,370,423,331,379,315,322,330,273,362,243,335,269,337,213,351,178,368,145,366,270,351,200,342,163,341,129,398,283,390,234,369,279,356,317,430,306,411,274,387,302,371,330
R,370,417,330,377,313,319,329,270,359,240,334,266,336,211,349,175,365,143,365,266,351,196,344,160,343,128,397,279,389,229,368,275,354,312,429,303,410,271,386,302,371,330
R,369,418,330,376,314,318,331,270,363,239,334,266,337,211,352,175,369,142,365,267,352,197,344,160,343,127,398,280,391,230,370,276,358,314,430,303,411,271,388,301,372,329
R,367,418,328,376,311,318,328,269,360,239,332,265,335,210,350,175,367,143,363,265,349,196,341,160,339,127,396,278,389,228,368,274,355,312,428,301,410,270,385,300,368,327
R,368,419,328,377,312,321,328,271,359,240,333,268,335,211,348,174,365,139,364,269,350,198,342,160,341,128,397,281,388,231,368,276,355,314,428,303,410,271,385,300,369,328
R,367,419,327,378,311,321,327,272,358,241,332,267,335,212,349,176,366,143,363,267,350,197,341,160,338,128,396,280,388,230,367,275,355,313,427,303,409,271,384,300,368,326
R,368,419,329,378,312,322,327,273,358,242,332,266,334,209,347,173,362,141,363,267,350,197,342,160,340,128,396,281,387,232,366,277,353,314,428,305,409,273,384,303,367,330
R,369,421,329,380,312,323,329,274,360,243,334,269,336,212,348,176,365,143,364,270,351,199,341,163,339,131,397,284,388,233,368,279,355,317,428,307,410,274,386,304,372,332
R,371,418,331,378,314,323,327,274,358,244,334,266,336,209,348,173,364,141,365,267,352,196,345,159,344,128,397,281,388,231,368,276,356,314,428,304,409,273,385,303,370,331
R,369,421,330,379,313,323,329,273,361,242,334,269,336,213,351,178,368,144,365,270,351,200,344,163,343,129,398,283,391,233,370,279,356,316,430,306,413,273,389,302,373,329
R,369,420,329,380,312,324,326,276,357,245,332,268,335,213,349,178,367,145,363,269,350,198,341,161,339,129,396,282,388,233,367,278,355,316,427,306,409,274,384,303,368,329
R,369,421,330,379,314,323,328,275,360,245,335,268,336,211,348,175,364,142,365,270,351,198,343,161,342,129,397,283,389,234,368,278,355,315,428,307,410,275,386,305,372,333
R,368,422,329,381,312,325,326,277,358,247,332,269,334,212,348,177,365,144,363,270,348,198,339,161,337,129,395,283,388,233,367,280,354,317,427,307,408,275,385,306,371,334
R,369,421,328,378,311,323,327,275,359,245,331,268,334,212,349,177,367,144,362,269,348,196,339,158,336,125,395,282,387,233,368,279,356,318,427,306,409,274,385,304,370,332
R,369,422,330,381,312,324,327,275,359,246,332,269,334,212,348,177,365,144,363,269,350,196,341,159,340,126,396,282,387,233,366,279,355,317,428,305,407,275,384,306,371,334
R,369,421,330,380,312,324,327,275,359,244,331,269,334,211,348,175,365,143,362,269,348,197,339,159,336,127,395,282,387,232,366,278,355,317,426,305,408,274,385,304,371,332
R,369,420,329,379,311,323,325,275,355,245,332,268,334,211,347,175,364,143,363,268,348,196,338,158,334,126,396,281,387,231,366,277,354,316,427,304,407,272,383,303,368,331
R,369,423,329,382,310,327,322,278,353,247,330,268,332,211,346,175,363,143,362,269,347,197,336,159,333,127,394,282,385,232,364,278,352,317,426,306,407,272,383,302,368,330
R,368,421,328,381,309,326,322,277,353,247,329,267,331,211,345,175,362,143,360,268,346,196,334,159,330,127,393,281,384,231,362,277,350,316,424,305,404,273,381,304,368,333
R,368,424,328,383,310,329,321,280,350,249,331,271,332,212,344,175,359,142,361,272,348,199,338,161,334,128,394,285,384,235,363,281,351,319,426,308,406,275,384,304,371,331
R,366,422,328,380,310,325,323,277,354,246,329,270,331,214,345,179,362,147,360,270,346,199,335,160,331,126,393,283,384,234,363,280,351,319,424,306,405,273,381,304,366,332
R,368,421,329,381,309,327,321,280,352,249,329,268,331,209,344,174,360,141,360,269,346,197,336,159,332,127,393,282,384,234,363,279,351,318,425,306,406,275,382,305,367,332
R,365,418,326,377,307,323,320,275,353,245,329,266,331,209,343,173,359,140,359,267,346,196,334,159,330,127,392,281,383,233,362,279,350,317,423,305,404,273,380,303,365,330
R,367,420,327,379,308,324,319,275,350,243,329,267,329,208,340,172,355,139,360,268,346,195,335,157,330,124,393,280,381,231,360,277,349,315,424,303,403,270,379,301,365,331
R,367,417,327,377,309,321,322,273,353,244,329,264,330,207,342,171,357,139,360,264,345,193,334,156,329,124,393,278,383,228,362,275,351,314,424,301,404,271,380,302,365,330
R,368,416,328,378,309,324,321,276,351,245,329,265,330,207,342,172,356,139,360,266,346,193,336,156,332,124,392,279,383,230,362,277,350,315,423,302,404,272,380,303,365,332
R,366,417,326,378,308,322,321,274,353,243,327,266,330,208,344,173,361,141,359,266,344,194,332,156,327,125,392,280,383,230,363,278,351,316,423,303,404,271,380,301,365,328
R,369,420,329,380,308,327,319,278,350,247,328,269,330,211,341,176,357,143,359,269,345,196,335,159,331,126,392,281,382,231,362,277,351,316,423,305,402,272,380,303,367,332
R,366,421,326,379,308,324,321,275,353,245,327,268,329,210,341,174,357,141,359,268,344,196,334,158,331,124,392,281,383,232,361,278,348,317,424,305,403,273,379,303,364,331
R,368,421,328,380,308,325,320,276,351,244,328,269,329,210,341,175,357,143,359,269,344,195,333,156,329,123,392,281,381,232,361,278,351,317,424,304,402,272,379,302,365,332
R,365,420,325,381,306,326,318,277,349,245,326,267,328,209,341,172,357,139,357,267,344,195,332,158,326,127,390,280,381,230,360,277,349,315,422,304,402,272,378,302,365,330
R,366,420,326,380,307,325,318,276,348,245,327,268,328,209,341,173,357,140,358,268,343,195,332,157,328,124,391,281,381,230,361,277,349,316,422,304,402,272,378,302,364,330
R,364,420,324,382,305,326,317,277,349,247,327,268,328,210,341,173,357,139,357,268,342,196,331,158,325,126,390,281,381,232,360,279,348,318,422,305,402,273,378,305,362,333
R,365,419,325,379,306,323,319,275,351,245,326,266,328,210,341,174,357,141,357,266,342,194,332,157,327,124,390,279,381,230,361,277,348,315,423,302,403,272,379,302,364,329
R,365,421,325,382,306,326,317,278,347,248,326,269,328,211,339,175,354,142,357,269,343,197,334,158,330,124,390,281,381,232,358,278,345,315,422,304,400,274,377,305,363,333
R,365,417,325,378,307,322,319,274,351,244,327,265,329,208,341,171,356,138,358,266,343,193,333,155,329,124,392,280,382,229,361,276,348,314,423,303,403,272,378,302,362,330
R,366,420,326,379,308,324,320,277,350,247,329,266,330,208,341,172,356,140,359,267,346,195,335,157,329,124,392,281,382,232,361,278,350,316,423,305,404,272,381,303,367,331
R,366,417,325,377,306,322,319,275,350,244,326,264,327,207,339,171,355,139,357,264,343,193,332,156,328,124,390,277,381,229,361,276,350,313,421,301,402,270,379,301,365,330
R,366,416,327,378,306,325,317,278,348,248,327,265,328,207,339,171,355,139,358,266,344,193,333,156,330,124,391,279,381,230,360,276,348,314,422,303,401,272,379,304,366,333
R,365,417,326,376,306,323,317,275,348,245,327,266,328,208,339,172,354,139,358,266,344,194,333,156,329,125,390,279,380,231,359,276,347,314,422,302,400,271,377,302,365,331
R,365,419,325,381,305,325,318,276,349,246,326,267,327,209,340,173,356,141,357,267,342,195,330,157,325,125,390,280,380,231,359,277,347,316,421,303,400,273,377,304,364,332
R,364,416,324,376,305,322,318,274,349,244,325,264,327,207,339,171,355,137,356,266,342,194,330,157,325,125,389,279,381,229,360,276,347,314,420,303,402,271,378,301,364,329
R,365,419,325,379,305,323,317,274,348,245,326,266,327,208,339,172,354,139,357,267,342,195,331,158,326,126,390,280,379,231,359,277,347,315,422,303,400,273,376,305,362,333
R,363,415,324,375,305,322,318,273,350,242,326,262,327,206,339,170,354,136,357,263,343,192,331,156,326,124,390,276,381,229,360,275,348,313,421,300,402,270,378,301,363,329
R,364,416,324,377,305,321,318,272,350,242,325,264,327,206,339,169,354,136,356,264,342,191,333,155,329,123,390,277,380,227,359,275,347,314,422,300,402,269,378,300,363,328
R,364,415,325,375,306,321,318,273,350,242,326,263,327,207,340,171,357,139,357,263,342,192,332,155,329,123,390,277,382,228,361,274,349,313,421,301,403,269,378,299,363,327
R,364,412,325,372,306,318,317,270,348,240,326,261,326,205,338,169,353,136,356,261,342,190,331,153,327,121,389,274,380,226,359,272,346,310,421,297,401,267,377,297,363,325
R,367,413,328,374,309,318,321,270,352,240,327,261,329,204,341,169,357,138,358,261,343,191,333,154,328,122,391,274,381,226,361,272,350,310,422,298,403,267,380,297,365,325
R,366,410,327,372,308,317,320,269,351,239,327,259,328,202,340,167,355,135,358,260,344,189,335,152,331,121,391,273,381,226,361,272,350,309,422,297,402,267,379,299,364,326
R,366,412,326,371,307,318,320,270,351,240,327,261,329,203,341,167,356,134,358,262,345,191,336,153,333,120,391,275,382,228,363,273,351,310,422,298,404,268,380,297,365,324
R,365,414,326,375,307,321,319,273,350,245,328,264,330,208,342,173,358,142,358,265,344,193,335,156,332,124,391,278,382,230,361,275,348,313,422,303,403,271,379,301,363,328
R,366,416,326,377,308,322,319,274,351,245,327,265,329,207,341,170,356,138,358,266,345,193,336,156,332,124,391,279,381,230,360,276,349,313,422,302,402,272,379,303,366,330
R,366,414,326,374,308,319,320,271,351,242,326,263,327,205,339,169,353,136,357,264,343,192,334,155,330,122,390,277,381,229,360,275,348,312,422,301,404,270,379,298,363,325
R,365,416,327,376,308,321,320,272,351,241,328,265,329,207,342,172,358,141,358,265,343,194,332,157,328,124,391,278,380,230,360,276,350,313,422,301,401,270,378,302,366,330
R,364,415,325,374,306,319,319,270,353,241,326,262,328,206,341,172,357,140,358,263,343,192,332,155,328,121,390,277,382,229,361,275,349,313,422,302,403,270,379,300,363,329
R,365,414,324,374,306,320,319,272,349,242,326,263,328,207,340,171,355,137,357,263,343,193,333,156,327,123,391,277,382,227,361,274,348,312,422,300,403,269,379,299,362,326
R,367,413,327,374,306,320,319,271,352,242,327,263,328,207,341,172,357,140,358,264,343,192,333,155,330,122,391,277,382,228,362,274,350,312,422,300,404,269,380,299,363,327
R,365,414,326,375,307,322,319,274,350,243,326,263,327,207,340,170,356,137,357,263,342,192,330,155,325,123,390,276,381,228,360,274,349,312,421,300,401,269,378,299,365,327
R,366,413,326,373,307,319,320,270,351,240,327,262,329,205,341,170,356,138,358,264,345,192,333,153,328,121,391,277,381,229,361,274,349,311,422,300,401,269,378,300,366,328
R,367,412,326,372,307,318,318,270,350,239,328,262,329,204,339,168,355,134,358,262,343,190,333,153,329,120,391,274,382,224,361,271,350,309,422,297,403,265,379,295,363,323
R,366,413,326,374,307,319,319,271,351,242,327,262,328,206,341,170,357,137,358,263,343,192,332,155,326,123,390,276,382,227,361,273,348,311,422,299,402,268,378,299,364,327
R,367,412,328,373,308,320,319,272,352,243,328,262,329,205,341,170,355,137,359,263,345,192,334,155,327,124,392,276,383,228,362,275,349,314,422,299,403,270,378,300,362,327
R,366,412,326,373,307,319,319,272,350,242,327,262,328,206,339,169,354,136,358,263,343,192,333,154,329,122,390,276,382,227,361,271,348,309,422,299,402,268,378,298,363,326
R,367,418,327,379,308,324,319,276,350,245,327,267,328,210,340,175,356,142,358,268,343,195,334,157,331,123,391,280,381,231,360,277,349,315,422,303,401,271,377,303,364,331
R,364,415,325,374,305,322,317,274,347,244,326,264,327,207,338,171,353,138,357,265,342,193,332,155,327,122,389,278,380,231,359,277,347,315,420,302,401,270,377,300,363,328
R,366,415,326,376,307,322,317,273,350,244,327,264,328,208,339,171,354,137,357,265,343,195,331,157,325,124,390,278,381,229,360,275,347,313,421,301,402,269,378,298,363,325
R,364,414,325,375,306,321,317,273,349,244,325,262,327,205,339,169,354,137,356,263,342,192,331,155,325,123,389,277,380,229,359,275,347,312,420,302,401,271,377,300,362,328
R,364,415,323,375,304,320,317,272,349,242,323,264,326,209,340,174,358,141,354,263,340,192,328,154,323,120,388,276,380,226,360,274,347,313,420,299,400,270,376,301,362,329
R,367,412,327,372,306,320,316,273,347,243,326,262,327,205,338,169,353,136,356,262,342,190,332,153,328,120,389,275,379,227,359,273,347,311,420,298,399,268,377,299,364,328
R,366,415,327,376,307,323,317,275,347,245,327,265,328,208,340,173,355,140,357,265,342,194,331,156,327,123,390,278,381,228,359,274,347,311,421,301,400,269,378,300,365,328
R,366,414,326,375,306,323,315,275,344,243,326,264,327,206,337,169,351,136,356,264,342,192,331,153,326,120,389,277,379,228,358,273,346,311,420,300,400,268,377,298,363,327
R,365,416,325,376,306,323,315,274,347,245,326,265,327,207,338,171,352,138,356,266,342,193,331,154,327,121,389,278,378,229,358,275,347,313,420,301,398,269,376,300,364,329
R,366,412,327,375,306,322,317,275,347,245,325,262,327,206,339,170,354,138,356,262,342,190,333,153,329,122,389,276,379,229,359,276,347,314,421,299,401,271,377,302,362,329
R,365,416,325,377,306,324,317,276,347,245,326,265,327,208,339,172,355,139,357,266,342,194,332,156,328,124,389,279,379,231,358,277,347,314,421,302,400,271,376,302,362,329
R,364,416,324,377,305,321,318,273,349,244,326,264,328,207,341,172,356,140,357,265,342,193,331,156,326,125,389,278,380,229,359,275,348,313,420,302,400,271,377,303,364,331
R,367,417,326,379,306,324,318,277,348,248,327,266,328,208,339,172,353,140,358,267,345,194,334,156,329,125,390,280,380,232,358,277,346,314,421,304,400,272,376,304,363,333
R,365,417,326,380,306,325,317,277,348,248,326,267,328,209,339,173,354,140,357,268,343,195,332,158,328,127,389,281,379,232,359,277,348,315,421,303,399,273,377,305,364,333
R,365,416,325,378,306,325,316,277,345,247,326,266,327,207,338,171,353,138,357,267,343,194,332,156,328,123,389,280,379,232,358,277,346,314,420,303,399,272,376,303,364,332
R,365,418,325,377,306,323,317,275,348,244,325,266,326,210,339,174,356,141,356,267,341,195,330,156,326,121,389,280,380,229,359,275,348,313,420,303,400,271,376,301,363,329
R,366,415,326,377,307,322,319,273,351,243,325,265,327,207,339,171,355,138,357,265,341,192,332,154,328,122,390,278,381,228,361,274,350,312,422,300,401,271,378,303,364,331
R,367,415,327,376,307,324,318,276,349,246,326,266,328,210,340,176,355,145,357,267,343,196,333,157,328,124,389,280,381,233,360,277,348,314,420,304,401,272,379,302,365,330
R,365,415,325,376,306,322,319,274,349,244,326,264,327,208,339,172,355,140,357,265,342,193,331,156,327,124,389,278,381,228,360,275,348,313,421,301,401,271,377,302,364,330
R,364,413,324,374,304,322,315,274,346,245,325,264,326,207,337,171,352,139,355,264,340,193,329,156,325,123,388,277,378,228,358,273,348,311,419,300,398,269,375,299,362,327
R,364,414,325,376,305,323,316,276,347,246,326,264,328,208,339,172,353,140,356,265,342,193,331,155,326,122,389,278,379,231,358,276,346,313,420,302,399,271,376,302,361,330
R,365,414,326,377,306,322,317,274,348,243,324,266,326,208,338,172,354,138,355,266,340,194,328,156,323,124,387,278,379,227,360,272,348,311,419,300,399,269,375,300,361,329
R,365,413,325,374,305,322,315,275,345,243,324,264,325,207,337,172,352,139,355,264,340,194,328,156,322,123,387,277,378,228,357,274,345,312,418,300,397,269,374,300,361,328
R,364,414,324,376,304,321,316,272,349,243,324,264,325,208,338,172,355,139,355,265,338,193,327,155,322,121,388,277,379,229,359,275,346,313,420,300,400,271,375,300,359,328
R,364,416,325,377,306,325,316,278,345,248,325,265,326,207,337,172,350,140,356,266,342,195,331,157,325,126,388,280,377,234,356,278,345,315,419,303,399,273,376,303,362,331
R,364,412,324,374,303,320,315,272,346,242,324,262,325,205,337,169,352,136,354,263,340,191,329,154,324,122,387,276,377,228,356,273,345,310,418,299,397,268,375,299,363,327
R,365,412,326,374,305,322,317,275,347,245,325,262,327,207,338,172,352,141,356,264,342,193,331,156,325,124,388,277,378,231,358,275,346,312,419,301,398,271,375,303,362,331
R,366,411,326,373,306,319,317,272,348,242,326,264,327,208,339,172,353,140,357,265,343,193,333,156,329,123,389,277,379,228,359,273,347,310,420,299,399,268,378,299,365,328
R,366,413,326,374,306,320,317,272,348,241,326,262,326,206,338,170,355,137,356,263,341,192,330,154,326,121,389,276,381,226,361,273,349,311,420,299,403,266,379,296,365,324
R,370,413,329,377,307,324,317,276,348,244,327,266,328,208,339,173,352,141,358,266,344,194,333,156,328,123,390,279,379,232,359,277,348,313,421,301,400,270,378,301,365,330
R,367,415,326,377,307,324,319,276,349,246,327,266,328,210,340,174,355,140,357,265,342,195,331,158,326,127,389,278,381,228,360,274,348,311,420,301,402,270,378,300,364,329
R,365,414,325,375,306,322,320,274,351,246,326,265,328,208,340,173,356,141,357,266,343,195,332,158,328,126,389,279,381,232,361,277,349,314,421,303,402,272,379,303,364,330
R,366,414,327,375,307,322,319,274,350,244,326,264,327,206,339,170,354,138,357,264,342,193,331,156,327,125,390,277,380,229,360,275,348,313,421,300,400,270,378,301,366,329
R,366,411,327,374,308,321,320,274,350,245,326,264,328,208,340,172,356,139,356,264,341,194,331,156,326,123,389,277,382,228,362,274,350,312,421,300,402,271,378,301,362,328
R,367,414,328,374,309,322,320,275,349,245,328,265,329,207,341,172,356,140,358,265,345,194,334,157,331,125,391,278,381,231,361,277,350,313,422,301,402,270,380,301,368,329
R,367,412,327,377,307,322,318,274,349,243,327,264,328,207,339,170,353,137,358,264,342,195,330,159,325,128,390,277,381,229,361,275,350,313,421,300,402,270,378,301,363,328
R,367,412,327,374,308,323,319,276,349,245,328,264,329,207,341,172,356,140,358,265,343,193,333,157,329,126,390,278,381,231,361,276,350,313,421,301,401,270,379,301,365,329
R,365,413,326,374,307,320,318,274,348,245,327,264,327,207,338,172,351,139,357,265,343,194,333,157,328,124,389,278,379,230,359,274,347,311,420,300,399,270,377,301,364,329
R,367,411,327,373,307,321,318,273,348,242,326,264,327,207,338,172,353,139,357,264,342,193,333,155,330,122,389,277,380,229,361,274,350,311,420,299,399,268,377,298,364,326
R,366,409,327,372,307,317,319,270,351,241,326,261,328,205,341,171,357,139,357,261,341,190,331,153,328,120,390,274,381,227,361,273,349,309,421,298,401,269,378,299,363,326
R,366,413,326,376,307,322,317,274,346,243,327,264,328,208,339,172,353,139,357,264,342,194,331,157,326,125,389,277,381,228,360,273,348,310,421,300,401,269,378,300,363,327
R,366,410,327,371,307,318,318,270,351,240,326,262,327,207,340,171,355,138,357,262,340,192,330,155,325,122,389,275,381,226,362,272,350,310,420,298,402,267,379,297,363,324
R,367,412,328,372,309,320,320,273,351,243,327,265,328,207,339,172,354,141,357,265,343,193,333,155,329,122,390,278,381,231,361,275,351,312,421,301,401,269,379,300,367,328
R,364,412,326,374,306,320,318,272,350,243,326,263,327,205,338,170,353,138,357,264,343,193,332,155,327,123,389,277,380,230,360,275,348,312,421,300,400,270,377,301,364,329
R,365,412,327,374,307,322,318,276,348,246,326,265,327,210,339,175,354,142,356,265,341,194,330,158,327,126,389,278,379,231,359,277,349,314,420,301,399,270,377,301,364,329
R,363,413,324,375,305,321,317,273,347,244,325,264,326,207,338,173,353,141,355,265,340,193,329,154,324,120,388,278,377,231,357,275,346,312,419,301,398,270,375,301,363,329
R,364,413,323,374,304,322,316,275,347,245,323,263,324,207,337,171,352,138,354,263,339,194,327,158,321,126,387,276,378,229,358,274,346,312,418,299,399,270,375,300,360,327
R,365,410,325,373,305,318,317,269,349,240,324,263,325,205,336,169,349,136,355,263,341,192,330,155,325,122,387,276,378,228,358,272,346,309,418,299,397,268,376,299,364,328
R,363,408,323,371,303,318,314,270,346,241,323,260,324,205,334,170,349,137,353,260,338,191,326,154,319,121,386,273,376,226,357,271,345,308,416,296,396,267,373,298,359,326
R,363,406,323,371,303,318,313,270,343,240,323,259,323,204,334,169,348,136,353,259,337,188,326,152,322,121,385,271,375,224,356,270,344,307,417,293,396,265,373,296,359,324
R,366,409,326,371,305,319,315,272,345,241,323,262,323,206,334,171,348,138,353,262,339,192,328,155,324,122,386,274,376,229,356,273,346,310,417,297,396,266,374,297,363,325
R,365,408,326,371,306,319,316,272,346,243,325,261,325,204,335,169,349,136,355,262,341,191,330,155,324,124,387,275,377,228,358,272,347,308,418,298,399,268,377,298,364,325
R,365,407,326,371,306,318,316,271,347,242,325,261,326,206,337,171,352,138,355,262,340,192,330,155,326,122,387,274,379,226,360,271,347,308,418,297,399,267,376,298,362,326
R,364,412,325,374,306,323,316,275,345,244,325,266,325,209,336,173,350,139,355,265,340,195,328,158,323,125,387,277,377,228,357,273,347,310,417,299,396,268,375,298,363,326
R,365,412,326,375,306,322,317,274,348,244,325,265,326,207,336,172,350,140,355,265,341,195,330,158,325,126,387,278,378,231,358,275,347,312,418,300,397,271,375,302,363,331
R,366,412,327,375,307,323,317,274,348,243,326,266,327,208,338,174,352,142,356,266,343,194,332,157,327,125,388,279,378,231,358,276,348,313,420,301,398,270,376,302,364,330
R,368,412,328,375,308,321,318,273,349,243,326,265,327,208,338,174,352,142,357,265,342,195,332,158,328,126,389,277,380,230,360,274,349,311,420,300,399,269,377,299,366,327
R,368,410,328,372,307,320,318,274,348,245,326,264,327,209,337,174,351,142,356,264,342,195,332,158,329,124,388,276,379,229,360,274,349,311,419,299,401,267,379,297,366,324
R,369,410,330,372,309,319,321,272,353,244,328,263,329,207,341,172,356,140,358,263,343,193,334,157,330,125,391,276,381,229,362,274,351,311,422,299,402,269,380,299,366,327
S,361,327,306,299,264,237,276,180,325,162,289,183,274,136,277,185,289,203,326,180,313,123,307,179,318,193,363,189,348,155,337,211,346,219,404,205,376,186,365,223,374,231
S,358,332,304,298,265,238,277,183,323,170,289,186,274,138,276,185,287,205,325,184,313,126,306,181,316,199,362,194,347,160,336,214,344,225,401,211,372,194,362,229,371,237
S,376,348,324,312,286,247,302,188,352,178,317,191,304,142,307,189,319,211,355,192,347,129,338,181,345,202,392,206,376,175,362,229,370,241,430,228,402,206,388,244,396,255
S,383,369,330,323,295,259,314,206,366,196,328,200,318,152,315,203,324,225,368,203,361,145,348,202,357,221,406,218,393,185,375,242,382,253,445,243,415,225,399,263,407,272
S,411,360,365,333,326,276,339,222,382,199,326,227,315,176,329,222,339,244,364,223,355,157,359,210,365,228,402,230,400,196,393,246,392,257,440,244,430,223,421,256,420,265
S,404,340,359,311,325,256,344,206,389,189,335,209,325,162,335,207,344,226,370,208,365,148,365,200,370,216,406,217,406,181,395,232,395,243,441,233,432,212,421,243,421,252
S,394,327,349,297,319,246,334,199,376,184,333,202,324,158,329,199,338,218,366,202,362,146,357,192,363,208,398,212,395,179,383,225,386,237,431,228,418,207,407,238,409,247
S,403,335,362,306,329,255,345,206,386,195,340,213,330,168,340,209,348,229,373,213,367,157,367,204,372,220,405,222,402,190,393,235,395,246,438,237,425,217,415,246,417,255
S,398,330,357,300,329,252,344,208,383,195,339,213,331,170,337,209,345,228,370,212,366,160,364,205,369,219,402,221,399,189,389,233,391,243,433,235,422,216,411,245,412,254
S,397,332,356,304,326,256,341,211,381,199,338,213,329,173,335,213,343,231,369,213,364,163,362,208,367,220,400,223,396,193,386,238,389,246,432,238,418,219,408,249,411,256
S,399,368,352,335,320,276,334,221,377,201,339,221,327,177,330,226,341,240,377,222,367,170,359,227,369,235,413,236,403,203,388,258,395,262,450,256,431,239,416,274,422,278
S,402,370,354,337,321,278,336,222,382,203,340,222,329,175,332,226,342,242,378,223,370,168,363,226,370,235,415,236,407,203,392,259,396,263,453,256,434,237,421,273,426,279
S,398,373,349,338,316,281,332,227,378,211,337,224,328,178,330,226,339,244,376,226,371,170,361,224,368,237,413,240,406,209,388,261,391,268,451,262,432,245,417,279,421,285
S,399,371,350,336,317,279,334,224,382,208,338,222,329,175,332,225,342,241,377,223,370,168,362,225,370,235,413,237,407,206,390,261,394,266,451,259,434,239,418,275,423,281
S,399,376,352,341,317,283,333,228,382,212,337,226,328,179,332,230,340,247,375,229,370,173,362,230,367,241,411,243,407,211,390,266,393,272,449,264,434,243,419,278,421,286
S,394,375,346,340,313,280,330,227,377,213,336,224,326,179,328,227,338,245,374,226,369,171,359,226,366,239,411,241,404,208,386,261,389,268,448,263,430,242,414,277,418,285
S,391,367,345,333,313,273,330,220,377,209,337,220,328,176,329,225,337,239,374,222,368,170,358,225,365,234,410,237,402,204,385,259,390,264,446,258,427,239,412,274,416,281
S,389,363,341,329,311,269,330,218,374,205,335,220,327,176,327,223,336,238,371,222,366,169,356,222,363,234,406,236,399,201,381,254,387,262,441,255,421,237,406,271,412,277
S,393,360,346,325,317,267,336,217,380,202,339,221,332,174,333,218,341,236,375,223,372,169,363,220,368,233,409,237,405,203,388,252,391,261,444,257,428,236,412,268,416,276
S,396,363,350,330,320,271,339,219,384,208,343,224,335,178,336,225,343,240,378,227,373,174,364,227,370,236,411,241,406,209,389,259,393,265,445,261,429,240,414,273,418,280
S,395,362,351,332,321,274,339,223,383,211,345,224,336,181,337,227,346,242,380,226,375,176,365,229,372,239,413,240,407,210,390,261,393,266,447,259,430,243,415,276,419,282
S,393,364,348,333,318,273,335,222,379,212,342,224,334,181,335,227,343,241,377,226,372,175,362,228,369,237,410,240,403,209,387,260,391,264,444,260,426,242,412,275,417,281
S,392,365,348,330,320,272,338,222,381,213,342,223,335,180,336,228,344,242,378,227,373,176,363,229,370,238,411,242,406,209,388,259,393,265,445,263,428,244,412,275,417,281
S,392,361,348,328,317,270,335,219,379,209,339,220,331,179,332,226,341,239,375,223,368,173,360,227,367,235,408,237,401,204,386,256,391,261,442,256,424,240,409,272,416,277
S,391,360,347,328,318,270,334,220,378,209,340,222,332,179,332,226,340,239,375,224,369,173,360,225,367,233,408,237,402,206,385,256,390,261,442,256,425,239,411,272,416,276
S,393,357,347,325,317,267,335,218,378,206,340,219,332,178,332,223,340,237,375,221,369,171,360,223,367,232,408,234,402,205,385,255,390,260,442,254,424,237,410,270,415,276
S,391,358,347,324,318,268,334,218,377,208,340,220,330,178,332,223,341,238,374,222,368,172,360,223,367,233,408,235,400,205,384,255,389,260,442,255,423,239,409,270,416,276
S,393,359,347,328,318,269,336,218,379,207,340,222,331,178,332,224,341,238,375,223,369,172,360,224,367,234,408,236,401,206,384,257,389,262,442,256,423,239,410,272,416,277
S,391,357,346,325,316,268,333,218,377,208,338,218,330,178,330,224,339,236,374,221,368,172,358,225,365,232,407,235,401,204,384,255,389,259,441,255,423,239,408,271,414,276
S,388,360,343,328,313,269,330,219,374,208,337,220,329,178,329,224,337,238,371,222,366,172,356,223,362,233,404,235,398,204,381,255,385,261,438,255,419,238,405,271,410,278
S,387,359,342,325,313,270,330,221,373,209,336,220,328,180,329,225,339,238,371,223,366,172,357,223,364,232,404,237,397,206,380,255,385,261,437,257,420,239,405,271,410,278
S,387,357,341,324,313,269,330,219,373,207,336,220,328,178,327,223,336,238,370,222,366,171,355,221,362,232,403,236,397,205,379,254,383,261,438,256,419,238,405,270,409,277
S,389,361,343,328,313,271,331,221,373,209,337,222,328,179,329,225,338,240,372,225,366,172,357,224,364,235,405,239,397,206,381,257,386,263,439,259,420,240,405,273,411,280
S,386,361,342,327,314,270,331,221,374,211,336,221,329,179,329,224,336,238,370,224,366,174,356,225,363,235,403,238,397,207,380,256,384,262,437,258,420,239,405,271,410,278
S,386,357,342,325,312,269,328,221,371,209,337,219,328,179,328,224,336,238,371,222,365,173,356,223,362,232,404,235,397,204,380,255,384,261,437,255,419,238,405,271,409,277
S,384,356,339,325,309,267,327,217,371,208,334,218,326,177,326,223,334,238,368,221,363,172,353,224,360,234,401,235,394,204,378,255,384,261,435,254,416,237,402,270,409,275
S,384,357,340,324,311,269,327,219,370,207,334,219,324,177,325,224,334,237,369,222,362,171,353,223,361,232,402,236,393,204,377,255,383,259,435,256,417,237,402,270,407,276
S,380,358,336,325,307,267,325,218,368,207,332,217,322,177,322,223,331,235,367,220,360,171,349,223,357,231,399,234,390,204,373,256,380,260,433,254,413,237,398,271,404,276
S,379,361,335,326,307,268,324,219,368,208,332,219,323,177,322,223,329,236,366,222,360,172,349,224,356,233,398,236,391,206,374,257,379,262,432,256,414,238,399,271,404,277
S,381,361,337,327,307,271,324,222,367,211,332,221,323,180,322,226,331,240,366,224,360,174,350,226,358,236,399,238,390,208,374,259,380,264,433,258,414,241,399,273,405,279
S,383,358,338,326,309,269,327,219,370,208,332,220,324,178,325,223,333,238,367,223,362,172,353,223,359,235,400,236,392,206,376,256,380,263,433,256,415,239,401,272,406,278
S,382,359,338,326,309,267,327,218,370,209,334,220,325,178,325,224,334,239,368,223,363,171,353,223,360,234,401,237,394,205,377,256,382,262,434,257,416,238,401,271,406,277
S,383,353,339,323,309,265,326,215,370,205,333,215,324,175,325,221,333,234,367,217,361,169,352,221,359,229,399,231,392,202,376,253,381,257,433,250,415,234,401,267,406,272
S,384,353,339,321,309,265,326,216,369,205,332,216,323,176,324,222,332,235,366,219,361,170,351,221,358,230,399,232,392,202,376,253,381,259,433,251,414,235,401,268,406,273
S,385,357,340,325,310,268,327,218,370,206,333,219,323,177,324,222,333,237,367,222,362,171,352,222,359,232,400,235,392,204,376,254,381,260,434,255,415,237,401,270,406,276
S,384,355,339,323,310,267,326,218,368,208,334,219,324,177,325,222,334,237,368,221,362,170,353,221,360,232,400,235,392,205,376,254,380,260,434,255,415,238,401,270,406,276
S,384,358,340,325,310,267,327,218,371,207,333,219,324,178,324,224,332,237,367,221,362,172,352,224,359,233,400,234,394,205,377,255,382,260,434,254,417,237,403,269,408,275
S,384,357,340,325,309,266,326,217,370,208,334,218,324,178,325,223,333,236,368,220,361,172,352,223,359,232,400,234,393,204,376,254,381,260,434,253,415,238,400,270,405,276
S,382,356,338,326,308,269,324,218,368,207,331,218,322,177,322,223,331,236,366,221,360,171,350,223,357,232,399,234,391,204,375,255,380,260,432,254,414,237,400,270,405,275
S,382,354,336,322,307,265,323,215,367,205,330,218,321,176,321,221,328,235,364,220,359,170,349,221,355,231,396,233,390,202,374,252,377,258,431,251,413,234,399,266,403,272
S,387,355,342,325,310,266,328,215,371,206,332,217,325,176,326,221,334,235,367,219,362,169,353,220,360,229,400,232,394,201,378,252,382,257,434,251,417,234,403,267,407,273
S,396,366,349,337,315,284,329,232,372,210,327,231,317,186,324,232,333,250,363,230,357,175,353,228,359,240,399,241,396,208,383,261,384,268,436,258,421,240,410,274,412,281
S,396,358,349,329,313,277,326,225,371,207,326,224,313,180,321,227,331,243,362,223,353,169,350,223,358,234,398,234,392,201,381,254,383,260,434,251,418,232,407,266,411,273
S,394,358,348,330,312,278,327,225,371,206,327,221,315,180,322,228,332,242,363,221,354,170,351,225,358,233,398,233,392,202,381,257,384,260,434,250,420,233,408,268,411,273
S,396,357,350,328,314,277,328,224,372,205,325,223,316,178,324,224,334,242,362,223,357,168,353,222,359,235,399,234,395,204,382,256,384,264,435,252,422,234,409,268,411,275
S,396,358,348,328,314,274,329,222,373,205,328,223,318,178,325,223,335,240,365,222,358,167,354,220,360,233,400,233,396,201,383,253,384,260,436,250,422,232,410,266,412,274
S,396,359,348,326,314,275,327,225,369,205,327,223,316,177,324,224,333,241,364,223,358,168,354,222,359,235,400,235,395,202,383,253,385,262,437,253,421,233,409,267,411,275
S,398,353,352,323,318,269,334,218,376,201,332,218,322,175,327,220,336,236,368,218,361,165,356,217,363,227,403,229,398,198,384,249,387,254,438,246,423,228,411,262,413,269
S,395,344,349,317,317,265,331,215,372,197,334,213,323,172,327,217,337,232,369,213,361,162,356,214,362,224,402,224,396,193,383,244,386,250,437,241,421,224,408,257,412,264
S,396,344,349,315,317,262,332,210,373,193,332,212,322,171,327,215,336,230,367,212,359,163,354,214,362,222,401,223,395,191,381,241,385,246,435,239,419,222,407,254,411,261
S,397,341,351,312,318,261,333,210,374,193,333,211,323,168,329,212,339,228,368,211,361,160,357,210,364,220,402,222,396,189,384,240,387,246,436,239,419,221,408,254,412,261
S,394,339,347,310,315,255,331,204,373,190,332,206,323,165,327,210,336,224,366,206,359,158,354,209,362,217,400,217,395,187,381,237,385,242,434,234,419,218,406,250,410,256
S,394,335,347,305,316,256,329,207,369,189,333,205,324,165,328,207,337,224,367,206,362,157,356,205,362,216,400,217,396,187,382,235,384,242,434,236,420,217,408,249,409,257
S,394,341,348,311,317,258,332,208,373,193,334,208,324,167,328,211,337,226,368,208,361,160,356,210,362,219,402,221,396,189,382,238,385,243,436,239,419,221,407,253,410,259
S,397,343,351,312,318,262,332,212,374,195,334,212,323,169,329,213,339,230,369,212,363,160,357,210,364,221,403,224,397,193,384,243,387,249,437,242,421,222,409,255,413,263
S,394,342,349,312,318,258,332,208,373,192,334,210,326,169,329,212,337,226,368,210,363,161,356,210,363,219,401,222,398,189,383,238,386,245,436,239,421,221,408,252,411,260
S,395,343,349,315,316,261,331,210,372,194,332,211,323,170,326,214,335,229,367,211,360,161,354,212,361,221,400,222,395,192,381,242,384,247,434,239,419,222,407,255,410,260
S,393,343,349,313,317,259,329,208,371,194,333,209,323,168,327,213,337,227,367,209,360,159,355,209,362,219,401,222,394,189,381,240,386,246,435,239,418,221,406,254,411,260
S,395,343,349,314,318,260,333,210,373,196,334,211,324,170,328,214,338,228,368,211,361,162,355,212,363,220,402,223,395,192,382,241,386,246,436,240,419,223,407,256,412,262
S,396,342,351,313,319,259,335,209,377,195,336,210,326,169,331,214,340,228,371,210,363,161,358,213,365,221,404,222,398,191,385,241,389,246,438,240,421,223,409,256,413,262
S,398,343,354,312,323,259,338,209,379,194,339,211,331,169,335,213,343,228,374,212,367,161,362,212,368,222,407,223,403,191,389,240,391,247,440,241,426,222,413,254,416,262
S,399,342,356,312,326,261,340,212,380,195,341,211,331,170,336,213,344,228,374,212,369,161,363,212,369,221,407,224,403,193,390,242,392,248,441,241,427,222,415,255,418,261
S,399,343,354,312,324,261,339,211,379,195,339,212,331,170,335,213,343,229,373,213,368,163,362,213,367,223,405,225,402,194,389,243,390,249,439,242,426,223,413,255,415,263
S,406,344,360,312,330,262,346,213,384,196,345,215,336,171,341,213,350,231,380,216,375,164,370,212,375,225,413,227,410,195,397,242,397,251,447,245,434,227,421,257,422,265
S,405,346,362,316,333,264,347,214,386,196,348,213,339,171,344,216,352,230,382,215,377,164,371,216,377,225,415,227,412,194,398,245,400,250,448,245,436,226,423,259,425,265
S,408,350,365,317,336,262,353,213,395,200,352,217,342,173,347,218,355,232,386,218,380,167,375,218,381,227,419,231,415,197,401,246,404,252,453,249,438,229,425,261,429,267
S,409,344,365,316,335,262,351,212,392,196,352,212,343,172,348,217,357,230,386,214,381,167,375,219,381,226,418,227,415,195,401,245,403,250,451,244,438,227,425,259,427,265
S,406,340,363,313,331,261,345,212,386,196,348,211,340,170,344,214,351,227,382,212,376,164,371,215,376,222,414,223,411,193,397,242,399,246,447,240,434,224,422,256,425,261
S,409,344,366,314,335,261,349,211,390,196,349,214,340,170,347,215,355,230,383,215,378,164,374,216,379,225,416,227,413,195,400,244,402,249,450,244,436,226,424,258,426,264
S,406,343,362,314,332,260,349,210,390,195,349,210,341,170,344,215,352,228,383,212,378,165,372,217,378,224,415,224,412,194,398,244,400,247,449,242,436,225,422,258,425,263
S,405,341,361,313,330,260,346,209,387,196,347,211,338,170,342,214,351,227,381,212,375,163,370,214,376,221,413,224,411,192,397,242,399,247,447,241,436,223,422,254,424,261
S,401,342,357,312,327,258,343,208,385,193,344,210,337,169,339,212,347,226,378,211,373,162,367,211,373,219,410,222,407,191,393,240,396,245,444,240,430,222,418,254,421,260
S,402,346,358,316,328,261,345,213,385,197,345,213,337,170,339,214,347,230,379,214,374,163,367,213,373,223,412,227,408,195,393,244,395,250,445,245,431,226,417,258,420,265
S,402,341,358,311,327,259,344,211,385,196,344,210,334,170,338,214,346,228,378,210,372,161,366,212,372,222,410,222,405,193,392,242,395,248,444,241,428,224,417,256,421,262
S,401,338,357,308,326,257,340,209,380,191,342,208,333,167,338,211,346,225,376,209,370,160,365,211,371,218,409,221,405,189,391,238,394,242,442,237,428,220,416,251,419,257
S,394,335,350,306,320,254,334,203,374,187,336,205,328,164,331,207,339,223,370,206,364,157,358,208,365,217,403,217,399,183,384,232,387,240,436,234,422,216,408,247,412,254
S,398,337,353,308,323,256,339,207,378,190,338,209,329,165,334,209,343,226,373,209,368,158,363,209,368,220,406,221,402,189,389,238,391,245,439,238,425,220,413,252,416,259
S,399,343,356,310,327,260,340,213,379,194,341,212,332,169,336,212,345,229,375,214,371,161,364,209,370,219,408,225,404,196,389,243,392,249,441,243,427,224,414,256,417,263
S,395,340,353,310,323,258,336,210,376,194,339,209,331,170,334,213,342,226,372,210,367,162,360,212,367,220,404,222,401,191,386,239,389,244,437,239,424,222,411,252,414,258
S,398,343,354,313,322,262,337,213,379,197,337,213,328,171,332,214,341,230,371,214,366,162,360,212,367,223,405,225,400,194,386,243,389,250,439,243,424,225,410,257,412,264
S,397,341,352,311,322,260,335,211,374,195,336,209,329,169,333,213,341,227,370,209,365,161,360,212,365,221,403,220,400,191,386,240,387,245,436,237,423,223,410,254,412,260
S,394,340,350,311,319,258,333,209,373,194,337,210,326,169,330,212,339,227,370,209,363,160,357,210,365,219,403,221,398,190,384,239,388,244,437,238,422,221,408,252,412,258
S,396,342,352,312,321,259,336,210,377,194,337,209,327,168,332,214,340,227,371,210,365,161,359,214,366,221,404,222,399,192,386,242,390,246,437,239,423,223,410,256,414,261
S,393,341,348,312,317,259,331,210,372,195,333,208,325,169,329,212,337,227,367,209,362,161,356,211,362,219,400,220,396,192,382,240,384,245,434,237,420,221,407,253,410,258
S,393,343,349,312,320,261,334,211,373,194,334,212,325,169,329,211,338,228,369,212,363,161,357,210,364,221,402,224,397,192,382,241,386,248,436,242,420,224,407,255,411,262
S,394,341,349,312,318,258,333,208,373,193,336,210,327,168,330,210,338,226,369,211,364,160,358,210,364,221,402,222,397,190,383,238,385,245,436,240,421,221,408,252,410,260
S,393,342,349,313,318,259,334,210,376,195,335,210,325,169,328,213,337,228,369,211,363,161,356,211,364,220,401,222,396,192,382,241,386,245,435,240,420,223,407,255,410,261
S,391,340,345,311,315,259,331,210,371,193,332,207,322,167,326,212,336,226,366,208,360,159,354,211,361,219,399,220,393,191,379,241,384,245,433,238,416,222,404,255,409,260
S,388,338,343,310,313,257,327,209,367,193,332,206,322,168,325,211,334,225,365,207,359,159,352,209,359,217,398,219,392,190,378,240,382,244,431,237,416,221,403,253,407,258
S,388,338,343,310,313,257,327,208,366,191,331,207,321,167,323,211,333,226,365,208,358,158,351,208,359,218,398,220,391,189,376,238,381,243,432,237,415,219,402,251,406,257
S,390,341,345,312,314,260,329,211,370,195,331,210,321,170,325,213,335,227,365,211,359,161,352,211,360,220,398,222,392,193,378,242,382,246,432,239,416,223,403,255,407,261
S,389,341,344,312,313,260,327,211,367,196,330,211,321,170,323,213,332,229,364,212,358,161,352,210,359,221,397,224,392,193,377,241,381,247,431,242,415,224,402,255,406,261
S,388,339,342,311,311,258,325,209,366,193,328,209,319,168,322,212,330,226,362,209,356,160,350,210,357,218,395,220,390,191,376,240,379,245,428,237,414,221,401,253,404,260
S,386,342,341,312,310,259,323,211,365,194,328,210,318,168,321,211,329,227,361,211,355,160,349,210,355,221,394,222,388,191,374,240,378,247,428,240,413,221,400,253,403,260
S,388,341,343,312,312,260,324,211,363,194,328,210,319,168,321,211,330,227,362,210,356,160,350,210,356,221,395,222,389,192,375,241,378,247,429,239,413,224,400,255,404,260
S,387,342,342,313,311,258,324,208,366,194,328,210,318,168,322,212,331,226,362,210,355,159,349,210,356,219,395,222,388,191,375,241,379,246,429,239,413,221,400,254,405,259
S,386,339,340,310,309,259,323,210,364,194,326,207,317,168,320,212,329,224,360,208,355,160,348,211,355,219,393,219,388,192,374,242,377,246,427,236,413,221,399,253,403,258
S,385,340,341,311,309,258,322,209,364,195,326,209,318,169,320,212,329,227,360,209,355,160,348,210,354,219,393,220,389,191,375,241,378,246,428,238,413,221,400,254,403,260
S,385,339,340,311,308,258,322,208,363,193,327,209,317,169,320,213,329,228,361,209,354,160,348,210,356,220,394,220,386,190,374,240,378,245,428,237,411,220,399,252,403,258
S,386,340,341,311,310,259,323,210,363,195,327,210,318,169,320,213,329,227,360,210,355,160,348,209,355,219,394,221,388,191,374,240,378,245,428,238,412,222,400,254,403,260
S,387,338,342,310,310,258,323,207,365,191,327,208,317,167,321,211,330,224,361,208,354,159,349,210,356,218,394,219,388,189,375,239,378,242,428,236,413,219,400,251,404,256
S,385,340,341,311,310,258,324,209,364,193,327,209,318,168,322,212,330,227,361,209,355,160,350,211,356,221,394,221,388,191,375,241,378,246,428,238,413,221,400,254,403,260
S,385,341,340,309,311,258,325,210,364,195,327,210,319,168,321,212,329,227,361,212,356,160,349,211,356,221,394,224,389,191,374,240,378,247,428,242,412,223,399,254,402,260
S,386,342,342,313,311,260,326,211,367,196,328,210,319,170,323,214,331,229,362,211,356,161,350,213,356,221,395,223,390,193,376,242,380,247,429,241,414,223,402,255,405,260
S,387,344,342,314,312,263,326,214,367,197,328,213,320,170,324,213,332,230,363,214,358,163,352,213,357,224,396,226,391,195,377,243,379,250,430,244,415,225,402,256,405,264
S,387,344,343,314,313,261,328,212,369,198,330,212,323,171,325,215,333,230,364,213,359,163,352,215,358,224,396,225,393,195,378,245,381,250,430,243,417,225,403,257,405,263
S,385,344,342,313,312,262,325,214,366,198,327,213,318,171,322,214,331,230,361,214,356,163,350,212,355,222,394,226,389,196,375,244,378,250,428,244,413,225,401,257,403,264
S,385,343,342,313,312,262,327,215,367,199,328,212,319,171,322,216,331,231,362,213,356,163,350,214,356,224,395,225,389,195,375,244,379,249,428,243,413,226,400,257,404,264
S,387,345,345,315,316,266,329,219,368,200,330,215,322,174,325,217,334,233,364,216,360,165,353,214,359,224,397,228,393,199,378,246,381,251,430,246,416,230,403,261,406,266
S,389,344,346,313,317,264,331,218,370,201,332,214,325,174,328,217,335,231,366,216,362,167,356,216,360,226,398,228,396,197,381,245,382,250,431,245,419,228,406,258,407,265
S,390,345,348,315,318,266,332,219,372,201,332,216,325,175,328,218,336,234,366,217,363,167,356,216,362,226,399,228,396,198,381,246,383,251,432,246,419,229,406,260,408,266
S,392,350,350,319,321,268,335,221,374,203,335,219,327,176,331,219,339,236,369,220,365,168,359,217,364,229,402,231,399,200,384,249,385,256,435,249,423,230,409,262,410,269
S,391,347,347,316,318,265,332,217,373,199,333,215,325,174,329,218,337,233,367,216,362,167,355,218,361,226,399,228,396,197,381,247,384,252,432,245,420,227,406,259,408,266
S,390,349,347,317,318,268,331,221,372,204,333,218,324,176,328,221,336,236,367,219,363,169,355,219,361,228,400,231,396,202,381,250,384,255,433,249,420,231,406,262,409,269
S,389,349,347,320,317,270,331,222,371,206,331,218,325,177,327,221,334,237,365,220,362,169,355,220,360,230,398,231,396,202,381,251,382,256,430,249,419,233,406,265,407,271
S,390,353,347,322,318,272,333,225,373,209,332,223,325,180,329,222,338,241,367,224,364,171,358,220,363,233,400,235,397,205,383,252,384,260,433,253,420,235,407,266,409,274
S,391,355,349,324,320,273,334,226,375,209,334,224,327,180,330,224,338,242,368,225,366,172,359,223,364,234,401,237,399,206,384,255,386,262,435,256,422,236,409,268,411,276
S,390,357,348,325,319,273,335,226,376,211,334,224,326,181,330,225,338,242,368,226,365,173,358,224,363,235,401,238,398,206,384,254,386,262,435,257,422,237,408,268,411,275
S,390,355,346,325,316,274,330,225,373,210,331,223,323,181,327,226,335,241,366,224,361,174,355,226,360,235,399,236,396,206,381,255,383,261,432,254,420,235,406,268,408,275
S,388,354,347,323,316,274,329,226,370,209,331,222,323,180,327,224,336,240,366,223,362,172,355,223,360,234,399,235,396,204,381,253,383,259,432,254,420,234,407,266,408,274
S,388,352,344,322,313,273,327,225,367,209,329,222,321,180,326,223,334,240,363,223,359,173,353,222,358,234,396,235,394,204,379,252,379,259,429,253,418,235,404,265,405,272
S,388,353,345,322,316,272,330,225,369,209,332,222,324,181,326,224,336,241,366,223,362,172,355,222,361,235,399,235,395,205,380,253,382,260,433,254,419,236,405,268,407,275
S,388,352,346,322,316,272,328,224,369,208,331,220,322,179,326,223,333,239,365,221,361,172,354,222,358,232,397,233,395,203,380,251,381,257,431,251,419,234,405,265,406,272
S,388,356,345,325,314,275,328,227,370,212,330,224,322,182,325,226,333,241,364,225,360,174,353,225,358,236,397,238,394,207,379,256,380,262,431,256,417,239,404,270,405,276
S,386,356,343,326,313,275,328,227,370,211,330,225,323,181,326,223,334,241,365,226,362,172,354,221,359,234,398,239,395,206,379,254,380,263,431,258,419,236,405,267,405,277
S,387,357,344,325,315,276,331,230,371,214,330,225,324,182,327,226,335,243,365,226,362,173,354,224,360,237,398,239,395,209,379,256,381,263,432,257,418,240,403,271,406,278
S,388,357,345,327,314,276,330,228,372,214,329,224,322,182,327,227,335,243,364,225,360,174,354,227,359,238,397,237,395,206,381,257,383,263,431,256,420,238,406,269,407,276
S,390,359,347,329,316,277,330,229,371,212,330,227,322,184,327,228,336,245,365,228,361,176,355,227,360,239,399,239,395,209,381,258,382,265,433,257,419,240,406,271,408,278
S,389,357,347,328,315,278,330,230,372,214,330,228,321,184,326,227,335,245,364,228,360,174,355,224,360,237,398,239,394,208,380,258,382,265,432,257,418,238,406,270,407,278
S,388,357,346,326,316,276,331,228,373,213,331,224,322,182,327,227,336,243,365,225,361,173,355,226,361,237,399,238,395,207,380,256,383,262,432,257,419,238,405,269,407,276
S,391,356,348,326,317,277,331,229,372,212,331,226,323,182,328,225,336,243,365,228,364,174,357,224,361,237,399,240,398,207,383,255,383,263,432,258,422,238,408,268,408,276
S,390,357,346,325,317,276,331,229,372,212,331,226,324,181,328,225,337,243,366,227,362,173,356,223,361,237,399,238,395,207,381,255,383,264,432,256,419,238,405,269,407,277
S,388,353,345,323,316,274,331,228,372,212,331,223,323,181,327,225,336,242,365,224,362,172,355,224,360,237,398,236,395,207,381,255,383,262,431,255,419,236,406,268,408,275
S,390,354,346,324,315,273,329,226,370,209,329,221,321,179,325,223,334,239,364,221,359,171,354,222,358,232,397,232,393,205,379,254,381,258,431,250,417,235,405,267,407,272
S,389,353,345,322,314,273,328,225,371,210,330,223,322,180,327,224,335,241,364,224,361,172,355,222,360,236,398,236,394,205,381,253,382,262,431,254,418,236,405,267,406,275
S,390,355,347,325,316,275,330,228,371,211,330,224,322,181,327,224,336,242,365,224,361,171,355,223,360,236,398,235,395,206,381,254,383,261,432,253,420,236,407,268,409,274
S,389,353,346,323,316,272,330,223,371,208,330,220,321,179,326,223,335,239,364,220,359,170,353,222,359,233,398,233,393,204,379,253,382,259,432,251,417,234,405,265,407,272
S,388,352,346,323,315,273,329,225,370,208,329,223,322,179,326,222,335,241,364,224,361,170,355,220,359,234,397,236,395,205,380,253,381,261,431,254,419,236,406,267,407,275
S,390,358,349,328,319,278,332,230,374,214,333,226,326,183,331,227,340,244,367,227,364,175,358,227,363,240,401,239,399,208,384,257,385,265,434,258,422,238,408,270,409,278
S,390,358,348,326,319,278,333,231,373,214,334,227,326,184,330,228,339,245,368,228,364,175,358,226,363,238,401,240,398,209,383,257,385,265,435,259,423,239,409,269,410,277
S,390,354,347,324,317,274,332,226,372,210,332,222,325,179,329,223,336,240,366,223,363,172,356,223,361,234,399,235,398,205,383,253,383,260,433,253,423,235,409,267,409,273
S,391,354,348,323,318,273,332,227,373,211,332,221,324,180,328,225,337,240,367,222,362,173,356,224,361,233,400,234,397,205,383,254,384,258,433,252,421,236,407,268,409,273
S,394,358,353,327,323,279,334,231,375,213,334,227,326,181,333,224,341,245,369,228,367,172,362,223,365,239,403,240,403,208,388,255,387,264,436,260,428,239,413,268,411,278
S,399,364,358,333,327,284,339,234,383,217,338,231,329,185,337,229,346,248,373,232,369,176,366,227,370,243,407,244,407,210,394,259,393,270,441,263,432,241,419,272,418,282
S,414,375,374,344,338,291,353,240,398,220,346,235,337,186,349,237,356,255,384,235,380,174,380,234,383,248,421,247,422,213,412,268,409,275,458,266,452,248,440,281,438,287
S,423,387,383,355,347,302,362,249,413,227,354,239,348,189,359,242,367,265,394,239,394,174,393,233,396,249,434,251,438,223,424,278,420,285,472,271,470,255,456,290,449,297
S,421,384,379,351,346,297,362,245,411,222,355,236,347,184,359,236,367,258,395,235,395,170,394,229,394,246,434,248,438,216,425,271,419,281,472,268,469,248,455,283,448,293
S,421,382,380,347,346,294,361,242,410,219,353,230,346,182,357,235,366,255,395,230,394,168,391,228,393,242,434,243,437,216,422,271,418,277,472,263,467,247,452,283,447,290
S,418,380,376,348,342,297,355,245,403,222,350,233,345,183,354,235,362,256,391,233,392,169,388,228,389,245,429,246,434,216,419,272,414,279,467,266,464,249,449,284,444,291
S,417,385,376,350,343,297,359,245,407,220,351,235,345,186,354,236,363,258,391,235,392,172,388,228,390,244,430,248,434,218,419,273,415,280,469,269,465,250,450,285,444,293
S,416,383,374,349,341,297,354,246,402,224,349,235,343,186,354,238,363,259,389,235,389,172,386,231,388,247,427,249,431,217,417,273,412,280,465,269,461,250,446,285,440,293
S,415,386,376,353,342,299,357,247,407,227,351,239,344,188,353,240,362,262,390,239,389,175,386,233,389,249,429,252,433,220,418,275,414,283,466,273,463,252,448,288,442,296
S,417,384,376,351,342,298,356,247,403,224,349,237,342,187,352,239,361,261,389,237,389,173,386,233,388,249,428,250,432,218,418,275,413,283,466,269,463,252,448,288,441,296
S,414,384,373,349,341,296,356,245,404,225,349,238,342,186,352,237,360,260,389,239,389,174,386,231,388,248,427,252,430,217,417,272,413,281,465,272,461,249,446,284,441,294
S,414,380,374,347,341,296,355,246,403,225,349,235,343,186,352,238,361,258,389,235,388,172,386,232,388,247,427,248,429,218,416,273,413,280,464,268,459,251,445,286,441,293
S,413,381,373,346,340,295,354,247,402,226,348,234,342,187,353,238,360,258,388,234,388,173,385,232,386,248,426,248,430,217,417,272,412,279,464,269,461,250,447,284,441,291
S,413,379,371,345,339,295,353,246,398,224,349,234,343,187,353,237,361,256,388,234,387,174,384,232,387,248,425,247,428,217,414,270,410,278,461,268,456,251,442,284,437,290
S,412,379,371,345,338,293,353,244,400,224,347,234,341,184,351,236,360,257,386,234,385,171,383,232,385,248,424,247,427,214,414,270,411,279,461,268,457,248,444,282,440,290
S,412,379,371,345,338,294,351,243,398,222,347,231,340,185,350,236,359,255,386,232,385,172,382,231,384,246,424,246,426,215,412,269,408,277,461,267,455,249,440,283,436,290
S,410,376,369,341,337,290,350,241,397,222,347,232,340,183,350,233,359,253,386,233,385,171,381,229,384,247,424,247,426,212,412,268,409,278,460,268,455,247,441,282,437,291
S,409,380,368,345,335,294,349,244,395,224,345,235,338,185,349,235,357,256,385,235,383,174,381,233,383,251,422,248,423,214,410,269,408,278,459,269,451,249,438,283,435,291
S,412,383,370,349,338,299,352,250,398,229,346,239,340,190,350,239,358,260,385,240,385,179,383,235,384,254,423,253,426,220,413,273,409,285,459,273,455,252,441,286,435,296
S,408,375,367,343,335,292,350,243,396,223,344,235,339,185,347,234,356,254,383,235,383,173,379,231,382,247,420,248,424,214,409,267,406,276,457,268,452,250,438,283,434,291
S,407,378,367,346,334,295,347,245,392,224,342,235,335,185,345,236,353,257,381,236,380,175,378,234,379,249,418,249,421,215,408,270,403,278,455,269,450,248,436,282,431,291
S,407,379,366,345,333,296,346,247,391,226,343,235,336,187,345,237,353,258,381,236,381,176,378,234,379,252,419,249,421,218,408,271,404,280,455,270,451,251,437,284,431,292
S,408,381,368,346,335,297,347,247,392,226,343,235,337,187,346,237,353,258,382,237,382,178,379,236,380,251,420,250,422,219,408,273,405,280,456,270,451,252,437,286,433,293
S,407,381,365,346,333,295,348,246,395,226,345,235,339,188,346,239,353,260,383,237,383,178,378,236,379,252,420,250,423,217,408,272,406,281,457,271,452,250,438,284,434,293
S,408,380,369,345,336,296,350,248,395,226,344,235,338,188,347,238,354,257,383,236,382,177,379,236,381,251,421,249,422,218,409,272,406,278,458,269,452,251,438,285,433,292
S,407,378,365,344,332,294,347,245,393,225,343,233,336,186,345,236,353,256,382,234,381,176,377,234,379,249,420,248,422,215,408,269,404,278,457,268,451,249,437,283,432,291
S,408,381,366,348,333,295,348,246,395,226,345,237,337,187,346,237,355,257,383,237,382,176,379,234,381,250,421,250,422,217,409,272,406,280,457,270,450,251,437,285,433,293
S,407,379,366,346,334,296,346,248,392,226,341,236,336,187,345,238,353,259,381,237,380,177,378,236,380,251,419,249,421,217,407,272,404,279,455,269,449,251,436,285,432,292
S,406,383,366,351,332,298,347,247,394,229,345,239,336,188,345,240,353,259,383,239,380,177,377,237,380,253,420,253,420,218,406,273,405,282,456,274,447,253,434,287,432,295
S,407,381,365,346,331,297,344,248,391,228,342,238,336,189,345,239,353,259,381,239,381,179,377,237,379,253,418,252,421,218,408,272,404,282,455,273,450,251,436,285,430,295
S,406,382,364,347,332,296,347,248,394,229,343,238,335,189,344,240,351,259,381,240,380,180,376,239,378,253,418,253,420,219,406,272,404,281,455,274,449,252,435,285,431,294
S,405,380,364,347,330,297,345,247,392,228,342,236,335,189,344,240,351,259,380,237,380,180,376,239,378,253,418,250,420,218,405,272,402,280,454,271,448,252,434,286,430,293
S,405,382,364,348,331,298,343,248,389,228,340,238,335,188,344,238,352,258,380,239,380,179,376,237,378,254,417,252,420,220,406,273,403,281,454,273,449,253,435,286,431,294
S,407,384,366,350,333,298,347,249,394,229,343,241,336,192,346,240,353,262,381,241,382,180,379,235,380,252,419,254,422,220,409,273,404,283,456,275,452,253,437,286,431,296
S,405,380,365,346,333,298,346,251,391,230,342,238,337,190,346,239,355,261,381,239,382,179,378,236,380,254,418,252,422,221,408,274,404,283,454,273,451,255,437,288,431,296
S,405,381,363,348,330,297,345,247,391,229,340,239,335,190,344,240,351,261,379,240,379,180,376,239,378,256,417,253,419,219,406,273,403,283,453,273,448,252,435,286,430,294
S,403,379,363,346,329,295,344,245,391,227,340,237,334,186,343,236,350,257,378,238,378,177,375,234,377,251,416,251,418,217,404,269,401,279,452,272,446,250,432,283,428,293
S,405,379,362,347,330,295,345,246,390,227,340,234,334,188,342,239,350,259,379,235,377,179,373,239,376,253,416,249,418,218,403,273,401,280,453,269,446,252,432,286,429,292
S,404,379,363,346,330,295,343,246,389,226,340,236,334,187,342,236,351,257,379,238,378,179,374,236,376,252,416,251,418,217,404,270,400,280,452,272,446,251,432,285,427,294
S,403,380,362,347,329,297,342,248,387,228,339,237,332,189,341,240,349,259,377,237,375,179,372,238,375,253,414,250,416,219,403,274,401,281,451,270,446,252,432,286,429,293
S,400,379,358,345,325,296,340,247,386,229,337,236,332,188,340,237,348,257,376,237,375,178,372,236,374,252,412,250,416,218,402,271,398,280,448,271,444,252,430,285,426,293
S,403,380,363,347,330,300,341,253,386,231,339,238,333,192,342,240,350,261,377,239,378,182,374,238,375,253,414,252,418,223,403,275,399,282,451,273,448,256,433,289,426,296
S,403,381,362,349,329,299,343,250,389,231,339,239,333,191,341,240,349,260,377,239,376,182,372,240,375,255,414,252,416,222,402,275,400,282,451,273,445,255,431,288,427,295
S,401,378,361,346,327,297,339,248,385,228,337,237,330,191,340,241,348,260,375,238,374,180,370,238,372,252,412,251,414,221,400,274,397,281,448,271,443,254,429,286,425,293
S,399,379,358,346,325,296,338,247,382,225,334,235,328,188,337,236,345,259,373,236,372,177,370,233,371,251,410,250,412,218,399,271,395,280,446,271,441,251,427,285,421,294
S,400,378,360,345,327,295,339,247,384,227,337,235,331,189,340,238,348,258,375,237,374,178,371,236,373,252,412,250,414,219,400,271,398,280,448,270,442,252,428,285,425,292
S,404,376,362,343,328,295,341,247,385,224,336,232,330,187,338,236,346,256,374,233,374,178,371,234,372,249,412,246,414,216,400,269,396,276,448,266,442,251,428,284,423,290
T,440,315,393,285,372,226,382,180,401,145,391,199,375,155,370,169,371,199,423,201,409,171,403,213,403,247,457,210,438,199,429,246,426,273,491,224,469,208,459,240,459,258
T,434,321,384,287,361,229,370,182,386,146,380,202,362,163,358,172,361,197,413,204,399,175,394,217,394,253,447,212,431,199,421,245,418,276,482,225,464,206,453,236,452,256
T,430,321,382,287,360,230,369,184,387,148,376,206,359,168,356,170,360,189,409,208,399,177,393,218,391,254,444,216,430,201,420,246,416,276,479,230,463,210,453,240,451,259
T,431,318,384,290,361,232,369,184,385,147,375,206,356,162,356,171,362,196,408,206,398,172,394,216,394,252,443,215,429,200,421,249,419,277,478,227,460,209,452,241,451,259
T,436,320,389,292,366,236,375,188,388,150,379,202,364,161,364,167,370,189,411,200,406,163,398,209,396,237,445,206,443,167,431,211,427,236,481,219,476,181,463,207,457,227
T,425,320,378,294,349,244,357,192,372,157,368,205,348,169,344,186,352,202,401,208,387,175,381,225,389,228,435,216,420,195,411,243,419,244,468,228,450,210,440,242,448,249
T,421,324,374,298,348,245,356,195,369,161,372,205,353,169,347,192,354,208,404,210,388,177,380,228,390,230,436,219,419,199,409,246,420,248,467,232,449,214,437,245,447,251
T,422,320,374,293,348,241,357,191,375,157,370,203,353,167,349,194,356,209,403,208,390,175,383,225,391,226,435,218,422,197,411,244,420,243,467,230,452,212,440,243,447,249
T,423,323,375,296,349,245,359,194,376,159,372,207,353,172,347,185,354,199,404,211,392,177,382,226,390,230,436,220,422,199,411,246,420,248,468,233,451,215,440,246,449,252
T,425,325,378,296,353,244,362,194,378,162,375,206,358,170,352,188,360,203,408,211,396,176,387,226,395,229,440,222,427,200,415,247,425,247,473,235,457,217,444,247,453,253
T,426,327,380,299,356,246,367,195,381,160,376,208,360,170,353,187,359,205,409,213,398,178,388,227,395,233,441,223,429,201,417,248,426,252,474,238,459,216,446,247,453,256
T,426,326,380,299,355,247,365,196,381,162,378,206,360,170,353,184,359,199,411,212,398,178,388,228,397,231,443,222,429,201,417,248,426,249,475,236,458,218,446,247,454,253
T,425,323,378,295,353,244,362,193,378,160,374,206,358,168,351,180,357,197,407,210,395,174,386,224,393,230,439,220,425,198,414,244,423,248,472,234,456,214,444,244,451,253
T,424,324,379,294,354,243,363,193,378,159,376,204,358,169,351,183,358,200,408,208,396,173,386,223,394,229,441,218,426,197,414,244,424,247,473,234,456,215,443,245,452,251
T,427,316,379,289,353,237,362,186,379,152,374,199,357,163,353,182,360,198,407,204,396,169,387,219,395,222,439,213,427,190,415,237,424,239,472,226,457,206,444,237,451,244
T,429,324,376,291,351,239,360,192,377,159,365,210,351,171,351,171,357,190,397,210,393,169,387,209,383,243,430,216,423,183,412,227,406,260,465,230,456,200,442,228,432,252
T,426,322,375,294,349,240,360,192,377,158,366,208,354,166,352,181,354,207,399,210,391,173,385,218,382,248,432,218,422,187,411,235,406,264,466,231,453,205,441,235,436,255
T,426,323,375,294,349,241,361,193,378,158,366,210,353,169,350,177,352,197,399,210,390,173,384,218,383,247,432,218,421,188,411,236,407,265,466,232,451,205,439,235,434,256
T,428,323,375,291,351,238,362,192,380,158,367,212,352,172,350,174,354,193,398,211,390,173,385,216,383,247,431,219,421,188,411,235,408,264,466,232,453,204,441,233,436,253
T,426,319,376,286,355,232,369,188,385,156,372,201,365,157,363,178,365,204,404,198,401,152,395,195,395,224,436,204,435,160,423,203,420,233,470,215,468,175,454,199,447,220
T,427,319,378,293,353,241,363,189,376,155,366,203,354,161,353,186,359,207,400,204,393,163,388,212,390,227,432,210,426,179,416,227,418,242,466,222,457,193,446,224,447,238
T,428,313,380,291,351,239,361,185,378,151,366,200,354,160,354,189,361,209,400,202,392,166,386,216,390,223,432,210,424,183,414,231,418,238,466,219,454,198,444,230,448,239
T,429,316,380,293,352,240,362,187,383,154,368,202,355,163,353,192,360,209,402,204,393,168,387,218,390,224,434,212,425,185,415,233,419,239,468,222,455,200,445,232,449,240
T,430,318,382,295,355,243,365,190,383,155,370,205,356,165,353,185,359,204,402,207,394,169,387,218,391,227,435,214,425,187,415,235,420,242,469,225,456,202,446,234,451,243
T,436,318,383,288,353,241,357,201,374,175,376,206,365,167,359,167,358,183,404,203,397,158,386,186,381,218,433,206,427,166,412,197,407,229,466,216,459,182,441,200,432,225
T,432,324,380,294,354,241,364,195,380,161,368,212,353,173,353,179,360,204,401,212,393,175,388,217,387,250,434,218,424,189,414,234,410,265,469,230,455,205,444,234,439,254
T,430,320,378,291,353,240,365,194,379,159,368,211,354,169,353,177,355,202,400,210,393,174,388,217,385,249,433,216,423,187,414,233,409,265,467,228,453,204,442,234,437,255
T,431,320,379,291,353,238,364,192,380,159,368,210,353,169,353,179,359,203,401,209,392,173,388,216,387,249,434,216,423,188,414,234,409,265,468,229,456,203,443,233,435,254
T,432,319,379,290,353,238,363,192,379,158,369,212,353,173,351,175,356,193,400,211,392,173,387,214,386,248,433,217,422,187,413,232,409,263,467,229,453,203,443,231,438,253
T,433,321,380,290,354,237,364,191,379,157,370,209,357,170,355,173,357,193,402,209,393,172,389,214,387,247,434,215,423,185,415,231,411,262,469,228,454,203,444,232,439,253
T,435,318,383,289,357,237,369,191,384,158,370,210,356,169,357,175,361,199,403,209,397,173,392,214,388,247,435,215,426,186,417,231,412,262,469,228,457,202,446,231,439,251
T,435,318,382,290,356,238,366,191,383,159,372,210,358,171,356,174,360,194,404,210,396,173,392,215,390,247,437,216,426,188,418,233,414,264,471,229,457,203,447,231,443,252
T,434,317,382,287,357,235,367,190,385,157,375,208,359,170,356,175,360,196,406,208,397,172,391,214,389,247,438,215,426,187,417,232,413,263,471,228,457,203,446,232,442,253
T,436,317,383,288,357,237,367,191,383,159,374,209,359,171,357,174,360,194,405,209,397,172,392,213,390,246,438,216,427,186,418,232,413,263,471,228,457,203,446,231,441,253
T,433,318,382,289,357,236,367,190,384,157,372,208,358,166,358,174,362,198,404,208,397,171,392,213,390,245,437,216,427,185,418,231,413,261,471,228,458,202,447,230,442,250
T,434,319,386,295,359,241,370,189,387,155,372,203,359,160,359,187,365,212,406,202,399,163,395,212,396,227,438,208,432,176,423,224,425,240,472,218,463,190,453,222,454,237
T,432,320,382,293,357,239,369,190,387,157,370,202,360,160,359,186,364,210,405,202,399,164,395,211,395,227,437,209,432,176,423,223,424,241,472,220,463,190,453,220,454,236
T,432,323,383,295,357,243,367,195,382,164,370,205,360,162,359,187,365,210,404,204,399,164,394,211,395,229,436,210,432,176,422,222,424,241,471,221,463,190,452,219,452,236
T,432,322,380,295,354,241,367,192,384,161,371,203,361,160,360,186,364,209,404,203,400,163,394,211,395,229,437,209,432,176,423,223,423,244,470,220,462,187,451,218,451,236
T,430,324,380,294,352,243,362,202,381,177,369,203,360,160,358,179,360,202,402,201,395,158,390,204,391,223,434,205,429,165,420,208,421,231,468,215,462,178,450,205,448,224
T,429,324,380,294,352,243,363,203,387,184,370,203,362,160,358,180,361,201,402,200,395,158,390,202,393,220,434,205,429,165,419,208,422,228,469,215,461,179,449,206,449,224
T,426,324,380,293,352,241,360,201,380,181,372,202,364,162,358,184,361,201,402,200,396,160,388,204,392,218,435,205,428,168,418,212,422,228,469,215,460,181,448,209,449,226
T,423,323,377,290,352,237,363,193,382,164,374,200,363,162,358,185,362,203,405,201,397,164,387,210,391,222,437,208,429,175,417,220,422,234,470,221,459,189,447,218,451,233
T,423,324,378,288,354,236,365,191,384,159,377,202,363,164,356,186,361,205,407,203,395,167,386,214,394,224,438,211,426,181,414,227,423,237,472,224,457,197,444,227,451,241
T,420,326,377,291,354,238,365,190,378,157,382,202,366,167,355,170,356,183,411,207,394,171,385,220,395,229,442,216,422,193,412,239,425,244,473,230,453,208,441,238,450,248
T,419,323,377,289,356,236,364,189,378,158,384,200,367,166,359,185,364,197,412,205,396,173,384,221,395,227,443,215,424,193,411,238,423,243,472,230,453,210,438,240,446,248
T,419,322,377,286,356,234,366,188,378,155,383,202,366,169,357,177,362,187,411,207,396,174,384,220,395,227,442,217,424,192,411,237,422,244,472,231,452,209,437,238,446,249
T,419,321,377,286,357,233,367,188,381,156,385,200,367,167,357,186,362,198,414,206,396,174,384,221,396,227,444,216,424,192,410,238,423,243,474,230,452,210,437,240,446,249
T,423,323,379,291,358,239,367,194,379,165,388,202,372,167,361,184,362,200,415,207,397,175,386,223,398,230,445,218,425,195,412,240,424,246,474,233,454,214,439,243,447,253
T,420,323,378,292,356,238,364,193,381,164,390,200,376,165,365,187,368,202,417,207,399,176,387,225,398,229,445,218,426,195,412,241,425,245,474,232,454,214,439,243,449,251
T,421,322,379,290,357,236,367,190,381,157,386,200,367,166,358,185,363,199,414,205,397,173,385,222,396,227,444,216,425,192,412,238,424,243,474,231,453,211,439,241,448,249
T,422,323,379,292,356,239,365,191,376,158,383,202,367,166,356,174,359,186,411,206,395,173,385,222,396,228,442,216,423,193,412,238,425,243,472,230,452,210,439,240,448,249
T,423,324,378,293,355,240,365,193,377,159,383,201,365,164,356,189,361,206,411,207,395,173,385,222,396,229,442,217,423,194,413,241,425,246,472,231,452,210,440,241,449,250
T,422,321,379,291,355,239,363,192,375,159,383,199,364,162,356,183,359,200,411,204,393,171,385,220,396,227,441,214,422,192,412,239,425,243,472,229,452,208,439,238,449,247
T,424,320,378,289,354,237,364,189,378,156,379,200,362,164,352,173,356,186,408,205,394,170,384,219,393,225,439,214,423,191,412,237,423,241,471,228,452,207,440,238,449,247
T,422,319,378,287,354,236,365,188,381,155,380,199,362,161,353,179,357,198,409,203,393,169,385,219,394,227,440,213,422,190,412,237,423,243,472,228,452,207,440,238,449,247
T,424,317,379,287,354,236,364,187,380,154,379,198,362,162,353,176,357,192,409,203,393,168,385,217,394,223,440,212,423,189,413,235,423,240,472,226,453,205,441,236,449,246
T,423,316,378,286,354,235,364,186,379,154,379,198,362,161,354,178,358,196,409,202,393,167,384,216,395,224,440,211,422,188,412,235,424,240,471,225,452,206,440,236,450,244
T,432,309,385,288,357,238,364,185,381,151,365,202,352,165,355,187,363,201,400,205,396,170,392,218,392,220,434,212,431,190,422,236,421,236,467,221,462,203,453,234,453,241
T,435,305,386,291,354,238,360,181,379,148,367,199,357,163,359,193,368,205,403,202,397,169,394,219,396,219,435,209,432,187,423,236,424,235,467,216,460,200,452,233,455,240
T,438,306,389,289,357,236,363,179,381,146,368,198,357,161,360,191,370,203,405,202,400,167,397,218,398,217,437,209,435,185,426,234,426,233,470,216,465,199,456,233,458,239
T,442,311,392,296,360,241,366,182,382,147,371,201,360,161,364,195,373,208,408,205,404,170,400,224,401,222,441,212,440,188,430,239,430,237,475,219,470,203,461,238,463,243
T,444,314,395,298,362,244,367,184,383,149,374,204,365,163,368,196,377,211,411,209,409,172,405,227,405,228,444,216,445,190,435,241,434,242,478,224,474,205,465,240,466,247
T,448,316,398,300,364,245,369,186,386,151,375,204,365,164,370,199,378,212,413,208,410,173,407,228,406,225,447,215,446,191,437,242,436,240,481,221,475,205,467,240,469,246
T,445,314,395,296,362,243,365,186,382,149,373,202,361,162,365,194,374,206,410,205,406,170,402,223,403,221,444,212,443,189,434,239,433,237,478,220,472,202,463,235,465,241
T,441,313,390,296,356,242,360,184,377,148,369,201,357,161,361,196,370,208,406,204,400,169,398,223,399,220,440,211,437,187,429,239,429,236,474,218,467,200,458,235,462,241
T,440,310,389,294,355,240,359,182,375,145,366,199,355,158,359,191,368,206,403,202,398,166,396,220,397,219,438,209,435,186,427,237,427,235,472,215,466,198,457,233,460,240
T,438,308,388,295,353,240,357,181,374,144,364,197,350,157,353,185,362,201,400,200,395,165,392,218,392,218,435,207,433,185,425,236,423,234,470,214,463,198,455,232,456,238
T,437,309,386,292,351,238,355,180,375,143,362,198,347,159,351,188,362,201,398,200,392,164,390,217,392,216,433,207,430,183,422,234,422,233,468,214,462,196,453,231,455,237
T,435,308,387,293,352,239,354,180,371,142,362,195,347,156,351,187,362,201,399,198,392,163,389,217,392,216,433,205,430,181,421,233,423,231,468,212,461,194,452,229,454,235
T,435,309,385,293,351,238,353,179,367,142,361,194,350,153,354,188,362,202,397,197,392,163,390,217,391,214,432,204,429,182,422,234,421,231,467,211,460,193,452,229,454,235
T,433,311,384,293,350,239,353,181,369,142,359,196,347,156,350,186,358,200,397,199,391,164,388,218,389,216,432,206,428,182,420,234,420,232,467,213,459,195,450,230,453,236
T,434,309,384,292,349,239,353,180,370,142,360,196,348,156,352,189,360,202,397,199,392,165,389,220,389,216,432,206,429,183,421,235,420,232,466,213,460,195,451,231,453,237
T,435,310,384,296,349,240,354,179,370,142,361,196,350,155,354,189,363,205,398,200,393,165,390,220,391,218,432,207,431,183,422,235,421,233,468,214,462,196,453,232,454,239
T,434,313,383,294,350,240,354,181,370,143,361,196,350,155,352,186,359,201,399,200,393,165,389,220,390,218,434,207,430,184,421,236,421,234,468,216,460,197,451,232,453,239
T,434,310,384,294,349,240,354,181,372,144,362,197,349,156,352,190,361,206,398,201,393,166,390,222,390,219,433,208,430,184,421,236,422,234,467,215,460,197,451,233,454,239
T,434,311,383,294,349,240,354,181,373,144,363,198,349,157,352,191,361,204,399,201,392,167,389,221,391,219,433,208,429,184,421,236,422,234,468,216,460,197,450,233,453,239
T,433,314,384,296,350,241,354,183,372,145,362,199,347,161,349,188,359,200,399,202,391,167,388,221,390,218,433,209,428,186,420,238,422,234,468,216,460,198,450,233,453,239
T,433,312,384,295,350,241,354,182,372,143,361,198,345,160,347,186,356,200,397,201,389,166,387,220,389,217,432,207,427,185,419,237,420,234,467,214,458,196,450,232,452,238
T,429,311,379,293,347,240,353,182,367,145,359,199,342,158,344,186,353,203,395,201,387,166,384,219,386,220,430,208,424,185,416,236,418,236,465,215,455,197,447,232,450,239
T,432,311,382,295,348,240,354,181,369,143,359,197,343,157,344,185,354,201,396,200,388,165,386,219,388,217,431,207,425,183,418,235,419,233,466,213,457,195,448,231,451,238
T,430,309,380,292,346,238,351,180,367,142,359,195,342,155,344,184,353,200,395,197,386,163,383,217,386,216,430,204,424,182,416,234,418,233,465,212,455,194,446,230,449,237
T,431,312,382,294,348,241,352,183,367,145,359,197,347,155,349,187,357,204,395,200,390,166,387,221,387,220,430,206,427,184,419,236,418,235,465,214,457,196,448,232,450,239
T,432,317,382,298,348,243,352,185,369,147,359,200,346,159,348,190,358,206,396,203,391,168,387,224,389,222,431,210,428,187,419,239,420,237,466,218,459,200,449,235,451,242
T,432,318,378,288,352,235,359,184,370,148,360,199,350,153,354,173,360,201,398,197,395,152,393,201,391,228,432,204,432,164,421,212,416,239,469,217,465,183,452,212,445,232
T,432,318,378,291,348,240,352,190,365,154,359,202,346,160,346,164,353,183,394,200,390,156,388,202,386,233,429,206,427,167,418,215,413,246,466,218,461,183,448,213,439,236
T,432,319,378,290,348,238,354,188,369,152,359,204,344,162,347,169,354,190,394,202,390,159,388,205,387,235,429,208,426,170,417,218,413,249,465,221,460,187,447,216,439,239
T,431,320,378,291,349,236,355,186,368,150,359,202,347,157,350,168,357,193,394,200,389,157,388,202,386,233,429,206,426,168,417,215,411,247,465,218,461,184,447,213,438,236
T,432,318,379,289,350,238,356,188,367,150,361,201,347,161,347,165,355,184,395,200,390,158,387,204,387,233,429,206,426,170,416,217,412,246,465,220,459,186,446,216,438,238
T,427,316,375,287,347,235,355,185,369,150,360,200,347,158,347,169,353,193,395,200,390,158,386,205,385,233,429,207,425,171,415,219,411,247,465,221,459,189,445,218,438,238
T,418,323,370,286,351,228,368,181,387,147,371,198,365,155,360,167,361,190,403,203,403,160,389,204,384,234,435,214,433,177,414,223,407,252,466,232,461,200,442,226,433,246
T,415,324,370,284,354,226,371,180,392,148,375,197,371,152,364,165,362,189,406,203,406,161,390,203,383,233,437,216,435,179,415,222,406,252,469,236,465,202,444,226,432,247
T,418,326,372,287,355,229,371,184,391,151,378,199,373,156,367,160,364,177,408,204,407,162,392,202,384,231,439,216,438,179,417,221,406,250,470,236,467,203,446,226,432,246
T,420,327,375,289,356,235,370,191,388,160,379,201,375,158,369,161,368,181,411,206,410,164,395,206,389,235,442,218,440,182,419,225,411,254,474,238,468,207,447,231,436,250
T,425,325,378,291,358,236,371,187,387,153,373,201,365,164,366,159,373,173,409,207,412,167,400,214,396,241,441,219,445,188,426,233,418,257,474,239,475,209,457,237,446,254
T,432,321,384,297,355,244,360,192,378,153,364,205,351,165,355,173,367,190,400,208,402,169,396,220,393,242,434,217,438,187,426,237,418,258,468,232,469,204,456,237,446,255
T,436,323,386,299,359,244,365,192,381,153,366,208,351,162,358,180,369,205,402,210,404,171,400,221,395,245,437,219,440,187,429,238,421,260,472,232,471,203,460,236,452,254
T,443,321,393,297,363,246,367,193,381,154,369,206,354,162,363,181,374,206,405,208,407,170,406,220,402,245,440,216,443,185,435,236,427,260,475,228,476,199,466,231,457,250
T,445,319,394,296,364,245,367,193,383,154,370,207,355,162,363,179,374,205,406,209,408,171,407,220,403,245,442,216,445,185,437,235,429,259,476,228,477,200,467,233,458,252
T,461,319,408,296,375,242,380,186,403,147,382,201,370,156,383,176,393,201,421,202,428,165,428,217,421,240,458,209,467,180,460,232,449,252,494,222,500,197,492,232,482,249
T,462,318,412,295,379,240,381,182,405,147,385,198,377,150,391,176,401,202,424,200,435,163,434,217,426,239,460,208,473,180,463,232,451,251,495,221,505,196,495,231,483,247
T,467,316,419,290,389,239,395,186,417,148,395,198,387,156,400,179,412,202,434,200,443,165,443,217,436,240,471,208,481,181,473,232,462,251,506,221,514,198,503,232,491,249
T,471,317,421,297,390,244,397,187,416,147,394,200,383,156,398,178,411,202,432,200,444,166,443,220,435,242,469,207,481,184,472,236,459,253,503,218,512,198,503,234,491,249
T,460,324,413,294,388,235,399,185,416,147,407,198,395,154,391,171,395,198,442,204,439,169,426,220,423,244,477,218,473,187,454,238,446,262,510,237,504,208,485,240,476,258
T,458,330,413,299,389,238,402,185,418,145,406,202,390,158,387,167,392,190,441,206,435,167,421,218,419,243,475,219,469,187,449,237,443,261,509,240,500,210,481,240,474,256
T,458,331,411,299,388,239,402,186,420,147,407,204,393,160,390,163,395,185,441,208,437,169,422,218,419,245,475,222,470,188,450,237,443,262,509,242,501,213,482,241,475,257
T,453,329,406,294,384,233,398,183,415,145,406,200,392,160,386,160,387,176,439,204,432,166,416,213,413,241,472,217,464,184,444,233,438,259,504,238,494,209,474,237,467,254
T,451,329,403,296,380,237,392,187,410,150,401,199,389,158,383,159,385,179,434,203,428,163,412,212,410,239,467,215,458,184,438,233,434,258,501,235,487,208,468,238,464,255
T,446,327,398,294,374,234,386,183,403,146,397,198,383,154,378,165,380,189,430,202,423,164,408,212,405,239,464,215,455,181,435,230,430,256,497,235,485,207,466,235,460,251
T,444,325,398,293,374,233,386,183,402,145,395,195,383,153,376,163,377,186,429,200,421,162,406,212,404,237,462,214,453,181,434,231,431,255,496,234,483,206,465,236,461,253
T,444,327,397,291,375,230,388,180,406,142,396,194,383,149,377,166,379,192,430,199,423,160,406,209,403,236,463,214,454,180,433,230,428,256,496,235,484,203,464,232,458,251
T,444,326,396,292,372,233,383,184,399,148,398,194,386,151,378,164,378,188,431,199,422,162,406,210,402,236,463,214,453,182,433,231,429,256,496,234,483,205,463,234,459,252
T,443,322,395,286,371,228,382,181,397,146,396,192,384,150,376,158,376,179,428,197,420,159,404,206,402,234,461,211,452,178,431,226,427,252,494,232,482,202,462,230,455,249
T,443,322,395,289,373,229,385,180,401,143,395,194,382,152,374,159,373,179,428,198,419,159,403,207,401,234,460,211,450,177,431,227,427,253,493,232,480,202,461,232,458,250
T,444,323,395,289,373,231,385,181,402,143,394,196,380,153,374,160,376,181,427,199,420,160,404,208,402,236,460,212,450,180,431,229,427,255,494,232,480,204,462,233,458,250
T,442,326,395,291,371,234,381,185,396,149,394,197,381,155,372,158,373,176,427,201,418,162,402,209,400,237,459,215,450,181,430,229,427,256,492,234,481,204,462,232,456,250
T,447,323,396,304,362,251,363,195,377,154,366,211,347,170,356,182,373,200,403,211,403,171,402,224,400,245,439,218,442,187,433,240,425,258,475,229,474,203,463,238,455,254
T,445,327,393,305,360,251,362,197,380,156,366,213,348,171,358,187,372,210,403,214,403,175,403,226,399,247,439,221,441,190,434,241,425,260,475,233,475,205,465,239,455,256
T,445,326,392,304,359,250,362,197,380,157,366,213,349,170,358,184,372,209,403,213,404,173,402,224,398,249,440,220,441,189,433,240,424,262,476,232,475,203,465,236,456,254
T,445,329,393,302,363,252,365,200,380,160,368,213,353,173,358,179,370,199,405,214,406,174,404,224,401,248,442,222,444,190,435,239,428,261,478,235,478,206,467,238,458,256
T,443,326,392,305,361,251,365,197,383,158,370,212,356,166,363,190,374,215,407,214,407,174,404,226,399,247,443,223,444,190,434,242,426,261,479,236,477,207,466,240,459,257
T,441,330,391,305,360,251,363,198,379,158,366,213,350,174,353,176,365,192,403,214,403,173,399,224,396,249,440,222,440,189,429,239,422,263,477,236,474,206,461,238,453,257
T,441,326,390,302,359,248,363,195,380,154,367,212,349,172,352,173,364,188,403,212,402,172,398,222,396,247,439,220,439,188,428,239,421,261,475,234,473,205,460,237,451,255
T,441,322,388,301,356,245,362,190,380,151,368,206,352,162,358,179,369,203,404,207,403,168,397,219,394,242,439,216,439,183,427,235,420,257,475,230,472,200,458,234,450,252
T,440,324,387,297,358,244,363,191,376,152,367,206,356,159,359,178,367,205,403,209,403,168,398,217,394,241,439,218,440,184,427,234,420,257,475,233,472,202,459,232,450,251
T,440,324,388,299,359,243,366,189,380,150,367,206,354,158,359,179,368,206,404,208,402,168,399,218,396,242,439,218,438,183,427,234,421,257,475,232,471,201,458,233,450,252
T,438,323,387,295,358,242,365,190,380,151,367,205,354,160,358,176,367,202,404,207,402,168,398,217,395,243,440,216,438,183,427,234,420,258,475,231,470,202,457,233,449,252
T,437,323,386,298,356,245,360,193,376,154,367,206,353,162,356,176,364,198,402,209,400,169,395,218,391,243,437,218,435,183,424,232,417,257,472,232,468,201,455,232,446,252
T,428,319,376,297,342,248,340,197,357,160,353,210,338,171,343,186,354,204,386,210,381,171,379,219,380,241,419,215,416,181,408,230,406,252,454,226,449,197,438,227,433,246
T,430,319,379,296,346,247,346,197,367,162,356,214,338,177,343,179,358,193,390,212,385,173,384,218,384,244,423,217,421,184,414,230,409,254,458,228,454,199,444,228,437,247
T,430,319,378,296,345,247,346,196,366,162,359,211,343,171,347,184,357,205,392,211,387,171,384,218,383,243,425,218,422,183,413,231,408,255,459,229,454,200,442,230,436,250
T,426,323,380,296,356,242,366,192,382,156,367,206,358,164,360,177,366,200,403,211,406,175,397,223,391,245,438,225,441,195,425,243,415,262,472,242,471,216,456,247,446,263
T,425,332,384,300,366,244,381,196,401,160,383,205,372,164,368,178,370,203,418,214,416,183,401,233,398,251,452,231,449,207,428,255,421,269,483,253,478,230,458,261,449,273
T,422,334,380,300,363,243,375,197,386,161,386,202,378,163,371,170,370,193,421,212,417,180,399,230,397,249,454,230,449,206,424,252,419,269,485,254,478,230,455,259,447,273
T,428,337,383,305,361,245,373,195,388,157,378,205,362,163,355,178,357,204,412,210,403,174,389,227,391,251,447,223,436,197,416,248,414,270,481,243,467,219,447,250,444,265
T,427,335,380,302,357,244,367,195,380,157,377,206,360,165,351,176,353,198,409,209,396,173,383,222,383,246,443,221,428,193,411,244,410,266,476,240,458,215,440,246,438,262
T,429,330,383,299,359,243,368,193,381,156,374,205,358,162,353,178,356,203,408,208,397,169,384,219,384,243,441,219,429,188,412,239,410,262,474,237,460,211,442,241,438,257
T,431,332,383,300,360,241,371,192,384,154,378,205,361,162,354,177,355,201,409,208,398,169,384,217,383,241,442,219,429,187,411,238,409,262,475,236,458,209,441,240,438,258
T,431,333,384,301,359,243,370,193,385,156,377,207,360,164,354,177,357,201,410,210,399,171,386,219,385,244,443,221,430,189,413,239,411,264,476,238,461,211,443,241,440,258
T,437,343,389,317,360,262,366,209,379,168,366,221,350,180,354,186,366,208,403,223,403,185,398,237,395,263,440,233,441,203,427,254,419,277,477,249,473,223,458,256,448,273
T,440,340,387,319,355,265,359,210,377,169,363,223,348,181,354,197,367,221,401,225,401,186,397,239,394,263,438,234,440,204,428,257,420,276,475,248,474,221,461,256,452,274
T,440,341,389,319,357,263,362,208,378,168,367,221,351,176,357,197,369,224,405,224,404,187,400,240,396,262,442,234,442,202,431,256,423,277,478,247,476,219,462,253,453,271
T,443,341,392,320,359,265,362,209,379,168,366,221,351,175,358,197,370,224,405,224,406,186,402,241,398,263,442,233,444,203,433,257,424,277,479,247,477,220,465,255,456,272
T,445,344,394,320,361,265,364,210,377,168,367,221,352,177,358,193,371,218,407,223,408,183,404,238,401,262,446,233,448,203,436,257,427,278,484,247,483,220,470,255,460,273
T,449,340,392,316,355,251,356,188,370,139,361,199,337,154,342,162,357,191,407,198,401,153,397,217,396,249,452,209,450,175,436,237,428,263,498,227,492,197,476,237,466,257
T,438,344,378,313,340,242,345,174,357,123,351,191,326,136,328,149,340,184,400,192,391,141,385,211,384,246,448,205,442,166,426,234,419,264,496,226,486,188,468,231,459,253
T,434,348,374,315,335,243,341,174,355,123,347,194,321,136,322,149,335,183,396,194,386,141,380,212,382,248,443,206,435,165,419,234,415,264,491,227,480,189,462,232,453,254
T,438,344,379,313,341,242,347,174,361,122,350,192,326,138,329,151,342,187,399,192,391,142,387,211,387,246,445,204,440,166,426,233,420,262,493,224,485,187,468,230,458,251
T,444,355,386,321,349,250,352,181,367,127,356,200,334,148,334,152,348,177,403,200,397,146,391,215,391,247,450,210,446,170,432,237,426,264,498,230,491,191,473,234,463,256
T,441,350,382,317,346,245,353,177,369,125,356,196,332,140,334,156,347,190,403,195,395,146,389,214,390,248,450,207,444,169,429,235,423,264,497,227,489,190,471,232,462,253
T,443,333,384,303,347,239,353,176,366,127,354,194,333,141,337,154,349,181,397,193,393,144,390,204,388,237,441,202,438,164,426,225,418,253,483,218,477,184,463,223,455,243
T,444,310,388,284,352,227,355,170,371,125,362,183,342,137,345,147,357,168,401,183,396,140,393,195,391,224,441,190,437,156,427,212,421,237,481,205,474,173,460,210,452,230
T,446,305,392,277,361,224,366,171,380,131,368,188,351,141,355,158,366,184,405,189,403,148,401,198,399,225,441,196,440,163,432,214,427,241,477,209,473,177,462,210,455,231
T,450,302,398,277,368,226,371,175,384,138,379,190,367,143,371,163,377,188,413,193,413,154,410,201,406,225,447,200,447,166,438,214,431,238,481,212,478,181,466,212,458,232
T,450,302,399,276,370,226,373,176,388,140,382,192,370,148,373,170,380,193,415,195,415,157,411,204,408,227,449,203,449,170,439,218,434,242,482,215,479,185,468,216,461,235
T,450,295,403,273,375,226,377,179,397,148,386,194,375,155,380,172,388,193,418,196,418,160,415,204,412,225,449,203,449,173,441,217,435,237,480,214,478,188,468,217,462,233
T,452,297,405,273,379,230,380,186,395,156,390,197,384,158,386,174,390,196,421,201,423,166,418,207,415,228,450,208,452,180,443,221,437,241,479,219,479,195,469,221,462,237
T,461,299,417,276,391,234,393,189,411,159,401,202,394,165,398,184,403,202,431,206,434,175,430,216,425,233,459,213,463,187,455,228,448,244,488,223,489,200,480,227,474,242
T,460,296,416,271,391,231,391,189,409,161,402,200,395,165,399,182,404,203,431,203,433,172,430,211,425,233,459,210,462,184,455,224,448,243,487,220,488,198,480,223,473,238
T,459,299,415,276,390,233,392,190,409,162,402,203,396,165,399,186,402,206,432,207,433,175,429,215,424,233,460,215,462,187,454,227,448,245,488,226,489,202,480,227,474,242
T,460,300,414,278,388,235,391,191,409,162,400,204,392,167,397,185,403,206,430,208,432,175,428,216,424,235,458,215,461,188,453,229,446,247,487,225,488,202,479,228,472,243
T,458,299,412,281,386,235,390,189,407,158,395,202,386,163,392,183,400,205,426,205,428,172,425,214,420,231,456,212,459,185,451,228,444,244,486,222,486,199,477,227,471,241
T,454,303,410,281,385,236,388,192,401,160,393,204,384,166,388,180,393,202,424,208,425,175,422,216,419,235,454,215,456,187,447,229,441,248,483,226,482,201,473,228,466,244
T,451,301,406,278,381,234,384,190,398,159,391,201,383,164,385,176,391,197,422,205,424,172,419,212,415,233,452,212,454,185,445,225,438,245,481,224,482,199,472,225,465,241
T,453,298,406,280,379,232,382,185,399,153,387,198,376,159,383,179,390,203,418,201,419,167,417,212,414,229,449,208,451,181,443,225,437,241,479,217,479,194,470,223,463,238
T,452,303,403,282,376,233,379,184,397,153,386,200,377,157,382,176,389,201,419,204,421,169,417,213,413,235,451,212,452,182,442,227,436,248,482,223,481,198,471,226,464,243
T,454,310,408,287,380,239,384,192,399,157,389,204,379,162,383,176,390,200,422,207,424,172,420,217,415,238,454,215,456,187,447,231,439,251,486,227,485,202,475,231,467,247
T,452,315,405,291,379,241,383,192,395,156,384,204,374,163,376,178,385,201,420,207,420,172,415,220,412,240,453,217,456,188,443,234,436,252,487,230,486,206,473,236,465,251
T,450,314,403,290,377,238,383,189,400,152,384,201,373,158,377,178,386,206,420,205,422,170,416,218,411,240,454,215,456,187,443,235,435,254,488,230,485,205,472,236,463,252
T,444,313,397,287,369,235,376,185,394,148,379,198,364,157,368,167,379,189,414,201,414,164,408,213,405,236,449,211,450,182,436,230,429,249,484,226,482,199,467,229,459,245
T,440,319,390,292,361,236,369,184,386,145,372,199,355,155,360,169,370,194,408,202,408,164,401,216,397,241,444,213,444,182,430,234,422,257,480,228,476,201,460,234,451,253
T,439,323,389,297,360,241,368,187,383,145,370,200,353,156,355,170,365,196,408,202,404,163,398,218,397,243,445,212,442,184,428,239,423,261,482,228,475,201,460,237,452,255
T,435,332,385,305,356,244,365,188,382,147,368,204,350,156,353,176,363,206,406,208,402,169,395,223,394,251,444,221,440,189,425,243,418,268,481,238,474,210,456,244,447,262
T,434,330,384,303,354,244,364,188,382,147,366,202,349,158,349,169,357,196,405,204,400,167,394,223,393,249,444,216,439,188,424,242,418,264,481,234,474,208,458,244,449,261
T,434,332,384,304,355,245,364,189,382,146,366,202,348,155,349,172,358,200,405,204,399,166,393,223,392,248,443,216,438,187,424,243,419,264,482,234,474,207,457,243,449,260
T,428,336,379,308,350,247,358,192,373,150,362,206,343,162,343,170,353,194,399,209,394,170,386,225,386,250,438,221,433,191,418,246,413,270,476,239,468,211,451,246,443,264
T,430,337,380,307,351,248,359,193,376,150,364,205,345,160,345,170,355,196,402,209,398,171,390,227,389,253,441,221,437,192,421,246,415,269,479,239,472,211,454,246,446,263
T,430,330,379,301,349,241,359,185,378,142,362,200,343,153,344,169,355,197,401,202,395,162,388,219,388,247,439,214,434,184,420,240,415,264,478,232,469,203,452,240,445,258
T,429,330,379,301,349,241,358,186,377,143,363,200,343,153,344,167,354,196,401,203,396,162,388,219,388,247,440,214,435,184,420,239,414,264,478,233,470,204,452,238,443,257
T,427,326,376,297,347,238,356,184,372,142,358,198,341,154,343,163,351,190,398,200,393,160,387,215,385,244,437,212,434,182,419,235,412,259,476,231,469,202,453,236,445,254
T,425,329,374,301,345,240,353,185,371,142,357,198,340,153,341,164,350,190,396,201,391,161,384,218,383,245,435,213,431,182,416,238,409,263,473,231,466,203,448,238,439,257
T,425,328,374,300,342,240,352,183,369,141,357,197,339,153,338,166,346,190,396,200,389,160,381,218,381,244,435,212,429,181,414,238,409,261,474,230,464,202,447,239,439,257
T,424,331,374,303,344,242,354,187,371,144,358,200,339,154,339,169,348,197,397,203,391,163,383,220,383,248,436,215,430,185,415,241,410,266,474,234,466,205,448,241,440,259
T,424,334,375,306,344,245,354,188,371,145,356,202,338,155,339,169,349,197,396,204,390,164,382,222,382,248,435,216,429,186,414,243,410,266,474,235,464,207,448,243,441,261
T,424,330,374,301,344,242,354,186,371,144,357,199,339,155,339,168,347,195,396,203,390,163,383,221,382,247,435,215,430,185,415,242,411,265,474,234,466,204,449,241,441,260
T,422,331,372,301,342,243,350,187,367,145,355,199,338,158,334,161,341,180,395,202,388,163,379,220,379,246,434,214,427,185,412,241,408,264,473,233,463,204,446,241,437,260
T,420,332,369,302,340,241,350,185,365,142,353,200,333,152,333,167,343,196,392,203,385,164,378,221,379,247,431,215,425,184,411,241,408,265,470,233,460,204,443,240,437,258
T,419,332,369,301,339,242,348,186,364,143,352,201,333,156,334,167,342,193,392,203,385,163,378,222,378,249,432,215,425,183,410,239,406,263,471,234,462,203,445,239,437,258
T,421,330,370,302,340,241,349,184,366,141,353,197,333,150,334,165,344,194,393,200,386,162,379,220,379,247,432,213,425,182,411,239,406,264,471,231,460,202,443,238,436,257
T,422,327,370,298,340,237,349,180,366,138,354,196,334,149,335,164,344,193,393,198,386,159,379,217,380,243,433,210,426,179,411,235,407,258,472,228,462,199,445,235,437,252
T,422,327,370,300,339,238,349,181,366,139,353,196,333,149,333,166,342,195,392,198,385,160,378,218,379,245,431,210,424,180,410,237,406,260,470,227,459,201,442,237,435,254
T,419,327,370,299,340,239,349,183,365,140,352,196,333,151,333,167,343,195,391,198,384,161,378,219,379,244,430,211,424,181,410,237,407,260,469,229,461,201,443,237,435,254
T,419,332,369,304,339,243,347,186,363,142,352,198,333,152,332,165,340,191,391,202,383,164,376,223,377,247,431,213,423,183,409,241,406,264,469,231,459,203,441,240,434,258
T,419,329,368,302,337,242,345,185,360,141,350,197,331,150,331,168,340,197,390,200,382,162,376,221,377,245,430,212,421,182,407,239,403,261,468,229,456,202,439,240,431,258
T,416,326,364,296,333,237,340,181,357,139,345,196,326,151,326,162,336,188,385,199,378,160,371,217,372,243,425,210,419,180,404,236,400,259,464,228,456,199,439,234,431,253
T,414,328,365,299,334,239,342,183,356,140,344,197,326,151,325,162,333,187,384,199,376,160,370,217,370,244,424,211,417,179,404,235,400,260,463,229,454,199,437,235,428,254
T,414,330,364,299,334,242,342,186,355,143,344,197,327,153,325,159,333,183,384,200,377,162,371,220,371,245,424,212,418,184,404,239,401,262,464,230,454,202,437,238,430,256
T,417,327,369,301,337,241,343,183,358,139,347,196,328,150,329,166,340,192,386,199,380,160,373,220,375,243,426,210,420,181,406,238,403,259,465,227,457,199,440,235,432,252
T,415,326,365,295,335,236,343,181,358,138,349,195,328,149,327,162,337,187,388,197,378,160,373,218,374,245,427,209,418,178,406,235,403,261,466,227,455,198,438,233,431,253
T,415,326,365,296,335,238,342,182,356,139,346,196,326,151,325,157,334,180,386,198,378,159,372,216,373,243,425,210,419,179,405,235,401,260,465,228,456,198,438,234,430,253
U,372,413,329,372,312,323,324,277,366,259,332,256,327,199,328,166,334,134,365,254,359,188,353,152,353,117,396,267,399,209,377,251,365,287,425,290,421,246,400,264,386,291
U,372,408,328,368,310,321,320,273,365,257,329,253,322,196,323,163,328,132,362,251,355,186,348,151,346,116,392,263,394,204,375,247,364,283,422,285,416,240,397,260,385,288
U,369,411,325,370,307,321,316,275,359,258,327,252,321,196,323,163,328,131,360,251,353,186,347,150,346,114,391,264,394,206,371,248,359,284,421,287,416,243,395,262,381,289
U,366,407,324,368,308,317,320,271,352,243,325,259,317,197,316,162,320,129,356,256,349,187,342,149,340,113,387,267,387,210,368,251,358,289,416,287,411,243,391,261,377,287
U,367,411,325,369,307,320,319,271,357,246,323,259,314,198,316,163,321,130,356,256,348,189,340,152,338,117,387,267,385,211,366,255,358,292,417,288,411,244,391,264,379,291
U,364,408,324,367,306,316,319,268,358,244,322,257,314,197,314,162,319,130,354,254,346,186,338,150,335,115,386,265,384,210,366,254,357,292,416,286,411,243,391,263,378,290
U,364,407,322,369,302,319,314,275,353,255,322,252,315,194,315,160,319,128,355,250,346,184,339,148,336,113,387,262,385,208,368,248,358,284,417,285,414,241,394,256,378,280
U,367,413,323,373,301,327,306,280,349,261,321,262,313,200,313,166,318,133,353,259,344,190,337,153,335,115,384,270,384,208,365,244,354,279,416,291,412,243,392,256,377,280
U,364,409,319,366,301,317,308,269,346,245,320,258,312,196,312,161,317,128,351,256,344,187,338,148,337,111,382,267,384,207,363,246,352,283,412,287,408,239,388,255,374,281
U,363,409,320,364,303,316,311,268,346,241,321,259,313,198,314,163,318,131,351,256,345,187,339,149,338,114,381,267,381,207,363,249,354,287,411,286,405,240,385,259,372,286
U,362,417,319,376,299,331,302,284,342,265,317,262,311,203,311,170,315,137,349,261,344,192,337,156,334,118,380,273,381,211,361,250,351,286,410,295,403,247,384,264,372,290
U,360,412,316,370,298,321,303,276,335,248,318,263,310,203,309,168,312,134,348,262,342,192,335,153,333,116,379,273,381,212,359,251,347,288,408,294,404,248,383,264,369,288
U,360,409,317,366,299,317,308,270,339,241,320,259,314,199,314,164,318,132,350,258,344,189,338,149,337,113,380,269,379,211,359,253,350,291,409,290,401,244,381,265,368,293
U,362,412,316,369,298,322,304,276,340,250,316,259,309,200,310,166,314,134,348,258,341,190,335,153,334,117,378,270,377,209,360,252,352,289,407,291,400,244,381,264,369,292
U,360,412,317,370,297,323,301,279,337,255,315,260,309,201,308,167,312,134,346,260,340,191,334,153,332,115,377,271,379,211,359,247,347,283,407,292,405,244,384,257,368,281
U,360,409,315,368,296,323,296,277,331,252,315,260,309,199,308,165,311,132,345,258,340,190,334,151,333,113,376,269,379,208,358,245,346,281,405,289,404,241,383,254,366,278
U,359,403,314,360,296,311,303,262,339,236,315,255,307,193,308,160,313,127,345,253,338,184,332,145,331,108,376,264,377,205,357,240,345,276,405,283,401,235,380,249,364,275
U,356,398,312,355,293,304,302,255,335,227,312,253,304,195,304,162,309,131,342,249,334,183,327,146,325,112,372,258,372,203,351,235,338,269,401,275,399,229,376,238,358,260
U,355,403,312,366,289,317,291,269,329,250,309,256,301,198,299,165,302,134,339,253,333,187,325,149,322,114,370,263,373,205,351,230,338,261,399,281,398,234,378,239,361,260
U,355,406,310,367,287,319,288,267,328,252,307,259,298,199,298,166,302,134,338,255,331,189,323,150,321,115,368,265,371,205,350,230,337,262,399,282,396,233,376,239,360,262
U,354,400,310,360,288,307,295,258,329,231,310,256,300,200,297,168,299,137,339,251,331,186,322,149,318,116,369,260,369,203,349,235,337,270,398,277,396,230,374,240,356,262
U,354,404,310,364,289,313,293,265,332,246,310,257,301,201,300,168,302,136,340,254,333,189,326,152,322,118,370,264,374,205,354,238,342,273,400,282,400,235,379,243,361,265
U,355,404,310,364,289,315,293,266,335,248,312,255,306,194,306,161,311,129,343,253,337,186,331,149,329,113,372,264,377,204,356,238,343,273,401,283,400,236,381,246,365,270
U,357,414,318,373,296,325,305,280,347,263,325,254,324,196,329,163,336,132,357,254,355,186,353,149,354,114,387,270,390,213,369,254,357,290,415,297,415,250,394,268,378,294
U,366,443,322,401,302,352,316,302,362,292,332,274,335,208,342,172,351,137,368,276,371,201,374,160,378,120,401,293,406,237,384,285,370,324,429,322,430,276,408,301,390,331
U,379,470,331,426,315,378,328,325,375,309,333,295,329,228,333,191,339,154,370,295,367,219,365,177,366,135,404,311,410,247,393,298,382,338,436,339,437,288,418,317,405,348
U,381,465,333,420,316,372,330,320,374,301,329,292,324,226,327,189,332,153,366,290,360,215,356,175,357,134,402,304,406,240,392,292,383,333,436,331,436,280,418,308,406,338
U,382,461,332,417,315,369,329,318,372,297,328,292,321,225,322,187,326,150,365,289,356,214,350,172,350,130,400,303,403,238,390,289,382,330,435,327,433,276,416,304,405,334
U,380,460,330,417,314,366,329,315,372,295,327,293,320,226,322,189,325,152,364,289,355,213,349,172,348,131,400,302,401,235,388,287,381,328,435,325,432,275,415,301,403,331
U,381,457,330,412,313,364,327,311,372,292,326,286,318,219,320,184,325,147,363,283,352,208,347,167,346,126,399,296,400,232,388,283,380,323,435,321,432,270,415,298,404,329
U,383,455,332,413,312,364,322,310,369,292,326,285,318,219,320,183,324,146,363,282,353,207,348,167,347,126,398,295,399,229,386,281,378,322,434,319,429,269,412,297,402,328
U,385,453,333,408,312,361,321,308,368,290,325,280,318,216,320,181,323,145,362,278,353,205,348,166,346,125,397,291,398,226,384,278,377,319,432,317,427,266,410,296,400,327
U,383,449,332,404,313,356,323,304,370,285,326,279,319,215,321,179,325,143,363,276,354,203,350,163,349,121,398,289,399,223,386,274,378,314,433,314,429,263,412,290,402,320
U,384,440,336,399,315,350,330,302,371,280,330,273,323,209,324,174,327,139,366,270,356,198,352,158,351,117,401,283,402,222,387,270,378,309,436,307,432,259,414,284,402,313
U,389,440,336,397,318,351,325,296,372,278,329,274,322,209,324,173,328,138,366,271,356,198,353,158,351,117,400,284,400,218,389,268,381,307,434,307,429,256,414,284,405,314
U,387,437,336,395,317,348,326,296,371,277,331,274,323,209,325,173,329,138,367,271,357,198,353,158,352,117,401,283,401,218,388,267,381,307,435,305,429,256,414,282,403,312
U,387,435,338,392,319,347,327,296,372,277,332,273,325,209,326,174,329,138,367,270,359,198,355,159,353,118,401,283,402,218,389,266,382,305,435,306,431,256,415,281,404,310
U,388,436,336,393,316,347,324,294,372,276,329,273,323,209,325,173,328,138,366,270,357,199,353,159,351,119,400,283,400,218,388,266,380,306,433,305,428,256,413,282,402,312
U,385,433,338,391,316,345,327,296,371,275,330,272,323,209,324,174,328,139,365,269,357,197,352,158,350,118,400,281,401,217,388,266,380,307,434,303,431,255,414,280,402,310
U,386,431,337,390,315,344,323,294,368,274,329,268,321,205,322,170,325,135,365,265,355,194,350,155,348,115,399,278,399,215,386,264,379,303,433,301,429,253,412,278,401,307
U,383,423,335,381,315,337,326,288,369,269,327,267,321,204,322,170,326,136,362,264,353,193,349,155,348,115,396,275,397,213,384,259,377,297,430,296,426,249,409,272,399,299
U,378,404,332,364,313,321,321,273,361,253,324,257,316,196,317,163,320,130,357,254,347,185,342,148,340,111,389,264,387,206,376,247,370,282,421,284,417,238,401,258,391,284
U,378,391,334,351,318,308,324,261,362,245,328,251,320,193,322,161,325,130,359,247,350,183,345,147,343,111,390,256,388,200,378,238,371,271,421,274,417,230,402,248,392,272
U,379,387,335,349,317,307,324,259,362,243,328,248,321,190,322,159,326,128,360,244,350,180,346,145,344,110,391,253,389,198,379,236,372,269,421,270,418,227,403,244,392,269
U,378,388,334,349,316,308,325,261,363,243,328,250,321,192,322,161,325,130,360,246,350,182,346,146,345,111,390,254,389,198,378,236,371,270,421,272,419,228,403,244,390,269
U,377,391,332,352,314,307,323,260,362,245,327,251,319,192,320,160,324,128,359,246,350,181,345,145,343,109,390,255,388,198,377,237,370,271,421,273,417,228,402,246,390,271
U,376,397,331,357,311,312,320,267,358,245,325,250,318,190,318,157,321,125,358,246,347,179,343,143,340,106,390,256,388,199,376,239,369,276,421,276,420,230,402,248,388,273
U,378,406,331,367,308,321,314,272,356,251,324,254,315,191,315,157,319,123,358,250,347,180,342,142,339,103,391,260,389,200,375,244,368,282,424,280,421,233,403,253,390,280
U,377,428,328,386,304,337,311,285,355,262,321,260,313,194,314,157,318,121,357,257,347,182,340,141,338,99,393,270,392,204,377,253,368,295,428,293,423,243,405,267,392,297
U,378,451,325,404,302,354,308,297,357,274,320,266,311,197,312,159,317,120,359,264,347,186,340,143,338,99,397,278,396,208,379,263,370,308,433,305,428,250,407,278,394,312
U,378,474,318,423,291,369,296,305,352,282,312,276,302,203,303,160,308,117,354,273,342,187,335,141,332,93,394,288,394,213,375,273,363,321,434,317,429,257,406,288,389,324
U,380,476,318,424,291,371,295,306,352,284,310,274,301,200,303,158,309,115,354,271,342,186,335,140,331,91,395,286,394,211,374,272,363,321,435,316,429,256,406,288,389,325
U,382,468,326,419,298,364,309,305,361,282,321,273,313,202,314,161,318,120,361,271,351,188,344,142,341,95,401,286,402,213,383,272,371,319,440,315,437,257,413,286,395,321
U,381,462,329,413,303,359,312,302,362,280,323,272,314,202,316,162,321,122,363,269,352,188,345,145,343,99,401,284,403,213,384,270,373,317,440,312,437,257,414,285,398,319
U,384,454,333,406,307,355,316,299,364,275,326,268,318,199,320,162,324,122,365,265,355,186,349,145,347,100,404,280,403,210,386,264,377,309,442,307,436,253,415,280,401,313
U,393,441,343,395,319,346,328,293,375,273,336,267,329,200,331,164,335,127,374,265,364,190,359,149,357,106,410,278,410,211,395,261,385,303,446,302,442,251,422,275,408,306
U,391,427,344,381,323,335,335,284,381,265,339,263,333,198,335,164,340,129,375,261,367,189,363,150,362,109,410,273,410,210,395,257,387,296,444,296,441,247,422,269,409,298
U,394,416,349,373,330,330,338,282,380,262,343,261,338,200,339,167,344,133,377,259,369,191,367,155,366,116,410,271,411,211,398,254,389,292,442,293,440,247,422,267,409,294
U,392,406,351,367,334,322,346,279,383,261,348,265,343,209,344,178,348,148,380,262,373,198,369,164,369,129,410,272,412,215,398,255,390,290,441,291,439,249,422,268,409,292
U,394,403,352,366,334,321,347,277,385,260,349,263,344,207,346,177,350,147,380,260,373,197,370,163,370,128,411,270,412,214,399,252,392,286,441,289,439,246,423,265,412,289
U,392,400,352,363,333,318,346,275,382,256,348,259,344,203,346,171,352,141,379,256,373,193,369,159,369,125,410,266,412,212,400,250,392,284,440,286,440,243,424,260,411,284
U,392,402,349,364,332,319,343,275,380,258,347,262,342,205,344,175,348,144,378,259,372,196,368,162,368,127,409,269,410,214,397,251,389,284,439,288,437,245,421,263,409,287
U,388,405,345,365,326,319,338,274,374,257,342,260,337,203,339,172,343,141,374,257,367,193,362,158,362,123,405,267,407,212,392,250,383,285,437,287,434,244,417,262,404,287
U,387,411,341,369,322,324,330,276,371,258,338,262,330,202,331,170,335,137,370,259,361,192,357,156,356,118,402,269,402,208,389,249,381,285,433,289,430,243,413,261,401,288
U,381,417,334,376,310,327,320,277,362,256,327,261,319,199,319,165,323,131,361,257,351,187,345,149,343,110,395,267,395,206,380,251,372,290,429,287,425,240,407,259,393,287
U,374,449,320,406,293,352,297,296,343,272,311,272,299,204,298,164,302,126,349,267,334,188,326,145,322,102,387,279,381,210,364,263,356,307,425,302,418,250,395,274,380,306
U,368,478,305,429,276,376,283,313,337,287,298,281,285,203,285,159,289,114,341,277,327,189,318,139,314,90,384,292,378,218,361,278,353,326,425,320,419,260,395,290,378,327
U,370,482,308,433,277,377,283,314,337,288,299,281,286,205,286,162,289,118,342,278,327,189,318,141,313,91,384,292,379,215,360,276,351,326,426,320,418,260,394,290,378,326
U,372,460,316,412,288,357,297,300,346,274,308,269,297,198,298,157,302,115,348,266,336,182,327,137,323,90,388,279,385,209,366,265,357,313,428,305,422,249,399,276,383,311
U,379,436,324,387,302,333,313,279,360,256,318,256,310,191,312,154,316,116,357,254,348,178,342,136,339,92,394,267,394,199,375,250,365,293,431,291,426,238,405,261,391,291
U,384,408,335,364,314,312,326,260,371,241,330,244,322,179,323,144,328,109,366,241,357,169,351,130,350,90,401,252,402,191,384,233,373,272,435,273,432,225,413,243,399,271
U,385,406,337,363,315,313,326,262,370,241,334,247,327,184,329,149,334,114,369,244,360,173,355,135,352,97,403,254,402,192,387,234,378,272,436,276,433,226,413,244,398,271
U,392,393,345,351,324,301,337,251,381,235,342,239,335,179,337,145,342,113,376,236,367,169,363,131,362,94,409,247,410,187,395,227,385,264,441,267,438,221,420,237,405,262
U,393,392,345,352,324,302,337,252,379,234,342,243,336,181,337,147,342,114,376,239,368,170,363,132,361,97,409,248,409,188,394,226,385,263,441,267,438,221,421,237,406,263
U,393,387,345,346,324,296,338,244,381,228,341,235,334,175,336,141,340,110,375,232,366,165,361,126,360,90,408,242,410,185,395,224,385,260,440,261,438,216,420,232,405,257
U,393,380,345,339,326,288,341,237,384,222,342,233,335,170,336,137,340,105,376,228,366,161,360,123,359,87,408,237,408,178,395,216,386,252,439,254,437,208,420,224,406,250
U,398,380,352,341,331,289,347,240,388,224,347,234,340,173,343,139,348,107,381,230,372,163,367,124,367,90,413,239,415,181,401,219,391,255,445,257,444,211,426,227,411,252
U,397,380,352,340,333,288,351,241,389,223,351,234,344,175,346,142,350,110,383,229,375,164,369,127,368,92,415,238,417,181,401,219,392,255,447,256,445,212,427,227,413,252
U,398,381,351,341,333,292,350,243,388,225,351,235,345,176,346,143,350,112,383,231,376,166,370,129,370,95,415,241,418,185,403,221,392,256,446,259,445,215,428,230,413,254
U,399,382,352,341,332,292,349,243,391,225,350,236,344,175,346,141,352,109,383,231,375,164,370,126,370,92,414,240,418,183,404,221,395,258,445,258,445,214,428,229,414,254
U,398,383,351,343,331,292,347,242,389,226,348,236,343,177,345,143,350,111,382,232,374,166,370,128,369,93,414,242,417,186,402,222,392,258,446,259,445,215,428,230,413,255
U,398,385,351,346,331,292,348,243,389,228,349,237,344,178,346,144,351,113,382,233,375,166,370,128,369,94,414,243,418,186,403,222,393,258,446,262,445,216,428,231,413,255
U,396,383,351,341,333,291,348,244,386,224,350,236,343,177,344,144,349,112,383,233,374,166,369,128,368,93,414,242,417,186,401,222,391,257,446,261,445,216,428,230,413,255
U,396,384,349,342,330,292,347,244,388,228,348,237,342,177,344,144,349,112,382,232,373,166,368,128,368,92,414,242,416,184,401,221,391,258,445,260,445,216,427,231,411,256
U,395,383,349,343,329,294,344,245,385,228,346,238,341,177,343,144,348,112,380,234,372,167,367,129,366,94,412,243,415,186,400,222,389,257,444,261,443,216,425,230,409,255
U,395,382,348,341,328,292,342,241,383,223,345,237,339,175,341,142,346,110,379,233,370,165,365,128,365,93,410,242,412,183,397,220,386,255,442,259,441,214,423,229,407,253
U,394,380,348,340,328,290,343,240,384,223,345,233,339,174,341,141,346,110,379,229,370,164,365,126,364,91,411,238,413,183,398,219,387,254,442,257,441,213,423,227,408,252
U,392,380,345,342,324,290,339,241,380,226,343,233,337,174,340,140,345,108,377,230,368,163,363,126,362,91,409,239,411,183,396,220,386,256,441,257,439,213,422,227,407,252
U,392,380,345,340,325,291,340,242,381,225,343,234,337,174,339,140,343,109,377,230,368,163,363,126,362,91,409,240,410,183,397,220,388,256,440,258,439,212,422,228,407,253
U,391,380,344,339,324,288,339,237,382,222,341,235,334,174,336,142,340,111,374,230,365,164,360,128,358,93,406,239,408,181,394,216,384,252,437,256,436,209,419,224,405,249
U,390,378,344,339,323,287,339,236,381,223,341,233,335,175,336,143,339,113,375,229,366,165,360,129,358,96,406,238,407,183,392,219,383,254,437,255,434,211,417,227,403,252
U,387,373,341,332,322,283,338,236,378,220,339,234,333,174,334,142,338,111,372,229,363,164,357,128,355,94,403,237,404,179,391,213,382,247,434,253,432,208,416,223,402,248
U,389,374,344,336,324,285,341,237,380,220,342,233,335,176,336,143,339,113,374,228,365,165,358,129,357,96,405,237,407,184,391,218,381,252,436,254,435,211,417,225,402,249
U,387,379,341,340,322,287,338,239,378,225,341,235,334,177,336,143,341,112,373,231,365,167,359,130,357,97,404,240,407,185,393,220,383,255,436,257,435,212,418,226,404,251
U,388,376,342,337,322,286,340,239,379,221,341,233,334,175,335,141,339,111,374,229,365,164,360,126,358,93,405,238,407,185,392,219,382,254,436,255,435,211,418,226,403,251
U,389,378,344,339,324,287,340,238,381,222,343,234,336,175,338,142,342,111,375,230,366,164,360,128,359,94,406,239,409,183,394,219,384,254,437,256,436,212,419,226,404,251
U,389,377,343,339,322,287,337,239,378,222,340,233,334,175,335,141,339,111,373,229,364,164,359,126,358,92,406,238,407,184,393,218,383,253,437,255,436,211,419,225,404,250
U,389,378,344,340,324,289,339,239,381,225,342,236,336,177,338,144,343,113,375,232,366,166,361,130,359,97,406,241,408,183,395,219,386,255,437,258,436,213,419,228,405,253
U,386,380,341,343,320,289,336,241,376,226,341,236,334,178,335,144,340,113,373,232,365,167,359,129,358,96,405,241,407,187,390,220,380,255,436,259,435,215,417,228,402,252
U,386,377,339,337,320,286,335,237,374,221,340,234,333,174,333,141,337,109,372,230,364,163,358,125,357,91,403,239,405,182,389,217,378,251,434,255,432,210,415,224,399,249
U,386,381,339,339,319,288,334,239,375,225,340,237,333,177,334,144,338,113,372,233,363,167,358,131,356,97,403,242,403,183,389,219,381,255,434,259,431,213,414,228,400,253
U,384,379,339,340,320,288,335,239,375,222,339,235,333,177,335,144,340,113,372,231,363,166,358,130,357,96,403,240,405,184,390,219,380,255,434,258,433,212,415,226,400,251
U,383,377,338,340,318,289,333,240,371,222,338,234,331,177,333,143,337,112,370,230,362,165,356,127,354,94,401,239,404,185,388,219,377,254,432,256,431,212,414,227,399,251
U,381,374,334,335,314,282,329,234,370,222,336,229,330,173,331,140,336,110,368,225,360,162,354,125,353,91,398,234,401,180,385,214,375,249,429,252,428,208,411,221,396,246
U,381,374,335,333,315,284,330,234,371,220,334,232,328,173,329,140,334,110,366,228,358,163,353,126,353,92,397,237,400,180,385,215,374,249,428,253,428,208,411,222,396,246
U,381,376,334,336,314,286,327,235,369,221,333,236,326,177,328,145,332,115,365,231,357,166,352,130,350,97,396,239,398,183,383,217,372,251,428,255,426,210,409,225,395,250
U,375,369,329,332,309,279,324,230,365,216,330,226,324,169,325,136,330,105,362,222,353,158,347,122,346,89,393,231,395,177,379,211,368,245,423,249,422,204,405,217,390,241
U,377,370,330,332,311,281,324,231,362,219,330,228,323,170,324,137,328,107,362,224,353,160,348,122,347,89,393,233,394,179,378,212,367,245,423,249,422,205,405,219,389,243
U,378,364,331,326,309,277,322,227,362,212,329,225,321,166,321,132,325,101,361,220,351,155,344,118,342,84,391,228,392,174,377,208,368,242,422,244,420,199,404,213,389,238
U,376,366,328,329,308,278,321,228,360,214,327,227,320,169,320,136,324,105,359,222,350,158,342,121,339,88,389,229,390,175,374,208,364,241,420,245,419,200,402,214,387,238
U,375,369,327,330,306,281,318,231,359,218,325,228,317,171,317,139,320,108,358,223,348,159,342,122,339,88,388,232,388,176,373,211,363,245,420,248,417,202,400,217,385,241
U,376,368,328,328,309,280,320,230,362,216,327,228,319,169,319,136,323,105,359,223,349,159,343,122,341,87,389,231,390,177,375,211,365,245,420,247,418,203,401,216,387,241
U,374,366,327,328,307,278,321,229,361,216,326,227,319,169,319,136,322,105,358,222,349,158,342,121,340,88,389,231,390,177,375,211,365,244,420,247,419,202,402,215,387,239
U,373,370,325,329,305,280,318,229,359,216,322,228,314,169,314,136,317,105,355,223,345,158,338,121,335,86,386,231,386,176,371,210,362,244,417,247,415,201,399,215,385,239
U,374,367,327,330,304,279,317,228,358,214,322,226,314,167,314,134,317,103,355,221,344,156,337,118,335,85,386,229,386,175,372,209,362,244,417,245,416,200,399,213,384,238
U,373,368,325,330,304,279,317,229,357,213,322,227,313,168,313,135,316,104,354,222,344,157,337,120,334,86,386,229,386,176,371,210,361,244,417,245,416,200,399,214,384,239
U,372,372,325,334,304,283,315,230,357,217,321,231,312,171,312,138,316,107,354,225,343,160,336,122,334,89,385,233,385,176,371,212,361,246,417,249,414,203,397,217,382,243
U,374,371,326,332,304,282,318,231,361,218,322,229,313,170,313,138,315,107,355,223,344,159,337,121,334,87,386,232,385,178,371,214,362,248,417,248,414,203,398,218,383,243
U,373,372,325,333,304,281,318,230,359,220,323,229,314,171,314,138,316,107,355,223,345,160,338,122,336,87,386,232,386,177,371,213,362,247,417,248,415,202,399,216,385,241
U,373,370,327,332,305,283,318,233,360,218,322,229,314,170,314,137,318,107,355,224,344,160,337,123,335,90,386,233,387,178,373,213,362,247,418,249,416,204,399,218,384,243
U,373,371,325,331,304,282,317,232,359,219,322,230,313,171,313,138,316,107,354,225,344,161,337,123,335,89,385,233,385,179,371,214,361,248,416,249,415,203,398,218,383,242
U,371,371,323,332,301,283,314,234,355,219,320,229,311,171,310,138,313,107,352,224,341,160,334,123,331,88,384,232,384,179,369,214,360,248,415,248,414,203,397,218,382,243
U,370,371,324,333,301,283,315,233,356,215,319,229,310,170,310,137,313,106,352,224,341,158,334,122,331,88,383,232,383,177,369,213,360,248,415,249,413,204,396,218,381,242
U,369,371,324,333,301,282,313,232,355,216,318,229,309,170,309,137,313,106,351,223,340,159,333,121,330,88,383,231,383,179,368,214,358,249,415,248,413,203,395,218,380,243
U,371,372,323,334,300,285,310,234,352,220,319,230,309,171,308,138,310,107,351,224,340,159,332,121,329,87,382,232,380,176,367,214,360,248,414,248,409,202,393,218,380,244
U,368,374,322,333,300,283,311,233,354,218,317,231,308,172,308,139,311,107,349,226,339,160,331,123,328,89,381,233,380,179,365,215,356,250,413,249,411,204,393,218,378,243
U,371,373,323,333,302,285,313,233,356,217,319,230,309,170,309,137,312,106,351,225,340,159,333,121,331,87,383,233,382,178,368,214,359,249,414,249,410,204,393,219,379,245
U,369,375,322,335,300,285,310,233,354,219,316,233,307,172,307,139,311,108,349,227,338,161,331,124,328,90,381,235,380,179,366,217,358,252,413,251,409,206,392,222,378,248
U,368,376,321,337,299,287,310,234,353,221,318,233,308,173,308,140,311,108,350,227,339,162,332,123,329,89,381,236,381,179,366,215,356,250,413,251,410,205,393,220,378,246
U,368,374,321,334,299,286,311,234,354,218,315,232,305,173,304,140,306,110,348,226,336,161,328,123,325,88,379,234,379,178,365,215,356,249,410,249,408,204,391,219,375,244
U,369,369,322,332,300,282,314,231,356,215,314,229,304,171,302,137,305,106,348,223,335,158,326,120,323,86,380,230,379,176,365,212,356,247,412,246,408,202,391,218,377,244
U,370,368,322,330,299,281,315,231,357,215,312,226,304,166,304,133,307,102,346,220,335,155,328,116,326,81,379,227,380,176,367,211,359,245,412,243,410,199,394,215,381,240
U,367,370,319,331,297,280,313,230,355,213,311,229,301,168,300,134,303,102,345,222,333,156,324,117,322,82,377,229,377,176,364,213,356,247,410,244,406,200,390,216,377,242
U,368,370,318,331,297,281,310,229,354,215,311,228,300,167,299,132,301,101,345,221,332,155,324,115,321,80,377,228,376,174,362,211,354,246,409,244,405,200,388,216,376,242
U,364,367,316,329,294,282,304,229,348,214,306,226,294,166,293,132,294,101,339,219,326,153,317,115,313,80,372,227,370,171,358,211,351,246,404,242,399,198,384,216,372,242
U,365,369,317,332,293,286,302,234,345,215,306,228,294,169,292,136,295,105,339,222,325,156,318,118,315,83,371,229,370,175,357,214,350,250,404,244,400,200,384,218,371,244
U,363,370,315,332,291,285,301,233,344,216,305,230,292,170,290,136,292,104,339,223,325,157,316,119,313,83,371,230,368,174,356,213,349,249,403,245,398,200,382,217,369,243
U,363,370,315,333,292,288,297,235,341,216,304,230,292,170,290,136,292,105,337,224,323,158,315,120,312,84,369,231,367,175,354,214,347,250,401,247,396,201,379,219,367,246
U,363,372,314,333,292,287,300,236,343,218,305,230,293,171,290,137,292,105,337,224,324,158,316,119,313,84,369,231,368,176,355,215,347,251,401,247,397,202,380,220,367,245
U,365,372,314,334,291,288,298,234,344,220,303,231,291,171,289,137,291,106,337,224,323,158,315,119,312,84,369,231,367,174,356,214,349,250,402,246,396,201,380,219,369,246
U,365,371,314,332,293,285,299,231,343,218,305,229,293,169,291,135,293,103,339,222,325,158,316,118,313,82,370,230,369,172,356,212,348,247,401,246,396,200,380,218,369,245
U,365,369,316,329,293,286,299,233,345,218,304,228,292,168,291,135,293,104,338,222,324,156,317,118,313,82,370,229,369,173,356,212,347,247,402,245,398,201,381,218,368,244
U,363,373,314,335,290,288,296,234,342,219,303,231,291,171,290,137,292,105,337,225,323,159,314,121,309,86,369,232,366,176,353,217,347,252,402,248,395,202,379,221,368,249
U,363,372,312,335,289,290,294,236,339,219,301,231,289,171,287,138,289,106,335,224,321,158,313,120,310,85,367,232,365,175,353,215,345,251,399,247,394,203,377,221,365,247
U,365,373,313,334,290,290,293,235,338,218,302,228,289,169,287,136,289,104,335,222,321,158,313,119,310,83,367,230,365,173,352,214,344,250,398,246,393,201,376,219,364,246
U,363,369,312,329,289,284,297,232,341,219,302,226,290,168,288,135,289,103,335,220,322,156,313,118,309,82,367,228,366,173,352,212,344,247,398,244,394,199,378,217,365,244
U,364,368,315,331,292,282,302,230,345,214,307,226,294,167,292,133,293,102,340,219,326,154,317,116,313,81,373,227,368,172,355,212,348,247,406,243,399,198,382,216,370,242
U,364,369,316,333,293,282,305,231,347,217,307,226,296,167,294,133,295,102,341,219,327,154,317,117,313,83,373,227,370,173,358,213,352,248,406,243,400,199,384,218,372,245
U,371,367,323,328,302,279,316,229,358,212,314,225,304,164,303,130,306,98,348,218,335,152,327,114,324,79,381,225,378,172,367,211,361,247,414,241,409,197,394,215,383,243
U,369,366,321,329,299,279,316,229,358,213,313,223,303,162,304,126,309,95,347,217,335,150,328,112,326,78,380,225,379,174,368,211,362,247,413,242,411,197,396,215,384,241
U,368,368,321,330,299,279,316,230,359,213,313,225,303,164,303,129,306,97,347,219,335,151,327,112,324,78,381,227,379,175,367,213,361,249,414,243,410,199,395,216,382,243
U,371,370,324,332,302,284,317,236,357,216,315,229,305,167,305,132,308,99,348,222,336,155,329,117,325,82,382,230,380,176,369,212,363,247,415,247,413,201,397,217,385,243
U,371,370,324,334,301,284,315,234,358,217,315,227,305,166,305,131,308,100,349,221,336,155,328,117,325,83,382,229,380,176,369,215,363,251,415,246,411,201,396,220,385,247
U,370,368,322,330,301,282,316,232,359,217,312,227,303,165,303,131,306,99,346,221,334,154,326,115,324,80,379,228,378,175,368,213,362,248,412,244,408,199,395,216,384,243
U,370,369,322,329,301,280,316,230,357,212,313,228,303,165,302,130,304,98,347,221,334,153,327,114,324,80,379,229,378,175,366,212,360,247,412,244,409,198,394,214,381,240
U,369,367,323,330,300,283,313,235,353,216,313,226,302,166,301,132,303,100,346,220,333,153,325,116,322,81,379,228,376,176,365,213,359,248,412,245,408,199,393,217,381,243
U,372,367,325,331,303,282,318,233,359,216,314,225,304,165,303,131,305,100,349,218,335,152,327,113,324,79,381,225,379,174,368,214,362,249,414,241,410,198,395,218,385,244
U,373,366,326,327,305,277,321,229,363,212,317,225,306,164,305,130,307,98,351,219,338,152,329,114,326,80,384,226,380,175,369,213,363,248,417,242,412,199,397,216,385,243
U,374,364,326,326,303,278,320,229,363,212,314,219,304,159,305,125,308,94,348,213,335,148,327,111,325,77,382,221,380,172,370,211,364,246,415,239,412,196,396,215,385,242
U,374,366,327,328,305,279,319,229,360,213,317,224,305,164,304,130,306,98,350,218,336,151,327,114,323,80,382,225,378,172,368,211,362,246,416,241,411,196,395,215,384,241
U,374,364,326,327,304,277,320,229,360,212,315,223,305,162,304,128,306,96,349,216,336,150,328,112,325,78,382,224,379,172,369,210,363,245,416,240,412,196,397,214,385,240
U,375,362,326,326,304,275,320,226,362,213,315,222,304,160,304,126,306,95,349,215,335,150,327,112,324,78,382,222,379,171,369,209,364,244,415,238,410,194,396,212,385,239
U,373,362,326,326,302,278,317,229,359,212,314,221,304,162,303,128,306,97,348,214,334,149,325,112,321,79,381,222,378,171,368,209,362,244,414,238,410,194,396,212,384,239
U,374,364,326,326,305,277,322,228,363,213,317,224,306,164,304,130,306,99,350,217,337,151,328,113,324,79,383,224,380,173,369,211,364,247,416,240,411,196,396,214,385,242
U,372,363,324,327,301,278,318,229,359,211,314,221,304,162,303,128,306,96,348,215,335,149,327,112,324,78,381,222,379,172,368,211,362,247,415,239,411,196,396,213,384,240
U,372,364,326,326,304,278,317,229,359,214,314,224,303,163,303,128,305,97,348,217,334,151,326,113,322,79,381,225,378,173,366,211,360,246,414,241,410,196,395,214,382,241
U,373,361,326,323,304,276,320,228,360,211,315,220,304,161,302,127,304,96,348,213,335,148,326,111,324,76,381,220,380,170,368,209,362,244,413,236,410,194,395,212,385,239
U,370,363,323,326,300,279,314,229,357,212,311,221,301,162,300,129,302,97,345,215,331,149,323,113,319,79,378,222,376,171,365,209,359,245,411,238,407,194,392,213,381,240
U,369,356,320,319,298,271,311,220,353,206,307,217,296,156,294,121,296,91,341,211,327,145,319,106,315,72,373,218,372,165,362,202,356,236,407,232,403,189,388,205,376,231
U,371,359,322,322,300,277,308,224,353,208,308,221,296,160,294,127,296,95,342,214,328,148,320,109,316,74,375,220,373,166,362,204,356,238,408,235,402,190,388,209,378,236
U,370,363,321,325,298,277,310,226,352,210,309,221,298,160,297,126,300,94,343,214,328,148,321,110,317,75,376,221,373,167,363,206,357,242,409,237,404,192,389,210,378,237
U,370,363,320,324,298,276,312,224,355,211,310,221,299,160,299,126,301,94,345,214,331,148,323,109,320,74,378,221,376,167,364,206,357,242,411,236,406,192,390,211,378,239
U,369,362,322,325,301,274,315,224,356,208,317,220,306,160,304,125,306,93,351,214,338,147,328,108,324,74,383,222,379,169,366,207,359,242,415,238,410,193,393,211,380,238
U,371,366,324,328,304,276,319,226,362,212,318,223,309,162,309,127,312,95,353,217,340,150,332,112,328,78,385,225,382,170,370,210,364,246,417,242,413,197,397,216,385,243
U,373,368,325,329,306,277,321,227,363,212,321,223,312,161,313,126,316,94,355,217,344,150,337,111,335,76,387,226,386,171,373,210,366,246,420,243,416,198,401,215,388,241
U,373,369,327,329,307,281,322,232,364,214,322,224,314,162,315,127,320,95,357,219,347,151,341,113,339,78,389,228,389,172,377,212,369,248,422,246,420,200,403,218,390,245
U,372,370,326,330,307,280,322,232,364,216,324,224,316,163,318,129,323,97,357,220,347,152,341,115,339,81,390,230,390,174,377,213,368,249,422,248,420,202,403,220,389,246
U,374,371,326,331,308,282,322,230,365,216,322,225,314,163,316,128,321,96,358,220,347,152,340,114,339,79,390,229,390,172,377,213,369,249,423,246,419,200,403,219,390,247
U,374,368,327,328,308,279,324,228,366,214,323,223,316,160,317,125,322,93,358,218,348,150,342,111,342,77,391,227,391,172,379,211,371,247,423,245,421,200,405,217,392,243
U,375,370,327,331,308,280,323,229,367,214,322,224,315,162,317,127,321,95,357,219,347,151,341,113,340,78,390,228,391,172,378,212,369,247,423,245,420,200,404,218,390,244
U,373,367,326,328,307,278,320,226,362,213,322,225,314,162,315,126,319,94,356,220,346,151,339,113,337,78,388,228,387,171,375,209,368,244,421,245,418,198,402,215,390,241
U,372,367,326,328,306,279,319,229,362,211,321,224,312,161,313,127,317,95,355,219,344,151,338,113,336,78,387,227,387,171,374,210,367,247,419,244,417,198,401,215,387,241
U,371,367,325,328,305,276,320,227,362,211,321,223,313,162,314,127,318,95,355,218,345,151,339,112,337,77,388,227,387,172,373,210,364,245,421,244,418,199,401,215,386,241
U,373,365,323,324,305,276,319,224,361,212,320,220,312,159,313,126,317,94,354,216,344,150,338,111,337,75,386,225,386,169,373,207,364,243,419,241,415,197,399,215,385,241
U,370,367,323,327,303,277,316,226,358,213,319,222,311,160,312,126,316,94,353,217,344,150,337,111,335,76,385,226,386,170,373,207,364,242,418,242,416,197,400,213,385,239
U,370,366,324,327,305,275,319,225,360,211,320,220,312,159,313,124,318,93,355,215,344,149,338,110,336,76,387,224,387,170,373,208,365,244,420,242,417,197,401,213,387,239
U,373,366,326,327,306,277,319,225,362,211,321,222,313,161,314,126,318,94,356,217,345,150,338,111,336,76,388,225,387,169,374,208,366,244,420,242,416,196,401,214,387,241
U,372,366,326,327,306,279,318,227,361,212,320,221,312,159,312,125,317,94,355,216,344,149,337,111,336,75,387,225,387,170,374,209,366,244,419,243,416,198,401,215,389,241
U,370,366,321,326,303,275,316,224,357,214,318,222,310,160,310,126,314,95,352,216,342,150,335,111,332,76,385,225,383,170,371,208,363,243,417,241,413,196,397,215,385,241
U,369,367,321,327,302,278,315,223,358,214,317,222,309,159,310,124,314,93,351,217,341,150,335,110,333,76,383,226,383,170,370,208,362,243,416,242,412,197,396,214,384,241
U,368,367,320,327,301,279,313,226,356,215,315,221,307,158,309,123,314,91,350,216,339,149,333,110,331,75,382,226,383,170,370,208,362,244,415,243,412,197,397,215,383,242
U,368,365,321,326,301,276,316,226,358,213,316,220,309,159,310,125,314,93,351,215,340,149,334,110,332,76,383,224,384,170,371,208,362,243,416,242,414,197,397,214,383,240
U,370,367,322,326,303,276,318,225,361,211,315,225,306,161,307,126,311,94,350,219,339,151,332,111,330,76,383,226,382,173,370,208,362,243,415,242,413,196,398,212,385,238
U,373,367,328,329,309,277,327,227,369,210,322,222,314,160,314,125,318,94,356,218,345,150,338,112,336,78,389,227,388,174,375,211,369,246,421,245,420,199,405,216,393,242
U,381,380,336,340,317,289,334,240,374,219,326,232,318,167,319,131,323,97,361,226,351,154,346,114,345,77,395,234,396,179,385,217,378,252,429,252,429,206,414,224,402,251
U,383,379,339,338,320,290,338,241,381,221,332,229,327,165,330,130,335,96,367,224,358,155,355,117,354,79,401,234,402,178,391,219,383,255,435,255,434,209,418,229,406,256
U,381,380,337,339,317,289,337,240,380,219,331,224,325,162,329,127,334,94,366,220,357,152,353,115,352,79,401,230,402,178,390,218,382,255,435,252,434,207,418,227,405,255
U,383,378,338,337,319,286,339,238,382,219,331,225,326,163,329,128,336,95,367,221,359,152,355,113,354,75,401,231,404,176,391,217,382,254,435,251,435,206,419,225,406,253
U,381,378,336,338,317,287,335,237,378,217,331,224,326,162,328,127,333,94,366,220,358,151,354,113,353,76,400,230,401,175,389,218,381,254,434,250,432,205,417,227,405,255
U,382,383,338,340,319,290,335,238,380,221,332,230,327,165,329,129,334,96,367,225,360,156,356,117,355,79,401,235,403,179,390,219,381,255,434,255,433,208,418,228,406,256
V,373,382,338,352,322,311,346,277,380,259,339,233,329,169,327,129,328,94,377,234,382,162,389,119,397,82,410,255,418,219,398,263,385,296,436,287,439,263,417,289,399,311
V,374,380,340,348,323,305,347,269,382,251,339,229,331,167,330,128,333,93,376,230,379,159,385,116,393,78,409,250,417,213,397,257,383,291,436,281,436,258,414,285,396,309
V,374,378,340,346,323,302,347,266,383,250,341,228,332,165,331,125,333,91,378,229,381,156,386,112,393,75,411,249,417,212,397,257,382,292,439,281,437,257,415,285,398,310
V,375,380,342,348,324,304,347,268,383,251,341,230,333,169,331,130,333,96,377,232,380,160,385,117,392,80,410,251,417,214,398,257,384,291,438,282,436,258,414,287,398,312
V,377,377,343,346,325,300,349,263,385,247,341,227,334,164,333,125,335,91,378,228,381,156,386,113,392,76,412,248,418,210,398,254,384,288,439,278,438,255,416,283,400,307
V,379,380,346,346,329,303,353,266,388,247,344,227,336,165,335,125,337,90,381,228,382,155,386,113,392,76,414,247,422,209,403,254,389,288,442,278,443,254,422,282,405,307
V,381,378,347,344,331,298,357,260,392,244,347,224,340,161,339,122,341,87,384,226,386,153,390,110,397,72,417,246,424,208,405,252,392,286,445,277,446,252,425,281,409,305
V,385,379,351,346,335,301,360,263,395,246,349,227,342,164,342,124,344,90,386,227,389,155,393,112,399,76,419,246,427,208,409,253,395,287,447,277,449,253,428,281,411,306
V,386,379,353,345,336,299,361,261,397,244,351,225,344,163,344,123,347,88,387,226,391,154,396,111,403,74,421,246,429,208,410,252,395,287,448,277,450,253,428,280,410,305
V,386,381,352,346,337,300,362,263,398,247,352,227,345,163,345,123,347,88,388,228,392,156,396,112,403,75,421,248,431,211,412,255,397,289,449,279,452,255,431,283,412,307
V,386,382,352,347,335,300,361,263,398,246,352,227,346,162,345,122,348,87,388,228,392,154,397,111,404,74,422,248,430,209,409,254,394,288,449,280,450,254,428,283,411,308
V,387,383,352,348,334,302,360,265,398,249,351,229,346,165,346,124,350,89,389,229,391,156,396,112,403,75,423,248,431,210,411,255,397,290,451,280,452,257,431,284,415,308
V,386,381,353,347,335,299,362,262,400,247,352,225,347,161,347,121,349,87,389,228,393,153,398,109,404,71,423,249,432,211,411,256,396,290,451,281,452,256,429,284,411,309
V,387,383,353,348,336,301,362,264,399,248,353,228,347,163,347,123,350,88,390,230,394,155,398,112,405,74,423,249,431,212,411,256,397,290,450,280,452,255,431,282,415,307
V,386,382,352,348,336,300,362,263,398,248,353,227,347,163,346,123,349,89,389,229,394,155,399,111,406,74,423,249,431,211,411,255,396,289,450,280,451,256,429,284,412,310
V,385,383,350,349,333,303,359,266,396,250,351,228,346,164,346,124,349,88,389,229,393,156,397,112,404,74,422,249,432,212,410,256,395,291,449,281,450,257,428,286,410,311
V,386,385,351,351,333,304,359,267,397,251,351,229,345,166,345,125,348,90,388,231,393,155,398,112,404,74,422,251,431,214,410,260,395,295,451,282,452,258,430,288,412,313
V,384,384,349,351,332,305,357,268,393,251,349,229,345,165,347,124,351,88,386,230,389,155,394,111,401,73,421,250,429,213,408,260,393,295,450,282,451,258,429,287,410,312
V,381,383,346,350,328,304,353,266,390,248,346,229,340,164,340,123,342,88,383,230,386,155,389,110,396,71,418,251,423,212,403,258,390,293,446,282,445,257,423,286,407,312
V,383,385,348,352,329,306,353,268,390,250,348,230,341,166,340,125,343,90,385,231,386,156,390,113,396,75,419,250,425,212,404,258,391,294,448,281,446,258,424,287,408,313
V,382,384,347,351,329,305,353,267,390,250,345,230,338,166,336,125,338,89,383,231,385,157,389,113,396,73,418,250,424,212,404,259,390,295,447,280,447,256,425,286,407,312
V,383,383,347,350,328,304,352,266,388,248,346,229,335,165,333,124,334,88,383,230,383,156,387,111,393,73,417,249,424,210,404,257,390,293,446,280,446,254,423,283,406,310
V,382,384,346,349,328,302,353,264,390,248,345,229,335,165,332,124,333,88,383,229,384,155,387,111,394,72,417,249,424,211,403,256,389,292,446,280,446,255,423,284,405,310
V,382,382,347,348,327,302,352,264,388,247,343,228,333,164,331,123,332,88,381,228,382,154,386,109,393,71,415,247,422,208,403,254,390,290,444,277,444,253,423,281,407,308
V,383,380,347,347,327,301,351,263,388,247,344,227,334,163,331,122,332,87,382,227,383,153,387,108,394,69,417,246,424,208,403,254,389,290,445,277,445,254,423,283,406,308
V,381,381,345,348,326,302,350,264,387,247,343,226,332,162,329,121,331,85,381,227,383,152,386,107,393,68,416,247,422,209,401,254,387,290,445,278,444,253,421,282,404,308
V,380,385,344,351,325,304,349,266,385,248,343,228,332,164,329,123,330,87,380,229,382,154,385,109,392,71,415,248,422,210,401,256,387,293,444,280,443,255,421,284,404,310
V,379,382,343,348,324,302,348,263,385,247,340,227,329,163,326,122,327,86,378,228,380,153,384,108,390,68,413,247,420,209,400,255,386,291,442,278,443,253,420,283,404,309
V,377,378,341,345,321,298,345,260,382,244,339,224,327,160,324,119,325,84,377,224,378,150,381,105,388,66,412,244,418,205,397,251,382,288,441,275,440,250,417,280,400,307
V,377,376,341,344,321,297,344,258,382,242,338,222,327,159,324,118,325,82,376,223,378,148,381,103,387,64,411,242,417,204,396,251,382,287,440,272,438,249,415,280,398,306
V,376,379,340,347,320,297,345,258,384,241,337,223,325,160,322,119,322,84,375,224,377,149,380,103,386,64,411,243,415,206,394,253,380,288,440,274,435,251,414,281,398,307
V,376,378,339,346,319,298,343,258,381,242,337,224,325,160,322,118,322,83,375,224,376,149,379,104,385,65,410,243,416,206,395,252,380,289,440,274,438,250,415,280,398,306
V,375,379,338,346,318,299,342,260,379,242,336,224,324,160,320,119,321,83,374,223,375,149,378,104,383,65,409,242,415,204,394,251,379,288,439,273,437,249,414,278,397,305
V,373,373,338,341,317,293,340,254,378,238,334,219,321,155,318,113,318,78,372,220,374,144,376,98,381,60,407,240,411,201,391,246,378,282,436,271,433,245,411,274,396,301
V,373,373,336,340,316,292,338,253,374,237,334,219,321,156,317,115,317,79,371,220,371,145,374,100,379,61,406,238,411,199,391,245,377,282,435,269,434,244,411,272,394,299
V,370,373,334,340,314,293,337,253,374,235,331,218,318,153,315,112,315,76,369,218,370,143,372,98,377,59,404,237,408,198,388,244,375,280,434,268,429,244,407,273,391,300
V,370,374,334,341,313,293,335,254,373,237,331,219,318,155,313,114,313,79,369,219,368,144,370,99,375,60,404,239,408,199,387,246,373,283,434,270,429,245,406,275,389,303
V,370,372,334,340,313,293,334,254,371,235,329,217,317,153,312,112,313,77,368,217,369,143,371,98,375,59,403,237,407,198,386,245,373,282,432,268,429,244,406,273,391,300
V,371,370,334,339,312,292,334,252,372,234,329,218,316,154,312,113,312,78,367,217,368,142,370,97,375,59,403,236,406,197,386,244,373,281,433,266,428,241,406,271,391,298
V,369,371,332,339,311,292,332,253,368,234,328,217,315,153,311,111,311,76,366,216,366,141,369,96,374,58,401,235,404,195,383,243,370,281,431,266,427,241,404,272,387,299
V,367,372,331,340,310,293,331,253,368,236,327,218,314,155,310,114,310,79,365,218,366,143,369,97,373,59,400,237,403,198,383,244,370,281,430,269,426,243,403,273,387,299
V,364,371,327,338,306,291,328,251,365,234,323,217,311,153,307,112,307,77,361,217,361,143,363,98,368,59,396,237,400,198,379,244,366,281,426,268,423,242,400,272,383,299
V,367,371,330,339,308,292,327,252,365,234,325,217,313,154,308,113,308,78,363,217,362,142,364,98,368,59,398,235,401,196,381,243,367,280,427,266,423,241,400,273,383,300
V,366,374,329,342,308,296,328,256,364,236,326,219,313,155,309,114,308,79,364,218,363,144,365,99,369,61,399,237,402,198,381,245,367,282,429,268,423,243,401,275,385,302
V,366,370,330,338,309,291,330,251,368,233,326,215,313,152,308,111,309,75,364,215,364,140,366,96,371,57,400,234,403,195,382,241,369,278,430,266,425,241,402,271,385,298
V,368,368,331,337,310,288,331,247,369,229,327,212,315,149,310,109,309,74,365,212,365,137,366,92,371,53,401,232,402,193,382,241,369,278,431,263,425,238,403,268,387,295
V,368,368,332,336,310,290,331,250,369,231,327,215,314,151,310,111,311,76,365,214,365,140,367,95,371,58,400,233,403,193,383,240,370,277,430,264,425,240,403,270,387,297
V,368,368,330,337,308,289,330,247,369,230,326,214,313,151,309,110,308,75,364,213,363,139,365,94,369,56,399,232,402,192,383,240,370,277,430,262,425,239,402,269,384,296
V,369,370,332,338,310,290,330,249,367,231,325,214,313,150,308,109,308,74,363,214,362,139,364,94,369,55,399,234,403,193,382,240,369,277,429,265,425,239,402,269,384,296
V,368,371,330,339,309,291,329,250,367,231,325,215,313,151,308,110,308,75,363,215,363,140,365,95,369,56,399,234,402,193,382,241,369,278,429,265,426,240,403,270,386,297
V,368,372,330,339,309,291,330,250,367,231,325,215,312,151,308,110,307,75,363,215,362,140,363,95,368,56,398,234,402,193,382,241,369,279,429,266,425,239,402,269,385,296
V,367,374,329,340,308,292,329,252,367,234,326,218,313,155,308,114,308,78,363,218,361,143,362,100,366,61,399,237,402,195,381,243,369,281,429,268,425,241,402,272,385,300
V,367,373,330,341,308,294,328,253,365,234,325,218,311,155,306,114,306,79,362,218,360,143,361,98,366,60,398,236,400,196,381,243,368,280,428,267,423,242,401,273,385,300
V,366,375,328,342,307,294,327,254,364,236,324,219,311,155,305,114,305,78,362,219,361,144,362,99,366,60,398,238,400,197,379,244,367,281,428,270,423,243,400,273,384,300
V,366,374,328,340,306,294,326,254,364,236,324,217,311,154,306,113,305,77,362,217,361,142,362,98,365,59,397,237,400,196,379,243,366,281,428,268,424,241,401,271,384,298
V,367,371,329,340,306,293,326,251,364,233,324,216,310,152,304,111,304,76,362,216,360,140,361,96,365,57,397,235,399,195,379,243,366,280,427,266,422,241,399,271,382,298
V,365,371,328,340,306,292,326,251,363,232,322,214,309,151,304,111,303,76,361,215,359,140,360,96,364,57,397,234,398,194,378,243,365,280,427,266,422,240,399,270,383,297
V,365,373,328,340,305,293,324,251,363,233,322,216,308,153,303,112,303,76,360,216,358,140,359,96,364,57,396,235,398,195,378,242,365,280,427,267,421,239,400,270,385,298
V,365,371,328,340,306,292,326,250,364,231,323,215,309,151,303,110,302,74,361,215,360,139,361,94,364,56,397,234,397,193,378,241,365,278,427,266,420,240,399,271,384,298
V,367,371,328,340,305,293,325,251,363,233,322,216,308,152,304,111,303,76,360,215,359,140,361,95,365,56,396,234,398,193,378,241,365,278,426,266,420,240,397,271,380,299
V,365,372,326,340,303,292,323,251,361,232,322,217,307,152,302,111,301,75,359,216,357,140,358,95,363,56,395,235,396,193,376,241,364,279,425,266,421,239,399,269,384,297
V,364,373,327,342,303,294,322,253,360,235,321,216,307,152,302,111,302,76,359,216,358,140,359,95,363,57,395,235,396,195,376,243,363,280,426,266,419,241,396,272,380,299
V,363,370,326,339,303,291,323,250,362,232,321,213,307,150,302,109,302,74,359,214,358,137,360,93,364,55,395,233,396,193,376,241,363,278,425,265,419,239,397,270,382,297
V,364,372,326,340,303,292,323,251,363,234,321,215,307,152,301,111,300,75,359,215,358,140,359,95,362,56,395,235,396,194,375,242,362,279,425,267,419,240,398,270,383,297
V,362,374,325,341,302,294,321,254,360,236,320,218,306,155,300,114,300,79,358,218,356,143,357,98,361,60,394,238,394,196,374,244,361,281,424,269,416,243,393,274,377,302
V,363,372,325,341,301,294,319,253,359,235,319,217,305,153,300,113,299,77,358,216,355,142,356,97,360,59,394,235,393,195,373,244,360,282,424,265,416,241,393,273,376,301
V,362,370,324,339,301,291,321,249,360,232,319,214,305,151,300,110,299,75,358,214,356,138,357,93,360,55,394,233,394,194,374,241,361,278,424,264,416,239,394,271,379,298
V,362,372,324,340,301,293,319,252,358,233,318,215,304,151,299,110,299,75,356,214,354,139,356,94,360,55,392,233,394,193,373,242,360,279,423,265,417,239,394,270,379,298
V,362,371,324,341,301,293,320,251,359,232,318,214,304,150,298,109,298,73,357,214,355,139,356,94,360,54,393,233,393,193,374,241,361,279,424,264,416,240,394,272,378,299
V,361,371,324,340,299,293,319,252,359,234,318,215,304,152,298,111,298,76,356,214,353,139,354,95,358,56,392,233,392,194,372,242,359,280,423,264,416,240,393,270,377,297
V,361,370,321,339,297,291,317,248,355,229,315,213,301,149,296,108,295,72,354,212,351,136,353,91,357,52,390,230,391,190,371,238,358,276,421,261,414,236,391,267,374,295
V,359,366,321,335,297,287,316,246,355,227,315,211,300,146,294,105,293,70,353,210,350,133,351,88,355,49,389,229,389,190,368,237,356,274,421,261,414,234,390,265,374,293
V,359,367,321,335,297,288,316,245,355,226,315,210,301,147,295,106,294,70,354,209,351,133,351,88,355,49,390,228,388,189,368,237,356,274,421,259,413,233,390,264,376,292
V,358,369,320,338,296,291,314,248,353,229,314,213,299,149,294,107,293,71,352,212,350,136,351,90,355,51,389,231,388,190,368,238,355,275,420,262,413,235,390,265,374,293
V,360,369,322,338,296,290,315,247,355,229,315,213,300,149,295,108,294,72,353,213,350,136,351,91,356,52,389,232,388,192,367,239,354,276,420,262,411,237,389,268,375,295
V,359,370,319,339,294,290,314,248,353,229,314,214,299,150,294,108,293,72,352,213,349,137,349,92,353,52,389,231,387,193,367,241,355,278,421,262,412,237,389,268,372,296
V,357,370,319,339,295,291,313,249,351,230,313,213,298,150,293,109,293,73,351,212,348,137,349,92,353,54,387,231,386,191,366,239,353,277,419,262,411,237,388,267,372,294
V,356,366,317,336,293,288,313,246,351,228,310,211,295,147,290,106,289,71,349,210,346,133,347,88,352,50,386,229,383,190,363,237,352,273,418,261,409,234,387,264,372,291
V,354,366,315,334,292,288,310,246,348,227,309,212,294,148,289,106,288,70,347,210,343,132,344,87,349,49,384,229,382,188,362,235,351,273,415,261,408,232,385,262,368,290
V,352,365,313,334,288,286,305,244,343,225,305,210,290,146,284,104,283,68,343,208,339,131,339,85,344,47,380,227,377,187,357,235,345,272,411,258,403,232,380,262,363,290
V,351,362,312,331,287,283,305,241,343,222,303,207,288,144,282,103,281,67,341,206,337,129,337,83,341,44,378,224,377,185,357,233,345,270,410,255,402,229,380,260,365,287
V,353,363,313,334,287,287,305,244,344,225,304,210,289,146,283,105,281,70,343,209,338,132,338,87,341,49,379,227,376,186,357,234,346,272,411,257,401,232,379,262,363,290
V,351,364,311,333,285,286,303,243,342,223,303,210,287,145,282,104,281,68,341,208,336,130,336,85,340,46,378,227,376,185,355,234,344,272,410,257,400,230,378,261,363,289
V,351,360,311,330,286,283,303,241,341,221,303,206,287,142,281,101,280,66,341,204,336,127,336,82,340,44,378,223,375,183,355,231,343,268,410,253,401,228,378,258,363,285
V,351,363,312,332,285,285,303,241,342,223,303,208,288,144,282,103,280,67,341,207,336,131,337,85,341,45,378,226,377,185,356,232,344,270,410,256,402,231,378,261,361,289
V,351,363,312,332,286,286,302,242,342,222,303,208,288,144,282,103,280,68,342,207,337,129,337,83,340,44,379,225,374,186,355,234,344,272,411,256,402,229,380,260,364,287
V,351,365,312,335,286,288,303,245,341,225,304,211,289,146,283,105,282,70,342,210,337,133,337,88,340,49,379,228,376,187,355,234,344,271,411,258,400,232,378,263,364,292
V,351,367,312,337,286,289,303,245,342,226,304,213,288,148,282,107,281,71,342,212,337,135,337,89,341,50,379,230,375,188,356,237,344,274,411,260,400,233,378,265,363,294
V,349,364,311,334,284,287,300,244,339,224,300,210,285,146,279,105,278,69,339,209,334,133,335,87,339,47,376,228,374,187,353,234,341,272,408,258,398,232,375,263,360,291
V,348,361,309,331,282,284,300,242,338,223,300,207,284,143,277,102,275,67,338,206,333,128,333,83,337,44,375,224,373,186,353,234,340,272,408,255,398,231,375,262,360,288
V,348,358,309,329,281,283,299,240,338,221,298,204,282,141,275,100,273,65,337,203,333,126,331,80,334,41,374,222,372,185,352,233,340,271,406,253,397,228,376,258,361,285
V,347,361,307,330,281,283,297,240,336,221,298,207,283,144,276,103,275,67,336,206,332,129,331,84,335,45,373,224,371,184,351,232,339,270,406,254,396,228,374,259,358,287
V,346,362,307,331,281,284,298,242,336,222,298,208,283,144,276,102,274,67,336,206,331,128,331,83,334,45,373,224,370,184,350,232,338,269,405,255,396,228,373,259,359,287
V,344,362,305,332,279,285,296,242,335,222,297,207,282,144,275,103,273,67,335,206,330,129,330,84,334,45,372,224,369,184,349,232,337,270,405,255,395,228,372,259,358,287
V,346,360,307,331,281,285,298,242,336,222,298,208,283,144,276,102,274,67,336,206,330,128,330,82,333,44,373,224,369,185,349,233,338,270,405,254,393,230,371,262,357,290
V,346,364,308,335,282,289,298,246,334,226,299,211,283,147,277,106,275,70,337,210,332,133,332,87,335,48,374,228,370,188,349,235,338,273,406,258,395,232,373,262,358,290
V,345,362,306,333,280,286,296,243,335,224,297,209,282,146,276,105,274,69,336,208,331,130,331,85,334,46,373,226,369,186,349,233,337,271,405,256,393,231,371,262,356,290
V,345,361,306,332,279,285,295,242,334,222,296,208,281,144,274,103,272,67,335,207,329,129,329,84,332,46,371,224,368,184,347,233,336,271,404,254,392,229,369,262,355,290
V,344,361,304,331,278,285,294,242,333,223,295,207,279,143,273,102,271,66,334,206,329,129,329,83,332,44,371,224,368,185,348,234,336,272,403,254,394,229,371,260,356,287
V,348,364,308,334,282,289,296,245,333,224,298,213,282,148,276,107,274,72,335,210,329,134,328,89,330,51,371,227,369,187,349,235,338,273,403,257,394,230,371,260,356,288
V,345,365,306,334,280,288,296,245,333,224,297,212,281,148,275,107,274,71,335,210,330,134,329,88,332,49,371,228,368,188,348,236,337,273,403,259,394,232,370,263,355,290
V,347,362,307,333,281,286,296,243,333,224,297,210,282,146,275,106,273,70,335,208,329,132,328,87,330,49,371,226,368,184,348,231,337,269,403,255,391,230,369,263,356,291
V,345,356,306,326,279,280,296,237,336,218,297,206,282,144,275,104,273,68,335,204,329,129,329,85,332,46,371,221,368,183,349,231,338,269,403,251,393,226,371,258,357,287
V,349,356,310,326,283,281,298,238,336,218,299,206,283,143,276,102,274,68,337,204,330,128,329,83,332,45,373,221,370,181,351,229,340,265,405,251,397,224,375,254,359,281
V,346,354,307,325,280,279,297,235,336,216,298,203,282,141,276,100,273,65,335,201,330,125,329,81,332,43,372,219,369,180,349,228,338,265,404,248,394,224,372,254,357,281
V,346,361,306,330,279,284,294,240,332,219,296,209,280,144,274,104,274,68,334,207,328,130,327,85,330,46,371,224,365,184,346,232,336,271,403,253,392,226,369,257,353,285
V,348,356,307,327,280,281,296,237,335,217,297,207,281,144,273,103,271,67,334,204,328,126,327,81,330,43,370,220,366,179,348,227,338,264,401,249,391,224,369,256,355,285
V,345,355,306,327,277,280,293,236,332,216,295,202,279,139,272,99,270,64,332,201,327,125,327,81,330,42,369,218,366,179,347,228,335,266,401,248,391,223,370,255,355,282
V,345,357,305,328,278,281,295,236,335,216,294,205,279,142,272,102,270,66,332,203,327,127,327,83,330,44,369,221,367,180,347,229,336,267,400,250,391,225,369,257,356,286
V,345,358,306,329,278,282,293,238,332,218,294,206,278,142,271,101,268,67,332,204,326,126,324,81,325,43,368,221,365,181,346,229,335,267,401,249,389,225,368,257,352,285
V,344,356,305,326,278,280,294,236,333,217,294,205,278,141,271,101,268,65,331,203,326,125,325,81,328,42,368,220,364,181,345,229,334,267,400,250,389,225,367,257,353,285
V,345,357,306,327,278,281,293,238,331,217,294,206,278,142,271,102,268,66,332,204,326,127,325,82,328,44,368,221,365,181,346,229,335,266,400,250,390,225,368,256,354,284
V,345,355,306,327,278,281,294,236,334,216,294,204,278,141,271,100,268,65,332,202,326,124,325,79,327,42,368,219,364,178,346,226,336,264,400,247,388,223,367,255,354,284
V,348,358,308,329,280,282,296,237,336,218,296,206,280,143,273,102,270,68,333,204,328,127,326,83,328,45,370,221,367,181,348,228,337,266,402,250,391,225,369,257,355,285
V,346,353,307,324,279,278,294,234,333,213,294,203,278,139,271,98,269,62,332,201,327,123,326,78,329,39,369,217,366,177,347,225,336,262,401,246,391,222,369,253,355,280
V,346,357,307,327,279,281,294,237,333,217,295,207,279,143,272,102,269,67,332,204,326,127,325,82,327,44,369,221,366,179,347,227,336,265,401,249,390,223,369,255,356,283
V,343,356,303,327,277,280,293,237,331,218,294,204,278,140,271,99,270,63,332,203,326,125,325,79,328,40,368,220,364,179,345,228,334,265,400,250,389,223,368,255,355,283
V,343,356,304,327,277,280,293,237,331,217,294,205,278,141,271,100,268,65,331,203,326,126,325,81,327,42,368,220,364,180,345,227,335,265,400,249,389,224,368,255,354,284
V,344,357,305,328,278,282,292,239,331,218,294,207,278,144,271,104,268,69,331,205,325,128,323,84,325,46,367,221,364,180,345,228,335,265,399,250,388,225,367,256,354,284
V,343,357,303,328,275,281,291,236,330,216,292,205,276,141,270,100,267,64,330,203,325,125,324,80,327,41,366,220,363,179,344,228,333,266,398,250,389,223,367,255,352,284
V,345,354,304,326,276,280,292,236,330,216,293,203,277,139,271,98,269,63,331,201,325,124,325,79,327,41,368,218,364,178,346,226,335,264,400,247,389,221,368,254,353,282
V,343,360,303,329,277,283,292,240,330,219,293,208,276,143,270,102,269,66,331,205,325,128,323,83,326,44,368,222,364,183,344,230,333,268,399,252,389,225,367,256,353,285
V,344,355,305,326,278,278,296,235,336,216,295,201,279,138,274,98,272,64,333,200,328,123,328,78,331,40,369,218,367,179,348,228,336,265,401,247,392,223,370,254,355,282
V,345,351,306,321,278,274,295,231,334,212,295,199,278,136,272,96,269,61,332,197,327,121,325,76,328,37,368,214,366,175,346,223,336,260,400,243,391,218,370,248,357,275
V,349,349,310,320,282,273,298,229,337,210,299,200,282,137,276,97,273,62,335,198,329,120,328,76,331,39,371,214,368,175,350,222,338,260,403,242,394,217,373,248,359,275
V,344,343,304,313,276,265,292,221,332,201,293,191,276,127,269,87,267,52,330,189,324,112,324,67,327,28,367,205,363,167,344,215,332,253,399,235,390,210,368,240,353,267
V,341,343,301,313,275,266,291,223,330,203,291,192,275,128,268,87,265,52,328,190,323,112,321,67,324,28,365,207,362,167,342,214,331,251,396,237,388,210,367,239,353,266
V,347,347,306,318,279,271,293,227,330,205,293,198,275,134,268,93,266,57,330,194,323,117,321,72,323,34,366,210,363,168,345,216,335,254,398,238,388,213,367,244,353,274
V,351,352,311,323,285,277,300,233,337,211,298,203,281,139,274,97,272,62,335,199,328,123,326,77,329,39,372,215,368,175,351,223,341,261,405,243,395,218,375,249,361,277
V,362,366,320,336,297,288,318,246,354,225,309,212,293,146,287,104,285,69,347,210,341,131,340,85,344,47,384,226,384,185,368,232,359,270,416,255,411,229,392,258,379,285
V,378,402,338,372,316,325,343,286,383,265,328,241,317,173,312,130,312,93,369,239,368,162,370,114,374,73,406,258,411,220,392,270,381,308,438,290,432,272,410,303,396,329
V,379,403,340,371,319,322,347,284,387,267,336,244,324,176,321,133,321,95,377,244,377,166,380,118,384,77,414,264,419,224,400,273,386,311,445,295,443,270,421,302,404,329
V,377,405,337,373,317,324,344,286,384,269,332,245,321,175,318,131,319,94,373,245,375,165,379,116,385,75,410,265,418,227,397,276,383,313,442,296,441,273,418,305,401,332
V,374,405,333,373,312,325,341,289,381,272,328,245,311,175,303,131,301,92,371,245,377,165,385,116,395,75,408,265,414,230,393,278,378,314,439,297,436,277,411,308,393,334
V,370,401,331,371,308,322,334,285,373,266,324,243,300,175,288,131,280,93,366,243,374,162,382,113,391,71,404,263,407,227,386,277,373,315,435,295,432,271,410,304,393,333
V,372,401,332,373,308,326,333,288,370,266,323,244,301,176,289,133,283,94,365,243,372,162,381,113,391,73,403,262,409,227,388,277,374,315,434,293,432,273,409,307,391,335
V,373,399,335,369,311,323,335,286,374,266,326,243,304,176,293,133,287,95,368,242,375,163,385,115,394,76,406,262,411,226,390,275,377,313,438,294,434,272,411,305,394,332
V,373,405,334,375,311,330,335,293,373,274,326,246,303,179,293,137,288,99,368,245,373,166,382,117,392,77,405,265,409,228,389,278,376,317,437,296,433,274,410,305,393,332
V,370,406,331,377,307,330,331,293,369,274,324,246,303,180,294,136,289,99,366,246,368,167,371,118,377,76,404,266,406,230,385,280,372,318,435,297,429,276,405,308,389,335
V,368,399,327,369,303,322,327,283,366,262,320,239,299,171,290,126,287,88,362,237,362,156,364,106,369,65,401,258,400,221,379,271,367,309,433,291,427,266,402,298,384,326
V,364,396,325,366,300,319,324,281,362,260,317,238,295,171,283,127,278,89,360,237,366,157,373,108,381,66,398,257,401,220,380,271,366,310,430,289,426,267,400,299,382,327
V,365,393,326,364,300,317,322,279,360,257,318,235,295,169,283,127,277,89,360,235,367,156,373,107,382,65,398,255,401,218,379,268,365,306,430,287,424,265,399,298,382,325
V,366,396,327,366,302,319,324,280,362,259,319,238,295,171,284,128,278,90,361,237,368,157,375,108,383,67,399,258,402,219,381,269,367,307,431,290,426,268,400,300,382,328
V,369,396,330,365,305,317,328,279,367,260,322,240,299,173,287,130,281,93,365,239,371,159,378,111,386,69,403,259,406,222,384,271,370,308,434,292,431,268,406,298,388,325
V,369,393,328,364,302,315,325,276,363,255,319,235,295,168,282,125,276,87,362,234,367,153,374,104,381,62,400,254,401,216,380,267,368,305,432,286,426,262,401,295,384,323
V,370,392,330,363,305,315,329,276,366,256,321,235,297,169,284,125,277,88,363,234,368,153,375,103,384,62,401,253,405,216,383,266,370,303,433,284,427,263,403,295,386,323
V,371,394,331,364,306,316,329,278,367,258,323,237,299,172,287,129,281,92,366,236,372,156,378,108,387,68,403,256,407,220,384,269,370,306,435,288,429,266,403,298,386,324
V,369,392,329,363,304,315,327,276,365,255,322,235,297,170,285,127,278,89,364,234,370,155,377,106,385,65,402,254,405,218,383,266,370,303,433,286,428,264,403,296,385,324
V,369,396,330,366,305,320,328,282,365,261,322,241,297,175,285,132,278,94,364,240,369,159,374,110,382,69,402,260,403,223,381,271,369,307,433,292,426,268,401,299,385,326
V,367,391,327,361,302,312,325,273,364,254,319,233,296,167,284,124,277,87,361,233,368,153,375,104,382,63,399,253,403,215,380,265,366,302,431,285,426,262,402,294,385,321
V,365,393,327,364,302,315,324,276,361,256,318,237,293,170,281,127,274,90,359,237,364,157,369,108,376,66,397,257,399,219,377,268,365,305,428,289,423,265,399,297,382,324
V,368,396,328,365,303,317,325,278,362,256,319,238,295,173,283,130,276,92,361,237,364,157,370,108,377,67,399,256,399,220,378,268,366,306,431,288,423,265,399,297,382,324
V,368,389,329,361,302,313,324,274,362,252,318,233,295,167,283,124,276,87,361,232,365,152,372,104,379,63,399,252,401,215,380,264,366,302,430,283,425,262,401,295,383,322
V,368,389,328,360,303,314,324,276,360,253,318,233,294,168,282,125,275,88,360,232,364,151,370,103,378,62,398,251,401,214,380,262,366,299,430,283,425,260,401,291,383,319
V,367,391,327,361,302,313,323,273,360,252,317,234,293,169,281,127,274,89,359,232,363,152,369,104,377,64,397,251,399,215,377,264,365,302,429,283,422,261,397,294,381,321
V,366,394,326,363,301,314,323,274,360,253,317,235,293,170,281,127,274,90,359,234,363,153,369,104,376,63,398,254,398,217,376,266,364,303,430,287,423,261,397,293,380,321
V,365,391,326,362,300,315,322,275,359,254,316,235,293,169,280,127,274,90,359,234,362,153,368,105,376,64,397,254,398,217,377,265,364,302,428,286,422,263,398,295,381,322
V,367,394,328,363,302,315,325,277,363,256,318,237,293,172,281,129,274,91,360,236,363,155,369,106,377,66,398,256,399,219,377,266,365,303,430,288,423,264,398,295,380,322
V,366,391,326,361,300,315,321,276,358,253,316,235,292,169,280,127,274,89,358,233,362,152,368,103,376,62,396,253,396,217,374,266,362,304,428,285,422,261,397,293,380,321
V,366,391,326,361,299,314,321,275,358,255,315,234,291,169,279,127,272,89,357,233,360,152,366,103,374,62,395,253,395,216,374,264,362,301,427,285,420,262,395,293,379,320
V,364,390,325,360,298,313,319,274,356,253,315,234,290,168,277,126,270,88,357,233,361,151,367,102,375,61,395,253,396,215,374,263,362,300,427,285,421,261,396,292,379,320
V,365,391,324,361,298,314,321,275,359,254,315,234,291,168,279,126,272,88,357,232,361,151,366,102,374,61,395,252,396,214,375,264,362,302,427,284,422,260,397,292,381,320
V,364,389,326,359,300,312,321,273,359,252,315,233,291,168,278,125,272,88,357,232,361,152,367,103,375,62,395,252,396,214,375,263,363,301,427,283,420,261,396,293,379,320
V,363,389,324,358,298,311,320,272,356,250,315,233,290,168,278,125,271,88,357,232,360,151,366,102,373,61,395,251,395,214,374,263,362,300,427,283,420,259,395,290,378,318
V,365,389,325,359,297,312,318,273,356,250,313,230,289,165,276,123,269,86,355,229,359,150,364,102,370,60,394,249,394,213,373,263,360,300,426,281,420,259,396,292,380,320
V,363,387,324,357,297,308,316,269,355,249,313,230,288,165,276,122,269,85,355,229,358,150,364,102,371,60,393,248,393,212,372,262,359,300,426,280,418,257,394,290,378,319
V,365,392,325,362,299,315,321,275,358,253,314,234,290,168,278,125,271,88,357,232,360,151,366,102,373,61,395,252,396,216,374,265,362,303,428,284,421,261,396,293,378,321
V,364,392,324,360,299,314,321,276,357,254,314,235,291,169,279,127,272,89,357,233,360,153,366,104,374,63,395,253,396,216,374,264,361,300,427,285,421,262,395,293,378,319
V,364,391,325,360,299,314,318,274,355,252,315,235,291,169,279,127,273,89,357,233,361,153,366,104,375,63,395,253,395,216,373,265,360,301,427,284,420,260,395,292,378,319
V,362,390,324,360,297,312,317,273,354,252,314,233,289,168,277,126,270,89,356,233,359,152,365,104,373,62,394,253,393,216,371,264,358,300,426,285,419,261,394,291,376,318
V,364,389,325,360,298,312,319,273,355,250,313,232,290,167,277,125,270,88,356,231,359,151,365,103,373,61,394,250,395,214,373,262,360,299,426,282,419,260,395,291,378,317
V,361,390,322,359,295,312,317,273,354,253,312,233,289,167,277,125,271,88,355,233,359,154,364,105,371,63,393,254,393,216,371,264,359,301,424,287,418,262,394,293,377,321
V,365,391,326,361,299,314,319,276,354,254,316,236,291,171,279,129,272,91,357,235,360,154,366,106,374,66,395,255,394,217,373,265,361,302,427,287,419,264,393,295,375,322
V,363,389,324,359,297,312,316,272,353,252,313,233,289,168,277,126,271,90,354,233,359,153,364,105,372,64,392,252,393,215,371,265,359,302,425,284,417,260,392,293,376,320
V,361,386,322,357,295,309,316,269,354,248,311,230,287,165,275,123,268,86,354,229,357,149,362,100,370,60,392,249,389,212,369,260,358,297,424,281,415,257,390,288,374,315
V,363,385,323,356,296,309,316,269,353,246,312,229,288,164,276,122,269,84,354,227,357,147,362,99,370,59,392,246,390,209,370,258,358,296,424,278,415,254,391,287,375,315
V,360,383,320,352,293,304,314,266,352,245,310,227,286,161,274,119,268,82,352,226,355,146,360,98,368,57,390,246,388,209,367,255,355,291,423,278,414,254,389,284,372,311
V,359,380,320,350,292,302,311,263,349,243,308,222,284,158,272,117,265,81,350,222,354,143,358,95,365,55,388,242,386,206,364,255,352,293,421,274,409,252,385,285,371,314
V,358,384,317,353,291,306,311,267,346,245,307,227,283,162,270,120,263,83,348,227,351,147,356,98,363,58,386,247,386,209,365,256,353,292,419,279,413,253,388,282,371,309
V,358,385,318,355,292,308,311,269,347,247,307,229,284,163,272,121,265,85,349,228,352,147,357,99,365,58,387,248,383,210,363,258,353,295,420,280,410,255,385,286,369,313
V,358,385,317,355,291,308,311,269,348,249,307,230,282,164,270,122,264,86,349,228,352,148,357,100,365,60,386,248,382,212,362,259,351,296,419,279,408,256,384,287,367,315
V,358,385,319,355,291,307,311,268,349,248,307,230,283,164,272,123,265,86,349,228,352,149,357,101,365,62,387,248,384,211,364,259,353,296,419,280,411,256,386,287,369,315
V,357,384,316,353,289,307,308,267,345,245,305,228,282,163,270,121,263,85,347,228,349,148,355,99,362,58,385,248,382,211,361,259,349,296,419,280,410,254,385,285,368,313
V,356,384,317,354,289,307,307,267,346,246,304,229,281,163,268,122,261,85,346,228,350,147,355,99,362,60,385,248,381,210,361,259,350,296,417,280,407,255,383,287,367,315
V,356,385,316,354,288,308,307,268,344,246,305,230,281,165,268,124,262,87,346,229,349,149,353,100,361,60,384,249,380,213,358,260,347,297,417,281,406,255,382,286,367,314
V,354,383,313,353,284,305,303,265,343,244,301,226,277,161,265,120,258,83,343,225,346,145,351,97,358,56,382,246,378,208,357,257,346,294,415,278,404,252,380,284,366,312
V,354,381,314,351,287,304,305,264,343,242,303,224,279,160,266,118,259,82,344,224,347,145,352,96,359,55,382,244,380,206,359,254,347,292,415,277,406,251,381,282,364,310
V,353,378,313,348,286,300,303,259,340,237,300,222,276,156,264,114,257,78,342,222,345,141,350,92,357,51,380,241,376,203,355,251,344,289,413,273,405,246,380,276,363,304
V,354,384,314,354,287,307,306,267,342,244,302,227,278,161,267,119,260,83,344,227,347,146,352,97,359,57,382,246,377,210,356,258,346,295,415,278,405,252,380,283,363,311
V,353,381,314,350,286,304,304,264,342,243,302,226,278,161,266,119,259,82,344,225,347,144,352,95,359,55,382,246,378,207,356,255,346,291,415,278,405,250,380,281,365,308
V,354,382,315,353,287,307,303,266,340,243,303,227,279,162,268,120,261,84,344,226,348,146,352,97,359,57,382,246,378,208,357,256,346,293,415,278,405,251,381,281,364,308
V,353,378,313,350,285,302,303,261,341,240,302,223,278,158,266,116,259,80,343,222,346,141,350,93,357,54,381,241,378,202,357,251,346,290,414,273,404,246,379,278,361,308
V,353,379,313,350,285,303,302,261,340,240,301,223,278,158,266,117,260,81,343,223,347,143,352,95,358,55,381,242,377,205,356,253,345,290,414,274,404,249,380,279,363,307
V,355,384,315,353,289,306,306,266,342,244,303,229,280,163,268,121,262,85,345,228,348,147,353,99,360,59,382,247,381,207,358,255,346,293,414,278,406,255,380,286,362,314
V,356,382,316,352,289,307,305,267,341,244,304,228,280,163,269,121,263,85,345,227,348,147,353,99,359,60,383,246,377,209,357,257,348,294,415,277,405,251,381,281,365,309
V,355,384,316,354,289,308,305,268,343,246,304,230,280,165,269,124,263,88,345,229,349,149,353,101,360,62,383,249,378,211,357,259,347,295,416,280,405,254,381,284,365,312
V,357,382,317,353,289,306,306,266,344,247,305,229,282,164,270,123,263,87,346,228,350,150,355,103,361,63,384,247,381,210,361,259,350,296,416,279,407,254,383,285,367,313
V,354,383,314,354,286,307,303,266,340,245,303,228,280,163,268,122,262,86,344,227,348,148,353,100,360,61,383,247,378,210,357,257,346,293,415,279,406,254,381,283,364,310
V,356,382,316,353,287,307,304,267,341,245,304,228,281,164,269,123,262,88,346,226,349,148,354,101,360,63,383,245,380,208,359,255,348,292,416,276,406,252,382,282,364,310
V,355,384,315,353,289,306,305,266,343,245,304,229,281,163,270,122,264,86,345,228,349,148,354,101,360,61,383,247,379,208,359,258,349,295,416,279,406,253,382,284,367,312
W,350,401,313,375,291,330,321,292,358,268,288,253,262,190,254,150,249,115,328,242,320,167,321,120,322,81,363,252,372,191,373,149,376,110,395,281,384,247,367,271,355,298
W,351,405,312,379,290,334,321,300,359,277,290,257,264,193,255,152,251,116,330,247,323,170,324,122,324,82,363,258,373,196,375,152,378,111,393,287,384,251,368,274,356,302
W,360,409,323,386,302,343,331,307,366,280,299,261,275,197,268,155,265,119,339,250,336,173,338,125,340,85,372,261,387,201,393,159,398,121,403,289,398,256,381,275,367,299
W,359,406,323,381,304,335,338,300,375,275,302,257,278,191,272,149,270,112,342,246,338,169,342,121,344,81,376,257,391,196,398,153,404,114,407,285,403,250,386,271,372,297
W,358,407,322,382,303,337,337,302,375,276,301,257,278,192,271,150,269,113,342,247,336,169,337,122,340,82,377,259,392,195,399,152,404,114,409,289,407,253,391,273,376,299
W,358,408,322,381,303,335,336,300,374,276,301,257,277,191,271,149,269,111,342,246,337,169,339,120,342,81,377,257,393,195,399,152,405,114,410,287,405,252,387,274,371,301
W,357,405,319,379,300,332,335,298,375,273,302,254,278,188,271,146,269,109,342,244,338,166,340,118,343,78,377,255,392,192,399,150,404,112,408,286,403,251,384,273,369,300
W,358,405,321,379,301,334,335,299,373,273,301,254,277,188,271,146,269,109,342,244,336,166,338,118,340,79,376,255,391,193,397,149,402,110,407,285,403,250,386,272,370,299
W,358,403,320,377,300,332,333,297,372,271,298,252,275,186,269,144,266,106,339,242,334,164,337,115,340,76,374,253,389,189,395,146,400,107,406,283,402,248,384,271,370,299
W,355,404,318,377,299,332,333,296,373,271,299,253,276,187,269,145,266,108,340,242,334,164,335,116,338,77,374,254,389,189,394,146,399,107,407,284,402,249,384,271,368,299
W,355,400,318,374,299,328,333,292,371,266,296,250,272,184,266,142,263,105,337,239,331,161,333,113,336,73,372,250,386,186,392,143,397,104,404,280,399,244,381,267,367,295
W,355,398,318,373,296,329,326,293,364,267,294,249,269,183,261,142,259,105,335,237,327,160,328,112,330,72,370,249,382,186,387,143,391,104,402,278,395,245,377,267,364,294
W,353,396,315,371,294,326,324,290,362,264,291,245,267,181,260,139,257,103,331,234,326,157,327,109,330,70,366,245,382,183,387,140,392,102,399,274,391,243,372,267,357,294
W,348,397,310,371,287,325,319,289,357,263,288,246,263,181,255,139,252,102,328,235,321,157,322,108,324,68,364,246,376,182,381,138,386,99,396,275,384,240,366,265,353,293
W,349,395,310,369,288,325,319,290,357,265,288,245,262,181,254,139,250,102,328,235,321,156,322,108,324,66,362,246,375,182,380,139,385,99,394,275,382,239,365,265,353,295
W,348,392,310,367,287,322,317,286,353,259,285,241,260,177,252,135,249,98,326,230,319,152,321,104,324,64,361,241,373,179,378,135,383,96,393,270,379,236,362,261,349,289
W,368,388,335,362,318,318,346,282,383,258,327,243,313,182,311,145,312,111,364,238,368,168,374,125,380,89,395,251,410,193,418,155,426,120,421,280,413,244,395,265,380,290
W,373,374,338,350,319,304,345,267,379,244,322,233,304,175,300,138,299,106,357,226,358,158,364,117,368,83,388,236,401,178,409,140,416,107,416,261,406,230,390,253,376,278
W,367,347,332,327,312,283,336,242,367,214,304,211,281,155,274,118,270,85,340,200,333,133,334,91,334,57,372,207,381,149,384,111,387,77,403,229,394,198,379,222,368,249
W,362,350,326,329,305,285,331,243,364,213,296,212,272,155,264,117,260,83,333,200,324,132,324,89,324,53,366,208,374,148,377,109,379,73,398,230,386,200,370,224,359,250
W,343,367,304,345,279,300,304,256,338,226,271,219,243,159,234,119,229,84,309,207,299,134,300,86,300,47,344,215,350,152,354,110,358,71,377,239,362,208,346,237,336,268
W,340,374,300,352,273,309,294,263,328,231,261,225,231,164,221,124,214,87,299,211,287,136,286,88,285,47,335,219,339,156,340,112,343,72,369,243,353,212,339,241,332,270
W,332,377,292,355,263,309,284,265,320,235,251,226,220,163,208,123,199,86,290,212,277,135,274,87,271,46,327,220,330,157,329,113,329,72,362,244,344,212,331,239,323,269
W,325,368,284,348,256,305,273,259,304,226,240,219,207,158,194,118,185,82,279,206,266,130,264,81,261,40,315,214,318,149,317,104,318,64,350,238,332,207,318,237,309,268
W,330,375,291,354,264,310,284,263,317,229,248,224,218,161,206,119,197,81,287,210,274,133,272,84,270,43,324,219,329,154,330,108,332,68,359,243,342,213,326,240,317,270
W,329,378,290,355,263,311,283,267,316,232,251,225,221,162,209,120,200,83,290,212,279,135,277,86,275,46,326,221,332,157,333,112,335,72,360,247,342,214,326,241,315,271
W,330,372,290,352,262,307,284,262,319,230,252,224,222,162,211,121,203,85,291,210,280,134,278,85,277,45,327,217,333,153,336,110,339,72,362,241,345,211,331,239,322,270
W,336,379,298,355,271,310,291,266,325,234,259,226,230,163,218,121,209,84,298,212,287,136,284,87,282,48,335,220,342,156,343,112,344,73,370,245,355,213,339,240,327,270
W,341,377,301,355,275,310,299,264,332,232,264,224,234,162,224,121,216,85,303,210,292,135,291,86,290,46,339,219,345,156,347,112,351,73,373,244,357,212,342,242,333,272
W,343,386,304,361,280,315,304,271,338,240,269,228,241,165,230,124,223,87,309,215,298,140,297,91,296,51,345,224,354,160,356,116,359,78,379,250,365,218,348,245,337,276
W,345,411,304,381,283,329,312,288,350,257,278,245,250,177,240,133,235,95,320,233,309,153,308,101,309,60,357,245,368,175,372,129,377,90,391,274,375,239,353,265,337,295
W,348,420,303,390,284,340,317,297,356,267,283,251,255,180,246,137,241,99,325,241,317,157,317,106,318,65,362,253,374,184,379,138,383,97,395,285,380,246,359,272,345,302
W,348,426,305,394,287,339,323,298,362,270,288,254,260,184,251,141,247,103,329,244,322,162,322,112,324,72,366,256,381,188,385,142,390,102,399,286,389,251,368,276,352,305
W,354,417,313,390,292,343,324,304,361,276,287,257,260,189,251,146,247,108,329,246,321,165,322,115,323,74,366,257,378,192,383,146,389,104,400,286,386,258,365,284,351,312
W,355,438,313,409,293,360,320,315,354,287,292,277,270,209,263,168,260,131,331,267,324,188,324,140,324,99,364,276,372,209,373,166,371,127,395,304,390,254,374,267,358,292
W,353,430,313,400,295,351,328,308,364,282,293,271,270,203,263,163,262,127,332,261,324,182,324,137,326,96,365,270,372,203,374,161,375,121,397,299,396,249,382,264,369,289
W,360,438,320,411,301,359,334,316,371,287,299,273,275,206,268,165,266,128,340,263,332,185,334,139,337,100,374,273,384,207,389,165,394,127,408,301,409,257,393,274,379,299
W,362,441,323,413,305,361,340,319,377,291,304,276,281,208,274,167,272,130,345,266,338,187,341,141,344,101,380,277,392,210,398,169,403,130,413,307,415,260,400,278,386,304
W,362,443,325,417,308,365,343,323,380,293,306,280,282,213,274,171,270,133,347,269,340,189,342,142,342,103,382,279,394,214,401,172,406,134,415,308,418,264,405,282,391,308
W,364,445,325,417,307,368,342,326,380,297,306,281,282,213,274,172,271,135,348,270,340,190,342,144,344,104,383,281,396,215,402,174,406,135,416,312,420,265,404,282,389,308
W,361,444,323,417,304,366,338,322,377,293,303,278,278,211,270,170,266,132,345,267,338,187,338,140,339,101,380,278,391,211,397,170,401,132,414,307,416,261,401,280,387,307
W,364,440,323,412,304,363,338,321,376,293,304,276,277,209,268,168,264,131,345,265,336,185,336,139,337,99,379,275,390,210,395,168,399,129,412,307,415,259,401,275,386,301
W,364,439,324,411,304,363,337,320,375,292,302,276,275,208,266,168,262,131,343,264,334,184,335,138,336,98,377,274,387,208,393,167,397,128,410,305,412,257,399,274,386,301
W,365,435,325,408,304,359,337,317,375,290,302,274,275,206,267,166,262,129,343,263,335,183,335,136,336,97,379,273,388,206,394,165,397,125,412,303,413,255,399,272,385,300
W,363,437,324,409,306,362,342,320,381,290,304,273,278,204,270,163,266,125,346,263,339,182,339,135,340,94,381,274,394,209,399,166,402,125,413,306,416,258,401,274,387,302
W,359,437,320,408,303,359,340,317,380,290,302,272,276,204,268,163,264,125,344,262,335,182,336,136,337,95,379,273,390,209,396,166,400,125,412,305,414,257,399,273,385,301
W,360,433,320,405,301,356,335,312,372,283,298,269,270,201,259,160,253,123,339,258,329,177,328,130,329,90,374,268,383,201,387,159,390,121,406,299,407,251,393,267,380,295
W,357,432,317,405,297,356,331,314,370,287,296,269,268,202,259,161,254,123,337,258,327,179,327,132,327,92,372,269,381,204,385,160,389,121,405,299,405,253,390,270,377,296
W,358,427,318,400,298,353,330,311,368,282,295,267,267,200,258,158,253,121,335,255,325,175,325,128,325,89,370,265,380,199,384,156,386,116,404,295,404,248,390,264,376,290
W,357,425,316,396,298,350,332,308,368,278,294,266,266,197,256,156,252,118,334,254,323,174,323,126,324,86,369,264,379,199,384,156,386,115,403,295,402,246,389,262,377,290
W,354,423,314,396,295,349,329,307,365,277,289,265,261,199,250,158,243,121,330,254,318,175,317,129,317,90,365,264,373,198,377,156,379,117,399,293,399,247,386,264,373,290
W,355,421,316,394,296,348,328,305,364,275,288,268,258,203,245,163,238,128,327,254,310,178,305,133,303,94,362,263,367,199,368,158,368,121,399,289,399,245,385,259,371,282
W,358,422,318,393,298,349,332,306,368,275,290,268,257,201,243,163,234,127,329,255,309,176,303,130,299,90,364,263,371,198,374,156,374,116,400,292,400,241,387,254,374,280
W,355,418,315,390,294,344,326,299,362,270,287,261,257,194,245,155,238,118,326,249,309,172,305,127,303,88,362,258,367,194,369,154,370,115,397,287,396,240,381,255,367,281
W,367,431,328,400,311,350,346,308,383,281,303,273,277,203,269,161,266,123,342,264,330,187,330,141,331,100,377,274,377,210,377,166,376,126,413,300,416,254,404,264,392,286
W,369,425,330,396,310,346,346,304,385,278,304,268,279,199,271,158,267,121,344,257,332,178,332,132,334,93,380,266,382,201,384,159,384,120,416,293,417,246,406,261,396,284
W,369,418,330,387,310,341,345,296,384,273,305,264,281,195,275,155,273,120,344,255,334,177,336,132,339,93,379,265,375,204,374,164,373,125,414,292,415,243,403,255,394,278
W,372,413,334,385,315,337,348,294,387,269,310,258,288,192,281,152,280,117,350,248,341,173,344,130,347,91,384,258,388,193,390,154,392,117,419,284,421,238,409,251,397,274
W,373,415,336,385,319,336,354,292,393,266,315,260,292,193,286,154,286,119,355,249,347,173,348,131,351,93,389,257,394,193,396,154,397,116,423,285,426,236,413,249,401,274
W,377,414,340,385,323,335,356,292,395,266,321,261,295,197,285,159,280,124,360,250,350,177,348,135,348,98,395,260,410,197,418,159,424,126,428,286,430,238,414,251,399,275
W,374,418,336,388,318,338,355,295,394,269,317,264,293,198,285,160,281,125,357,254,347,178,346,136,347,99,391,263,401,199,405,161,409,126,424,291,427,242,412,255,398,278
W,371,426,332,396,314,347,347,303,384,276,311,270,285,204,275,165,270,130,350,259,338,182,337,137,338,99,383,267,392,203,397,164,399,125,416,297,417,247,403,261,388,287
W,368,428,328,399,308,349,342,305,379,277,307,268,280,201,270,162,266,127,346,258,334,180,333,136,333,97,381,267,389,201,392,161,393,124,414,296,415,247,400,261,386,287
W,357,454,315,434,288,398,302,362,331,330,283,297,254,233,243,192,235,153,323,287,313,207,313,156,313,112,359,299,364,240,365,199,366,160,392,328,387,288,371,306,356,330
W,358,445,314,424,286,387,303,347,336,315,280,289,250,223,239,182,231,144,321,276,311,194,310,143,308,100,357,287,366,221,369,176,370,136,389,318,383,272,368,286,355,308
W,359,448,315,424,289,387,306,346,339,314,284,290,253,222,242,180,235,142,324,277,314,194,313,143,311,100,359,288,369,220,372,175,373,134,392,320,385,270,369,285,356,310
W,361,445,317,422,291,386,308,345,339,311,284,288,254,221,242,180,236,142,324,274,315,193,314,142,314,99,360,285,370,219,373,174,374,134,393,316,388,269,373,280,358,303
W,352,434,307,411,280,375,298,336,330,304,271,280,238,214,226,173,219,135,312,266,300,186,299,135,298,91,348,277,358,212,360,166,360,126,381,307,376,262,360,276,345,299
W,358,435,313,413,286,379,303,339,336,308,279,282,246,218,233,177,224,140,318,268,306,188,304,138,301,95,354,277,363,213,364,168,363,127,388,307,379,262,363,280,350,306
W,359,436,314,413,286,380,304,342,337,312,279,285,244,220,231,179,223,141,318,272,305,192,304,142,302,99,354,281,362,219,364,173,363,132,387,310,379,265,363,280,351,304
W,363,438,316,418,288,385,305,345,337,312,279,288,246,222,233,180,225,143,319,274,307,193,306,144,303,101,355,283,363,219,364,175,364,135,389,312,381,267,367,282,356,306
W,365,431,319,409,291,376,307,336,339,303,282,281,249,217,235,177,227,140,321,266,309,188,306,140,303,98,357,275,365,212,365,168,362,130,391,304,383,260,368,271,354,293
W,361,425,314,402,286,368,305,328,339,298,277,275,243,211,231,171,223,134,317,261,303,184,302,135,299,93,352,269,359,209,359,165,357,124,386,298,375,254,358,271,345,297
W,364,427,317,403,289,369,308,327,341,297,281,276,247,211,233,172,225,134,320,262,306,183,304,135,301,92,356,270,362,209,362,165,360,124,389,302,379,254,362,267,348,294
W,363,428,316,406,289,369,311,327,345,295,282,277,249,212,236,172,227,135,322,263,308,184,304,136,301,93,357,271,364,208,364,164,361,125,390,301,380,253,365,269,352,295
W,365,427,318,405,290,368,311,327,346,297,283,275,249,211,235,172,226,135,322,261,308,182,305,134,301,91,357,269,364,206,364,163,362,123,390,299,380,252,367,269,356,295
W,361,425,316,403,287,369,306,328,340,296,281,275,247,210,233,171,224,134,320,260,307,181,303,133,299,91,355,269,362,207,363,164,360,123,389,298,379,252,363,269,350,296
W,364,426,316,404,289,367,309,326,342,295,282,274,249,209,236,169,227,131,321,260,307,181,304,132,301,90,356,269,363,206,364,163,361,122,389,298,379,250,364,266,352,292
W,367,430,319,407,292,370,312,327,346,296,285,275,252,210,239,170,231,133,324,261,311,182,308,135,304,92,359,269,366,206,366,163,363,123,392,299,383,251,369,266,357,290
W,369,429,323,408,296,372,316,331,349,298,289,276,256,213,243,173,236,136,328,263,314,185,312,136,310,95,362,272,370,210,371,166,370,127,395,300,384,255,371,272,360,297
W,381,433,337,411,311,372,333,332,368,302,301,281,270,218,257,177,249,140,341,267,327,188,324,139,321,96,376,275,384,211,386,168,386,128,410,302,403,258,391,276,382,302
W,380,429,335,407,309,369,334,327,370,296,302,276,269,210,257,169,250,132,342,262,328,181,327,131,325,87,377,270,386,205,390,160,390,120,411,299,406,250,393,267,381,294
W,379,431,334,410,307,369,329,327,365,295,299,273,270,209,258,168,250,130,340,259,327,180,325,131,322,88,376,268,384,202,386,159,386,120,410,295,403,251,391,267,380,291
W,377,430,331,406,306,365,333,324,369,295,299,275,268,209,255,168,248,131,339,261,326,181,323,131,321,88,374,270,383,205,386,161,386,121,408,299,404,252,390,266,377,292
W,379,434,332,410,307,373,327,328,363,300,299,280,265,211,253,170,246,133,339,266,324,184,322,134,319,91,374,274,381,210,384,165,383,122,408,306,402,254,387,267,374,294
W,375,434,331,413,303,374,326,333,362,302,296,282,264,216,252,174,245,136,336,267,323,186,321,136,319,93,372,276,381,210,384,165,383,125,406,304,402,258,389,272,376,295
W,375,432,331,410,305,372,327,331,363,302,296,281,264,216,253,175,247,138,335,267,322,188,320,138,318,94,371,276,379,213,382,168,382,127,404,304,399,258,386,274,375,298
W,372,436,330,415,304,374,325,332,358,299,293,284,262,219,251,178,245,140,332,269,320,191,318,142,316,99,368,278,378,214,380,169,380,130,402,304,396,262,382,276,369,298
W,372,437,328,415,302,375,323,336,358,306,296,285,265,220,254,179,247,142,335,271,324,192,321,143,319,100,370,281,379,215,381,171,381,132,404,308,398,264,384,278,372,300
W,368,437,325,416,298,377,320,338,355,308,292,286,261,222,251,181,244,144,331,273,320,194,319,144,318,101,367,282,377,217,380,173,381,134,400,310,396,267,381,283,368,306
W,368,432,324,411,297,373,318,334,353,305,289,283,258,220,247,180,241,143,328,269,316,192,314,143,313,99,364,278,373,215,375,171,375,132,397,305,391,264,376,280,363,303
W,367,435,321,412,295,375,316,335,350,306,288,282,256,217,243,178,235,142,327,268,314,189,311,140,308,97,362,277,369,214,370,170,369,130,395,307,385,260,372,275,361,300
W,364,431,317,409,291,368,314,329,348,301,286,279,254,215,242,175,235,139,325,265,312,186,310,137,308,95,360,274,369,209,370,165,370,126,393,302,384,257,368,275,355,302
W,368,434,324,412,298,374,317,332,349,298,289,279,258,216,245,176,238,139,328,265,316,187,313,138,311,96,363,274,371,211,372,167,371,128,396,302,390,260,375,273,361,295
W,368,433,322,409,297,372,318,331,353,302,290,280,258,214,247,174,242,138,329,266,316,187,314,138,313,95,364,275,372,212,374,168,374,127,397,306,390,259,375,272,362,295
W,370,429,327,408,301,370,320,330,352,298,291,278,261,215,250,176,243,139,330,264,319,188,317,140,314,98,365,273,374,210,375,167,374,129,398,299,390,257,376,273,365,296
W,370,426,327,404,302,366,324,327,358,296,293,277,263,215,251,176,244,140,332,263,319,187,317,140,316,98,366,271,375,210,378,167,378,129,399,299,394,256,381,271,369,295
W,371,430,327,405,303,369,328,328,363,300,297,282,267,217,256,178,251,142,336,268,323,190,322,143,321,101,370,277,379,215,382,172,382,132,401,307,397,260,383,273,372,298
W,371,435,328,413,304,372,328,332,363,304,298,283,271,220,261,180,255,144,337,271,327,194,326,147,325,106,372,280,381,216,383,174,384,137,404,308,398,263,385,278,374,302
W,376,434,333,411,310,373,335,335,370,308,304,285,276,221,266,182,261,146,343,272,332,196,331,150,330,109,377,281,386,219,389,178,391,140,409,310,404,265,392,279,381,303
W,372,437,329,415,306,374,332,337,369,311,302,289,274,226,265,186,259,150,341,277,330,200,330,153,330,111,374,286,385,223,390,181,392,143,406,314,404,270,392,286,380,310
W,373,440,330,417,306,378,332,340,370,314,304,291,276,225,266,186,261,150,343,279,333,201,333,153,333,111,377,288,388,226,392,184,395,144,409,318,405,271,392,287,381,312
W,372,444,330,422,307,383,331,347,367,319,303,295,275,232,265,192,258,156,342,283,332,205,331,157,330,116,376,292,386,228,389,185,391,147,408,320,403,275,391,292,380,317
W,372,447,328,425,304,385,331,347,368,321,303,296,274,232,264,191,258,155,341,284,332,206,332,158,331,116,375,293,386,230,390,187,392,149,407,322,404,278,391,293,380,318
W,372,447,331,426,306,386,330,349,366,322,303,297,274,233,265,193,259,157,342,285,333,207,332,160,332,119,376,294,387,231,391,189,393,151,408,323,404,280,391,296,380,320
W,371,449,329,428,304,389,328,353,364,325,302,300,274,236,264,195,258,159,340,288,331,209,331,161,331,121,375,298,385,233,390,191,392,153,407,326,402,283,390,300,379,324
W,371,449,329,428,302,389,325,353,361,326,300,299,272,235,262,195,256,159,338,287,330,210,329,162,329,120,373,297,384,234,388,192,390,153,405,324,402,283,388,298,377,322
W,371,446,329,427,303,388,325,352,360,324,299,298,271,234,261,194,255,157,338,285,329,207,328,160,328,118,372,294,383,231,387,189,389,151,404,322,400,281,387,298,375,322
W,370,448,328,426,302,387,325,352,360,325,299,299,272,236,262,195,256,159,337,287,329,209,328,160,327,118,372,297,382,232,386,190,388,151,405,324,400,283,388,299,377,322
W,370,447,327,426,302,387,323,350,358,322,299,296,271,233,262,193,256,156,338,283,328,206,327,158,326,117,372,293,382,230,386,187,388,149,404,321,400,280,387,295,375,317
W,370,448,328,427,302,387,325,351,360,323,299,297,272,234,262,193,256,157,338,284,329,207,328,159,327,118,373,294,383,230,387,188,389,150,406,322,401,281,388,297,376,320
W,369,451,325,429,300,390,325,352,360,324,297,300,269,234,259,194,253,157,337,288,327,209,326,161,326,119,371,298,381,234,385,191,387,153,403,327,399,282,387,297,377,320
W,370,445,328,426,301,389,322,352,356,323,296,296,269,233,259,192,252,156,336,283,327,205,326,156,324,114,371,293,380,229,384,186,385,148,403,321,397,279,384,296,374,321
W,368,445,326,423,300,386,323,347,358,318,296,295,267,230,257,189,251,152,335,283,325,204,325,156,325,113,370,293,380,229,384,185,386,146,402,322,398,277,384,293,372,318
W,365,445,321,423,296,384,320,347,354,320,292,295,262,230,252,190,246,153,331,282,321,203,321,155,321,113,365,292,377,229,381,186,384,147,397,321,390,278,376,296,364,321
W,367,448,324,427,297,387,319,350,353,320,293,296,265,231,255,190,248,154,332,283,323,205,322,156,321,114,367,294,377,230,380,186,382,148,399,322,394,280,381,295,369,316
W,363,445,320,424,294,387,316,350,352,323,289,296,261,230,251,190,245,154,329,283,321,203,319,154,317,113,364,292,375,229,378,186,379,147,396,321,392,279,379,292,367,314
W,362,446,320,424,293,388,313,353,348,325,288,297,260,233,250,192,243,155,328,285,319,205,319,156,317,115,362,295,373,230,376,186,378,147,395,323,387,280,374,297,363,321
W,362,444,320,424,292,386,313,349,347,319,287,295,259,231,249,191,242,154,326,281,317,203,316,155,314,114,361,291,371,227,374,185,376,147,393,317,387,279,373,295,362,316
W,360,448,316,427,290,389,310,352,343,322,285,296,256,232,245,192,239,155,324,284,315,205,313,156,312,114,359,294,368,230,371,187,373,148,391,322,383,279,370,294,360,318
W,363,445,319,423,293,385,314,347,349,319,288,293,259,229,249,189,243,153,328,281,318,201,317,153,315,111,363,291,373,227,375,184,376,144,396,320,387,274,373,291,364,317
W,363,445,319,424,292,387,313,350,348,321,288,293,258,229,248,189,240,153,328,281,318,202,316,153,314,112,363,291,373,229,375,185,375,146,395,320,386,277,371,293,360,317
W,364,444,321,423,293,385,315,348,350,320,288,293,261,229,251,188,244,152,328,280,319,201,317,152,315,111,363,290,374,227,377,184,378,145,395,318,387,276,373,293,362,317
W,364,447,320,426,293,387,316,351,351,322,290,295,262,231,252,191,245,154,329,282,320,203,319,155,318,113,365,292,375,227,378,184,380,146,398,320,391,278,378,296,369,320
W,363,446,320,425,293,388,314,351,349,323,289,296,261,232,251,192,245,155,329,284,319,205,318,156,317,114,363,294,373,231,376,186,377,147,396,322,387,280,373,296,363,319
W,362,446,319,425,292,386,315,350,349,322,288,297,261,234,251,194,244,157,327,284,318,206,317,158,316,117,362,294,372,230,375,188,376,150,394,320,388,283,375,298,364,318
W,364,448,319,426,293,389,314,352,348,324,289,297,261,232,250,192,243,156,328,284,319,205,318,156,316,115,363,294,373,231,376,187,377,149,396,323,389,281,375,295,364,318
W,362,448,318,427,292,392,310,356,343,326,288,297,260,233,249,193,243,157,327,284,318,205,317,156,316,115,362,295,373,231,376,188,378,150,395,324,388,281,373,295,362,318
W,363,447,319,426,291,388,312,351,347,323,288,296,261,232,250,192,244,155,328,283,318,205,317,157,316,116,363,293,372,229,375,186,377,148,395,321,388,280,375,295,364,318
W,363,448,320,426,292,391,311,355,346,327,290,298,261,235,251,195,244,158,329,286,319,207,318,159,317,117,364,296,373,234,376,191,378,152,396,325,386,282,372,298,363,321
W,363,448,320,428,292,391,313,355,348,325,290,298,262,234,253,193,247,157,330,286,321,207,320,158,319,117,365,297,375,233,378,190,380,151,398,325,389,283,375,299,364,323
W,364,446,321,426,293,386,316,351,351,323,290,294,264,231,254,191,247,154,331,282,324,204,323,156,322,114,366,292,377,229,381,187,385,149,399,320,389,280,376,300,366,324
W,366,448,322,425,296,386,319,350,353,322,295,294,269,231,259,190,253,154,335,282,327,204,326,156,325,114,370,293,381,229,385,186,386,148,402,321,397,281,381,294,367,316
W,365,448,322,426,295,387,317,353,354,327,295,297,268,234,259,194,253,157,334,285,327,207,326,159,325,117,370,296,381,233,384,190,387,152,402,324,395,285,380,301,368,324
W,366,448,323,426,296,388,318,352,354,323,294,297,268,233,259,192,253,155,334,285,326,207,326,158,325,115,369,296,380,231,384,187,386,148,402,323,395,282,381,298,370,321
W,367,448,324,427,298,388,322,353,358,326,297,297,270,234,261,193,256,156,337,285,329,207,329,159,328,117,372,296,383,233,386,189,388,150,404,324,398,282,384,298,372,322
W,367,450,324,428,298,388,323,353,359,326,297,297,271,234,263,193,257,156,337,285,330,207,329,158,328,117,372,295,383,232,388,189,390,151,404,323,399,283,385,299,374,322
W,369,447,325,426,299,387,324,352,362,326,299,298,273,234,264,194,258,157,338,285,331,208,331,160,331,118,373,295,385,233,390,191,392,153,406,323,402,283,388,299,376,322
W,370,447,327,426,301,389,324,353,360,325,299,297,271,232,262,192,256,155,338,285,329,207,330,159,330,117,373,295,384,233,388,190,391,151,405,325,400,282,387,299,376,324
W,370,447,328,426,301,389,323,353,358,324,298,297,272,232,263,191,258,154,338,284,330,206,330,157,330,115,373,295,384,231,388,188,390,149,405,324,401,281,387,297,375,322
W,371,446,328,426,302,391,326,354,364,327,301,297,275,232,266,192,261,156,341,285,333,206,333,158,332,116,375,295,386,232,391,189,394,150,408,325,402,281,389,297,377,321
W,371,448,327,426,303,387,329,352,365,324,302,296,276,232,267,191,262,155,342,284,335,206,335,158,334,116,376,295,389,231,394,188,397,150,408,324,404,281,389,297,377,322
W,371,448,328,427,302,388,328,354,365,327,301,298,276,234,267,193,262,156,341,285,334,207,334,159,335,117,376,296,389,232,394,190,398,153,408,324,404,283,391,299,379,322
W,369,449,325,428,298,389,323,353,361,327,299,297,274,234,266,193,260,157,339,285,333,207,333,158,333,116,375,295,387,232,392,189,395,150,407,325,402,282,389,300,378,325
W,371,447,328,427,302,389,325,354,359,325,300,298,275,234,266,193,260,156,340,286,333,208,333,159,333,118,375,297,387,233,392,190,395,153,408,326,402,284,388,300,376,324
W,364,449,322,428,295,389,318,354,354,328,295,297,269,233,261,192,255,156,335,285,328,207,329,159,329,118,370,296,382,232,387,190,390,152,402,324,397,283,383,300,372,324
W,364,450,321,428,295,388,321,352,357,325,295,297,270,233,261,192,255,155,335,285,328,206,329,158,329,116,370,295,383,230,388,188,392,150,403,324,398,283,384,300,372,324
W,368,447,324,428,297,389,321,353,356,326,295,297,271,233,262,192,256,155,335,284,328,207,328,158,328,117,370,295,382,231,388,189,391,152,403,323,399,283,385,298,371,320
W,364,448,321,427,295,387,319,351,356,324,294,295,269,230,260,190,255,153,334,283,328,204,328,155,328,113,370,294,381,228,387,186,391,148,402,323,398,281,385,296,373,319
W,366,448,322,426,294,386,319,351,356,325,295,296,269,231,260,190,254,153,335,284,328,205,328,156,328,114,370,294,381,230,386,187,388,149,402,323,397,281,383,297,371,321
W,365,444,323,424,297,386,320,350,356,322,296,294,271,231,263,191,258,154,336,282,329,205,329,157,328,116,371,293,383,230,387,188,390,150,403,320,398,281,384,297,372,320
W,365,451,322,431,297,391,322,355,358,327,296,300,271,235,263,195,258,158,336,288,330,209,330,160,331,118,371,299,383,234,389,192,392,153,403,327,399,285,386,302,374,326
W,367,447,323,426,296,388,320,352,359,326,297,296,272,232,263,192,257,155,337,284,330,205,329,156,329,114,372,294,384,231,389,188,393,149,405,324,398,282,384,298,373,321
W,366,447,322,426,296,386,322,350,359,323,296,297,271,232,262,191,256,154,336,285,329,206,329,158,328,116,371,295,384,232,388,189,391,150,404,324,400,282,385,298,372,321
W,365,448,322,426,297,388,322,352,358,324,296,297,269,232,261,191,255,154,336,285,328,205,328,157,328,115,371,295,383,232,388,189,391,150,403,325,398,281,385,297,374,322
W,368,447,324,425,298,386,322,351,361,325,300,296,275,231,266,190,260,154,340,285,333,206,333,158,333,116,375,295,387,233,391,190,395,151,406,326,400,282,385,299,373,324
W,365,449,321,427,298,384,326,346,364,320,299,295,274,230,266,189,261,152,339,284,332,205,332,157,332,114,374,294,387,230,392,188,396,150,405,323,401,279,388,296,377,320
W,367,445,324,423,298,384,324,348,362,322,300,294,274,230,265,190,261,153,339,283,332,205,332,157,332,115,373,293,386,230,391,187,394,149,405,322,402,279,388,295,377,319
W,368,448,324,425,300,385,326,348,364,322,300,295,275,229,266,189,261,152,340,284,333,204,333,156,333,114,374,294,387,230,392,187,396,149,406,324,402,278,389,294,378,318
W,368,445,325,423,301,385,326,350,362,322,300,295,275,231,266,190,262,153,340,284,332,207,332,159,332,117,374,294,387,232,392,190,394,151,406,324,404,281,390,296,377,320
W,368,448,323,424,299,384,327,346,365,321,301,294,275,227,266,186,262,150,341,283,334,202,334,154,334,112,375,293,388,229,394,187,397,147,406,325,402,276,389,291,378,318
W,368,448,324,425,299,389,323,351,360,325,300,297,273,230,265,190,260,153,339,286,331,206,331,158,331,116,373,296,385,234,391,191,394,151,404,327,402,281,388,294,376,319
W,367,444,325,423,300,382,325,348,361,321,299,294,274,230,266,190,261,153,338,282,332,205,332,157,332,115,373,293,385,230,391,188,395,150,404,321,402,280,388,296,376,319
W,367,443,324,421,300,381,327,345,364,319,300,291,277,227,269,186,264,149,340,280,335,201,335,153,335,111,375,290,388,227,394,185,398,147,406,319,402,276,389,292,378,317
W,369,445,325,421,300,382,328,345,366,320,302,292,276,226,268,186,263,150,342,281,336,201,336,153,335,111,376,291,389,229,394,187,398,147,407,322,402,277,389,294,379,320
W,366,444,324,422,300,382,327,346,365,320,301,292,277,228,269,187,264,151,341,280,335,202,336,154,336,112,375,291,389,227,395,186,398,148,406,319,404,277,392,294,381,317
W,371,442,328,419,303,378,331,343,370,319,305,291,281,226,273,185,268,149,345,279,339,201,340,154,340,112,379,290,393,227,398,186,402,148,410,319,405,277,392,294,381,319
W,371,442,329,420,304,381,329,345,366,319,304,291,280,226,272,186,267,149,343,280,337,202,338,154,338,112,377,290,390,227,396,185,400,147,408,320,406,276,393,292,382,317
W,370,444,327,421,304,382,330,347,367,321,303,292,280,228,272,187,268,150,343,281,337,203,338,155,338,113,377,291,391,229,397,187,401,148,408,321,406,278,393,294,381,318
W,370,446,327,423,304,384,330,347,367,320,304,294,279,228,271,187,267,150,343,283,337,204,338,156,338,114,377,293,391,230,397,188,401,149,409,323,406,279,392,295,381,320
W,369,444,327,422,304,383,328,347,364,321,303,295,278,230,270,189,265,153,342,284,335,206,336,158,336,116,376,295,389,232,395,190,399,151,407,324,404,280,390,296,379,320
W,368,443,324,420,301,381,329,345,366,320,303,294,278,229,270,189,265,152,342,283,336,204,337,156,336,114,376,293,389,230,395,187,398,149,406,323,403,277,389,292,378,317
W,369,445,325,423,301,384,327,348,364,322,301,294,276,229,268,189,263,152,341,283,335,205,336,157,336,116,375,293,388,231,394,189,398,150,406,322,403,279,389,295,378,319
W,366,445,323,422,300,382,327,345,366,320,301,293,277,228,268,187,263,151,341,282,336,203,336,155,335,113,375,293,389,229,393,187,397,148,406,324,402,278,389,294,378,319
W,368,449,323,425,299,385,326,348,364,322,301,294,276,228,268,187,263,150,341,283,334,204,334,155,334,113,375,294,388,230,393,187,397,148,406,324,401,278,388,294,378,319
W,370,442,327,420,303,382,328,345,365,318,302,292,277,227,269,186,264,150,342,281,335,202,335,154,335,112,376,291,388,229,394,186,397,148,407,321,403,275,390,291,380,316
W,367,444,323,422,299,382,326,347,364,321,301,292,277,227,269,186,264,149,341,280,335,202,336,154,336,113,375,291,388,228,393,186,397,148,406,320,403,278,389,294,377,319
W,369,445,326,423,302,383,327,347,364,320,302,294,277,229,269,188,264,151,341,283,335,204,336,156,336,114,376,293,390,229,395,187,399,150,407,322,402,279,389,296,379,321
W,368,445,324,421,301,380,327,343,366,318,302,291,278,226,270,185,265,148,342,280,336,201,336,154,336,112,376,290,390,226,395,184,398,147,407,320,403,275,390,292,378,316
W,368,448,324,425,299,386,325,348,363,322,301,294,276,228,268,187,263,151,341,283,335,203,335,156,335,114,375,293,388,229,394,188,397,149,406,324,401,278,389,295,379,321
W,364,448,321,424,298,382,325,346,363,321,299,293,276,229,267,188,262,151,339,282,333,204,334,157,334,115,374,293,387,229,392,187,396,149,405,322,402,280,388,297,377,322
W,364,438,319,413,295,373,321,337,360,313,297,284,272,219,264,179,260,142,337,273,330,195,331,146,331,104,372,284,385,221,389,178,392,139,403,314,398,270,383,286,371,311
W,362,438,317,414,294,375,321,337,359,311,295,285,268,217,259,177,255,140,335,275,327,194,327,146,326,102,369,285,380,221,386,178,388,136,399,317,394,268,380,282,368,308
W,361,435,315,409,289,368,320,332,359,311,294,281,267,212,257,173,251,138,334,270,327,188,326,140,326,99,368,280,380,215,385,173,388,132,398,314,391,263,377,279,365,308
W,362,438,315,413,291,373,320,334,359,311,294,284,267,214,258,174,253,138,335,275,326,192,326,143,325,100,369,285,380,220,385,177,386,134,399,320,392,267,377,281,365,310
W,362,434,317,410,292,369,318,332,356,306,293,279,268,214,259,173,254,137,333,268,326,188,325,140,325,98,367,279,380,215,383,173,385,134,399,310,393,265,378,281,366,306
W,360,431,315,407,289,367,316,330,355,306,291,279,266,213,257,173,252,136,331,268,323,189,323,141,323,98,365,278,378,216,382,173,384,134,396,308,389,265,374,281,363,305
W,363,432,317,405,292,367,318,328,357,304,295,278,268,211,259,172,254,136,335,267,327,187,326,139,326,97,369,277,379,215,383,172,385,130,400,311,393,261,379,275,368,302
W,365,432,320,408,294,367,320,330,359,305,296,279,270,213,261,173,255,136,336,268,328,189,327,142,326,100,370,279,381,216,385,173,387,133,401,309,394,263,379,279,367,303
W,364,430,321,405,297,366,322,329,359,302,297,279,271,213,262,173,257,137,336,268,329,189,328,142,328,100,371,279,382,216,387,172,389,133,402,309,396,264,381,278,369,302
W,365,435,320,408,295,372,322,334,360,308,298,281,271,214,263,174,259,137,337,270,329,190,329,142,329,100,371,280,383,217,388,175,390,134,401,313,398,265,384,278,373,304
W,364,433,319,408,295,370,322,333,359,308,297,281,271,214,263,174,259,137,337,270,329,191,329,143,329,101,371,281,382,218,387,175,389,135,401,313,397,265,383,278,370,303
W,364,437,318,411,293,372,321,334,359,310,297,283,270,215,262,174,258,138,337,272,329,192,329,144,328,103,371,283,383,220,388,177,391,136,402,315,398,268,383,281,370,306
W,363,432,318,407,293,367,321,331,359,307,296,279,270,213,262,173,258,136,336,269,329,189,329,142,329,99,371,279,383,217,388,174,390,134,402,311,397,265,381,281,369,306
W,368,434,324,407,302,369,330,330,367,303,305,279,280,212,272,173,268,136,344,268,337,190,337,143,336,102,378,279,389,216,394,175,396,135,408,311,404,263,389,276,378,301
W,370,434,325,404,302,368,327,328,365,305,305,280,279,211,271,171,268,135,345,270,337,189,338,143,338,101,378,281,389,217,395,175,397,134,408,316,404,263,390,273,377,298
W,365,433,319,402,299,363,331,323,371,301,304,275,279,205,272,166,270,130,344,265,337,184,338,138,340,96,378,275,391,214,398,172,402,130,408,310,407,260,392,271,378,297
W,368,426,323,397,301,360,331,320,369,298,305,273,280,205,272,166,269,131,344,262,336,183,336,138,337,97,377,272,388,211,394,170,396,129,407,307,406,258,392,267,377,290
W,369,429,322,398,300,363,332,323,371,303,306,277,280,206,272,168,270,133,346,265,338,184,339,139,339,98,377,275,389,215,396,173,399,131,407,313,405,260,391,270,377,295
W,365,430,317,400,296,363,326,322,364,302,302,276,276,206,268,167,264,132,341,265,334,182,335,136,335,96,374,275,385,211,392,170,395,128,404,312,400,258,386,269,372,297
X,343,325,312,303,284,256,293,212,324,195,314,195,321,152,316,137,311,130,346,203,341,184,326,230,329,236,374,220,365,218,345,257,348,255,400,242,387,245,368,269,369,268
X,344,321,312,299,286,251,295,207,325,191,313,191,320,151,314,135,312,124,346,199,342,178,326,227,329,232,374,215,367,212,346,253,349,251,399,237,388,239,369,263,370,263
X,344,324,313,301,287,254,296,212,327,195,314,194,321,153,317,138,314,128,346,203,344,182,328,228,331,234,374,219,368,217,347,256,349,254,400,241,391,242,370,266,368,267
X,346,320,316,298,290,253,299,211,329,191,316,191,322,149,318,133,316,126,348,199,346,179,329,226,331,232,376,216,370,214,349,253,350,251,402,238,392,239,372,264,371,264
X,346,320,315,298,289,251,297,208,327,189,316,190,321,148,317,131,315,126,348,198,345,177,329,225,330,231,376,215,369,212,347,251,349,251,402,237,392,237,372,262,371,263
X,346,322,314,299,288,253,299,210,329,190,314,193,318,153,316,137,316,124,347,201,345,180,329,227,332,232,375,217,369,212,348,252,350,250,401,238,393,235,372,260,370,262
X,344,320,313,298,287,250,297,207,326,187,314,189,320,148,316,131,314,124,346,198,344,176,327,225,329,230,374,214,369,211,347,251,349,249,400,236,392,236,371,261,370,261
X,340,319,310,297,283,250,291,206,322,187,311,187,317,145,312,128,309,124,343,196,340,176,324,224,325,230,371,213,364,210,343,250,345,249,397,235,386,237,367,262,366,262
X,341,322,309,299,282,251,292,207,323,189,310,191,318,148,314,132,310,123,342,200,338,177,323,224,325,231,370,217,362,213,342,252,345,251,396,239,385,239,366,263,368,263
X,340,321,308,298,281,249,290,205,322,186,308,189,314,147,310,132,308,121,341,198,338,175,321,224,326,230,369,214,363,209,342,250,345,249,396,237,386,235,366,261,366,262
X,340,320,309,297,283,253,289,210,316,188,303,192,309,150,304,133,304,122,336,200,337,175,321,222,322,228,366,215,362,211,341,249,342,246,392,236,384,237,365,261,364,260
X,339,317,307,295,280,249,288,206,316,185,304,188,309,144,304,128,302,120,336,198,336,172,320,220,321,226,365,216,362,205,341,246,342,246,391,239,385,232,366,257,364,260
X,343,318,309,296,281,249,288,205,317,184,304,187,309,145,304,130,301,119,337,197,335,172,320,222,322,228,366,214,361,206,341,248,344,246,393,236,385,232,367,258,368,259
X,343,315,310,295,281,249,286,205,315,183,307,184,311,141,305,124,302,118,339,191,335,172,320,222,324,227,369,207,361,207,341,248,345,246,396,229,385,233,366,259,366,259
X,343,320,307,297,276,252,278,209,308,191,313,184,320,136,308,120,296,125,345,190,327,175,313,221,320,230,374,208,350,215,333,252,340,252,400,233,373,244,357,268,363,267
X,345,325,305,296,277,250,274,206,304,192,321,182,328,130,311,115,294,123,355,189,326,174,313,219,321,228,383,207,344,215,331,252,340,252,405,232,364,247,353,272,364,270
X,344,327,300,292,271,244,266,202,294,189,321,176,328,120,305,108,284,119,355,184,321,166,306,214,318,224,383,203,337,209,324,248,336,249,404,228,357,243,346,269,359,268
X,345,326,297,291,266,246,255,207,278,189,322,174,327,118,302,108,279,120,355,182,309,167,295,214,310,227,380,200,323,209,312,249,327,254,397,226,344,241,335,268,348,270
X,355,325,303,289,269,246,250,211,262,191,329,171,329,116,299,108,274,122,358,179,295,171,284,215,301,228,376,198,307,215,303,249,320,252,386,224,329,244,322,267,336,269
X,367,327,312,286,281,245,261,214,259,192,339,170,328,116,295,108,270,120,359,180,283,176,277,218,297,232,369,201,289,219,293,253,314,255,372,227,306,249,311,273,331,273
X,371,328,319,287,289,247,268,217,258,193,344,168,325,114,290,110,266,126,361,179,280,180,277,220,298,233,367,200,285,220,291,253,312,256,366,226,301,248,305,273,324,274
X,369,334,324,291,294,248,271,219,259,198,347,174,324,121,291,119,269,135,360,184,277,185,274,223,294,235,363,205,280,223,289,254,311,256,361,231,296,250,303,273,324,274
X,366,326,322,283,295,242,271,213,258,191,345,169,322,119,289,114,266,126,357,178,276,179,275,213,295,225,358,198,278,214,287,244,307,246,353,223,291,242,297,263,315,264
X,367,324,322,281,296,239,273,212,260,193,348,171,323,119,290,115,267,129,358,181,277,182,276,214,296,225,358,201,278,217,287,244,307,247,352,227,291,243,298,264,317,266
X,369,327,327,285,300,243,278,214,266,192,353,173,330,121,297,117,275,131,364,182,282,182,281,215,301,226,364,201,284,218,293,246,313,248,358,225,296,245,302,267,320,267
X,369,325,334,282,307,238,281,212,265,193,353,171,328,120,295,115,273,129,362,182,280,181,279,213,298,224,361,203,281,218,290,245,311,247,355,229,294,246,301,267,320,268
X,371,328,336,284,310,239,285,211,270,193,354,173,329,121,297,116,275,131,363,183,280,184,279,216,299,227,363,203,283,219,292,246,313,248,358,228,297,245,304,267,323,268
X,373,327,331,284,304,242,281,213,268,193,354,171,333,119,300,114,277,128,366,181,284,181,282,215,302,226,367,201,286,217,294,246,315,248,362,226,299,244,305,266,324,267
X,371,331,322,290,295,250,277,220,275,196,354,176,344,124,312,117,288,130,372,186,299,178,291,218,309,230,380,205,301,219,303,252,323,255,380,231,314,250,318,274,337,274
X,355,322,309,282,279,238,266,201,283,187,345,172,349,121,321,112,295,125,372,183,313,172,298,212,312,226,389,203,321,214,315,246,330,252,396,229,339,244,332,267,346,271
X,351,323,306,283,279,238,267,202,284,186,337,175,342,122,316,114,292,126,367,184,317,169,302,211,314,226,387,202,326,210,318,246,332,253,400,227,344,241,337,266,350,270
X,348,319,305,283,277,237,265,202,279,185,333,171,340,118,316,108,292,120,363,179,317,163,300,205,310,221,384,198,325,206,315,242,329,249,397,222,343,237,335,262,349,265
X,344,319,304,287,278,241,273,202,297,185,320,174,326,121,308,110,291,124,352,181,323,165,310,210,319,220,379,198,339,205,327,242,337,244,399,221,359,235,349,260,361,259
X,349,319,315,294,288,247,291,205,318,185,320,185,327,139,318,122,308,122,352,193,342,172,326,219,330,230,381,210,364,210,345,249,352,251,407,233,387,237,369,262,374,262
X,350,318,318,294,292,247,297,205,325,184,324,189,331,145,323,128,316,125,354,198,347,174,330,220,334,231,382,215,368,211,349,249,355,252,408,238,390,237,372,261,376,262
X,352,313,318,290,292,241,299,197,328,178,322,182,329,140,322,122,317,118,353,191,348,167,331,215,335,226,382,208,371,201,349,243,354,245,408,231,394,229,374,255,376,257
X,356,322,324,298,297,249,305,204,334,184,329,192,337,147,330,130,326,124,359,203,356,173,337,222,341,231,387,221,379,208,357,250,364,252,413,243,402,236,382,261,386,263
X,357,325,325,301,299,252,306,208,335,187,331,194,339,150,332,131,326,127,361,205,358,175,339,223,343,233,389,223,379,212,358,252,364,254,415,246,401,238,382,264,386,266
X,357,318,325,293,300,245,306,202,335,182,330,185,337,143,331,124,327,120,361,195,359,169,339,217,343,228,389,214,380,206,357,245,363,248,415,238,401,235,381,258,384,260
X,357,319,325,293,300,246,308,203,336,182,330,185,338,143,332,125,328,121,361,197,360,169,340,217,343,227,389,215,383,206,359,246,363,248,414,239,405,234,384,258,385,260
X,359,322,327,297,301,248,309,204,338,184,331,191,339,148,332,130,329,122,362,204,360,174,340,222,344,229,389,223,384,210,360,250,366,250,415,246,406,238,385,262,387,263
X,357,315,327,292,302,249,308,207,335,184,320,183,320,142,316,123,317,119,353,192,355,166,339,215,339,223,384,209,381,202,359,243,358,244,411,233,405,229,384,255,381,258
X,355,313,325,290,297,246,304,204,332,182,317,183,317,141,312,123,312,117,350,191,348,166,334,215,335,222,380,208,377,199,356,241,356,242,409,230,403,223,383,250,380,253
X,354,319,323,296,296,251,303,209,332,187,316,190,318,147,314,129,311,121,349,198,347,170,334,219,335,228,380,215,375,206,356,247,357,247,409,237,401,229,382,256,379,259
X,356,317,326,296,298,252,304,210,332,188,318,188,320,145,316,128,313,121,351,195,350,172,336,220,338,228,382,211,377,208,358,248,358,247,410,232,403,231,384,257,380,259
X,356,313,325,290,297,246,305,203,333,180,317,181,317,139,313,122,312,115,350,189,349,165,335,214,337,221,381,205,377,200,357,242,357,241,410,227,403,226,383,253,379,253
X,356,308,324,286,295,242,301,200,329,177,317,176,318,134,313,118,311,113,351,182,349,165,334,213,336,219,382,198,376,201,355,240,356,237,411,221,401,228,381,252,379,250
X,356,315,325,293,298,249,305,206,334,183,319,185,321,140,317,122,312,117,352,193,350,166,337,214,337,223,382,210,377,203,358,242,359,242,411,232,403,226,385,252,382,254
X,358,312,327,289,300,246,308,204,336,181,319,180,320,139,316,122,315,114,353,188,353,165,337,213,338,220,385,204,380,202,359,242,359,240,412,227,406,228,386,253,383,253
X,358,317,326,293,301,248,309,206,336,184,319,188,320,145,317,128,316,118,352,197,353,168,339,215,338,225,383,213,380,205,360,245,360,244,411,234,406,228,387,254,383,256
X,358,312,327,287,301,243,310,201,337,180,321,182,322,140,319,122,318,113,355,192,357,163,340,210,339,219,385,210,384,200,362,239,361,240,413,233,410,224,390,249,385,251
X,359,315,329,291,303,246,310,203,336,178,321,185,320,143,317,125,319,113,354,194,356,162,340,212,340,220,385,211,383,200,363,241,362,241,413,234,409,224,390,250,386,253
X,356,310,328,287,300,244,305,201,332,177,320,180,321,136,317,118,317,112,353,190,355,162,339,211,339,219,383,207,382,199,361,239,360,239,411,230,409,224,388,249,382,252
X,355,315,325,292,298,248,304,205,331,181,317,186,318,142,316,124,315,115,351,194,352,166,338,214,338,223,381,211,380,203,359,243,358,242,409,233,406,227,385,252,379,255
X,358,315,328,293,301,250,308,207,336,182,320,186,321,144,318,126,317,116,354,192,354,168,339,217,341,224,385,208,381,205,360,246,361,243,412,229,405,230,386,256,383,257
X,359,316,329,292,304,249,312,207,339,183,321,187,322,146,320,127,322,116,355,196,358,167,342,215,341,223,385,213,385,206,363,245,361,244,412,236,409,232,388,256,382,258
X,358,319,327,296,301,250,307,208,336,188,328,187,332,145,327,128,324,122,361,195,358,177,340,223,342,232,391,213,382,214,360,252,363,252,417,238,406,240,384,264,383,265
X,349,313,316,290,288,246,287,207,315,187,327,178,333,133,322,116,310,118,361,183,342,171,325,214,328,226,390,202,361,213,344,247,350,248,414,229,383,241,366,264,371,264
X,352,324,306,285,277,242,263,208,279,191,336,177,342,122,314,114,288,124,365,187,312,173,296,211,307,229,384,207,320,216,312,249,325,256,396,232,340,248,332,271,344,276
X,350,321,304,284,276,240,261,207,276,189,335,174,340,118,312,110,286,121,364,184,310,169,293,209,304,226,383,204,318,214,309,247,323,254,394,230,338,246,329,269,341,274
X,349,326,304,288,275,244,260,211,276,194,334,178,339,122,311,113,285,125,363,188,310,173,293,214,305,231,382,208,317,219,308,253,324,260,393,234,336,251,328,275,342,279
X,352,328,306,289,278,246,262,212,275,193,335,179,340,123,311,114,285,127,364,189,310,174,294,215,307,231,384,209,319,218,311,253,326,259,395,235,338,252,331,276,345,280
X,352,325,306,290,277,246,262,211,278,193,335,177,338,120,310,111,285,123,365,186,311,171,298,214,313,229,385,206,321,216,314,251,329,255,396,232,340,249,334,273,348,275
X,352,326,305,288,277,245,262,210,278,192,335,177,340,122,312,113,286,125,365,187,311,173,296,215,309,230,385,207,320,217,311,252,326,258,396,233,340,249,332,274,344,279
X,350,330,304,291,276,248,261,214,276,195,334,180,340,124,311,116,286,128,364,190,311,174,295,217,308,232,383,210,318,220,310,256,326,262,394,235,337,252,330,277,344,281
X,351,327,306,288,279,243,267,208,283,191,336,178,343,125,318,115,292,125,367,188,318,172,300,213,310,230,389,209,327,216,316,250,327,257,402,236,348,249,337,273,349,276
X,345,320,308,284,283,239,276,202,295,187,337,175,346,121,324,108,301,119,369,186,333,167,314,207,322,223,393,207,342,211,328,245,339,252,410,233,360,243,348,267,359,271
X,345,320,310,288,285,244,286,203,314,185,321,179,330,130,320,114,309,122,353,186,341,167,322,210,325,222,382,204,358,210,340,244,346,245,407,229,378,240,362,262,368,261
X,345,311,310,284,285,238,287,196,314,177,320,173,329,125,317,108,305,114,353,181,340,163,323,208,328,220,382,200,359,204,340,240,346,242,406,226,378,237,362,259,369,258
X,347,319,313,292,288,247,290,206,317,187,321,183,329,136,321,118,312,120,353,190,342,171,325,213,328,224,382,207,361,212,343,247,349,247,407,231,380,243,364,264,371,262
X,346,320,313,293,289,247,290,206,318,189,323,181,331,138,322,120,313,120,356,189,344,172,326,214,329,224,384,207,363,215,344,248,348,247,409,233,383,246,365,268,368,266
X,345,313,312,286,286,239,289,198,318,179,323,173,332,129,322,112,312,115,356,182,343,166,325,210,328,222,384,203,362,206,342,242,349,244,409,230,384,236,365,259,370,259
X,346,312,313,285,288,239,289,198,318,180,324,175,331,130,322,113,312,114,356,183,343,167,326,210,330,222,384,202,363,206,344,242,350,243,408,228,383,236,366,259,372,259
X,345,314,312,287,286,240,289,200,317,181,323,175,332,131,322,114,312,116,356,185,343,168,325,212,330,224,384,205,363,208,342,245,350,246,409,232,384,237,365,260,370,261
X,346,315,312,289,285,242,288,200,318,182,322,177,330,132,321,114,312,116,355,185,343,167,325,211,328,223,383,204,361,210,342,245,348,246,408,230,382,240,365,262,370,262
X,347,321,313,293,286,246,288,204,317,184,323,182,330,136,321,118,313,118,355,190,345,169,326,213,328,226,383,209,364,212,342,247,348,249,408,236,385,242,366,264,370,264
X,347,321,315,294,290,248,293,207,320,187,325,183,333,138,324,119,315,122,358,193,348,171,327,216,330,228,386,213,368,213,345,250,351,252,411,240,390,242,369,265,371,266
X,348,318,315,291,290,245,292,204,320,184,325,181,332,136,324,117,317,117,358,190,348,167,329,210,331,224,386,209,366,211,345,245,350,247,411,235,385,244,367,266,371,266
X,348,319,315,292,291,247,294,206,321,186,326,181,335,137,326,118,316,121,359,191,350,170,329,215,333,227,387,211,369,212,346,248,353,249,412,238,390,243,371,265,375,265
X,351,319,320,294,293,247,299,205,327,182,319,185,322,143,318,125,315,118,352,195,350,169,332,218,334,227,381,213,377,205,354,246,355,247,408,237,402,233,380,258,377,260
X,351,325,318,300,293,253,300,209,328,186,315,192,316,151,312,133,313,124,348,200,348,175,332,223,334,230,378,217,373,214,352,254,354,251,406,239,395,242,376,266,376,264
X,352,319,322,297,295,250,302,204,331,179,316,189,318,146,315,127,316,117,349,198,352,168,335,217,335,226,379,215,377,206,355,247,356,246,407,238,401,231,381,257,378,259
X,352,325,321,300,297,254,305,211,333,189,318,194,323,151,320,132,319,122,352,204,352,176,337,224,337,232,381,221,379,212,358,252,358,251,410,243,403,237,383,262,380,265
X,351,319,322,296,295,250,303,205,332,181,318,187,320,145,317,127,317,118,351,198,353,169,335,218,336,224,380,215,380,205,357,246,356,245,407,239,405,231,383,257,379,260
X,354,319,322,295,296,250,303,206,331,182,318,186,320,144,316,126,317,117,351,194,353,170,336,219,337,225,381,211,379,207,356,247,356,245,408,233,403,235,382,260,378,259
X,352,324,320,300,295,252,305,209,335,187,318,195,322,154,318,136,319,121,351,204,352,174,335,223,337,233,381,222,378,211,356,252,358,251,408,244,402,235,382,261,381,263
X,352,322,322,299,297,253,304,209,332,185,318,192,320,149,316,131,317,122,352,201,353,173,337,222,339,230,382,219,379,210,358,250,359,249,410,241,403,235,383,260,381,262
X,352,322,321,297,296,251,304,207,331,184,320,192,322,151,318,132,318,122,353,203,354,172,336,222,337,230,382,221,379,209,356,250,358,250,410,244,403,235,382,261,380,263
X,354,319,323,295,297,249,306,205,333,181,319,185,321,143,318,125,320,117,353,194,356,168,337,217,338,224,383,212,382,207,358,247,358,245,410,235,406,236,384,261,379,260
X,352,326,321,301,294,254,302,210,331,187,318,194,320,152,317,133,318,120,351,203,351,174,335,222,336,232,381,220,377,212,356,252,357,252,409,243,402,237,382,262,379,265
X,346,325,314,300,288,254,292,212,319,190,316,187,322,142,314,125,307,124,350,196,345,176,327,225,330,233,380,215,369,213,347,253,352,254,407,239,392,242,372,266,375,266
X,347,327,315,302,289,255,293,212,320,189,315,190,321,144,313,127,307,126,349,199,345,177,328,225,330,235,379,218,370,216,348,255,351,255,407,242,394,243,374,267,374,267
X,352,325,320,301,293,254,301,211,330,188,316,191,320,148,315,131,314,125,351,199,349,176,332,224,334,231,381,217,376,213,353,253,354,251,409,240,399,240,379,265,378,264
X,355,326,324,302,298,257,305,213,333,190,319,195,322,152,317,133,316,125,352,203,352,176,338,225,339,233,383,220,379,214,359,253,360,250,412,241,404,238,385,263,383,262
X,355,320,325,296,299,251,305,207,332,182,318,191,320,149,318,130,319,118,351,200,355,169,339,217,337,227,381,217,382,207,360,247,357,248,409,240,407,234,385,259,379,262
X,355,322,324,297,298,251,306,206,334,181,317,190,319,148,316,130,317,119,351,199,353,169,336,218,338,224,381,217,380,207,358,248,359,245,409,239,405,233,384,259,380,260
X,356,321,325,298,299,252,306,207,334,184,317,189,316,148,313,130,316,119,350,197,354,170,338,220,339,226,381,213,382,207,359,249,358,246,409,236,406,232,386,259,381,260
X,357,321,326,297,301,251,307,207,334,182,318,190,320,147,318,128,319,119,351,200,355,169,340,217,338,225,382,216,382,207,361,246,359,245,410,238,407,232,388,257,382,259
X,355,320,325,296,299,251,305,208,331,182,318,188,320,146,317,128,318,117,352,197,354,168,337,217,337,224,383,214,381,206,359,247,358,246,410,237,407,232,386,258,381,260
X,355,322,324,299,297,253,303,210,330,186,317,189,320,148,316,130,317,121,351,198,353,173,336,223,337,228,381,215,380,210,357,251,356,248,409,238,404,237,382,263,378,264
X,355,322,324,299,297,254,305,210,333,186,318,190,320,148,317,130,318,122,352,200,354,175,337,224,337,230,382,217,381,211,359,251,359,249,410,239,406,237,385,262,381,262
X,355,322,324,298,297,252,304,207,332,183,318,189,319,147,315,129,316,118,351,198,353,171,335,221,338,227,382,215,380,208,357,249,358,246,410,238,404,236,383,261,381,260
X,354,322,323,298,297,252,305,208,333,184,318,190,319,149,316,131,317,120,351,199,353,171,336,221,336,227,382,216,380,209,357,250,358,248,410,239,404,236,383,261,380,262
X,353,324,322,299,296,251,304,207,332,184,317,192,319,151,316,133,317,119,351,202,353,173,335,223,337,230,381,220,380,209,357,251,358,250,409,243,404,235,383,261,380,263
X,354,324,323,300,297,253,303,207,332,183,318,192,320,151,316,133,317,119,351,201,353,172,336,223,338,228,381,217,380,209,357,251,358,248,409,240,403,235,382,262,378,263
X,353,323,322,299,296,253,302,209,330,185,318,190,320,146,316,128,315,122,351,199,352,173,335,223,335,229,381,217,379,210,356,250,356,248,409,239,403,236,382,261,380,262
X,351,322,321,298,295,252,302,209,330,184,316,190,318,148,314,130,313,121,350,200,350,173,335,222,336,230,380,217,377,209,356,249,356,249,408,240,402,234,381,259,377,261
X,351,318,320,294,293,247,300,203,329,179,314,186,315,145,312,127,313,116,348,195,349,167,333,216,334,224,379,212,376,204,354,245,354,244,407,235,402,229,381,255,377,257
X,351,316,321,292,295,247,299,204,326,179,314,183,315,142,312,123,312,115,348,191,347,166,331,216,333,222,378,208,375,203,353,243,355,242,406,231,399,229,379,255,376,256
X,350,317,319,294,292,247,299,203,328,181,315,185,315,143,311,125,311,116,347,195,348,168,331,218,332,225,378,212,375,203,353,245,353,245,405,234,401,229,380,255,376,258
X,351,322,321,298,294,253,300,209,329,185,316,190,316,148,313,129,314,121,349,200,348,172,332,222,335,228,379,218,375,208,355,249,357,248,407,241,401,234,381,259,377,261
X,351,321,319,297,292,251,299,207,328,183,315,186,316,144,312,126,311,118,349,194,348,172,331,221,333,227,380,211,374,209,352,249,353,246,408,234,398,235,377,260,375,260
X,351,316,319,293,291,247,299,202,328,179,316,182,318,141,313,123,312,115,350,191,347,170,330,220,334,226,380,209,374,204,352,247,355,245,408,232,399,230,378,257,376,258
X,350,316,319,293,291,246,298,203,327,181,314,180,315,139,311,121,311,117,348,188,348,167,331,216,332,224,379,206,375,204,352,244,352,243,407,230,399,232,378,257,375,257
X,349,317,318,293,290,247,297,203,325,180,314,181,316,140,312,123,309,116,348,189,345,167,328,218,332,224,378,207,373,203,351,245,353,244,406,231,399,230,377,256,374,257
X,349,320,317,296,290,249,296,205,325,181,313,186,314,145,310,127,310,116,346,195,346,170,329,219,331,226,376,212,373,205,351,246,351,245,404,235,397,231,376,257,373,258
X,349,319,318,295,290,250,296,206,323,182,313,185,315,144,311,126,310,117,347,191,345,171,329,220,331,227,378,208,372,208,350,248,351,246,406,231,396,235,375,260,372,259
X,347,319,316,296,289,250,294,206,322,183,311,186,313,143,309,125,307,118,345,194,344,171,328,219,329,228,375,211,370,208,349,249,350,248,403,234,395,234,374,261,371,262
X,348,318,318,295,291,249,296,204,324,181,313,183,315,142,310,123,308,118,346,193,346,167,329,217,331,225,376,210,373,204,351,245,351,245,404,234,398,231,377,256,374,257
X,347,318,316,293,289,247,296,203,324,181,313,186,315,143,310,125,309,115,346,197,345,169,328,219,329,227,376,215,371,205,350,246,352,247,403,238,395,231,376,257,375,259
X,346,316,314,292,288,245,294,202,321,180,312,178,314,138,309,121,308,115,347,187,345,165,327,215,328,223,377,205,371,203,347,244,348,244,405,229,395,231,373,257,371,258
X,344,322,312,297,287,252,291,209,318,189,313,186,317,142,310,124,305,121,346,195,342,172,325,219,326,229,377,213,367,210,346,249,348,249,404,237,392,237,372,262,371,263
X,341,318,306,292,277,248,278,206,308,189,315,178,322,133,312,116,301,121,349,186,332,173,316,219,321,230,378,205,355,215,336,251,343,251,404,232,379,244,360,267,364,267
X,338,318,295,286,267,244,256,210,274,196,324,176,329,120,302,109,278,119,356,185,307,175,292,215,305,229,377,206,316,217,306,251,320,257,388,233,334,250,324,274,336,278
X,345,325,298,287,271,244,256,210,270,196,326,176,331,119,302,109,276,124,356,185,303,179,287,219,298,236,377,207,310,222,303,256,318,264,388,233,329,252,322,276,336,280
X,348,324,301,288,271,246,255,212,268,197,326,175,330,119,300,110,273,124,356,184,300,181,286,221,296,238,376,206,308,223,302,257,316,264,387,233,327,253,321,276,334,281
X,345,317,299,281,269,238,254,204,267,189,326,169,329,112,301,104,277,115,357,178,302,168,288,209,300,225,377,199,313,213,305,246,319,252,389,226,332,245,323,269,336,272
X,344,317,298,280,269,237,254,203,270,188,326,169,332,113,303,104,276,117,357,179,304,167,288,208,300,224,378,200,312,212,304,246,319,252,390,226,332,245,324,269,338,273
X,344,317,297,281,268,237,252,203,268,187,325,167,328,108,298,101,273,115,356,176,302,166,287,208,301,223,377,197,312,211,304,246,320,251,389,223,332,243,324,268,336,271
X,342,317,296,282,267,239,252,206,267,191,322,169,327,111,297,104,272,118,354,178,302,167,287,208,299,224,374,198,312,212,304,246,319,251,387,223,334,244,325,268,338,270
X,344,322,296,286,267,243,252,208,270,194,322,172,325,114,296,106,271,121,354,181,301,170,287,213,301,228,376,201,313,216,305,251,320,256,389,228,334,249,327,274,341,276
X,342,319,296,284,268,243,253,211,267,194,321,171,323,113,295,105,270,120,353,179,300,170,286,212,297,228,375,199,312,215,304,249,317,255,389,225,335,246,327,270,339,273
X,342,321,296,286,267,244,252,210,266,195,318,173,321,114,293,106,268,120,351,180,299,171,285,214,296,229,374,200,311,216,304,252,318,258,389,227,333,248,326,272,338,275
X,342,326,294,290,265,247,251,214,264,200,320,178,323,119,294,112,268,126,352,186,299,178,285,219,297,236,373,206,310,223,303,257,318,264,386,232,331,253,323,279,336,282
X,341,328,295,292,266,251,251,217,268,202,320,180,322,122,293,115,268,129,353,188,301,179,285,221,296,237,375,208,312,224,304,258,317,264,388,233,333,254,325,278,339,280
X,342,318,295,283,266,240,251,207,267,194,323,171,326,112,297,105,272,119,355,181,302,170,287,211,298,228,376,201,312,216,304,251,318,257,389,228,333,247,327,271,340,275
X,346,330,297,294,268,254,253,223,265,205,322,183,324,125,295,116,269,130,353,191,297,190,285,229,298,245,374,212,307,230,301,264,316,270,386,240,327,259,320,283,333,288
X,342,321,295,286,265,244,251,212,265,198,322,174,325,117,297,109,272,123,355,183,301,174,285,215,297,232,376,204,312,218,303,253,317,259,389,231,334,250,325,274,337,278
X,342,323,297,288,267,244,251,212,265,196,322,174,326,116,297,109,271,123,354,182,301,174,287,215,300,230,375,202,311,218,304,253,319,257,387,228,331,250,324,276,338,278
X,344,325,295,288,265,244,250,211,265,196,322,175,324,117,295,109,269,121,354,183,299,173,286,215,298,232,376,204,311,218,303,254,318,260,389,230,332,251,326,276,340,278
X,343,327,296,291,267,249,251,217,264,202,320,178,324,120,297,111,271,125,353,186,300,180,285,222,295,239,376,207,311,225,304,261,318,267,390,234,333,256,325,281,338,284
X,340,322,294,286,266,244,252,212,266,199,321,174,326,116,297,108,271,122,353,183,301,173,286,214,298,231,375,204,312,220,304,254,318,259,389,230,333,251,326,274,340,276
X,340,324,295,288,265,246,250,211,267,198,321,175,325,117,296,109,270,124,354,184,301,174,285,216,295,234,376,205,312,220,303,254,316,261,390,231,333,251,325,275,338,278
X,344,327,298,291,269,249,254,215,268,200,323,179,326,121,297,113,271,128,355,187,303,178,288,220,299,236,378,208,313,224,305,259,319,266,391,234,334,255,327,279,340,282
X,345,328,299,292,270,250,257,216,274,202,325,179,328,121,300,113,275,126,357,188,305,181,291,222,302,238,379,209,317,225,309,260,323,266,393,236,338,257,330,281,342,284
X,344,326,299,292,270,249,256,215,272,202,323,179,328,120,300,111,275,125,356,186,306,178,292,217,303,234,379,207,318,222,310,255,324,262,393,234,338,255,331,278,344,281
X,340,322,298,287,272,244,262,209,279,195,325,175,331,118,306,107,283,121,359,184,314,172,297,215,308,230,383,205,326,218,314,252,326,257,399,231,346,250,336,273,348,275
X,339,320,300,288,273,244,265,208,285,195,324,176,330,118,307,108,284,121,357,186,321,170,305,211,314,226,383,206,333,216,322,250,334,255,402,231,353,245,342,269,352,272
X,339,321,299,288,274,243,268,207,288,192,325,175,332,119,310,107,289,119,359,185,324,171,307,213,315,228,384,206,336,216,322,251,333,256,402,232,355,248,342,272,353,275
X,339,319,301,287,276,243,271,206,294,190,323,174,331,118,312,105,293,117,358,183,327,168,309,211,316,223,386,203,343,213,326,247,335,249,406,229,364,245,349,269,357,269
X,339,321,301,289,278,244,275,206,299,191,324,177,335,123,317,108,299,119,358,188,332,171,313,214,320,227,386,208,346,216,330,250,339,252,406,235,365,249,351,272,360,273
X,338,319,300,288,278,244,276,206,300,191,324,175,335,120,316,107,296,120,359,186,331,173,312,215,319,226,386,208,346,217,329,251,337,252,406,235,364,249,350,272,359,272
X,338,321,300,289,277,244,276,206,300,191,324,176,334,121,317,108,297,121,358,187,331,172,312,214,318,227,386,208,345,217,328,251,336,253,406,235,363,249,348,273,357,274
X,339,323,301,291,277,246,275,208,300,191,323,177,332,122,313,109,295,121,357,187,329,172,312,215,320,226,386,207,345,217,329,252,339,253,407,233,364,249,350,274,360,273
X,339,323,300,293,276,249,274,211,298,195,321,179,330,125,311,112,293,125,356,188,328,175,311,218,318,229,384,208,345,220,328,253,337,254,405,235,364,252,350,275,359,274
X,352,327,302,287,272,247,255,217,258,201,333,177,332,119,301,112,275,127,360,189,294,182,282,220,297,235,375,213,299,229,298,259,316,262,379,241,317,261,316,282,334,283
X,360,332,314,290,285,250,265,220,255,195,341,174,325,116,291,108,266,120,360,188,280,181,274,218,292,230,366,213,284,226,288,256,308,257,365,241,299,257,302,278,320,280
X,364,333,325,288,297,241,273,211,260,190,343,169,323,113,290,104,266,114,359,184,275,181,275,215,297,224,364,209,280,220,288,248,311,248,362,239,295,251,302,272,323,273
X,367,334,322,290,293,244,269,214,256,191,342,171,323,113,288,107,265,120,357,185,275,179,272,215,293,227,363,210,278,221,285,251,308,252,361,239,293,251,298,273,319,275
X,367,325,321,281,291,237,268,208,255,186,344,166,323,108,289,103,264,117,358,181,276,177,273,211,293,223,362,205,278,218,286,246,309,248,359,234,293,248,299,269,320,272
X,368,332,324,287,294,241,269,210,257,188,343,169,323,111,288,105,263,119,358,183,274,179,271,215,292,227,362,207,277,222,285,251,307,252,359,236,292,251,299,274,319,275
X,367,331,330,286,300,239,273,209,258,190,343,168,320,111,286,103,263,116,357,183,273,182,275,216,297,225,360,208,276,221,287,249,310,248,358,238,291,251,300,273,321,274
X,367,331,323,286,294,241,269,211,257,190,344,171,322,112,286,107,261,121,358,185,273,181,271,216,292,228,361,210,276,223,284,252,307,253,357,238,291,252,298,275,319,277
X,366,323,322,280,293,235,270,205,257,183,342,162,321,106,287,99,262,109,358,175,276,174,275,208,296,217,362,200,279,214,287,242,309,242,358,229,293,243,300,265,321,265
X,364,326,324,283,295,237,271,205,261,184,342,166,324,108,290,100,265,113,358,180,276,175,274,211,296,221,363,204,279,215,287,244,309,245,360,232,293,247,300,269,321,269
X,367,327,322,282,294,237,271,205,259,183,343,164,325,107,292,99,267,112,361,177,278,176,278,211,299,221,366,203,282,217,290,246,312,245,365,232,297,247,303,268,323,269
X,369,333,319,290,290,246,269,215,256,192,345,172,328,113,295,107,270,122,361,184,281,177,277,214,296,227,366,208,283,221,290,251,311,254,363,235,299,251,304,273,323,275
X,368,327,325,282,295,235,270,204,260,185,344,162,322,105,289,98,265,110,360,177,276,177,276,212,298,221,366,203,280,216,290,245,312,245,364,234,296,247,303,268,324,270
X,365,328,319,283,290,237,267,205,258,183,344,163,324,107,289,99,265,113,360,177,277,173,275,210,295,220,366,202,279,214,287,244,309,245,363,230,295,245,301,267,321,269
X,366,329,324,283,293,235,269,205,256,184,342,164,322,105,289,99,266,113,358,179,276,177,273,212,295,224,364,206,280,216,287,246,310,248,365,237,296,247,301,269,322,272
X,367,330,322,287,292,241,269,210,258,186,344,166,324,108,288,100,264,113,360,180,275,178,273,214,295,225,365,204,279,218,286,248,309,248,363,233,294,249,300,272,321,273
X,368,328,323,281,293,235,269,205,258,186,343,163,323,106,289,100,265,114,360,178,277,177,274,211,294,222,365,203,280,216,288,244,310,246,364,232,296,245,301,267,321,269
X,365,325,317,282,288,239,265,210,253,187,343,165,324,106,290,100,265,116,358,179,278,173,274,208,294,221,363,203,279,216,287,245,309,247,360,231,294,248,300,270,320,271
X,366,332,320,286,291,241,269,210,259,187,345,170,326,111,291,105,267,119,360,183,278,178,274,214,294,227,365,207,282,219,288,249,309,252,364,235,299,249,303,272,321,275
X,363,328,320,284,292,239,269,210,257,188,343,167,324,110,291,103,267,116,360,181,277,179,276,214,298,224,365,207,281,219,289,248,311,248,363,237,294,249,301,271,322,272
X,364,329,316,284,289,242,269,213,257,190,345,171,328,112,294,106,269,120,362,185,282,178,277,215,296,227,368,208,283,221,289,252,311,253,366,235,298,250,303,272,323,274
X,364,324,317,280,289,237,268,205,259,183,345,162,327,106,293,98,268,110,363,176,280,173,277,209,297,219,368,201,283,215,289,244,310,245,366,230,297,245,303,267,323,269
X,366,329,321,285,291,241,268,210,255,187,345,165,326,107,292,101,267,115,362,179,279,175,275,212,296,225,367,204,283,216,289,247,311,250,366,233,298,247,303,269,323,272
X,368,334,323,289,294,244,271,212,259,189,347,172,327,112,292,106,269,120,361,185,279,178,274,214,293,228,365,209,281,221,288,251,309,255,363,236,297,251,301,274,321,277
X,369,337,326,291,297,245,275,214,264,190,349,172,331,115,298,108,274,120,365,185,285,180,281,216,300,229,370,209,288,219,293,250,314,253,369,237,303,250,306,273,325,276
X,369,332,320,290,291,248,270,217,260,192,346,172,331,112,297,107,272,122,364,185,287,175,280,214,300,228,371,208,289,219,293,252,314,255,371,235,304,250,307,274,327,276
X,364,329,315,285,285,243,267,212,262,188,341,164,327,106,295,100,271,115,362,177,283,176,281,213,301,225,371,201,288,217,295,248,317,249,373,231,305,248,310,271,330,273
X,361,331,312,289,280,246,261,214,258,192,334,168,325,110,293,103,269,119,357,179,285,173,277,213,296,226,370,203,293,217,295,250,315,253,377,232,312,248,313,271,331,274
X,347,324,299,285,267,241,249,206,259,189,324,171,324,114,295,107,270,121,353,181,293,172,279,214,293,229,372,202,303,218,298,252,315,257,382,228,324,248,319,273,333,276
X,339,315,294,279,265,234,252,200,269,182,319,166,323,110,298,100,275,112,350,174,302,161,287,203,298,219,372,194,313,204,304,240,318,245,386,219,332,238,324,263,338,264
X,336,324,299,292,273,247,271,206,298,184,313,182,321,130,308,114,294,122,345,189,326,169,309,213,314,227,372,207,342,209,325,246,333,249,394,231,361,241,347,265,356,264
X,338,317,304,289,277,241,279,198,305,174,308,178,316,129,305,112,295,112,340,187,331,161,313,209,318,221,369,206,353,201,332,241,339,244,395,231,376,230,357,255,362,256
X,337,320,304,292,279,242,283,199,310,177,307,183,314,137,304,119,298,114,339,193,333,165,314,212,318,223,367,212,356,202,334,243,341,245,393,236,377,233,357,257,362,258
X,338,321,304,294,278,244,282,200,310,178,305,184,312,138,303,120,297,116,337,194,334,164,316,214,319,225,367,212,357,203,335,245,341,247,393,235,379,234,359,259,363,259
X,340,320,306,294,279,244,285,199,313,177,305,184,310,139,303,122,300,115,338,192,336,166,318,215,321,223,368,210,361,203,339,245,342,244,394,232,383,233,363,258,365,257
X,340,324,308,298,281,249,288,204,316,181,305,191,308,150,303,131,304,118,336,200,338,169,319,219,321,228,366,218,363,205,340,247,343,248,393,241,385,234,365,259,366,261
X,339,321,309,297,283,249,289,203,318,180,306,189,310,147,304,127,303,116,338,199,339,169,320,219,321,226,366,217,365,203,341,246,343,248,393,241,387,232,366,258,365,262
X,340,321,309,296,283,248,290,203,318,180,307,187,312,144,307,125,305,117,340,197,342,167,321,216,322,226,369,215,367,203,342,244,343,247,395,238,389,232,367,258,366,260
X,340,329,308,303,283,254,289,207,316,184,305,195,309,153,304,134,305,121,338,205,339,173,320,223,323,230,367,223,366,208,342,250,346,251,394,247,388,238,368,263,369,266
X,341,324,309,300,282,253,290,207,317,184,306,190,310,147,305,129,304,122,338,201,342,172,322,220,321,229,367,219,367,207,343,248,342,250,394,243,389,237,368,262,365,264
X,343,332,310,308,283,258,291,212,318,189,308,197,313,154,307,136,305,127,340,207,341,179,322,229,324,236,369,225,367,215,343,257,345,257,396,248,390,243,369,270,368,271
X,335,327,298,297,275,253,270,214,296,197,318,186,328,136,314,118,297,126,352,195,327,179,310,222,317,233,380,215,341,224,326,257,336,257,400,241,360,257,347,280,358,279
X,360,330,310,290,279,251,259,223,254,201,332,176,322,121,290,113,266,125,355,188,281,186,274,223,293,235,366,212,287,228,290,258,310,260,368,240,303,257,305,279,323,281
X,358,327,309,287,278,247,259,218,255,196,331,172,320,117,288,109,264,122,354,184,279,183,273,220,292,232,364,208,285,223,288,254,308,255,367,236,300,251,302,274,321,276
X,357,331,309,291,280,251,260,222,254,198,332,177,322,122,289,113,265,123,354,189,278,185,273,223,292,234,364,211,284,226,287,257,307,258,366,239,300,255,303,278,322,278
Y,323,301,276,273,246,225,226,186,197,169,292,184,299,155,293,193,288,223,326,188,334,162,318,207,308,237,359,197,374,161,355,195,341,220,386,209,418,173,440,152,459,127
Y,329,301,284,272,252,227,230,189,200,171,297,186,302,155,300,193,297,227,331,189,337,164,324,209,316,241,363,196,377,159,360,193,346,221,391,207,423,170,446,149,465,125
Y,336,308,290,280,258,234,236,195,206,176,301,191,306,162,305,202,303,235,336,193,343,169,331,215,323,249,370,199,382,163,366,197,353,226,397,210,429,172,451,151,470,127
Y,338,308,292,280,260,235,237,195,206,175,301,193,307,161,307,202,305,235,337,195,343,169,333,216,325,247,371,200,383,163,369,200,357,229,399,210,432,171,455,150,473,125
Y,340,310,294,282,261,236,237,196,206,177,303,194,306,160,306,201,304,235,338,196,344,169,333,216,325,250,372,201,384,162,369,198,357,228,400,211,432,172,455,149,473,125
Y,340,309,294,281,261,236,237,195,207,174,303,194,306,161,305,201,304,235,337,195,342,169,332,216,325,247,371,200,382,162,368,197,356,226,400,209,432,170,455,148,473,124
Y,340,308,294,279,260,232,237,190,207,171,301,190,306,156,306,197,305,231,336,191,343,163,333,210,327,243,370,196,383,155,371,190,361,219,399,205,431,166,453,144,472,120
Y,338,304,292,276,258,230,234,189,204,168,298,187,302,153,303,194,302,228,333,188,339,161,330,207,323,240,367,193,378,154,366,190,355,219,396,203,428,163,450,140,468,115
Y,339,308,293,279,259,232,234,191,204,170,300,188,303,156,302,196,301,230,334,190,339,163,329,211,322,243,369,195,380,156,366,191,354,220,397,206,429,166,451,143,469,117
Y,339,309,293,278,258,231,235,190,205,169,299,188,302,154,301,194,300,229,334,190,339,162,329,209,322,242,368,196,379,157,365,193,353,223,397,206,430,166,453,143,471,118
Y,338,305,291,277,257,230,233,189,202,168,297,188,301,154,301,195,300,229,333,189,339,161,329,209,322,242,367,195,380,154,367,187,356,216,396,204,429,163,451,140,469,115
Y,339,308,293,279,258,231,233,190,203,168,299,188,301,154,302,195,301,230,334,189,339,162,328,210,321,244,369,195,380,154,366,187,354,216,397,205,429,165,452,142,471,117
Y,339,309,293,280,258,233,235,191,204,168,299,190,302,154,302,195,300,229,334,191,340,163,328,211,321,243,368,197,380,157,365,193,353,222,397,206,429,166,452,143,471,118
Y,338,305,291,277,256,230,232,189,203,167,297,186,299,153,299,195,298,230,332,188,336,161,326,209,320,243,367,193,377,154,363,190,352,220,396,203,429,162,452,139,470,115
Y,336,307,290,278,256,231,232,189,201,167,296,186,298,152,298,193,298,229,332,187,336,160,326,208,319,242,366,193,377,154,362,190,350,221,396,204,427,164,450,141,470,116
Y,335,305,289,276,254,228,229,187,199,167,295,187,297,152,297,193,297,228,330,187,334,160,325,208,319,241,365,193,376,153,363,190,352,219,394,202,426,162,449,139,467,113
Y,336,306,289,278,254,230,229,188,199,166,294,186,296,151,296,193,295,227,330,187,334,159,324,207,317,240,364,193,375,153,361,191,350,221,393,203,426,162,448,138,467,112
Y,334,307,288,277,253,228,229,187,198,167,294,186,296,153,296,194,296,229,330,187,333,160,323,208,317,241,364,193,375,153,360,190,348,220,393,203,425,163,448,140,467,114
Y,334,301,288,272,253,227,228,186,198,163,292,181,292,145,292,186,292,221,326,182,328,154,319,201,314,236,361,187,370,147,356,183,345,213,391,197,422,156,444,131,461,105
Y,333,301,286,274,251,224,226,183,195,163,290,183,291,148,292,189,292,225,326,183,329,156,319,204,315,238,360,189,370,149,355,184,344,214,390,199,420,158,442,134,460,108
Y,334,301,287,273,251,225,227,183,196,163,292,182,292,149,293,189,293,224,327,183,330,157,320,206,314,240,361,189,370,150,356,186,344,216,390,199,421,158,443,135,461,109
Y,332,304,287,275,252,227,228,186,198,164,292,184,294,149,294,192,294,226,328,185,331,158,321,207,315,241,362,191,373,151,359,187,347,216,392,201,423,160,445,136,463,110
Y,335,305,288,275,252,226,229,184,198,162,293,184,293,148,294,190,294,225,328,185,331,156,321,204,316,238,362,191,372,150,358,186,346,216,392,201,423,159,445,135,463,109
Y,335,306,288,276,252,227,229,185,200,164,293,183,294,149,294,190,294,225,328,185,332,157,322,204,316,238,362,191,373,150,359,185,348,215,392,201,423,159,445,135,463,109
Y,333,307,286,277,252,229,228,187,199,164,291,184,291,150,292,192,292,228,326,185,328,158,319,206,314,241,361,191,370,151,355,189,344,221,391,202,422,160,444,136,462,110
Y,333,303,287,274,252,226,227,185,197,164,290,183,290,149,291,191,291,227,326,185,328,156,319,205,312,240,361,191,370,150,356,186,344,216,391,201,422,158,444,134,461,107
Y,333,303,286,275,250,224,226,182,196,161,290,181,290,146,291,187,291,222,325,182,328,155,318,203,312,237,359,188,369,148,354,186,342,218,389,198,421,157,442,132,460,105
Y,333,301,285,272,249,222,224,179,194,157,289,179,288,141,288,184,289,220,324,179,325,151,315,199,310,233,358,185,366,143,352,180,341,211,388,194,420,153,441,129,459,103
Y,332,298,283,270,247,220,223,177,193,157,287,175,286,141,287,183,287,219,322,176,324,149,314,197,309,232,356,182,364,144,349,182,337,214,386,192,417,152,439,128,457,102
Y,332,299,284,271,248,221,223,178,193,157,287,177,287,141,288,183,288,218,322,177,324,150,315,198,310,232,356,183,365,144,350,181,338,212,386,194,417,153,439,129,457,103
Y,331,298,284,270,248,223,223,181,192,159,286,180,286,142,288,183,289,218,321,181,324,152,315,200,310,235,356,186,364,145,351,179,339,209,386,196,417,156,438,131,456,105
Y,323,301,277,272,243,223,219,181,187,160,287,180,290,148,288,190,286,226,323,183,328,157,315,207,307,240,358,190,370,151,353,188,340,218,387,201,421,161,446,139,466,114
Y,324,307,276,280,241,231,215,188,180,168,287,186,289,154,287,197,283,233,324,187,328,162,316,214,306,248,360,193,372,154,358,193,345,224,390,203,425,160,451,138,472,112
Y,314,310,264,288,221,245,181,213,137,198,273,173,293,199,289,253,279,284,324,173,336,208,317,263,303,293,367,187,383,201,362,248,345,278,399,208,440,181,474,164,504,145
Y,314,290,263,268,220,225,177,199,133,189,271,170,286,176,285,229,277,259,319,171,330,182,314,239,301,268,360,179,375,175,357,226,342,257,392,192,429,159,461,142,488,121
Y,313,277,262,256,220,215,178,191,136,184,266,160,286,167,283,221,273,248,315,159,329,174,311,230,295,255,357,168,374,164,355,213,338,243,389,181,427,151,458,136,486,115
Y,303,271,254,255,218,216,186,187,146,176,265,137,281,164,279,218,271,243,312,135,323,174,305,228,291,247,352,150,366,171,342,219,323,243,381,174,418,152,448,138,473,117
Y,291,256,250,248,217,223,191,199,155,181,263,150,270,198,266,234,258,248,304,148,306,207,290,240,281,249,339,161,344,201,320,233,304,250,365,184,400,178,428,174,454,166
Y,293,245,253,241,218,219,189,199,152,182,259,151,273,204,269,237,258,248,302,146,310,213,294,241,283,243,339,158,349,205,325,234,307,249,365,179,399,178,426,177,451,173
Y,296,236,254,235,219,215,191,195,155,178,257,143,270,190,270,224,262,236,299,137,308,195,295,227,286,232,336,147,346,185,326,218,311,236,363,166,397,164,423,162,448,156
Y,297,228,249,219,213,192,185,170,151,159,254,114,263,157,262,198,256,214,294,112,296,168,282,207,276,217,328,127,333,164,311,199,296,217,355,150,388,135,414,126,439,114
Y,293,226,247,216,212,186,184,163,151,150,253,114,260,147,259,190,255,207,293,112,296,155,283,198,276,211,328,127,335,154,314,193,300,210,354,148,386,131,412,121,436,106
Y,303,258,259,245,221,211,189,183,155,178,254,165,252,139,257,178,260,211,288,162,289,138,285,185,283,219,321,162,327,126,319,163,313,194,349,168,375,129,396,106,415,82
Y,320,294,274,277,235,241,206,207,173,195,269,193,267,158,271,193,273,226,301,190,303,163,298,206,295,239,333,191,339,151,330,184,322,213,362,196,386,158,406,135,423,112
Y,327,302,281,283,244,247,215,212,184,197,276,199,274,162,277,195,279,226,308,197,309,167,304,208,302,239,339,199,346,158,337,185,330,209,367,205,391,167,410,144,427,121
Y,335,302,290,281,253,245,226,213,197,196,288,199,288,161,289,194,289,225,320,199,322,168,316,207,313,237,351,202,359,163,351,184,344,203,378,209,402,173,421,152,438,129
Y,343,341,297,314,264,269,246,229,229,195,292,225,290,185,291,223,292,258,325,224,323,190,316,231,315,265,359,229,363,186,351,209,343,232,390,238,415,199,433,174,447,149
Y,343,346,296,320,260,275,241,233,223,200,290,230,286,188,286,223,287,258,323,228,320,192,313,233,311,267,357,232,361,188,349,212,341,236,389,241,414,201,433,175,448,151
Y,342,348,294,320,259,275,240,233,223,199,288,229,285,186,285,223,287,258,321,227,318,190,312,232,310,267,355,231,359,186,348,210,341,233,387,240,413,199,431,173,446,148
Y,339,344,290,317,254,271,234,230,216,197,286,227,282,184,281,222,283,255,318,225,315,187,308,229,307,263,353,229,356,185,342,212,332,238,385,238,412,198,429,171,443,146
Y,338,343,289,315,253,269,233,228,214,194,284,224,279,180,278,217,281,252,317,223,313,184,305,227,305,261,352,227,354,181,340,208,331,233,385,235,412,194,430,168,444,142
Y,347,344,302,320,264,273,233,235,201,218,290,227,283,184,283,224,285,259,323,223,318,188,310,233,309,266,358,227,360,181,345,210,335,238,391,235,418,193,436,166,452,139
Y,348,342,302,316,263,271,233,234,201,216,289,226,283,181,283,220,286,253,321,223,318,184,310,230,311,264,356,225,358,179,345,205,337,231,389,233,416,190,435,163,450,136
Y,348,341,301,316,262,271,233,234,201,218,292,225,286,182,284,222,285,256,325,222,320,187,311,230,310,264,359,225,361,181,345,211,336,239,392,234,418,191,436,164,450,136
Y,349,341,304,317,265,272,235,236,203,218,293,225,286,182,286,221,287,256,326,222,320,187,312,231,312,265,360,226,362,182,348,209,339,234,392,235,419,192,436,164,451,136
Y,350,342,304,318,264,273,235,234,204,215,295,224,287,179,285,217,287,251,327,222,322,185,314,230,312,264,361,226,364,179,350,207,342,233,393,234,419,191,437,164,452,137
Y,350,341,303,317,264,272,235,234,204,215,295,223,288,180,287,217,288,252,327,222,323,186,314,229,312,263,361,226,364,181,350,209,342,236,393,234,419,191,437,164,452,136
Y,351,340,303,314,265,272,235,235,205,213,295,224,287,179,287,217,288,253,328,222,323,184,315,227,313,261,362,225,364,178,351,205,343,230,394,233,420,189,438,162,453,135
Y,347,337,300,312,261,268,232,230,202,209,293,219,287,176,285,214,286,249,326,217,322,182,313,225,310,259,360,221,363,175,349,202,340,228,392,230,419,187,437,160,452,133
Y,346,334,300,310,261,266,232,228,203,207,291,217,284,174,283,213,284,248,324,215,319,179,310,222,309,256,358,218,360,172,346,200,338,225,391,226,417,183,435,156,450,129
Y,347,336,301,311,261,266,233,228,202,207,292,219,285,173,284,211,286,246,325,217,320,180,312,222,310,256,359,220,361,173,348,200,339,226,391,228,417,185,434,158,449,130
Y,347,336,301,311,261,267,233,228,203,207,292,218,285,175,283,212,285,247,324,216,318,180,311,223,311,257,358,220,359,175,345,203,336,229,390,228,416,186,434,159,449,132
Y,346,336,300,312,261,267,233,228,204,208,292,218,285,176,283,215,285,250,325,216,319,180,311,223,311,257,358,220,360,175,346,203,338,231,390,229,417,186,435,159,450,133
Y,346,337,300,312,261,266,232,227,201,207,291,219,285,175,284,214,285,250,324,217,320,181,311,223,310,258,359,221,360,175,347,204,338,230,391,229,417,186,435,159,450,131
Y,347,339,301,315,262,269,234,230,204,208,293,221,286,177,286,215,287,251,326,219,321,182,313,225,311,259,360,223,363,177,350,202,342,226,391,232,418,189,435,162,450,135
Y,347,339,300,314,261,268,234,228,204,207,293,220,287,177,285,215,286,250,326,219,322,183,313,226,311,260,360,223,363,177,351,204,342,230,392,232,418,189,436,162,451,136
Y,348,338,300,313,262,267,234,228,204,207,294,221,288,176,287,215,288,250,327,220,323,183,314,226,313,261,361,224,364,178,351,204,343,228,393,232,419,188,437,162,451,135
Y,347,339,300,312,261,266,234,227,205,205,295,220,289,176,286,213,286,248,327,219,322,183,313,225,312,259,360,223,363,177,350,202,342,226,392,232,419,189,437,162,452,136
Y,349,338,302,314,265,268,237,228,206,205,296,221,290,175,289,213,290,250,329,220,324,182,316,225,313,259,362,224,366,177,353,202,345,226,394,232,420,189,437,162,453,135
Y,349,337,302,310,263,264,234,226,205,204,295,218,288,174,286,212,287,248,327,217,323,180,314,223,312,257,361,221,365,174,351,202,342,230,393,229,420,186,437,160,453,133
Y,347,334,302,308,263,263,235,224,206,202,295,215,288,174,286,213,288,248,327,213,323,178,314,221,312,255,361,217,364,173,349,203,340,230,392,227,418,184,436,158,451,132
Y,349,333,303,308,264,264,236,225,207,201,294,216,288,173,286,212,287,248,327,215,323,178,314,222,312,256,361,219,365,174,350,204,340,231,393,228,418,185,436,158,451,131
Y,347,337,300,312,262,265,236,226,208,203,293,217,287,174,286,212,286,248,326,215,323,179,314,222,311,257,361,220,364,174,350,202,339,229,393,229,419,187,437,160,452,134
Y,347,338,300,312,262,265,235,225,206,203,293,219,289,175,287,214,288,249,327,217,323,180,314,224,312,258,361,222,365,176,351,204,342,230,393,231,419,188,437,161,452,133
Y,348,338,301,313,263,266,236,226,206,203,294,220,289,175,287,213,287,248,327,218,324,182,314,224,312,257,361,222,365,177,351,205,343,231,393,232,419,188,436,162,451,135
Y,347,338,300,313,262,266,235,226,206,203,293,219,288,175,286,214,286,250,326,218,323,181,313,225,311,260,360,222,364,176,349,205,339,233,392,231,418,189,436,162,452,135
Y,347,340,300,313,262,266,236,226,207,203,293,219,288,175,286,213,287,248,326,218,323,181,314,224,312,258,360,222,364,177,348,205,338,232,392,231,419,188,436,162,451,135
Y,347,337,300,310,262,265,235,226,208,203,293,219,288,175,287,213,288,248,326,218,322,181,313,224,312,258,360,222,363,177,349,204,341,230,392,231,418,188,436,161,451,135
Y,348,338,301,312,263,266,236,226,208,202,295,219,290,175,288,213,288,249,328,218,324,182,314,225,312,259,361,222,365,177,351,205,343,232,393,231,419,189,437,162,452,135
Y,347,338,301,313,263,267,236,227,208,204,292,219,287,177,286,216,288,251,325,217,322,182,314,226,313,260,360,222,363,177,349,206,339,233,392,231,418,189,436,163,451,136
Y,346,335,300,309,262,264,235,225,207,201,292,218,287,174,286,212,286,247,325,216,321,180,312,223,311,257,359,220,362,175,349,202,341,227,392,229,418,186,436,159,451,132
Y,346,333,300,309,261,264,235,224,206,200,292,216,286,172,284,210,285,246,325,215,320,178,311,221,310,255,359,219,361,174,346,202,337,228,391,227,416,184,434,157,448,130
Y,345,334,299,308,261,263,234,224,206,199,292,213,285,171,282,210,284,246,325,212,319,177,311,221,310,256,359,216,360,172,345,201,336,229,391,226,417,183,434,157,449,130
Y,344,337,299,311,260,266,234,226,207,201,291,216,285,174,284,213,285,248,324,215,319,180,311,224,310,259,358,220,360,176,346,203,336,229,390,230,416,187,433,160,448,133
Y,344,341,299,314,260,266,234,226,206,202,291,217,286,175,284,214,284,249,324,216,319,182,310,226,309,261,358,222,360,179,345,206,335,232,390,232,416,190,433,163,448,136
Y,343,338,297,312,260,266,234,227,207,203,291,218,285,175,283,213,285,248,323,216,319,181,310,224,310,258,357,221,360,177,345,206,336,233,389,230,415,188,433,161,448,135
Y,344,338,298,312,259,266,233,226,205,201,290,219,285,176,283,215,284,251,323,217,319,183,310,226,309,260,358,222,361,177,346,206,337,234,390,232,416,189,433,162,448,135
Y,344,340,299,315,260,267,233,227,205,202,291,219,284,177,282,214,283,249,323,217,318,183,309,226,309,261,358,222,359,178,344,207,335,235,390,231,415,189,433,162,447,135
Y,344,339,299,314,261,267,235,226,207,201,291,219,285,174,282,212,284,246,324,218,320,182,310,225,309,260,358,222,361,177,345,206,335,233,390,231,416,189,434,162,449,136
Y,345,338,299,312,261,265,236,224,208,200,292,217,287,173,286,212,287,248,325,217,321,181,313,224,311,259,359,222,362,176,349,203,341,228,391,231,418,188,435,161,450,135
Y,345,337,298,311,261,264,235,224,207,198,292,217,289,172,287,211,286,246,326,216,323,179,313,222,311,256,360,221,365,176,352,201,343,224,391,231,418,188,437,161,453,135
Y,343,336,296,309,258,261,232,220,203,196,292,215,288,170,286,209,286,245,325,214,323,178,313,222,310,255,359,219,365,174,350,202,340,228,391,229,418,187,437,160,453,133
Y,342,335,295,309,258,261,232,221,204,195,291,212,286,168,283,207,283,242,324,212,321,176,310,219,308,253,358,217,362,172,346,201,335,227,390,227,417,184,436,158,452,131
Y,340,333,293,306,256,258,230,218,202,194,291,213,286,168,284,207,284,242,324,213,321,175,311,218,308,251,358,218,363,173,349,199,339,224,390,228,417,184,435,157,450,131
Y,342,337,296,311,259,262,233,221,204,196,292,215,288,171,286,211,286,247,325,215,323,179,313,222,310,256,359,220,364,175,350,205,341,232,390,230,417,187,436,160,452,133
Y,342,336,295,308,258,260,232,220,204,195,292,214,288,171,286,211,287,248,325,213,322,178,313,222,311,257,359,219,363,173,349,203,340,230,389,229,417,186,436,160,452,133
Y,341,336,295,309,258,261,231,221,203,197,291,214,286,171,283,209,283,245,324,213,321,179,311,222,308,256,358,219,363,174,349,203,340,230,390,229,417,187,436,161,452,135
Y,340,335,294,310,257,263,231,222,203,195,289,215,285,169,282,206,281,241,322,214,319,177,309,220,307,254,356,219,361,173,347,201,337,227,387,228,414,186,433,160,449,133
Y,339,338,293,310,256,263,230,223,202,197,289,216,284,172,281,210,281,246,322,216,319,180,309,223,306,256,356,221,361,176,346,203,337,228,388,230,415,188,434,162,450,136
Y,339,336,292,307,255,261,230,221,203,197,288,215,284,172,282,211,281,247,321,214,318,179,309,223,306,256,356,220,360,176,346,204,337,230,387,230,415,188,433,161,450,135
Y,338,335,293,308,256,260,230,220,203,196,289,213,284,171,281,209,281,245,322,213,319,179,309,222,306,256,356,219,360,175,345,205,335,234,387,229,414,187,433,161,449,135
Y,338,335,292,308,255,262,229,222,202,197,287,215,282,172,279,209,279,244,320,214,317,179,306,221,303,255,355,219,359,175,344,202,335,228,387,229,414,187,432,161,449,135
Y,340,335,293,308,255,260,229,220,202,195,288,214,284,170,280,207,280,242,321,214,317,178,307,220,305,254,355,219,359,174,344,201,335,227,387,228,414,186,432,159,449,133
Y,340,332,294,306,256,260,231,220,204,194,288,210,283,168,280,206,280,242,321,209,318,175,308,219,306,254,355,214,359,170,344,200,335,227,387,225,414,183,433,157,449,130
Y,339,333,294,307,256,260,231,220,203,195,288,211,283,168,280,205,280,241,321,211,317,176,307,219,305,254,355,216,359,172,343,200,333,227,387,226,414,184,432,157,448,131
Y,339,332,293,304,255,257,230,217,202,193,287,210,282,168,280,206,281,241,320,209,317,174,308,217,306,251,355,214,359,169,345,195,336,220,387,224,414,182,432,155,448,129
Y,339,334,292,307,255,259,229,218,201,193,287,211,283,167,280,205,280,241,321,211,317,175,308,218,306,253,355,216,359,171,345,197,336,221,387,226,413,184,432,157,448,131
Y,337,333,292,306,254,259,227,220,200,194,285,212,280,169,278,208,278,244,319,212,315,177,306,221,303,255,353,217,357,172,342,201,333,228,385,227,413,185,431,159,447,132
Y,336,335,291,310,253,262,227,221,199,196,284,214,280,170,276,208,276,243,318,212,315,177,304,221,301,254,352,217,356,172,340,201,329,228,384,227,411,185,429,159,445,132
Y,335,333,290,308,252,260,226,219,198,194,283,212,279,169,277,208,278,243,317,211,313,176,304,219,303,254,352,216,355,172,340,200,330,226,384,226,411,184,429,158,445,131
Y,336,333,290,306,252,259,225,220,198,195,284,213,279,170,276,207,276,242,317,212,313,177,303,219,301,253,351,217,355,172,339,200,329,226,383,227,410,185,429,159,444,132
Y,334,334,289,308,252,261,226,221,199,195,283,213,278,171,276,209,277,244,316,212,312,177,303,221,301,255,351,217,354,173,338,201,328,227,382,227,410,185,428,159,444,133
Y,335,330,289,305,250,258,225,219,198,193,282,210,277,168,275,206,275,240,315,209,312,174,302,217,299,252,350,214,353,169,338,198,328,224,381,224,408,182,426,156,441,130
Y,335,332,289,306,252,259,227,219,201,193,283,211,279,168,277,207,277,242,316,210,313,174,303,218,302,252,351,215,354,171,339,198,330,224,382,226,409,184,427,157,443,131
Y,336,330,291,306,253,259,227,219,199,193,283,210,279,166,277,205,277,240,316,209,313,173,304,217,302,251,351,214,355,169,340,196,330,220,383,224,410,181,427,155,443,129
Y,335,331,289,306,251,258,225,218,197,194,282,211,277,169,275,207,276,242,316,210,313,174,303,218,301,252,351,215,354,170,338,200,328,228,383,225,410,183,427,157,443,130
Y,335,332,290,307,252,259,226,219,198,194,281,211,277,169,275,207,277,242,315,210,312,176,303,220,303,254,350,215,354,170,339,197,329,223,382,225,409,183,427,157,443,130
Y,335,335,290,310,252,262,226,221,200,196,283,214,277,172,275,211,275,245,316,212,312,178,302,223,300,257,351,217,354,173,338,205,327,234,382,228,410,187,429,160,444,133
Y,334,334,288,308,251,261,226,220,200,194,283,212,278,170,275,209,277,243,316,211,312,177,303,222,302,256,350,216,353,173,337,203,327,231,382,227,410,185,428,159,442,132
Y,335,336,289,310,251,263,226,222,199,196,283,214,278,172,275,210,276,245,316,213,312,179,302,223,301,257,351,219,354,175,338,203,328,229,382,229,410,186,428,160,443,133
Y,333,333,288,309,250,262,226,221,199,195,281,213,275,170,273,207,274,241,314,211,310,176,301,221,299,255,349,216,351,172,335,203,324,233,381,226,407,184,425,159,440,132
Y,334,335,288,308,250,259,225,219,197,195,282,213,277,172,275,211,275,245,315,212,311,178,302,222,301,255,350,218,354,174,339,202,330,227,382,228,408,186,427,159,442,133
Y,333,335,286,309,249,261,223,220,195,196,279,214,275,171,273,210,274,244,313,213,310,178,300,222,297,256,348,218,351,173,337,199,327,224,380,228,407,185,425,158,440,132
Y,334,332,287,305,249,259,224,219,197,193,280,212,275,170,273,208,274,243,314,211,309,176,300,220,298,254,348,215,351,170,335,200,325,227,380,225,407,183,425,156,440,130
Y,333,333,287,307,250,259,224,219,196,194,280,211,275,169,273,207,274,242,313,210,309,174,299,219,298,254,348,215,350,169,334,200,323,229,380,224,407,182,424,156,439,129
Y,333,331,287,305,249,258,223,218,197,192,280,209,274,169,271,207,272,241,313,207,309,174,299,218,297,252,348,212,351,168,334,199,324,227,380,223,407,181,424,154,439,128
Y,333,331,286,305,249,258,222,217,195,192,278,211,273,168,271,206,272,239,311,208,307,173,297,217,296,251,346,212,348,167,332,197,322,225,379,221,405,179,423,153,438,127
Y,332,332,284,305,246,256,221,216,194,193,278,208,273,170,270,209,270,242,311,207,306,175,296,219,295,254,346,212,346,172,329,205,318,234,379,223,405,181,422,156,437,129
Y,330,332,284,306,247,258,221,218,194,193,278,212,273,171,271,210,272,244,311,210,306,175,297,220,296,253,346,215,347,171,330,203,320,232,378,224,405,183,422,157,437,130
Y,332,334,285,308,247,259,223,218,196,193,279,212,273,170,271,209,272,243,311,210,307,175,297,220,295,254,346,215,347,172,330,203,320,231,378,225,404,183,422,157,437,130
Y,331,333,285,308,248,260,222,219,195,193,278,212,272,171,270,210,271,243,311,210,307,176,296,221,294,255,346,215,347,173,329,206,318,236,378,224,405,183,422,157,437,131
Y,331,333,285,307,247,259,221,219,194,194,277,213,271,172,269,210,270,244,310,211,306,176,296,221,295,256,345,216,347,173,330,203,319,231,377,225,404,183,422,157,437,130
Y,330,332,285,307,247,259,222,219,196,193,278,212,272,171,269,208,270,241,311,210,306,175,295,219,293,253,346,214,347,172,329,204,318,233,377,224,404,183,421,157,436,131
Y,330,334,283,308,246,260,221,218,194,194,276,212,271,173,268,211,270,245,309,210,305,177,295,222,293,257,344,215,346,171,328,204,317,233,377,225,404,184,422,158,436,132
Y,329,331,283,307,245,260,220,219,194,193,275,211,269,171,267,211,269,245,308,209,304,175,294,220,292,256,343,214,344,171,327,205,315,234,376,223,403,182,421,157,435,130
Y,329,332,284,306,246,258,220,217,193,192,276,209,270,170,267,209,268,243,310,208,304,173,294,219,292,254,344,213,346,170,327,203,315,233,377,223,403,181,421,155,435,128
Y,329,331,283,305,245,257,219,216,192,192,275,210,268,170,266,208,267,241,308,207,303,174,293,219,291,253,343,211,344,170,325,203,314,232,375,221,402,180,419,154,433,128
Y,328,329,282,303,244,256,219,215,192,189,273,207,267,168,266,206,267,240,307,205,302,172,293,217,291,251,342,209,343,167,325,198,313,227,374,219,401,178,418,152,432,126
Y,327,335,282,309,244,262,219,221,193,195,275,213,268,173,266,212,268,246,308,210,303,177,293,221,291,256,343,215,344,173,326,205,314,235,375,225,402,184,420,159,435,133
Y,326,333,281,307,244,261,218,220,191,195,274,213,268,172,266,211,267,245,307,211,302,177,292,222,291,257,341,215,343,173,325,205,314,234,374,225,401,184,419,158,434,132
Y,327,336,281,309,243,261,217,220,191,194,273,213,269,173,266,212,267,247,307,211,303,177,293,222,291,257,342,216,344,173,327,204,315,232,375,226,402,184,420,158,435,132
Y,327,333,280,307,243,259,218,219,191,194,274,213,269,173,266,212,267,246,308,211,303,178,293,223,292,258,343,216,345,173,327,204,316,233,375,226,403,185,420,159,436,132
Y,328,335,283,310,245,263,220,222,194,196,275,214,269,175,267,214,268,248,308,211,304,179,294,224,291,259,343,216,345,174,328,207,316,236,376,227,403,185,421,160,436,134
Y,328,335,281,309,244,261,219,220,192,195,275,214,269,173,266,211,268,245,308,212,304,178,293,222,292,257,343,217,346,173,329,203,318,231,376,226,403,184,421,158,436,132
Y,329,334,284,308,246,261,221,219,194,193,276,211,269,171,267,210,268,245,310,208,305,175,294,221,292,256,345,213,346,172,328,204,316,234,378,224,405,183,423,158,438,131
Y,331,334,285,307,247,259,221,218,194,193,278,211,274,171,272,210,272,245,312,210,309,176,299,220,297,255,347,215,351,171,335,201,325,229,380,226,408,184,427,159,443,133
Y,332,336,286,307,248,257,222,216,195,191,280,210,276,168,273,208,274,243,314,209,310,175,301,219,299,253,349,214,352,170,337,201,327,229,381,225,409,183,428,157,444,130
Y,332,333,286,305,249,258,224,217,196,191,281,211,277,168,275,207,275,242,315,209,312,175,302,219,301,253,350,215,354,170,340,196,331,220,382,225,410,183,429,157,445,131
Y,331,336,284,308,247,259,223,218,196,194,280,212,276,171,273,210,273,245,314,211,311,177,301,221,298,256,349,217,353,173,338,202,328,229,380,228,409,187,428,161,444,135
Y,332,335,286,307,248,259,223,218,197,193,280,212,276,171,274,210,275,244,314,211,311,177,301,222,299,256,349,217,354,173,338,202,327,229,381,228,409,186,428,161,445,135
Y,330,335,284,307,247,258,222,216,194,192,279,213,276,171,273,209,274,243,313,212,311,178,300,222,298,256,348,217,352,173,337,204,327,232,381,228,408,187,427,161,444,135
Y,330,337,284,310,248,261,223,219,196,195,279,214,276,173,273,212,274,246,313,213,310,179,300,223,298,257,347,218,351,176,334,207,324,235,379,229,408,188,426,163,442,136
Y,329,333,283,307,247,260,222,219,196,194,278,213,275,172,272,210,273,244,312,212,309,177,299,222,296,256,347,217,350,173,334,205,324,234,379,227,407,186,425,161,441,134
Y,329,337,284,310,246,262,221,220,195,194,277,213,273,173,270,211,271,245,311,211,307,178,297,223,295,257,346,216,348,175,331,207,320,237,378,227,406,187,425,162,440,136
Y,329,334,282,307,245,260,221,219,194,195,277,212,273,174,270,213,270,247,311,211,307,177,296,222,294,257,345,216,348,174,331,205,320,234,378,227,406,186,425,161,441,136
Y,329,335,282,308,245,260,220,218,193,194,276,213,272,172,270,212,271,246,310,211,307,177,297,223,295,258,345,216,348,173,332,204,322,233,377,226,405,186,424,160,440,134
Y,329,332,283,306,246,258,222,217,194,193,278,210,274,169,271,207,271,241,312,209,309,175,298,220,295,254,347,214,351,170,335,200,324,227,379,225,407,184,426,158,442,132
Y,331,331,283,303,246,256,222,216,194,192,278,210,273,170,272,210,274,245,312,208,308,176,299,220,298,254,347,213,351,169,336,199,327,226,379,223,407,182,426,157,442,131
Y,331,332,284,306,247,257,222,216,194,192,277,208,274,170,272,210,272,244,311,206,308,174,298,219,297,253,346,212,349,169,333,200,323,227,378,223,406,181,424,156,440,130
Y,331,333,284,305,247,256,222,215,195,192,278,210,275,171,273,212,275,246,313,208,310,175,300,219,298,254,348,214,351,170,335,200,326,227,380,225,408,183,426,157,442,131
Y,330,336,284,309,247,260,223,219,196,194,279,213,276,173,273,213,273,247,312,212,310,179,300,224,298,258,347,218,351,176,335,208,324,237,379,229,407,189,426,163,443,137
Y,329,338,283,311,247,261,223,219,196,194,279,213,275,173,272,212,273,247,313,212,309,180,299,225,296,259,347,218,350,176,333,208,322,237,379,229,408,188,426,163,442,137
Y,330,336,284,310,247,261,222,219,196,195,279,212,274,175,271,216,272,250,313,211,309,180,298,225,295,260,348,216,349,176,331,210,319,240,380,227,408,188,426,163,442,137
Y,329,337,283,311,246,262,222,220,194,195,278,214,273,174,270,214,270,249,312,212,308,181,297,226,294,261,347,218,349,176,332,209,320,238,379,229,407,188,426,164,441,137
Y,328,337,281,310,245,261,220,220,193,195,276,214,272,173,269,213,270,247,310,213,307,179,295,225,293,259,346,218,349,174,332,206,321,234,379,229,407,187,426,162,441,136
Y,329,337,282,309,245,260,221,218,193,194,278,213,274,173,271,214,272,249,312,212,308,180,298,225,295,259,347,217,349,176,332,208,321,237,380,228,408,187,427,162,443,136
Y,329,337,281,310,244,260,220,217,193,194,276,213,273,174,270,214,270,248,311,212,308,180,297,225,293,259,346,217,349,176,332,210,320,239,378,228,407,188,427,162,443,136
Y,327,334,280,307,243,258,219,217,192,192,276,211,271,171,267,210,266,245,311,210,306,178,294,224,291,258,346,216,348,175,330,208,318,238,379,227,406,185,425,159,441,133
Y,327,336,281,309,243,261,219,220,193,192,275,211,270,171,266,211,267,247,309,209,305,177,293,224,290,258,344,215,347,174,327,208,313,238,377,226,406,185,425,160,441,133
Y,326,338,280,312,243,262,218,220,191,194,275,213,270,174,267,215,268,251,310,211,306,180,295,226,292,261,345,217,347,176,329,211,317,241,377,228,406,188,425,163,441,137
Y,327,338,279,310,242,260,217,218,190,194,275,212,271,175,267,216,267,251,309,211,306,181,294,227,291,261,345,217,347,178,329,213,316,243,377,228,406,188,425,163,441,137
Y,325,339,280,312,243,263,218,220,192,195,275,214,270,175,267,216,267,251,310,213,306,180,294,227,291,262,345,219,348,178,328,212,315,242,377,230,406,190,426,165,442,138
Y,326,340,279,312,242,263,218,221,191,195,274,214,270,175,266,216,265,252,308,212,305,181,293,227,288,262,344,218,346,178,327,213,313,244,377,230,405,189,425,164,441,138
Y,326,340,280,312,243,263,217,221,191,195,274,214,269,175,265,215,265,251,309,212,304,181,292,227,289,262,344,218,345,178,326,212,314,242,377,229,406,189,425,164,441,138
Y,325,339,279,312,241,262,217,220,191,193,275,212,268,174,264,215,263,250,309,210,303,179,291,226,287,261,344,216,345,176,325,212,312,242,376,228,405,187,424,163,440,136
Y,325,338,279,311,242,262,217,220,191,193,274,213,268,173,264,213,264,249,308,212,303,180,291,226,287,260,343,217,344,177,324,212,310,243,376,229,405,188,424,163,439,136
Y,324,337,278,310,241,262,216,220,189,193,272,211,266,173,262,213,263,248,306,210,301,179,289,226,285,261,342,216,343,176,323,211,309,242,375,227,403,186,422,161,438,135
Y,323,333,277,307,240,258,215,216,188,190,271,209,264,171,261,211,262,245,305,207,300,175,289,221,285,256,341,212,342,171,322,206,308,237,374,223,402,182,421,157,436,131
Y,324,331,278,304,240,256,215,215,190,189,272,207,266,170,262,209,262,244,306,205,301,175,289,219,286,254,342,211,342,172,322,207,309,237,374,222,402,182,420,157,436,130
Y,325,337,279,310,241,261,216,218,189,193,273,210,267,173,263,214,263,249,307,208,302,178,290,225,288,261,342,214,343,176,324,210,311,239,375,226,403,184,422,159,437,133
Y,324,337,279,310,241,261,217,219,191,193,274,212,268,173,264,214,264,249,308,211,304,180,292,226,288,261,344,216,346,176,326,211,313,241,376,228,405,187,424,162,440,136
Y,325,337,279,311,241,263,216,220,190,193,273,214,267,175,264,215,264,250,308,211,303,180,292,225,288,261,343,217,345,176,325,211,312,242,375,227,404,187,423,162,439,136
Y,323,337,277,309,240,261,215,220,189,194,272,212,266,173,263,212,263,246,305,212,300,180,289,226,285,260,340,217,341,177,323,210,310,240,373,228,401,187,420,162,435,136
Y,323,336,277,310,240,262,216,219,189,193,271,212,266,174,263,215,262,250,306,210,302,179,290,225,286,260,342,215,343,175,323,209,310,240,374,226,402,186,421,161,437,135
Y,323,337,277,311,240,262,216,219,189,193,271,212,265,175,263,216,263,251,306,210,301,180,290,227,286,262,341,216,342,176,323,212,309,243,374,228,403,187,422,163,437,136
Y,324,337,277,310,240,262,215,220,189,192,272,213,266,174,263,214,263,249,307,212,301,181,290,227,286,262,342,217,343,177,323,211,309,240,374,228,402,187,421,162,436,136
Y,324,334,277,308,240,259,215,217,188,193,273,211,267,174,263,213,262,247,307,209,302,179,289,224,284,259,342,215,343,176,323,210,309,240,375,226,403,186,422,161,437,134
Y,323,335,278,308,241,261,215,220,190,192,272,210,265,174,263,215,264,251,306,209,302,178,291,224,287,260,342,214,344,175,324,210,311,241,375,226,403,186,423,160,438,134
Y,324,334,279,308,242,259,217,216,190,191,273,209,266,171,263,210,262,244,307,207,302,177,290,223,285,257,343,213,344,173,324,207,310,237,375,224,403,184,422,159,438,132
Y,327,340,281,313,244,264,220,221,192,196,276,215,271,176,268,217,267,252,309,213,305,183,294,230,291,265,345,219,346,180,328,215,315,245,377,231,406,190,425,165,441,138
Y,328,340,281,312,245,264,220,221,193,196,277,216,271,177,268,218,268,253,311,215,306,184,295,230,292,265,346,221,348,180,330,213,318,242,379,231,407,191,426,166,442,140
Y,327,340,281,314,244,265,220,222,193,196,277,217,271,178,267,218,267,252,311,216,307,184,294,230,291,264,346,221,348,180,329,213,316,243,379,232,408,192,427,166,442,139
Y,327,339,281,312,244,266,220,224,194,196,276,214,269,176,266,217,266,252,310,213,305,183,294,229,290,265,345,219,346,180,327,214,314,244,378,231,406,190,425,165,441,139
Y,327,342,281,314,245,265,221,222,194,196,278,216,273,177,270,219,270,255,312,215,308,185,297,232,293,266,347,221,350,182,331,217,318,247,379,233,408,192,428,167,444,141
Y,328,339,283,313,245,263,221,220,194,194,277,214,272,175,268,215,267,249,311,212,308,181,296,227,291,261,347,218,349,177,330,213,317,243,379,230,408,190,427,165,443,138
Y,328,341,282,314,246,264,221,222,194,195,278,214,273,175,269,217,268,253,312,213,307,183,296,229,292,265,347,219,348,180,329,215,316,246,380,231,408,190,427,165,443,138
Y,327,342,282,315,245,265,221,222,195,194,278,215,272,177,268,219,268,254,312,214,307,184,296,230,292,265,347,220,349,180,330,216,317,246,379,232,408,191,427,166,443,140
Y,327,343,281,315,245,265,222,222,195,197,277,216,271,179,268,222,269,259,312,215,307,186,296,233,293,268,347,222,350,183,331,218,318,249,380,234,409,194,428,169,444,143
Y,329,346,283,317,248,267,225,223,197,198,280,218,275,179,271,221,270,256,314,218,310,187,298,234,294,269,349,224,352,184,332,218,319,248,382,237,411,196,430,171,446,145
Y,329,344,284,317,248,267,224,224,198,197,280,218,275,180,270,221,270,257,314,217,311,187,298,233,294,268,350,224,353,184,332,219,318,250,381,236,410,196,430,171,446,145
Z,375,399,339,364,315,325,311,286,339,262,334,246,327,184,327,146,329,113,370,254,375,210,365,258,357,284,404,270,413,229,393,270,379,300,431,297,441,262,419,283,403,304
Z,371,394,338,362,315,323,311,285,339,261,336,243,332,182,331,144,335,113,371,251,378,209,366,255,357,281,404,268,414,229,393,269,379,297,431,295,441,262,419,282,403,302
Z,372,389,337,355,314,315,313,276,342,252,334,236,329,175,328,138,332,107,369,244,375,201,363,248,355,276,403,261,413,222,392,262,377,291,429,287,440,253,417,273,400,294
Z,372,394,336,357,314,318,311,277,341,253,332,239,327,177,327,140,331,109,367,247,373,202,363,250,355,277,401,263,411,222,391,262,377,291,427,289,438,255,416,276,401,297
Z,370,393,333,359,308,320,305,280,337,254,330,239,326,177,327,139,331,108,365,246,370,202,359,248,351,276,398,262,408,221,387,261,374,291,425,288,435,253,413,273,399,295
Z,373,396,334,358,312,318,309,278,341,253,333,240,330,178,330,141,335,109,368,247,373,200,361,248,352,276,401,263,410,221,389,262,377,293,428,289,436,254,414,275,400,296
Z,376,394,337,355,314,317,309,275,341,251,335,240,332,176,333,139,338,108,370,246,373,200,364,247,356,275,402,261,411,218,392,259,378,290,428,287,438,251,416,271,401,293
Z,376,393,339,356,316,316,312,275,344,251,338,239,335,176,337,139,342,108,372,246,377,200,367,246,357,274,405,261,414,220,394,261,381,291,432,286,440,251,419,272,405,294
Z,374,395,338,359,317,319,316,278,345,253,338,241,336,179,337,142,343,111,373,249,379,202,367,248,358,275,405,265,415,224,394,262,382,292,432,291,442,255,420,274,406,295
Z,376,397,339,359,316,319,311,278,342,252,338,242,335,179,337,143,343,112,371,248,377,201,364,247,355,276,404,264,412,221,392,261,379,292,430,289,439,252,417,272,402,294
Z,377,398,340,360,317,321,310,279,339,252,336,244,334,182,335,144,341,113,370,250,375,202,363,250,355,278,403,265,411,222,391,262,379,294,430,290,438,253,416,273,402,296
Z,376,397,339,360,317,320,314,280,343,253,336,242,334,181,335,144,341,113,370,249,376,202,364,248,355,276,403,264,411,222,391,263,380,294,430,290,438,253,416,273,402,296
Z,376,398,339,360,316,320,310,280,341,255,336,243,333,181,334,144,340,113,370,250,374,204,362,250,354,278,402,265,410,224,390,264,378,294,429,291,437,255,414,274,400,296
Z,376,400,338,364,314,325,309,285,340,259,335,246,333,184,334,147,339,115,370,253,373,206,362,252,353,280,403,268,411,226,391,266,379,296,431,295,438,258,416,279,402,301
Z,375,401,336,362,313,323,306,281,338,257,334,244,331,182,332,145,337,113,368,251,372,203,360,251,352,279,401,266,409,224,388,264,377,295,427,293,436,255,413,276,399,299
Z,373,400,335,362,311,323,306,281,338,259,333,245,331,183,330,146,334,114,368,251,371,205,358,252,351,281,400,267,408,226,387,266,375,297,427,293,435,257,413,278,398,300
Z,374,401,336,363,313,324,306,284,337,261,333,244,331,183,332,147,336,115,367,252,371,205,359,253,351,280,400,268,408,226,387,268,376,297,427,295,434,258,412,280,398,302
Z,372,403,333,364,310,325,302,283,333,260,331,246,329,185,330,147,334,115,365,253,369,206,356,254,348,281,398,269,406,226,384,267,372,297,425,296,432,258,409,279,395,302
Z,374,398,334,359,310,320,303,280,335,256,333,242,330,180,330,143,335,111,367,249,370,202,358,249,349,278,399,265,406,222,386,262,373,294,425,292,432,254,409,275,395,297
Z,373,398,332,360,308,321,303,281,333,255,330,244,327,182,327,145,331,112,364,251,367,202,355,250,347,277,397,266,403,222,383,263,372,295,423,292,430,254,408,275,395,298
Z,374,404,333,362,308,325,297,282,331,260,330,246,327,185,326,148,330,116,363,252,365,204,355,253,348,281,396,267,403,224,383,266,370,297,421,294,429,257,407,278,393,301
Z,372,399,334,361,309,322,302,282,334,259,332,245,329,184,329,147,334,115,365,252,369,206,355,253,347,281,398,268,405,225,384,265,373,296,425,294,432,256,409,277,395,299
Z,375,403,333,362,310,324,302,283,333,260,331,246,329,185,328,148,333,116,365,253,367,206,355,255,347,281,397,268,404,226,384,266,373,297,424,295,431,259,408,279,395,301
Z,372,402,334,365,309,326,299,286,328,259,331,247,327,185,327,147,331,114,364,255,367,206,353,254,345,281,397,270,404,226,382,267,371,298,424,297,430,258,407,279,394,302
Z,372,399,333,362,307,323,299,282,329,256,329,242,326,181,325,143,330,112,363,249,367,201,354,250,346,278,396,265,403,222,382,264,372,294,423,292,430,253,407,275,394,297
Z,375,399,336,361,311,322,300,281,329,254,332,244,328,181,327,143,331,110,365,251,368,201,355,250,346,278,398,266,405,220,384,263,373,294,425,292,432,253,409,275,396,298
Z,373,397,335,359,310,320,300,278,328,252,331,242,327,179,327,140,331,108,364,249,366,199,353,247,344,275,397,264,403,218,382,260,371,292,425,291,430,251,407,272,393,295
Z,371,391,333,356,307,316,298,278,324,251,328,235,325,174,324,137,327,106,362,242,364,195,349,245,341,273,395,258,400,215,379,258,368,288,423,285,428,247,404,269,391,291
Z,372,390,333,354,306,316,294,275,323,248,326,236,322,173,320,136,323,104,360,242,361,193,349,241,341,270,392,257,398,213,377,255,366,286,420,283,425,244,402,266,389,289
Z,371,390,333,355,307,316,296,276,323,248,327,236,322,174,320,137,323,104,360,243,362,194,348,242,340,270,393,259,398,214,377,256,367,286,421,285,426,246,403,267,391,290
Z,371,392,330,352,304,316,292,275,322,248,325,237,321,175,319,137,322,105,358,243,359,195,349,244,342,272,391,258,396,214,377,255,367,287,418,284,423,245,400,267,388,291
Z,370,392,330,354,305,315,294,274,323,247,325,236,321,174,320,136,323,104,358,243,360,194,348,242,341,270,391,258,396,213,376,255,366,286,418,284,424,244,401,265,388,289
Z,372,392,331,353,305,315,292,274,321,247,325,237,320,174,318,136,321,103,358,243,357,194,347,243,340,271,391,257,395,212,375,254,365,286,418,284,423,245,399,266,386,290
Z,368,390,329,354,304,316,292,276,317,246,322,236,317,174,314,136,318,103,355,242,357,192,345,241,338,270,388,257,392,212,372,254,363,285,416,283,420,243,398,265,386,288
Z,368,389,328,354,303,315,290,275,316,246,320,236,316,174,314,135,317,103,354,243,355,194,343,243,335,271,387,257,390,213,371,255,361,286,415,282,419,243,397,264,384,287
Z,367,388,327,352,301,315,287,274,316,247,320,235,315,173,313,136,316,104,353,242,354,193,342,242,335,270,385,256,389,213,370,254,361,285,413,282,417,242,394,264,383,287
Z,368,388,325,350,299,312,287,272,316,245,320,235,315,173,312,135,315,103,352,241,353,192,341,240,334,269,385,255,388,211,369,253,359,284,412,281,417,240,395,262,382,286
Z,367,387,324,350,299,312,285,273,313,245,318,235,313,172,311,134,314,102,351,241,352,191,340,240,332,268,383,255,387,210,368,252,359,283,410,281,415,241,393,262,382,285
Z,367,387,325,351,299,312,286,272,314,244,319,234,314,172,311,134,315,102,351,240,353,191,340,239,332,267,384,254,388,210,368,252,359,283,412,280,417,240,394,262,382,285
Z,363,386,323,351,297,312,285,273,311,243,317,234,312,172,309,134,313,102,350,240,352,191,338,238,329,267,382,255,386,211,365,253,356,283,411,280,414,240,391,261,379,285
Z,366,384,324,351,297,312,283,271,311,242,317,233,311,170,308,132,311,100,349,238,349,188,338,236,330,266,381,252,384,208,365,250,356,281,409,278,413,237,391,259,378,283
Z,365,383,323,348,296,310,283,269,312,241,317,231,311,169,308,132,310,101,350,236,350,186,337,234,329,262,382,250,384,206,365,248,356,278,410,276,413,235,391,257,380,281
Z,368,383,325,347,299,310,285,269,314,240,318,232,312,170,310,132,313,100,351,237,352,185,341,233,333,262,383,251,386,206,367,248,358,279,411,276,414,235,392,258,381,283
Z,369,381,327,345,301,308,291,267,319,237,321,229,316,167,315,129,318,97,354,234,354,186,343,235,336,264,386,249,390,204,371,247,361,278,414,275,418,235,396,257,383,280
Z,376,384,332,344,307,308,293,264,326,237,326,230,322,166,321,128,324,96,359,235,359,187,349,236,342,264,391,249,395,204,377,246,367,278,417,274,422,234,400,256,388,280
Z,375,386,332,347,307,310,295,268,325,239,327,232,322,169,321,131,324,98,360,237,361,188,351,236,343,265,392,251,397,206,378,248,369,280,420,276,425,236,402,259,390,283
Z,373,385,330,349,305,310,294,269,324,240,325,232,321,169,320,132,323,99,359,237,359,188,349,237,341,265,391,251,395,207,376,249,367,280,419,276,423,237,401,259,388,282
Z,373,386,330,348,305,311,293,268,324,241,325,234,320,171,319,134,323,101,358,239,359,190,349,239,342,268,390,252,395,208,376,249,366,281,417,277,423,238,400,260,387,283
Z,374,386,331,346,306,309,293,267,325,240,325,230,320,168,320,131,324,99,358,236,358,189,349,239,342,267,390,250,395,207,376,249,366,281,417,276,423,238,400,260,388,283
Z,369,385,327,348,301,310,291,268,322,240,322,231,317,169,316,132,319,100,355,237,356,189,345,238,337,267,388,251,392,208,372,249,362,281,416,276,420,237,397,259,384,282
Z,371,383,329,347,303,309,293,268,323,240,323,231,319,169,317,131,321,99,356,237,358,189,347,236,338,265,388,251,392,207,373,249,364,280,415,276,420,237,398,258,385,282
Z,367,382,324,345,297,308,286,268,316,241,318,231,313,169,312,132,315,100,351,236,352,189,341,237,334,267,383,251,386,208,367,249,358,280,411,275,416,235,394,257,381,281
Z,369,380,325,343,299,307,287,267,317,238,320,228,315,167,313,131,315,99,352,234,352,186,342,233,334,262,384,248,386,206,368,247,359,278,411,273,415,233,394,255,382,279
Z,366,381,324,345,297,307,285,267,315,239,318,228,314,167,312,130,316,98,351,234,352,186,340,234,332,263,383,248,387,206,367,247,357,278,410,274,416,234,393,256,379,279
Z,369,381,325,345,299,307,287,267,316,239,319,229,314,166,313,129,316,97,351,234,352,187,341,233,332,263,383,248,386,207,367,248,357,280,411,273,416,234,394,256,381,279
Z,366,379,325,344,297,306,284,267,312,239,318,227,313,167,312,129,315,98,351,234,351,187,338,235,330,264,383,248,385,207,365,249,355,279,410,273,414,235,392,257,379,280
Z,365,380,323,343,297,306,285,267,314,239,316,228,311,167,310,130,314,99,349,234,349,188,338,237,330,266,381,249,384,207,364,249,354,280,409,274,413,235,390,257,377,280
Z,371,383,326,344,300,308,284,266,316,240,320,231,315,169,313,131,315,99,352,236,352,188,342,236,333,265,384,250,386,207,368,248,359,279,411,275,415,235,393,257,382,280
Z,367,381,324,342,298,306,286,266,316,238,319,228,314,168,313,130,316,99,351,234,352,187,341,235,332,263,383,248,387,206,368,247,358,277,410,273,415,235,392,256,381,279
Z,366,381,323,345,296,307,283,266,313,239,317,230,312,168,310,131,312,100,350,236,349,187,337,235,329,264,382,250,384,207,364,249,355,280,409,275,413,235,391,257,379,280
Z,368,382,324,345,297,309,282,267,313,240,317,230,312,168,310,131,313,99,349,235,349,188,338,236,331,265,382,248,385,206,366,247,356,278,409,273,413,235,390,257,379,280
Z,367,382,323,344,296,306,283,263,315,236,318,229,313,167,311,129,313,97,351,235,351,185,339,234,332,262,383,249,386,204,366,246,358,278,410,274,414,233,392,256,381,280
Z,366,381,324,346,296,306,282,266,310,237,316,229,311,167,309,129,312,97,349,234,349,186,337,234,329,264,381,249,384,205,364,248,354,280,409,274,413,234,390,257,377,281
Z,365,379,323,344,295,307,282,267,311,236,315,226,309,164,308,126,311,94,348,232,348,184,336,232,329,262,380,246,383,203,364,246,354,276,408,271,412,232,390,254,377,277
Z,366,380,322,345,295,307,284,266,314,237,317,228,311,166,309,129,310,97,349,233,350,186,338,232,329,262,381,248,384,206,365,247,355,278,409,273,413,234,391,255,379,280
Z,367,381,324,344,298,307,286,266,315,237,318,228,313,167,312,130,314,99,351,234,351,186,339,232,330,262,382,248,385,206,366,247,356,278,410,274,414,234,392,255,380,278
Z,368,381,327,347,300,308,290,268,317,239,320,229,315,168,314,132,317,100,353,235,355,188,343,233,333,263,385,250,389,208,369,249,358,280,413,274,416,235,395,258,382,282
Z,367,382,327,346,301,308,290,267,318,238,320,229,315,168,314,131,317,99,353,235,354,188,342,236,335,265,385,249,389,208,369,249,359,280,413,274,417,235,395,257,382,281
Z,366,379,325,343,298,305,286,264,316,236,319,227,314,164,312,127,315,95,351,233,352,185,341,235,334,264,383,247,386,205,367,248,358,279,411,272,415,233,393,256,381,280
Z,368,382,324,344,298,306,286,264,317,236,318,229,312,166,311,128,315,96,350,234,351,185,341,234,334,264,382,247,385,204,367,246,359,278,410,272,414,233,392,256,381,279
Z,368,380,324,343,297,305,285,263,316,236,317,228,311,165,310,128,314,95,349,233,350,184,339,233,332,262,382,246,385,202,366,245,357,277,409,271,413,231,391,255,379,278
Z,367,380,324,343,297,305,286,263,317,235,318,226,313,164,311,127,314,95,351,232,352,183,340,232,332,262,383,246,386,203,366,246,357,277,410,271,414,232,392,254,379,279
Z,372,380,328,340,301,304,288,261,321,234,321,226,315,162,314,124,318,92,353,231,354,183,344,233,337,263,386,245,390,201,371,244,360,276,412,270,417,231,395,253,382,276
Z,373,386,332,350,304,312,294,271,324,243,325,230,320,167,319,129,322,96,358,237,360,190,349,240,341,270,391,252,397,208,377,252,366,284,419,277,426,238,403,261,389,285
Z,380,399,339,364,313,325,303,284,332,257,330,241,327,175,326,135,330,100,366,248,368,200,359,251,353,280,401,263,407,220,388,263,377,294,429,289,436,251,415,276,401,298
Z,395,436,348,405,317,366,313,325,348,299,339,263,334,190,334,143,336,104,382,272,388,231,374,289,362,321,422,292,431,251,407,304,390,336,455,321,463,287,438,318,420,340
Z,389,453,339,419,304,376,304,330,344,303,337,267,331,188,332,140,334,97,382,276,388,234,375,295,363,329,424,296,436,254,411,308,391,342,458,327,469,291,443,324,422,348
Z,393,452,342,419,307,376,310,331,350,306,338,267,334,187,334,138,337,95,385,277,393,232,380,293,368,327,427,296,441,254,416,310,395,343,462,326,473,291,447,326,427,350
Z,400,441,349,400,318,358,314,311,354,286,345,256,339,176,339,129,341,86,389,265,394,215,385,276,374,312,430,284,442,239,419,293,400,331,463,314,475,276,450,307,430,334
Z,402,424,352,381,322,341,313,295,349,268,342,239,335,161,335,114,339,71,386,247,392,196,383,257,373,292,428,265,439,218,417,274,398,311,461,296,473,256,448,287,428,313
Z,404,414,354,375,325,334,316,289,348,256,343,230,335,153,335,106,339,63,386,238,390,186,383,245,372,281,428,256,438,210,417,263,399,301,462,285,472,245,447,277,428,304
Z,402,410,353,369,321,329,309,285,342,251,340,227,331,149,331,102,333,60,382,234,385,181,377,239,366,275,424,252,433,205,410,257,392,295,458,282,468,241,442,271,421,299
Z,404,409,353,368,322,329,310,283,343,250,340,229,332,153,331,107,334,65,382,236,384,184,378,241,368,276,422,253,431,206,411,257,394,295,455,281,465,240,442,269,423,297
Z,396,389,352,352,322,312,313,270,344,239,340,219,333,146,333,103,336,64,379,227,383,176,374,232,365,267,417,243,426,196,405,246,391,284,449,270,459,229,435,257,418,284
Z,387,374,347,341,318,302,308,259,337,228,335,214,329,147,327,107,331,72,372,219,374,171,364,222,356,254,407,234,414,191,393,237,381,270,438,259,444,221,421,246,406,271
Z,379,372,338,335,312,301,301,262,333,238,331,224,326,164,326,129,330,98,362,231,364,187,356,235,349,263,394,244,400,203,382,244,371,275,420,268,426,233,405,255,391,277
Z,375,368,337,333,313,300,305,262,332,237,331,225,327,167,326,134,329,104,361,231,363,188,354,232,347,259,391,244,395,204,379,243,369,273,416,266,422,231,402,252,390,273
Z,380,364,342,330,319,296,311,258,338,235,336,224,332,167,332,134,334,105,366,231,367,188,359,230,352,256,395,243,400,203,384,241,375,270,420,265,425,230,406,251,395,272
Z,386,362,349,327,326,295,318,257,346,234,341,224,336,168,336,136,339,108,371,230,373,188,368,232,362,258,400,242,406,203,392,241,384,270,425,264,431,231,414,251,404,271
Z,389,363,353,329,332,298,324,262,350,239,346,226,342,171,342,139,346,111,375,232,378,192,373,235,367,260,405,244,411,207,397,245,387,272,429,265,436,234,418,255,405,274
Z,392,365,354,330,334,297,329,260,357,239,349,229,345,173,345,140,349,112,379,234,380,194,376,237,371,263,408,246,413,208,400,245,391,272,432,268,438,235,421,254,410,273
Z,395,374,358,340,338,308,332,272,357,247,351,237,347,181,347,148,350,119,382,242,384,202,381,245,376,271,411,254,418,216,405,253,395,281,435,275,443,243,426,263,415,282
Z,395,369,360,337,338,302,337,267,362,244,354,232,349,176,349,144,352,115,384,238,386,198,380,241,375,266,413,251,419,213,405,251,396,278,438,272,445,240,427,260,416,279
Z,396,370,361,338,340,304,335,268,362,244,354,234,349,177,350,144,353,115,385,239,387,199,383,242,376,268,414,251,420,215,406,252,396,279,439,273,446,241,428,262,416,281
Z,397,368,361,337,340,302,338,266,364,244,356,231,351,176,351,143,355,114,386,238,390,197,383,240,376,265,415,250,422,213,407,250,397,277,440,272,447,239,429,260,418,279
Z,398,371,361,335,342,303,333,266,361,243,355,233,350,177,350,143,354,114,384,238,386,196,383,240,378,265,414,250,420,211,406,249,397,276,438,272,445,239,427,260,416,279
Z,396,369,362,337,340,303,335,268,361,244,356,233,351,177,352,143,355,114,386,239,390,199,384,242,378,267,415,252,422,214,407,251,398,278,440,273,447,241,429,261,416,281
Z,397,367,363,335,342,302,334,266,361,242,355,230,350,173,351,140,355,111,386,237,389,198,384,241,378,267,415,249,422,213,408,251,397,279,440,270,448,240,430,260,417,279
Z,397,372,360,336,340,303,334,266,362,245,354,232,350,177,351,144,355,115,384,239,387,198,383,243,377,268,414,251,421,214,407,251,396,279,438,274,446,241,428,262,416,281
Z,395,370,361,338,339,304,335,267,362,245,354,233,350,177,350,143,354,114,385,238,389,197,382,240,376,266,415,251,422,213,406,251,396,278,440,273,447,241,428,261,415,281
Z,398,368,361,334,339,301,334,265,362,243,354,230,349,174,350,140,354,112,384,235,387,196,383,240,377,266,415,248,421,212,406,250,396,277,440,270,447,240,429,261,416,279
Z,397,369,363,338,341,303,336,268,362,244,356,232,351,175,352,141,356,112,386,238,390,197,384,240,378,266,415,251,422,214,408,252,398,278,440,272,447,240,429,261,417,281
Z,395,372,361,340,339,305,334,271,361,248,355,233,352,178,352,146,357,117,386,240,390,201,383,246,377,272,416,254,423,218,407,257,396,284,441,276,449,245,429,267,415,286
Z,396,373,362,342,340,307,337,271,363,247,356,234,353,178,353,144,358,115,387,240,391,200,383,244,377,269,417,254,424,217,407,255,397,282,442,276,449,244,430,265,417,284
Z,397,374,361,339,341,306,334,269,360,247,356,233,352,177,353,143,357,114,386,240,390,198,384,243,378,269,416,253,423,216,408,254,398,281,439,276,448,244,430,266,417,285
Z,396,371,361,338,340,304,335,267,361,244,354,232,351,177,351,144,355,115,385,238,389,199,382,243,376,268,415,251,422,215,406,253,395,280,440,273,447,242,429,262,415,281
Z,399,371,361,337,340,304,332,268,359,244,354,232,350,175,350,142,354,112,384,238,387,197,383,241,377,267,414,250,420,213,406,251,396,279,438,272,446,239,428,261,415,280
Z,396,372,359,339,338,303,333,267,360,245,354,231,350,175,351,141,356,112,384,238,389,198,382,243,376,268,414,251,421,215,406,254,396,280,438,274,446,242,427,264,416,282
Z,395,375,358,340,337,307,330,270,357,246,354,234,350,178,351,144,356,114,384,241,387,198,381,243,376,268,414,254,420,215,405,253,395,281,437,277,444,243,425,264,413,284
Z,395,374,359,339,338,304,330,267,359,247,354,233,350,177,351,144,355,115,383,240,386,199,380,244,375,270,413,253,419,215,404,253,394,281,436,275,444,243,425,263,413,282
Z,392,371,357,339,337,304,330,269,356,246,351,232,347,176,349,142,354,114,381,239,384,197,378,241,372,267,411,252,417,215,402,252,392,280,436,275,442,242,423,262,411,282
Z,394,371,358,336,338,303,329,266,356,244,352,231,348,174,349,141,353,112,382,237,384,196,379,240,374,266,411,250,418,212,403,250,394,278,435,273,443,240,424,261,413,280
Z,392,369,356,335,335,301,329,264,356,241,350,229,346,173,348,139,352,110,380,236,383,195,378,239,371,265,410,249,416,212,401,250,390,278,434,272,441,240,423,262,410,281
Z,390,359,354,326,332,293,324,255,352,233,346,222,341,166,341,133,345,104,376,227,377,187,372,230,366,256,405,239,411,202,396,239,387,267,429,260,436,228,418,248,406,268
Z,390,359,354,328,332,293,323,257,349,233,347,222,342,167,342,134,346,105,377,228,379,188,371,231,365,256,407,240,412,202,397,240,388,268,432,262,438,229,419,250,408,270
Z,389,364,353,331,331,296,323,259,350,237,346,227,342,171,342,138,346,109,376,233,378,192,371,235,364,261,405,245,410,206,395,243,386,272,430,267,436,233,417,253,405,273
Z,390,364,353,329,332,296,322,259,351,238,346,225,342,170,343,137,348,108,376,231,378,191,373,234,367,259,405,243,411,207,397,244,387,272,429,266,435,234,417,254,405,273
Z,389,363,353,330,331,295,324,258,352,235,346,225,341,169,342,136,347,107,376,230,378,191,371,234,364,260,405,243,411,205,396,243,386,271,430,264,436,232,417,252,406,272
Z,390,361,353,327,332,294,322,257,351,235,346,224,342,169,342,136,347,108,376,230,378,188,372,231,365,256,405,242,411,203,396,240,387,268,430,264,435,232,417,251,406,270
Z,388,361,351,326,331,292,321,254,351,233,345,223,340,167,341,134,346,105,375,229,377,188,371,231,365,257,404,241,409,203,394,240,385,269,428,263,434,230,415,249,404,269
Z,387,358,351,325,329,291,322,255,350,233,345,220,341,165,342,132,346,104,375,226,377,188,370,231,364,257,404,239,410,203,395,241,385,269,428,261,435,229,417,250,405,269
Z,390,363,351,326,329,294,318,255,347,233,344,223,340,167,340,135,344,105,374,228,375,187,370,231,364,257,403,241,409,202,394,240,384,268,427,263,433,231,414,251,403,270
Z,389,358,352,325,329,290,321,253,349,231,345,221,340,165,341,132,345,104,375,227,377,187,370,230,364,255,404,239,409,202,394,239,384,267,428,261,434,229,415,249,403,269
Z,390,359,352,323,329,290,319,252,348,231,345,219,341,164,342,131,345,102,375,225,376,185,370,229,363,255,404,238,410,199,394,237,384,266,428,260,434,228,415,248,402,268
Z,390,364,352,329,331,296,320,259,347,238,347,226,343,171,343,138,347,110,376,232,377,191,371,234,365,261,405,245,410,206,395,244,386,273,429,267,434,234,416,254,405,274
Z,393,365,355,329,334,295,325,257,354,236,350,225,346,169,347,137,351,109,379,231,381,189,376,233,371,259,408,243,414,204,399,242,391,271,433,266,439,232,420,253,410,272
Z,388,358,353,325,331,290,323,254,351,232,347,221,343,166,344,133,348,105,377,227,379,187,372,229,365,256,406,239,411,202,396,239,386,267,430,260,436,229,416,248,404,268
Z,390,360,353,327,330,292,324,255,352,234,347,223,343,167,344,135,348,106,377,229,379,189,372,231,365,257,406,241,411,203,396,241,387,269,431,263,436,230,417,252,405,271
Z,390,360,352,325,330,291,321,253,350,231,346,221,341,165,342,133,347,104,375,226,378,187,371,230,364,256,405,238,410,201,395,239,385,267,428,260,435,228,416,248,403,268
Z,390,359,352,324,330,291,319,251,348,229,344,220,340,164,340,132,344,102,374,225,374,184,369,227,364,254,403,237,408,198,393,236,383,265,427,259,432,225,414,246,402,266
Z,388,356,351,323,329,288,322,251,350,228,345,219,341,164,342,131,346,103,375,225,377,183,370,227,363,252,404,237,410,198,394,236,385,264,428,259,434,226,415,247,404,267
Z,388,355,350,320,328,286,319,248,348,226,343,217,339,162,339,129,343,100,373,222,374,181,368,224,362,250,402,234,407,195,392,232,383,261,426,256,431,223,412,243,401,262
Z,389,356,350,321,328,289,316,250,345,227,342,219,338,163,338,131,341,102,372,223,373,181,368,225,362,250,401,234,406,195,392,234,383,262,425,256,430,223,412,244,402,264
Z,386,356,347,321,325,288,316,251,345,227,341,218,336,163,336,130,340,101,370,223,371,181,366,224,360,251,399,235,404,195,389,234,381,263,423,257,428,223,409,245,399,265
Z,386,354,346,321,323,288,315,250,344,225,337,217,332,162,332,129,335,100,367,221,368,180,363,223,357,249,397,233,401,194,387,232,378,261,422,254,426,221,408,242,397,262
Z,385,360,347,327,324,295,313,258,340,234,338,224,333,169,332,136,335,107,367,229,368,187,362,230,357,257,397,240,401,201,386,239,377,268,421,261,426,228,407,249,396,270
Z,386,361,348,326,325,293,315,255,344,231,340,222,335,167,335,134,338,105,369,227,370,185,364,228,358,255,399,239,404,199,389,237,379,266,422,261,427,227,408,248,397,268
Z,383,360,345,327,322,293,313,256,342,233,337,223,332,168,332,135,336,107,367,228,368,186,360,228,353,255,397,240,400,202,384,239,375,267,422,262,426,228,406,248,395,269
Z,384,355,347,323,324,289,314,252,342,228,338,219,332,163,333,130,336,101,368,223,368,182,361,225,355,251,397,235,401,196,386,234,377,263,422,256,427,224,407,244,395,264
Z,379,353,340,319,317,286,307,249,334,224,331,216,326,160,326,127,330,98,362,220,363,177,356,223,349,249,391,232,395,193,380,232,372,260,417,253,421,219,402,242,392,262
Z,378,350,340,318,316,284,309,247,335,222,333,215,327,159,326,126,329,97,363,220,363,176,356,219,349,246,392,231,395,191,379,230,371,259,417,252,421,218,402,239,391,259
Z,381,354,341,318,318,285,307,246,336,222,333,216,328,159,327,126,330,97,362,220,363,177,356,221,350,247,392,231,396,192,380,231,372,260,417,253,421,218,402,240,392,261
Z,377,351,339,319,315,285,306,248,333,221,330,214,325,157,324,124,327,96,360,219,361,176,353,220,345,246,390,231,392,192,376,231,368,259,415,252,418,218,399,241,388,262
Z,380,356,341,323,317,290,308,252,337,229,334,221,328,166,327,134,330,106,363,225,364,184,357,226,350,253,392,237,395,199,380,236,371,265,416,258,420,225,400,245,389,266
Z,383,357,344,323,320,290,310,252,339,227,335,220,329,164,330,131,333,103,365,224,366,182,360,226,353,253,394,235,398,197,383,236,374,265,419,257,423,223,404,244,392,265
Z,377,349,339,319,314,286,305,250,329,222,326,215,320,159,320,125,323,97,357,218,358,177,351,220,344,247,387,229,389,192,374,231,366,259,413,249,416,216,397,237,386,258
Z,378,352,339,318,316,285,307,246,334,221,327,216,320,159,320,127,322,98,358,220,358,177,354,221,349,248,387,230,390,191,377,229,370,259,414,250,417,216,401,236,391,257
Z,379,348,339,313,314,280,306,240,335,215,329,211,322,154,322,121,324,93,359,214,360,171,355,214,349,241,389,225,393,186,379,224,372,253,415,246,419,211,402,233,392,253
Z,377,350,336,316,313,283,303,244,331,220,326,214,320,157,320,125,322,96,356,218,357,176,352,219,346,246,386,229,389,191,375,229,367,257,412,249,416,215,398,236,387,257
Z,379,353,339,318,315,287,303,248,331,223,328,217,322,160,321,127,324,98,358,221,357,177,353,221,347,248,388,231,390,192,377,230,370,259,414,252,417,217,400,238,391,258
Z,377,351,337,317,313,285,303,246,331,220,325,214,319,158,319,125,322,96,356,218,356,175,351,219,345,246,386,229,388,190,375,228,368,257,412,249,415,214,398,236,388,256
Z,377,351,337,318,313,286,302,248,329,223,326,215,320,158,319,125,322,96,356,219,356,176,351,221,345,248,386,230,388,190,374,229,367,258,412,250,414,215,396,237,387,258
Z,374,351,335,318,311,285,302,247,329,222,326,216,320,159,319,126,321,97,356,219,356,176,349,219,342,246,385,230,387,191,373,229,365,258,412,251,414,216,396,237,386,258
Z,374,350,335,315,311,282,303,245,331,221,326,214,320,157,320,125,323,96,356,218,356,175,350,218,344,245,386,230,388,190,373,227,365,256,412,251,415,216,395,236,384,257
Z,373,349,333,314,310,281,301,243,329,219,324,212,318,155,318,123,321,94,354,216,354,174,348,218,342,246,384,227,386,190,372,228,363,257,411,248,414,214,395,235,384,256
Z,375,347,333,313,309,280,300,242,328,216,324,211,318,154,317,121,320,91,355,215,354,170,349,214,342,241,384,226,386,187,372,226,365,255,410,247,413,212,395,233,385,255
Z,375,346,334,312,310,280,298,241,326,216,324,212,317,155,316,121,318,92,354,215,352,170,347,215,341,242,383,225,384,185,371,223,364,253,409,246,411,210,393,231,384,251
Z,376,350,335,314,311,282,299,242,328,217,324,213,318,156,317,123,320,94,354,217,353,173,348,217,342,244,383,227,385,188,372,227,365,256,409,248,412,213,395,234,386,255
Z,377,348,336,312,312,280,300,240,330,217,326,211,320,153,319,120,322,91,356,215,355,171,351,216,345,243,386,226,388,186,374,224,367,254,411,247,415,212,396,232,386,253
Z,376,349,336,316,311,283,301,244,330,220,326,212,319,155,319,123,321,94,355,216,355,173,350,216,343,244,385,228,387,188,373,226,366,255,411,249,414,213,396,234,386,255
Z,377,348,335,313,312,282,302,243,331,219,327,212,320,155,319,123,322,94,356,216,356,173,351,217,345,244,386,227,388,189,374,227,366,256,411,249,414,215,396,235,385,256
Z,376,348,335,314,311,281,301,243,330,218,326,212,320,156,319,123,322,95,356,216,356,172,350,216,343,244,385,227,387,187,373,225,365,255,411,248,414,213,395,234,384,254
Z,376,349,335,314,311,281,300,243,329,219,326,212,319,156,319,123,322,94,355,216,355,173,349,216,343,243,385,227,387,187,372,226,364,255,410,248,413,213,394,234,384,255
Z,374,349,334,314,310,281,299,242,328,216,325,211,319,155,318,121,321,93,355,215,354,173,348,217,343,244,385,226,387,187,373,226,365,255,411,248,413,212,394,234,384,255
Z,376,349,335,315,311,281,301,241,329,217,326,213,320,156,319,124,321,95,355,217,355,172,350,216,344,243,384,227,386,187,372,225,365,255,410,248,412,212,394,234,385,255
Z,374,348,334,313,310,280,299,241,329,217,324,211,318,155,318,122,321,93,354,215,354,172,349,216,343,243,384,226,386,187,372,225,365,254,409,248,413,212,395,233,385,254
Z,372,344,331,310,307,276,297,238,325,212,322,208,316,151,315,118,319,90,352,212,352,169,346,213,340,240,381,223,383,183,369,221,362,251,407,243,410,208,392,228,381,250
Z,372,345,331,310,306,276,297,236,327,211,322,209,315,151,314,118,317,89,352,212,351,167,345,212,339,238,381,223,383,181,369,220,362,250,407,244,409,207,391,228,381,250
Z,372,344,330,309,305,276,296,237,325,213,322,208,315,151,314,118,317,90,351,212,350,168,345,212,338,240,381,222,382,182,368,220,360,250,407,243,410,208,391,228,380,249
Z,370,346,329,312,304,278,297,240,325,214,321,210,314,153,314,119,317,91,350,214,350,170,344,213,338,241,380,224,382,184,367,223,360,252,406,245,409,209,390,230,380,252
Z,371,348,329,313,305,280,296,241,324,215,321,211,314,154,313,120,316,91,350,215,350,171,344,215,339,243,380,225,381,185,367,224,361,254,405,246,408,210,389,231,379,253
Z,370,349,330,315,305,280,295,241,325,216,321,213,315,156,314,122,317,94,351,217,350,172,344,216,338,244,380,227,382,187,367,225,360,255,406,248,408,212,389,233,380,254
Z,371,348,332,314,307,280,297,241,325,215,322,212,315,155,315,122,317,93,352,215,351,171,345,214,339,241,381,226,383,186,369,224,361,253,407,247,410,212,391,232,380,254
Z,371,348,331,315,306,280,295,242,323,216,320,212,315,155,314,122,317,93,350,216,351,172,344,216,338,244,380,227,382,188,367,226,360,256,406,247,409,211,391,233,380,255
Z,372,349,332,314,308,281,298,242,327,217,323,213,317,155,316,122,318,93,352,216,352,171,346,214,340,241,382,227,384,186,370,224,363,253,408,248,411,211,393,231,383,252
Z,374,346,332,310,308,277,298,237,328,213,324,209,317,152,317,119,320,90,353,213,353,169,347,213,341,239,383,223,384,182,370,220,364,250,409,244,411,208,392,229,383,250
Z,372,347,331,311,306,277,296,236,327,212,322,209,315,152,314,118,317,89,351,213,351,168,345,212,340,239,381,223,382,182,368,221,362,251,407,244,408,208,390,229,382,250
Z,372,344,331,312,306,278,297,238,326,212,322,210,315,152,314,118,316,89,352,213,351,168,346,213,340,240,381,223,382,183,369,222,362,251,407,244,409,208,392,229,382,250
Z,372,348,332,311,308,279,296,239,326,214,321,212,315,154,315,121,318,91,351,215,352,170,346,215,340,241,381,225,384,184,370,223,363,253,407,246,409,210,391,232,382,253
Z,373,348,332,313,308,280,296,241,325,216,323,213,316,155,315,121,318,91,352,216,351,170,346,214,340,241,381,226,383,184,369,222,363,252,407,247,409,210,390,231,381,253
Z,370,348,329,314,305,281,295,242,323,216,320,212,314,155,313,122,316,93,350,216,349,171,343,216,338,242,379,226,381,185,367,224,360,253,405,247,408,211,389,232,380,254
Z,370,347,328,314,303,280,295,241,324,216,319,212,313,155,312,122,315,93,349,215,348,171,342,215,336,243,378,226,380,186,366,224,359,254,404,247,407,211,388,231,378,253
Z,369,347,328,312,303,279,292,239,321,214,318,212,311,154,310,120,313,91,347,215,346,170,341,215,336,242,376,225,378,184,364,222,357,252,402,246,404,210,385,231,376,252
Z,370,348,328,313,303,280,293,240,323,215,320,211,314,155,313,122,315,93,349,215,348,171,342,215,336,242,378,226,380,185,366,223,358,253,403,247,405,212,386,233,376,254
Z,370,350,330,315,305,281,295,241,323,215,321,212,315,157,315,123,318,95,350,216,350,171,344,216,338,243,379,227,382,186,367,225,360,254,405,248,407,212,388,233,379,255
Z,374,349,334,314,311,280,301,241,330,215,326,213,321,156,320,122,324,94,356,217,356,172,350,217,343,242,384,228,387,187,373,225,366,254,410,249,413,213,394,234,385,255
Z,373,348,333,313,309,279,301,241,329,216,325,212,319,155,320,122,323,93,355,216,355,172,349,216,343,243,383,227,386,186,372,225,365,254,409,248,412,213,393,234,383,255
Z,370,346,329,312,306,278,298,238,327,213,322,211,316,154,316,120,319,92,351,215,351,170,344,214,338,240,380,226,383,184,368,222,361,251,406,247,408,211,390,232,380,253
Z,369,345,329,309,305,276,295,237,323,213,320,209,315,153,314,120,318,91,349,213,350,170,343,214,337,241,378,225,381,184,366,223,359,252,403,246,407,210,388,231,378,252
Z,369,345,329,311,304,277,296,237,324,212,321,210,315,153,315,119,318,90,351,213,350,168,343,212,336,238,379,224,382,182,367,220,360,250,405,246,407,209,388,230,379,251
Z,370,344,328,310,304,276,295,236,324,211,321,210,315,153,314,119,318,91,350,214,350,168,343,212,336,238,379,224,382,182,367,220,360,249,404,246,407,209,388,229,380,250
Z,370,345,329,311,305,278,295,238,324,214,321,209,316,153,315,120,318,92,350,213,350,169,343,213,338,240,378,224,381,183,367,222,360,251,404,245,406,209,388,230,379,251
Z,368,344,328,309,304,275,294,236,321,210,319,208,314,151,313,118,316,89,349,212,348,168,341,211,335,238,378,222,380,181,365,220,357,249,404,244,406,208,386,229,376,250
Z,370,349,330,314,307,280,296,241,324,217,322,212,316,156,316,122,319,94,351,216,351,171,344,215,338,242,380,227,382,186,368,224,361,254,406,249,408,212,389,233,379,254
Z,369,347,328,311,304,278,296,239,324,214,321,212,315,156,315,123,319,94,350,216,350,173,344,216,337,243,379,227,382,187,367,224,360,254,404,248,407,213,388,234,378,255
Z,370,347,330,311,307,277,298,237,326,213,323,212,318,155,317,122,320,94,352,215,351,170,345,213,339,239,380,226,382,185,368,222,362,251,406,247,408,211,390,231,381,252
Z,370,347,328,311,305,278,296,239,325,217,323,211,318,155,317,123,320,95,351,215,351,171,344,214,337,240,380,226,382,186,367,223,360,252,405,248,407,212,388,233,379,254
Z,370,345,329,310,306,276,297,236,326,211,322,210,317,153,317,119,321,91,351,213,352,169,345,213,339,240,380,224,383,183,368,221,361,251,405,245,408,210,389,231,380,252
Z,369,343,329,308,306,275,295,236,323,211,321,209,315,152,315,119,319,90,350,212,350,169,345,212,339,239,379,223,382,182,368,219,360,249,404,244,407,209,388,229,378,250
Z,370,342,329,307,306,274,296,235,325,211,322,209,316,152,316,119,319,90,351,212,350,168,344,211,338,237,380,222,382,181,367,219,360,248,405,243,407,207,389,227,379,248
